family,cell_lat,cell_lon,score_pct,nearest_anchor_lat,nearest_anchor_lon,nearest_km
Au,52.0,-126.0,99.7,49.98,-126.72,230.0
Au,52.0,-128.0,99.2,49.98,-126.72,242.0
Au,-6.0,146.0,99.2,-7.91,146.97,238.0
Au,-4.0,144.0,99.1,-4.68,141.75,261.0
Au,20.0,-104.0,99.1,21.88,-102.3,274.0
Au,-4.0,150.0,98.8,-3.0,152.5,299.0
Au,30.0,130.0,98.3,32.02,130.72,235.0
Au,-6.0,150.0,98.3,-7.91,147.62,338.0
Au,-8.0,150.0,98.2,-7.91,147.62,262.0
Au,12.0,-62.0,98.2,13.97,-61.03,243.0
Au,-36.0,178.0,98.1,-37.33,175.78,247.0
Au,0.0,100.0,98.1,2.0,98.95,251.0
Au,26.0,122.0,98.1,27.95,121.27,229.0
Au,52.0,-130.0,98.1,53.53,-132.22,226.0
Au,34.0,132.0,98.0,32.02,130.72,250.0
Au,-20.0,178.0,98.0,-17.55,177.51,277.0
Au,52.0,-168.0,98.0,53.9,-166.78,227.0
Au,4.0,98.0,98.0,2.0,98.95,246.0
Au,36.0,136.0,97.9,35.63,138.88,263.0
Au,50.0,-130.0,97.9,49.98,-126.72,234.0
Au,32.0,128.0,97.8,32.02,130.72,256.0
Au,6.0,124.0,97.8,7.52,125.9,269.0
Au,16.0,-60.0,97.8,14.03,-60.85,237.0
Au,-42.0,-74.0,97.7,-41.16,-71.0,266.0
Au,42.0,138.0,97.7,43.0,140.87,260.0
Au,-10.0,150.0,97.7,-10.66,152.81,316.0
Au,-6.0,152.0,97.7,-3.0,152.5,338.0
Au,-40.0,174.0,97.7,-41.75,171.54,284.0
Au,18.0,-102.0,97.7,20.88,-101.11,334.0
Au,54.0,162.0,97.6,52.84,158.27,279.0
Au,54.0,-136.0,97.6,55.09,-132.71,244.0
Au,12.0,-60.0,97.6,14.03,-60.85,244.0
Au,-40.0,176.0,97.6,-37.33,175.78,298.0
Au,46.0,-126.0,97.6,45.59,-122.34,287.0
Au,26.0,120.0,97.5,27.95,121.27,251.0
Au,0.0,98.0,97.5,2.0,98.95,246.0
Au,52.0,-170.0,97.5,53.9,-166.78,302.0
Au,10.0,122.0,97.5,10.9,124.43,284.0
Au,30.0,132.0,97.5,32.02,130.72,256.0
Au,-6.0,144.0,97.5,-4.68,141.75,289.0
Au,4.0,100.0,97.5,2.0,98.95,251.0
Au,14.0,120.0,97.4,14.25,122.77,300.0
Au,-4.0,146.0,97.4,-7.91,146.97,448.0
Au,-2.0,150.0,97.4,-3.0,152.5,299.0
Au,36.0,142.0,97.4,37.51,140.29,226.0
Au,8.0,128.0,97.3,8.67,126.08,224.0
Au,-44.0,-72.0,97.3,-41.16,-71.0,326.0
Au,-4.0,148.0,97.3,-7.91,147.62,437.0
Au,38.0,-126.0,97.3,38.07,-122.72,287.0
Au,-40.0,-74.0,97.2,-41.16,-71.0,284.0
Au,36.0,132.0,97.2,35.17,128.6,321.0
Au,46.0,146.0,97.2,44.15,143.27,297.0
Au,20.0,-106.0,97.1,23.73,-105.8,415.0
Au,56.0,-168.0,97.1,53.9,-166.78,246.0
Au,20.0,-96.0,97.1,19.33,-99.17,340.0
Au,-20.0,176.0,97.1,-17.55,177.51,315.0
Au,12.0,122.0,97.1,14.25,122.77,264.0
Au,56.0,158.0,97.1,52.84,158.27,352.0
Au,-2.0,144.0,97.1,-4.68,141.75,389.0
Au,-8.0,152.0,97.1,-10.66,152.81,309.0
Au,14.0,-92.0,97.0,14.48,-88.89,339.0
Au,12.0,-90.0,97.0,14.13,-88.62,280.0
Au,50.0,156.0,97.0,52.84,158.27,353.0
Au,52.0,154.0,97.0,52.84,158.27,304.0
Au,2.0,-74.0,97.0,3.79,-75.23,241.0
Au,-6.0,154.0,97.0,-3.0,152.5,373.0
Au,18.0,-104.0,97.0,21.05,-101.33,440.0
Au,50.0,158.0,97.0,52.84,158.27,316.0
Au,56.0,160.0,96.9,52.84,158.27,369.0
Au,54.0,-126.0,96.9,52.52,-122.28,297.0
Au,48.0,-128.0,96.9,49.98,-126.72,239.0
Au,44.0,138.0,96.9,43.0,140.87,257.0
Au,16.0,124.0,96.9,14.25,122.77,235.0
Au,18.0,-96.0,96.9,19.33,-99.17,365.0
Au,60.0,158.0,96.9,61.17,153.98,255.0
Au,20.0,122.0,96.8,16.82,120.8,376.0
Au,-2.0,-82.0,96.8,-2.02,-79.96,227.0
Au,-2.0,148.0,96.8,-3.0,152.5,512.0
Au,6.0,-82.0,96.8,7.8,-80.75,243.0
Au,-38.0,-74.0,96.7,-37.18,-70.66,308.0
Au,16.0,-92.0,96.7,15.18,-88.62,373.0
Au,22.0,-108.0,96.7,23.78,-110.05,289.0
Au,-40.0,-68.0,96.7,-38.36,-69.51,224.0
Au,54.0,-172.0,96.7,53.9,-166.78,342.0
Au,52.0,162.0,96.7,52.84,158.27,270.0
Au,30.0,128.0,96.7,32.02,130.72,343.0
Au,26.0,124.0,96.6,27.95,121.27,347.0
Au,44.0,148.0,96.6,44.15,143.27,378.0
Au,56.0,156.0,96.6,52.84,158.27,381.0
Au,4.0,126.0,96.6,7.52,125.9,392.0
Au,-44.0,-70.0,96.6,-41.16,-71.0,326.0
Au,42.0,146.0,96.6,43.38,142.56,320.0
Au,10.0,-60.0,96.5,7.83,-59.96,241.0
Au,52.0,-164.0,96.5,53.86,-166.56,269.0
Au,-8.0,154.0,96.5,-10.66,152.81,323.0
Au,0.0,-82.0,96.5,-0.3,-79.47,283.0
Au,54.0,154.0,96.5,52.84,158.27,311.0
Au,-10.0,156.0,96.5,-10.66,152.81,357.0
Au,-44.0,-74.0,96.5,-41.16,-71.0,400.0
Au,40.0,144.0,96.5,40.3,140.57,293.0
Au,8.0,-86.0,96.5,10.13,-84.72,275.0
Au,6.0,128.0,96.5,7.58,125.95,287.0
Au,4.0,96.0,96.4,2.0,98.95,396.0
Au,32.0,140.0,96.4,35.63,138.88,417.0
Au,52.0,-172.0,96.4,53.9,-166.78,408.0
Au,48.0,142.0,96.4,50.01,143.16,239.0
Au,18.0,-60.0,96.4,17.15,-62.6,291.0
Au,10.0,128.0,96.3,8.67,126.08,257.0
Au,34.0,142.0,96.3,35.63,138.88,338.0
Au,-18.0,-74.0,96.3,-15.77,-73.36,257.0
Au,56.0,-170.0,96.3,53.9,-166.78,311.0
Au,6.0,-84.0,96.3,8.4,-83.29,278.0
Au,60.0,160.0,96.3,61.17,153.98,353.0
Au,22.0,-98.0,96.3,19.33,-99.17,321.0
Au,12.0,-82.0,96.3,12.08,-84.58,281.0
Au,34.0,136.0,96.2,35.63,138.88,319.0
Au,34.0,134.0,96.2,32.02,130.72,377.0
Au,56.0,162.0,96.2,52.84,158.27,426.0
Au,18.0,124.0,96.2,16.82,120.8,364.0
Au,-38.0,172.0,96.2,-37.33,175.78,341.0
Cu,42.0,14.0,98.7,43.13,11.09,269.0
Cu,52.0,-178.0,98.6,52.17,-174.64,230.0
Cu,-8.0,148.0,98.5,-5.55,148.96,293.0
Cu,-2.0,148.0,98.5,-5.55,148.96,409.0
Cu,44.0,146.0,98.5,44.33,143.0,242.0
Cu,-8.0,150.0,98.4,-5.97,150.38,230.0
Cu,38.0,24.0,98.4,39.98,25.19,242.0
Cu,0.0,100.0,98.4,2.0,98.95,251.0
Cu,24.0,124.0,98.3,24.5,121.67,243.0
Cu,54.0,-164.0,98.3,55.5,-161.3,240.0
Cu,2.0,128.0,98.2,-0.47,127.41,282.0
Cu,32.0,128.0,98.1,31.27,130.32,234.0
Cu,40.0,16.0,98.1,41.6,19.69,358.0
Cu,-44.0,-74.0,98.1,-43.28,-71.0,254.0
Cu,-8.0,158.0,98.0,-9.43,159.83,257.0
Cu,40.0,14.0,98.0,43.13,11.09,424.0
Cu,4.0,126.0,98.0,6.47,125.07,293.0
Cu,42.0,138.0,97.9,43.0,140.68,247.0
Cu,20.0,122.0,97.9,17.38,121.15,305.0
Cu,-8.0,120.0,97.9,-8.91,117.5,293.0
Cu,-10.0,152.0,97.9,-10.24,149.47,279.0
Cu,-42.0,-74.0,97.9,-41.16,-71.0,266.0
Cu,20.0,-98.0,97.8,19.14,-101.11,340.0
Cu,38.0,22.0,97.8,40.52,20.7,302.0
Cu,-48.0,-74.0,97.8,-45.92,-72.14,271.0
Cu,40.0,12.0,97.8,43.13,11.09,356.0
Cu,54.0,162.0,97.8,53.38,158.0,272.0
Cu,-48.0,-72.0,97.7,-45.92,-72.14,232.0
Cu,2.0,126.0,97.7,-0.47,127.41,316.0
Cu,56.0,162.0,97.7,54.7,157.53,317.0
Cu,-6.0,104.0,97.7,-7.22,106.56,314.0
Cu,52.0,-170.0,97.7,52.17,-174.64,318.0
Cu,-2.0,146.0,97.7,-5.22,144.01,421.0
Cu,54.0,-166.0,97.6,55.5,-161.3,345.0
Cu,34.0,140.0,97.6,36.95,138.85,344.0
Cu,46.0,140.0,97.6,48.2,138.2,280.0
Cu,18.0,-62.0,97.6,15.32,-61.3,307.0
Cu,42.0,16.0,97.5,41.6,19.69,309.0
Cu,-2.0,144.0,97.5,-5.22,144.01,359.0
Cu,38.0,26.0,97.5,39.92,26.94,228.0
Cu,42.0,144.0,97.5,44.33,143.0,271.0
Cu,-4.0,154.0,97.5,-3.18,151.65,276.0
Cu,30.0,128.0,97.5,31.27,130.32,263.0
Cu,40.0,-126.0,97.5,40.19,-123.31,230.0
Cu,54.0,-136.0,97.4,54.9,-132.96,221.0
Cu,12.0,-60.0,97.4,14.0,-60.93,244.0
Cu,-10.0,120.0,97.4,-8.91,117.5,300.0
Cu,26.0,124.0,97.4,25.11,121.41,278.0
Cu,18.0,-106.0,97.4,19.17,-104.28,223.0
Cu,54.0,-172.0,97.4,52.17,-174.64,269.0
Cu,18.0,-98.0,97.4,19.14,-101.11,352.0
Cu,4.0,100.0,97.4,3.4,97.89,243.0
Cu,34.0,138.0,97.4,35.22,134.68,333.0
Cu,18.0,-92.0,97.3,15.32,-92.33,300.0
Cu,58.0,158.0,97.3,59.41,153.48,305.0
Cu,38.0,16.0,97.3,40.52,20.7,492.0
Cu,0.0,98.0,97.3,2.0,98.95,246.0
Cu,18.0,-94.0,97.3,15.32,-92.33,347.0
Cu,-2.0,150.0,97.3,-3.18,151.65,226.0
Cu,22.0,122.0,97.2,24.5,121.67,280.0
Cu,46.0,146.0,97.2,44.33,143.0,300.0
Cu,-6.0,154.0,97.2,-5.98,150.47,391.0
Cu,-40.0,-74.0,97.2,-41.16,-71.0,284.0
Cu,52.0,-180.0,97.2,52.17,-174.64,367.0
Cu,-8.0,114.0,97.2,-8.91,117.5,398.0
Cu,58.0,160.0,97.1,54.7,157.53,397.0
Cu,4.0,124.0,97.1,6.47,125.07,299.0
Cu,-8.0,152.0,97.1,-5.98,150.47,281.0
Cu,54.0,-170.0,97.1,52.17,-174.64,371.0
Cu,-8.0,110.0,97.1,-7.22,106.56,389.0
Cu,-20.0,176.0,97.1,-18.16,177.92,287.0
Cu,36.0,28.0,97.1,39.25,28.93,371.0
Cu,50.0,156.0,97.0,53.38,158.0,401.0
Cu,40.0,18.0,97.0,41.6,19.69,228.0
Cu,0.0,124.0,97.0,-0.47,127.41,382.0
Cu,6.0,96.0,97.0,3.4,97.89,358.0
Cu,52.0,154.0,97.0,53.38,158.0,310.0
Cu,56.0,-166.0,96.9,55.5,-161.3,299.0
Cu,-4.0,130.0,96.9,-0.47,130.88,405.0
Cu,38.0,14.0,96.9,35.97,8.12,569.0
Cu,6.0,98.0,96.9,3.4,97.89,290.0
Cu,-8.0,146.0,96.9,-5.75,145.17,267.0
Cu,28.0,130.0,96.9,31.27,130.32,365.0
Cu,16.0,-64.0,96.9,18.12,-65.47,283.0
Cu,28.0,128.0,96.9,31.27,130.32,427.0
Cu,44.0,148.0,96.8,44.33,143.0,400.0
Cu,38.0,-126.0,96.8,39.07,-123.42,254.0
Cu,38.0,136.0,96.8,36.95,138.85,277.0
Cu,14.0,-94.0,96.8,15.32,-92.33,232.0
Cu,50.0,-176.0,96.8,52.17,-174.64,259.0
Cu,56.0,154.0,96.8,54.7,157.53,266.0
Cu,54.0,154.0,96.7,54.7,157.53,242.0
Cu,18.0,124.0,96.7,17.38,121.15,310.0
Cu,-8.0,156.0,96.7,-9.43,159.83,450.0
Cu,12.0,120.0,96.7,12.3,122.05,225.0
Cu,36.0,26.0,96.7,39.92,26.94,443.0
Cu,-38.0,-74.0,96.7,-37.45,-70.63,303.0
Cu,46.0,148.0,96.7,44.33,143.0,434.0
Cu,44.0,138.0,96.6,43.0,140.68,243.0
Cu,50.0,158.0,96.6,53.38,158.0,376.0
Cu,38.0,12.0,96.6,35.97,8.12,412.0
Cu,54.0,-168.0,96.6,55.5,-161.3,461.0
Cu,-6.0,110.0,96.6,-7.22,106.56,403.0
Cu,36.0,24.0,96.6,39.98,25.19,454.0
Cu,58.0,162.0,96.6,54.7,157.53,458.0
Cu,44.0,14.0,96.6,43.13,11.09,254.0
Cu,20.0,120.0,96.6,17.36,121.05,314.0
Cu,12.0,-90.0,96.5,14.1,-87.87,328.0
Cu,-50.0,-74.0,96.5,-45.92,-72.14,474.0
Cu,36.0,142.0,96.5,36.95,138.85,301.0
Cu,-20.0,180.0,96.5,-18.16,177.92,299.0
Cu,14.0,126.0,96.5,11.8,125.38,254.0
Cu,-4.0,104.0,96.5,-7.22,106.56,457.0
Cu,60.0,158.0,96.4,59.41,153.48,262.0
Cu,-10.0,162.0,96.4,-9.43,159.83,246.0
Cu,50.0,-174.0,96.4,52.17,-174.64,245.0
Cu,50.0,154.0,96.4,53.38,158.0,466.0
Cu,50.0,-178.0,96.3,52.17,-174.64,337.0
Cu,6.0,128.0,96.3,7.05,126.12,239.0
Cu,38.0,18.0,96.3,40.52,20.7,364.0
Fe,-22.0,168.0,92.5,-21.4,165.75,242.0
Fe,22.0,-104.0,92.1,20.0,-103.5,228.0
Fe,18.0,-106.0,92.0,19.36,-104.09,251.0
Fe,48.0,-128.0,91.9,47.99,-124.67,248.0
Fe,34.0,12.0,91.5,31.92,11.67,233.0
Fe,38.0,-126.0,90.7,38.54,-123.18,253.0
Fe,54.0,-170.0,90.5,52.85,-172.82,226.0
Fe,44.0,14.0,90.2,44.83,16.67,231.0
Fe,22.0,-100.0,90.1,20.25,-98.75,234.0
Fe,56.0,-166.0,90.1,55.5,-162.47,228.0
Fe,24.0,120.0,90.0,25.5,118.5,225.0
NiCo,-22.0,170.0,99.5,-22.23,167.02,308.0
NiCo,30.0,-116.0,99.4,31.58,-113.8,274.0
NiCo,50.0,-126.0,99.3,48.9,-122.25,297.0
NiCo,-4.0,148.0,99.3,-5.53,145.19,355.0
NiCo,28.0,-110.0,99.2,27.33,-112.3,238.0
NiCo,46.0,-126.0,99.1,47.57,-123.35,267.0
NiCo,42.0,-128.0,99.1,42.35,-124.3,307.0
NiCo,26.0,-110.0,99.1,23.8,-110.04,245.0
NiCo,-20.0,170.0,99.1,-22.23,167.02,396.0
NiCo,48.0,-128.0,99.0,47.58,-123.35,350.0
NiCo,-6.0,148.0,98.9,-5.53,145.19,316.0
NiCo,40.0,12.0,98.8,42.79,12.07,310.0
NiCo,38.0,-126.0,98.8,39.02,-123.3,261.0
NiCo,20.0,-104.0,98.8,21.85,-102.3,271.0
NiCo,44.0,-128.0,98.8,42.67,-124.15,345.0
NiCo,12.0,42.0,98.7,9.93,43.18,264.0
NiCo,40.0,-128.0,98.7,39.91,-123.67,369.0
NiCo,46.0,6.0,98.7,47.77,8.14,255.0
NiCo,4.0,36.0,98.7,1.65,35.38,270.0
NiCo,-2.0,28.0,98.6,-3.0,30.0,248.0
NiCo,50.0,-128.0,98.6,47.58,-123.35,434.0
NiCo,-2.0,146.0,98.6,-5.53,145.19,402.0
NiCo,0.0,38.0,98.6,-1.86,36.28,282.0
NiCo,-18.0,168.0,98.6,-20.0,166.0,306.0
NiCo,0.0,28.0,98.6,0.2,30.0,223.0
NiCo,12.0,44.0,98.5,9.93,43.18,247.0
NiCo,40.0,14.0,98.5,42.79,12.07,349.0
NiCo,2.0,38.0,98.5,1.65,35.38,293.0
NiCo,56.0,120.0,98.5,54.88,123.8,270.0
NiCo,8.0,38.0,98.5,5.51,38.91,295.0
NiCo,16.0,44.0,98.4,18.13,44.12,237.0
NiCo,46.0,-128.0,98.4,47.57,-123.35,395.0
NiCo,48.0,4.0,98.4,46.62,1.5,243.0
NiCo,8.0,40.0,98.4,5.5,39.0,299.0
NiCo,-24.0,170.0,98.3,-22.4,167.02,353.0
NiCo,-4.0,38.0,98.3,-5.5,35.92,285.0
NiCo,28.0,-116.0,98.3,27.33,-112.3,372.0
NiCo,52.0,-130.0,98.3,54.88,-131.24,331.0
NiCo,52.0,98.0,98.3,51.16,93.72,310.0
NiCo,52.0,-124.0,98.3,51.38,-120.06,280.0
NiCo,18.0,42.0,98.3,18.13,44.12,225.0
NiCo,44.0,2.0,98.2,46.62,1.5,294.0
NiCo,16.0,42.0,98.2,15.32,39.05,325.0
NiCo,56.0,114.0,98.2,57.16,110.42,254.0
NiCo,6.0,36.0,98.2,5.42,38.83,320.0
NiCo,22.0,-108.0,98.2,23.8,-110.04,289.0
NiCo,-2.0,148.0,98.2,-5.53,145.19,501.0
NiCo,8.0,42.0,98.2,9.93,43.18,251.0
NiCo,36.0,-124.0,98.2,35.81,-121.32,242.0
NiCo,-12.0,-172.0,98.1,-10.0,-170.0,312.0
NiCo,10.0,38.0,98.1,8.97,35.45,302.0
NiCo,58.0,114.0,98.1,57.16,110.42,233.0
NiCo,18.0,-102.0,98.1,19.58,-99.07,355.0
NiCo,18.0,-104.0,98.0,21.85,-102.3,464.0
NiCo,10.0,40.0,98.0,9.93,43.18,348.0
NiCo,52.0,-128.0,98.0,54.88,-131.24,385.0
NiCo,20.0,-110.0,98.0,23.8,-110.04,423.0
NiCo,58.0,120.0,98.0,58.68,124.67,283.0
NiCo,14.0,42.0,98.0,15.32,39.05,350.0
NiCo,30.0,-118.0,98.0,32.8,-116.91,328.0
NiCo,54.0,98.0,97.9,54.0,93.0,327.0
NiCo,-8.0,32.0,97.9,-6.25,29.83,309.0
NiCo,22.0,-112.0,97.9,23.8,-110.04,283.0
NiCo,44.0,4.0,97.9,46.62,1.5,351.0
NiCo,2.0,32.0,97.9,0.22,30.05,294.0
NiCo,4.0,34.0,97.8,1.65,35.38,303.0
NiCo,-8.0,34.0,97.8,-5.5,35.92,350.0
NiCo,54.0,120.0,97.8,54.88,123.8,264.0
NiCo,40.0,10.0,97.8,42.79,12.07,355.0
NiCo,40.0,16.0,97.8,41.14,20.07,366.0
NiCo,52.0,-132.0,97.7,54.88,-131.24,324.0
NiCo,30.0,-108.0,97.7,31.43,-109.89,241.0
NiCo,56.0,118.0,97.7,54.88,123.8,386.0
NiCo,12.0,40.0,97.7,15.32,39.05,383.0
NiCo,54.0,-128.0,97.7,54.88,-131.24,231.0
NiCo,52.0,-126.0,97.7,49.42,-121.83,410.0
NiCo,56.0,116.0,97.7,57.16,110.42,365.0
NiCo,34.0,-102.0,97.6,34.78,-99.52,244.0
NiCo,-22.0,172.0,97.6,-22.23,167.02,514.0
NiCo,32.0,-120.0,97.6,34.2,-118.79,269.0
NiCo,38.0,12.0,97.5,42.79,12.07,533.0
NiCo,2.0,28.0,97.5,0.23,30.02,298.0
NiCo,58.0,116.0,97.5,57.16,110.42,345.0
NiCo,48.0,-130.0,97.5,47.58,-123.35,499.0
NiCo,-14.0,-172.0,97.5,-10.0,-170.0,495.0
NiCo,-6.0,32.0,97.5,-6.25,29.83,242.0
NiCo,38.0,14.0,97.4,42.79,12.07,557.0
NiCo,-6.0,150.0,97.4,-9.0,147.7,419.0
NiCo,46.0,10.0,97.4,47.77,8.14,242.0
NiCo,38.0,18.0,97.4,39.97,21.12,347.0
NiCo,44.0,0.0,97.4,46.62,1.5,314.0
NiCo,2.0,40.0,97.4,5.0,39.0,352.0
NiCo,-18.0,170.0,97.3,-20.0,166.0,476.0
NiCo,20.0,-106.0,97.3,21.85,-102.3,436.0
NiCo,38.0,16.0,97.3,41.12,20.09,493.0
NiCo,-2.0,26.0,97.3,-2.87,23.66,277.0
NiCo,-2.0,144.0,97.3,-2.49,140.37,407.0
NiCo,8.0,44.0,97.3,9.93,43.18,233.0
NiCo,44.0,-130.0,97.3,42.67,-124.15,496.0
NiCo,38.0,20.0,97.2,39.97,21.12,239.0
NiCo,6.0,34.0,97.2,8.97,35.45,367.0
NiCo,-4.0,142.0,97.2,-2.49,140.37,247.0
NiCo,0.0,-82.0,97.2,-0.2,-78.78,359.0
NiCo,46.0,-2.0,97.2,46.62,1.5,278.0
NiCo,24.0,-106.0,97.2,26.23,-107.4,285.0
NiCo,50.0,-130.0,97.1,47.58,-123.35,556.0
NiCo,20.0,-108.0,97.1,23.8,-110.04,472.0
NiCo,18.0,40.0,97.1,15.32,39.05,315.0
NiCo,44.0,8.0,97.1,42.79,12.07,355.0
NiCo,48.0,12.0,97.1,47.77,8.14,289.0
NiCo,-10.0,36.0,97.1,-7.17,37.67,364.0
NiCo,50.0,98.0,97.1,51.16,93.72,329.0
NiCo,38.0,-128.0,97.0,39.02,-123.3,424.0
NiCo,58.0,118.0,97.0,58.68,124.67,396.0
NiCo,48.0,-2.0,97.0,49.5,0.32,238.0
NiCo,12.0,38.0,97.0,15.32,39.05,386.0
NiCo,36.0,-102.0,97.0,34.78,-99.52,263.0
NiCo,-2.0,-82.0,97.0,-3.33,-79.52,313.0
NiCo,20.0,-112.0,96.9,23.8,-110.04,468.0
NiCo,52.0,100.0,96.9,51.16,93.72,444.0
Li,44.0,-120.0,99.8,44.85,-123.04,259.0
Li,44.0,-126.0,99.8,44.85,-123.04,253.0
Li,40.0,-124.0,99.8,40.19,-120.86,268.0
Li,48.0,-124.0,99.7,46.81,-121.31,242.0
Li,42.0,-124.0,99.7,44.85,-123.04,326.0
Li,46.0,-126.0,99.7,44.85,-123.04,264.0
Li,38.0,-124.0,99.7,38.43,-121.34,237.0
Li,46.0,-118.0,99.7,46.81,-121.31,269.0
Li,30.0,-116.0,99.6,31.68,-113.17,328.0
Li,50.0,-122.0,99.6,48.5,-119.71,235.0
Li,44.0,-116.0,99.6,42.05,-118.03,272.0
Li,50.0,-124.0,99.6,48.5,-119.71,353.0
Li,40.0,12.0,99.5,42.75,10.21,341.0
Li,36.0,-122.0,99.5,38.43,-121.34,276.0
Li,42.0,-126.0,99.5,44.85,-123.04,397.0
Li,48.0,-126.0,99.5,46.81,-121.31,377.0
Li,40.0,10.0,99.4,42.75,10.21,306.0
Li,40.0,-126.0,99.4,38.43,-121.34,438.0
Li,40.0,14.0,99.4,42.75,10.21,440.0
Li,50.0,-126.0,99.4,48.5,-119.71,486.0
Li,28.0,-112.0,99.4,31.34,-110.69,392.0
Li,36.0,-110.0,99.3,34.32,-112.64,304.0
Li,42.0,14.0,99.3,42.75,10.21,323.0
Li,28.0,-114.0,99.3,31.62,-113.12,411.0
Li,44.0,-114.0,99.3,41.25,-112.71,323.0
Li,44.0,8.0,99.3,42.75,10.21,226.0
Li,46.0,-128.0,99.3,44.85,-123.04,408.0
Li,38.0,-126.0,99.2,38.43,-121.34,410.0
Li,44.0,-128.0,99.2,44.85,-123.04,405.0
Li,38.0,12.0,99.2,42.75,10.21,550.0
Li,44.0,4.0,99.1,46.18,2.93,257.0
Li,44.0,-112.0,99.1,41.25,-112.71,311.0
Li,38.0,14.0,99.1,42.75,10.21,618.0
Li,28.0,-110.0,99.1,31.34,-110.69,377.0
Li,2.0,-78.0,99.1,-0.09,-78.46,238.0
Li,48.0,-116.0,99.0,48.5,-119.71,280.0
Li,48.0,8.0,99.0,46.0,8.71,228.0
Li,50.0,-128.0,99.0,46.81,-121.31,608.0
Li,2.0,-80.0,99.0,-0.08,-78.58,280.0
Li,46.0,-116.0,98.9,48.5,-119.71,394.0
Li,44.0,6.0,98.9,46.0,8.71,308.0
Li,48.0,-128.0,98.9,44.85,-123.04,517.0
Li,36.0,-124.0,98.9,38.43,-121.34,358.0
Li,44.0,2.0,98.9,45.98,1.39,225.0
Li,30.0,-118.0,98.8,33.04,-116.52,366.0
Li,34.0,-120.0,98.8,35.78,-118.4,246.0
Li,34.0,-104.0,98.8,35.86,-105.5,248.0
Li,44.0,-110.0,98.8,42.77,-107.44,248.0
Li,48.0,10.0,98.8,46.0,8.71,243.0
Li,0.0,-82.0,98.8,-0.08,-78.58,380.0
Li,38.0,-110.0,98.7,38.55,-106.63,300.0
Li,52.0,-122.0,98.7,48.5,-119.71,422.0
Li,52.0,-124.0,98.7,48.5,-119.71,494.0
Li,-2.0,-82.0,98.7,-2.65,-78.97,344.0
Li,52.0,98.0,98.7,49.88,97.3,240.0
Li,42.0,-110.0,98.6,42.77,-107.44,227.0
Li,-16.0,-72.0,98.6,-17.58,-70.14,265.0
Li,32.0,-106.0,98.6,35.21,-106.51,360.0
Li,46.0,12.0,98.6,46.87,14.93,244.0
Li,40.0,-110.0,98.6,40.9,-112.71,250.0
Li,30.0,-108.0,98.6,31.88,-109.98,282.0
Li,42.0,-128.0,98.6,44.85,-123.04,511.0
Li,2.0,30.0,98.5,0.48,31.65,249.0
Li,52.0,-126.0,98.5,48.5,-119.71,592.0
Li,0.0,-76.0,98.5,-0.12,-78.35,262.0
Li,0.0,28.0,98.5,-1.67,29.23,231.0
Li,40.0,8.0,98.5,42.75,10.21,357.0
Li,28.0,-116.0,98.5,31.62,-113.12,489.0
Li,48.0,6.0,98.5,46.0,8.71,302.0
Li,-34.0,-70.0,98.4,-33.08,-66.99,297.0
Li,44.0,14.0,98.4,46.83,14.97,324.0
Li,8.0,38.0,98.4,5.52,39.03,299.0
Li,38.0,10.0,98.4,42.75,10.21,529.0
Li,8.0,40.0,98.4,5.52,39.03,296.0
Li,48.0,12.0,98.4,46.87,14.93,254.0
Li,40.0,16.0,98.4,42.75,10.21,572.0
Li,32.0,-120.0,98.4,33.37,-117.08,313.0
Li,50.0,8.0,98.4,50.42,12.79,344.0
Li,52.0,96.0,98.4,49.88,97.3,252.0
Li,52.0,100.0,98.4,49.88,97.3,302.0
Li,-2.0,32.0,98.3,-0.97,30.27,224.0
Li,-8.0,36.0,98.3,-5.92,35.89,232.0
Li,44.0,0.0,98.3,45.98,1.39,246.0
Li,-8.0,34.0,98.3,-5.92,35.89,311.0
Li,52.0,-120.0,98.3,48.5,-119.71,390.0
Li,-2.0,-76.0,98.3,-1.38,-78.45,281.0
Li,2.0,-76.0,98.2,-0.12,-78.35,352.0
Li,-32.0,-70.0,98.2,-33.08,-66.99,307.0
Li,52.0,10.0,98.2,50.42,12.79,262.0
Li,-4.0,38.0,98.2,-5.92,35.89,317.0
Li,40.0,-128.0,98.2,38.43,-121.34,600.0
Li,54.0,116.0,98.2,52.0,114.0,260.0
Li,42.0,16.0,98.2,42.75,10.21,483.0
Li,-14.0,-70.0,98.2,-16.27,-68.12,323.0
Li,0.0,36.0,98.2,0.58,32.92,348.0
Li,6.0,36.0,98.2,5.52,39.03,340.0
Li,-2.0,34.0,98.1,0.58,32.92,311.0
Li,48.0,0.0,98.1,45.98,1.39,248.0
Li,-36.0,-68.0,98.1,-33.08,-66.99,338.0
Li,42.0,6.0,98.1,42.75,10.21,355.0
Li,-18.0,-66.0,98.1,-19.22,-68.09,259.0
Li,-6.0,38.0,98.1,-5.92,35.89,234.0
Li,38.0,16.0,98.1,42.75,10.21,721.0
Li,44.0,16.0,98.1,46.83,14.97,325.0
Li,-4.0,34.0,98.1,-5.92,35.89,299.0
Li,28.0,120.0,98.1,26.67,118.1,239.0
Li,52.0,-128.0,98.1,48.5,-119.71,706.0
Li,2.0,-82.0,98.0,-0.08,-78.58,445.0
Li,50.0,-116.0,98.0,48.5,-119.71,317.0
Li,46.0,-130.0,98.0,44.85,-123.04,558.0
Li,4.0,36.0,98.0,5.52,39.03,376.0
Li,-30.0,-68.0,98.0,-28.8,-65.55,272.0
Li,48.0,-130.0,98.0,44.85,-123.04,638.0
Li,2.0,36.0,98.0,0.58,32.92,377.0
Li,50.0,-130.0,98.0,46.81,-121.31,732.0
Li,34.0,-122.0,98.0,35.78,-118.4,383.0
Li,-24.0,-64.0,97.9,-24.83,-66.31,251.0
Li,28.0,-108.0,97.9,31.34,-110.69,453.0
Li,-14.0,-68.0,97.9,-16.27,-68.12,253.0
Li,36.0,14.0,97.9,42.75,10.21,818.0
REE,40.0,-120.0,99.9,42.05,-119.95,228.0
REE,32.0,-116.0,99.9,34.02,-115.95,224.0
REE,44.0,-122.0,99.8,42.05,-119.95,273.0
REE,40.0,-118.0,99.7,42.05,-119.95,281.0
REE,32.0,-114.0,99.7,34.53,-113.55,285.0
REE,36.0,-120.0,99.7,34.43,-118.38,228.0
REE,40.0,-122.0,99.6,42.05,-119.95,286.0
REE,42.0,-116.0,99.5,44.35,-115.4,266.0
REE,38.0,-112.0,99.5,39.66,-113.85,244.0
REE,38.0,-116.0,99.4,39.66,-113.85,262.0
REE,32.0,-108.0,99.4,32.03,-105.53,233.0
REE,12.0,42.0,99.4,10.4,43.27,225.0
REE,32.0,-118.0,99.4,34.43,-118.38,273.0
REE,34.0,-110.0,99.4,34.53,-113.55,332.0
REE,42.0,-124.0,99.3,42.05,-119.95,335.0
REE,50.0,-124.0,99.3,50.67,-120.07,289.0
REE,46.0,-120.0,99.3,45.23,-115.88,331.0
REE,38.0,-118.0,99.3,35.48,-115.53,356.0
REE,32.0,-112.0,99.2,34.53,-113.55,316.0
REE,38.0,-110.0,99.2,38.25,-107.05,260.0
REE,52.0,96.0,99.2,50.08,97.25,230.0
REE,0.0,32.0,99.1,0.65,34.15,250.0
REE,42.0,-108.0,99.0,41.29,-105.32,236.0
REE,4.0,36.0,99.0,1.75,34.45,304.0
REE,4.0,34.0,99.0,1.75,34.45,255.0
REE,18.0,42.0,99.0,20.08,41.92,232.0
REE,38.0,-120.0,99.0,34.43,-118.38,422.0
REE,40.0,-110.0,99.0,42.12,-111.52,268.0
REE,44.0,-124.0,99.0,42.05,-119.95,394.0
REE,-2.0,38.0,99.0,-4.49,39.25,309.0
REE,0.0,38.0,99.0,-0.18,35.17,316.0
REE,36.0,-110.0,98.9,34.53,-113.55,361.0
REE,52.0,-124.0,98.9,51.57,-119.9,286.0
REE,56.0,116.0,98.9,56.92,111.33,304.0
REE,8.0,42.0,98.9,10.05,43.08,257.0
REE,46.0,-110.0,98.9,48.17,-109.73,242.0
REE,48.0,-120.0,98.8,48.98,-116.43,285.0
REE,2.0,32.0,98.8,1.75,34.45,274.0
REE,-6.0,36.0,98.8,-7.43,37.57,235.0
REE,-6.0,34.0,98.8,-7.7,32.83,229.0
REE,10.0,40.0,98.8,10.05,43.08,338.0
REE,34.0,-102.0,98.8,32.53,-100.28,228.0
REE,58.0,116.0,98.7,56.92,111.33,304.0
REE,-12.0,32.0,98.7,-13.98,31.68,223.0
REE,-2.0,40.0,98.7,-4.49,39.25,289.0
REE,50.0,-126.0,98.7,50.67,-120.07,427.0
REE,52.0,-130.0,98.7,54.92,-132.13,354.0
REE,54.0,104.0,98.7,53.52,100.52,235.0
REE,36.0,-122.0,98.7,34.43,-118.38,372.0
REE,54.0,96.0,98.7,53.45,100.42,297.0
REE,30.0,-116.0,98.6,34.02,-115.95,447.0
REE,58.0,120.0,98.6,58.38,125.22,309.0
REE,-2.0,32.0,98.6,-0.62,34.16,284.0
REE,30.0,-114.0,98.6,34.02,-115.95,483.0
REE,68.0,-28.0,98.6,68.62,-33.15,222.0
REE,52.0,-132.0,98.6,54.92,-132.13,324.0
REE,40.0,-124.0,98.6,42.05,-119.95,409.0
REE,48.0,-122.0,98.5,50.67,-120.07,328.0
REE,-4.0,36.0,98.5,-4.49,39.25,365.0
REE,32.0,-110.0,98.5,32.03,-105.53,421.0
REE,6.0,32.0,98.4,6.8,30.12,226.0
REE,52.0,94.0,98.4,49.53,93.02,283.0
REE,44.0,-108.0,98.4,42.72,-111.13,291.0
REE,48.0,-124.0,98.4,50.67,-120.07,411.0
REE,8.0,44.0,98.4,10.05,43.08,249.0
REE,56.0,100.0,98.4,53.52,100.52,278.0
REE,56.0,122.0,98.4,58.38,125.22,328.0
REE,52.0,104.0,98.4,53.52,100.52,289.0
REE,2.0,38.0,98.3,1.75,34.45,396.0
REE,54.0,-128.0,98.3,54.92,-132.13,286.0
REE,12.0,40.0,98.3,10.4,43.27,398.0
REE,46.0,-122.0,98.3,42.05,-119.95,469.0
REE,56.0,124.0,98.3,58.38,125.22,275.0
REE,42.0,-126.0,98.3,42.05,-119.95,500.0
REE,32.0,-120.0,98.3,34.43,-118.38,310.0
REE,52.0,-128.0,98.2,54.92,-132.13,424.0
REE,18.0,40.0,98.2,20.08,41.92,307.0
REE,68.0,-26.0,98.2,68.62,-33.15,302.0
REE,52.0,-126.0,98.2,51.57,-119.9,422.0
REE,66.0,-30.0,98.2,68.62,-33.15,321.0
REE,38.0,-122.0,98.1,42.05,-119.95,483.0
REE,54.0,112.0,98.1,56.02,110.37,247.0
REE,-4.0,32.0,98.1,-3.5,29.45,288.0
REE,8.0,40.0,98.0,10.05,43.08,408.0
REE,54.0,-124.0,98.0,56.45,-123.73,273.0
REE,30.0,-108.0,98.0,31.79,-105.38,319.0
REE,46.0,-108.0,98.0,48.17,-109.73,274.0
REE,18.0,-100.0,98.0,17.3,-96.9,338.0
REE,66.0,-28.0,98.0,68.62,-33.15,365.0
REE,66.0,-32.0,97.9,68.62,-33.15,295.0
REE,4.0,30.0,97.9,6.8,30.12,312.0
REE,54.0,-126.0,97.9,56.45,-123.73,308.0
REE,18.0,44.0,97.9,20.08,41.92,319.0
REE,56.0,102.0,97.9,53.52,100.52,292.0
REE,14.0,44.0,97.9,10.4,43.27,408.0
REE,14.0,42.0,97.8,10.4,43.27,423.0
REE,60.0,122.0,97.8,58.38,125.22,257.0
REE,56.0,118.0,97.8,56.92,111.33,422.0
REE,56.0,98.0,97.8,53.52,100.52,320.0
REE,54.0,114.0,97.8,56.02,110.37,322.0
REE,52.0,-134.0,97.8,54.92,-132.13,347.0
REE,-4.0,34.0,97.7,-0.62,34.16,376.0
REE,56.0,120.0,97.6,58.38,125.22,411.0
REE,56.0,96.0,97.6,58.4,93.58,304.0
REE,54.0,-136.0,97.5,54.92,-132.13,270.0
REE,56.0,94.0,97.5,58.4,93.58,268.0
REE,48.0,98.0,97.5,50.08,97.25,238.0
REE,-10.0,30.0,97.5,-10.15,32.85,313.0
REE,10.0,46.0,97.5,10.4,43.27,302.0
REE,34.0,-122.0,97.5,34.43,-118.38,337.0
REE,70.0,-28.0,97.4,68.62,-33.15,254.0
REE,58.0,118.0,97.4,56.92,111.33,416.0
REE,0.0,26.0,97.4,-2.92,25.75,326.0
REE,54.0,-122.0,97.4,52.31,-119.17,266.0
REE,44.0,-126.0,97.4,42.05,-119.95,537.0
REE,50.0,102.0,97.3,50.08,97.25,339.0
REE,54.0,110.0,97.3,56.02,110.37,225.0
REE,8.0,32.0,97.3,6.8,30.12,247.0
REE,68.0,-24.0,97.3,68.62,-33.15,382.0
REE,-10.0,38.0,97.2,-7.43,37.57,289.0
PGE,52.0,-126.0,98.1,53.12,-122.67,257.0
PGE,38.0,-126.0,98.1,39.07,-123.46,251.0
PGE,46.0,2.0,98.0,45.5,5.0,239.0
PGE,44.0,-128.0,97.8,43.32,-124.6,284.0
PGE,20.0,-104.0,97.8,21.85,-102.3,271.0
PGE,52.0,-128.0,97.6,52.71,-132.0,283.0
PGE,36.0,-124.0,97.5,37.45,-122.14,231.0
PGE,42.0,-128.0,97.4,42.8,-124.53,298.0
PGE,58.0,116.0,97.3,56.48,118.58,229.0
PGE,-2.0,28.0,97.2,-0.17,29.23,245.0
PGE,46.0,-128.0,97.1,46.31,-124.06,305.0
PGE,44.0,2.0,97.0,42.07,0.35,253.0
PGE,12.0,44.0,97.0,9.93,43.18,247.0
PGE,12.0,42.0,96.9,9.93,43.18,264.0
PGE,54.0,-128.0,96.9,54.75,-124.76,226.0
PGE,4.0,36.0,96.9,1.67,35.5,265.0
PGE,30.0,-116.0,96.7,31.68,-113.17,328.0
PGE,54.0,116.0,96.6,51.9,115.42,237.0
PGE,50.0,-130.0,96.6,49.0,-125.63,335.0
PGE,-2.0,146.0,96.5,-3.6,143.4,339.0
PGE,50.0,-132.0,96.4,52.71,-132.0,301.0
PGE,-10.0,32.0,96.3,-9.5,34.33,261.0
PGE,8.0,42.0,96.3,9.93,43.18,251.0
PGE,2.0,38.0,96.3,1.67,35.5,280.0
PGE,-2.0,34.0,96.2,0.4,34.0,267.0
PGE,-8.0,36.0,96.1,-9.5,34.33,248.0
PGE,2.0,28.0,96.0,3.0,30.0,248.0
PGE,-6.0,150.0,95.9,-7.98,147.97,314.0
PGE,-4.0,148.0,95.9,-5.17,144.92,365.0
PGE,68.0,-26.0,95.9,68.19,-31.66,236.0
PGE,-4.0,28.0,95.9,-3.0,30.0,248.0
PGE,46.0,10.0,95.8,47.77,8.14,242.0
PGE,66.0,-32.0,95.8,68.0,-33.0,227.0
PGE,0.0,-82.0,95.7,-0.3,-79.47,283.0
PGE,66.0,-30.0,95.7,68.19,-31.66,254.0
PGE,48.0,-130.0,95.6,49.0,-125.63,341.0
PGE,54.0,118.0,95.6,51.67,119.11,270.0
PGE,26.0,-110.0,95.5,25.0,-107.0,321.0
PGE,-8.0,30.0,95.5,-6.33,31.25,231.0
PGE,16.0,-102.0,95.4,18.0,-100.0,308.0
PGE,48.0,2.0,95.4,46.5,-1.0,281.0
PGE,8.0,44.0,95.3,9.93,43.18,233.0
PGE,54.0,114.0,95.3,51.9,115.42,252.0
PGE,42.0,18.0,95.2,42.5,20.84,240.0
PGE,40.0,-128.0,95.2,41.02,-124.11,348.0
PGE,48.0,4.0,95.1,45.5,5.0,288.0
PGE,54.0,10.0,94.9,52.02,10.79,226.0
PGE,30.0,-108.0,94.8,31.88,-106.15,274.0
PGE,56.0,114.0,94.7,56.48,118.58,288.0
PGE,66.0,-34.0,94.7,68.0,-33.0,227.0
PGE,48.0,12.0,94.7,50.38,11.69,266.0
PGE,12.0,36.0,94.4,11.31,33.91,240.0
PGE,66.0,-28.0,94.1,68.19,-31.66,290.0
PGE,-12.0,34.0,93.7,-9.5,34.33,280.0
PGE,24.0,-110.0,93.7,25.0,-107.0,323.0
PGE,4.0,28.0,93.3,3.0,30.0,248.0
PGE,-50.0,-74.0,93.1,-47.98,-74.28,226.0
PGE,56.0,100.0,93.0,53.8,98.17,271.0
PGE,24.0,-102.0,93.0,21.85,-102.3,241.0
PGE,0.0,38.0,92.9,1.0,35.25,325.0
PGE,42.0,6.0,92.8,44.57,6.09,286.0
PGE,40.0,138.0,92.7,38.0,138.42,225.0
PGE,2.0,-76.0,92.7,1.72,-78.13,239.0
PGE,16.0,-90.0,92.6,14.6,-88.5,224.0
PGE,6.0,36.0,92.6,8.89,36.34,324.0
PGE,4.0,34.0,92.4,1.67,35.5,308.0
PGE,54.0,-136.0,92.3,54.91,-132.14,269.0
PGE,44.0,-2.0,92.3,41.83,-0.78,261.0
PGE,-14.0,34.0,92.3,-15.66,35.33,233.0
PGE,8.0,128.0,92.1,8.67,126.08,224.0
PGE,60.0,-156.0,92.1,59.77,-151.87,232.0
PGE,54.0,12.0,92.0,52.02,10.79,235.0
PGE,-2.0,122.0,91.8,-2.5,120.0,229.0
PGE,30.0,-110.0,91.7,31.62,-113.12,348.0
PGE,16.0,118.0,91.6,15.72,120.07,224.0
PGE,46.0,-4.0,91.6,46.5,-1.0,237.0
PGE,-38.0,-74.0,91.6,-37.85,-71.37,231.0
PGE,54.0,112.0,91.6,54.0,108.0,261.0
PGE,70.0,-28.0,91.5,68.19,-31.67,248.0
PGE,52.0,-136.0,91.5,52.71,-132.0,283.0
PGE,32.0,-120.0,91.5,34.38,-118.4,304.0
PGE,30.0,-104.0,91.5,31.88,-106.15,293.0
PGE,56.0,110.0,91.4,54.0,108.0,256.0
PGE,34.0,-102.0,91.4,34.82,-98.99,291.0
PGE,-40.0,-72.0,91.4,-37.85,-71.37,245.0
PGE,56.0,-138.0,91.3,57.98,-136.43,240.0
PGE,-12.0,152.0,91.3,-10.53,150.45,235.0
PGE,-12.0,148.0,91.3,-9.9,148.55,241.0
PGE,-36.0,178.0,91.1,-36.86,175.46,247.0
PGE,10.0,-82.0,91.0,10.59,-84.22,252.0
PGE,56.0,-158.0,91.0,57.13,-154.57,245.0
PGE,-34.0,176.0,90.9,-35.21,173.96,230.0
PGE,58.0,162.0,90.9,60.2,162.72,248.0
PGE,42.0,4.0,90.8,42.07,0.35,302.0
PGE,0.0,100.0,90.8,2.0,98.95,251.0
PGE,36.0,132.0,90.6,35.32,129.35,251.0
PGE,22.0,-108.0,90.6,25.0,-107.0,349.0
PGE,-2.0,36.0,90.5,1.0,35.25,344.0
PGE,4.0,94.0,90.5,4.17,96.13,237.0
PGE,0.0,98.0,90.5,2.0,98.95,246.0
PGE,-42.0,176.0,90.4,-42.78,173.37,233.0
PGE,38.0,144.0,90.4,38.78,141.5,235.0
PGE,56.0,-150.0,90.4,57.62,-152.15,223.0
PGE,10.0,40.0,90.3,9.93,43.18,348.0
PGE,-38.0,172.0,90.2,-38.53,174.71,244.0
PGE,44.0,-106.0,90.2,46.42,-105.86,269.0
PGE,68.0,-24.0,90.2,68.19,-31.66,318.0
PGE,-6.0,34.0,90.1,-6.33,31.25,306.0
PGE,-12.0,-74.0,90.1,-12.86,-72.07,230.0
U,28.0,-112.0,99.1,29.91,-111.13,229.0
U,44.0,-126.0,99.0,42.59,-123.66,246.0
U,40.0,-124.0,99.0,42.08,-123.63,233.0
U,12.0,42.0,98.9,10.4,43.28,226.0
U,46.0,-126.0,98.6,44.9,-123.11,256.0
U,50.0,-124.0,98.1,48.04,-121.7,275.0
U,40.0,-126.0,98.0,42.16,-123.96,295.0
U,32.0,-102.0,97.7,33.13,-103.98,224.0
U,48.0,-126.0,97.4,47.86,-121.92,304.0
U,54.0,-128.0,97.3,55.27,-130.94,236.0
U,24.0,-106.0,97.2,25.3,-104.12,239.0
U,22.0,-110.0,97.0,24.48,-110.67,284.0
U,38.0,-124.0,97.0,36.31,-121.57,286.0
U,30.0,-116.0,96.8,32.83,-116.85,325.0
U,52.0,10.0,96.8,50.35,12.95,276.0
U,24.0,-108.0,96.8,24.48,-110.67,276.0
U,52.0,-124.0,96.8,51.57,-119.92,285.0
U,48.0,14.0,96.7,49.88,12.7,230.0
U,-2.0,-80.0,96.4,-3.96,-78.94,248.0
U,32.0,-120.0,96.4,34.44,-119.42,277.0
U,48.0,10.0,96.4,49.88,12.7,287.0
U,42.0,-128.0,96.4,42.16,-123.96,334.0
U,26.0,-102.0,96.0,25.3,-104.12,226.0
U,8.0,42.0,96.0,10.38,43.27,299.0
U,42.0,-2.0,95.9,40.23,-3.65,240.0
U,-2.0,-78.0,95.9,-3.96,-78.94,242.0
U,52.0,-132.0,95.9,54.75,-132.0,306.0
U,8.0,44.0,95.8,10.38,43.27,277.0
U,54.0,-136.0,95.8,54.87,-132.29,259.0
U,28.0,-114.0,95.8,29.91,-111.13,351.0
U,56.0,-154.0,95.8,57.61,-156.18,223.0
U,0.0,42.0,95.7,2.12,43.2,271.0
U,22.0,-112.0,95.7,24.48,-110.67,307.0
U,58.0,-160.0,95.7,57.61,-156.18,230.0
U,26.0,-108.0,95.7,24.48,-110.67,317.0
U,36.0,130.0,95.6,36.22,127.43,232.0
U,50.0,8.0,95.5,49.88,12.7,337.0
U,-14.0,-70.0,95.5,-16.11,-70.43,239.0
U,52.0,-130.0,95.5,54.75,-132.0,333.0
U,30.0,-118.0,95.4,32.82,-117.01,327.0
U,-38.0,-68.0,95.4,-37.45,-70.63,239.0
U,56.0,-126.0,95.4,55.98,-130.05,252.0
U,24.0,-102.0,95.4,25.3,-104.12,258.0
U,-44.0,-70.0,95.3,-45.46,-72.27,242.0
U,-48.0,-74.0,95.3,-46.08,-72.33,248.0
U,-32.0,-66.0,95.3,-30.21,-67.27,233.0
U,60.0,-140.0,95.2,59.43,-136.13,226.0
U,-12.0,-74.0,95.2,-11.6,-76.15,238.0
U,58.0,-152.0,95.2,57.61,-156.18,251.0
U,60.0,-162.0,95.1,61.63,-159.23,235.0
U,38.0,-100.0,95.1,38.08,-102.94,258.0
U,34.0,128.0,95.1,36.22,127.43,252.0
U,0.0,44.0,95.1,2.12,43.2,252.0
U,58.0,-128.0,95.0,55.98,-130.05,257.0
U,10.0,46.0,95.0,10.4,43.28,301.0
U,54.0,-120.0,95.0,51.57,-119.92,270.0
U,2.0,40.0,95.0,2.52,42.98,336.0
U,50.0,-126.0,94.9,47.86,-121.92,381.0
U,70.0,-152.0,94.9,69.47,-146.25,229.0
U,34.0,-96.0,94.9,34.09,-98.5,231.0
U,-6.0,-78.0,94.9,-3.96,-78.94,250.0
U,-6.0,-80.0,94.8,-3.96,-78.94,255.0
U,38.0,126.0,94.8,36.22,127.43,236.0
U,-16.0,-68.0,94.8,-16.11,-70.43,260.0
U,10.0,40.0,94.8,10.38,43.27,360.0
U,66.0,-172.0,94.7,65.45,-167.23,226.0
U,38.0,38.0,94.7,37.52,40.5,226.0
U,-18.0,-72.0,94.7,-16.11,-70.43,268.0
U,48.0,-96.0,94.7,46.07,-96.9,225.0
U,24.0,-114.0,94.7,24.48,-110.67,342.0
U,44.0,-98.0,94.7,46.07,-96.9,246.0
U,64.0,-136.0,94.7,64.15,-141.0,244.0
U,38.0,-82.0,94.7,36.0,-81.8,223.0
U,54.0,64.0,94.7,53.26,67.18,225.0
U,48.0,-98.0,94.7,46.07,-96.9,230.0
U,44.0,-128.0,94.7,42.59,-123.66,385.0
U,-8.0,-36.0,94.6,-8.9,-37.82,224.0
U,48.0,-78.0,94.6,46.28,-79.58,226.0
U,-30.0,-56.0,94.6,-29.75,-53.67,226.0
U,52.0,16.0,94.6,50.35,12.95,281.0
U,-26.0,118.0,94.6,-27.11,119.88,224.0
U,44.0,-68.0,94.6,44.54,-70.72,225.0
U,-28.0,30.0,94.6,-26.51,28.43,227.0
U,52.0,-134.0,94.6,54.75,-132.0,333.0
U,38.0,-92.0,94.6,36.52,-93.83,231.0
U,54.0,-122.0,94.6,51.57,-119.92,304.0
U,-14.0,-76.0,94.6,-11.6,-76.15,267.0
U,-18.0,-62.0,94.6,-15.81,-62.1,244.0
U,-14.0,126.0,94.5,-16.0,127.0,247.0
U,36.0,102.0,94.5,34.0,102.59,229.0
U,44.0,-96.0,94.5,46.07,-96.9,241.0
U,66.0,-136.0,94.5,65.23,-141.2,254.0
U,-4.0,14.0,94.5,-2.0,13.5,229.0
U,0.0,14.0,94.5,-2.0,13.5,229.0
U,32.0,102.0,94.5,34.0,102.59,229.0
U,42.0,-70.0,94.5,43.41,-72.03,228.0
U,70.0,-138.0,94.5,69.3,-144.02,245.0
U,52.0,-116.0,94.5,51.57,-119.92,274.0
U,40.0,-100.0,94.5,40.75,-103.28,290.0
U,62.0,-164.0,94.5,61.63,-159.23,254.0
U,-24.0,-46.0,94.5,-24.7,-48.15,231.0
U,36.0,-74.0,94.4,35.48,-76.51,234.0
U,26.0,-114.0,94.4,24.48,-110.67,375.0
U,-48.0,-70.0,94.4,-46.08,-72.33,277.0
U,-22.0,32.0,94.4,-23.98,31.22,234.0
U,-24.0,140.0,94.4,-21.9,139.97,234.0
U,-26.0,32.0,94.4,-24.05,31.13,234.0
U,-10.0,-36.0,94.4,-8.9,-37.82,234.0
U,-14.0,128.0,94.4,-16.0,127.0,247.0
U,22.0,2.0,94.4,21.0,4.0,235.0
U,56.0,-138.0,94.4,56.08,-133.39,286.0
U,-26.0,-50.0,94.4,-24.7,-48.15,235.0
U,68.0,-168.0,94.4,65.94,-166.21,242.0
U,60.0,-112.0,94.3,62.11,-112.59,237.0
U,46.0,86.0,94.3,46.5,83.0,237.0
U,42.0,-100.0,94.3,43.75,-102.6,288.0
U,20.0,2.0,94.3,21.0,4.0,236.0
U,38.0,-96.0,94.3,36.51,-93.85,252.0
U,60.0,-102.0,94.3,58.3,-104.6,240.0
U,-18.0,-44.0,94.3,-20.11,-43.62,238.0
Diamond,10.0,22.0,97.4,8.47,23.33,225.0
Diamond,-26.0,120.0,97.4,-25.46,122.18,226.0
Diamond,-8.0,-50.0,97.4,-9.21,-48.35,226.0
Diamond,64.0,44.0,97.4,65.41,40.65,223.0
Diamond,-2.0,-56.0,97.4,-3.81,-55.05,227.0
Diamond,-30.0,22.0,97.4,-28.38,23.45,228.0
Diamond,70.0,108.0,97.4,71.74,111.15,225.0
Diamond,70.0,138.0,97.4,68.2,140.89,230.0
Diamond,-20.0,-40.0,97.3,-18.5,-41.5,229.0
Diamond,-26.0,-52.0,97.3,-24.51,-50.42,230.0
Diamond,0.0,-54.0,97.3,0.5,-52.0,229.0
Diamond,62.0,-90.0,97.3,62.87,-94.0,227.0
Diamond,62.0,-98.0,97.3,62.87,-94.0,227.0
Diamond,20.0,80.0,97.3,20.2,82.2,231.0
Diamond,-24.0,-44.0,97.3,-22.0,-44.63,232.0
Diamond,-6.0,-46.0,97.3,-7.61,-47.33,232.0
Diamond,64.0,-90.0,97.3,62.87,-94.0,235.0
Diamond,64.0,-98.0,97.3,62.87,-94.0,235.0
Diamond,-18.0,130.0,97.3,-16.71,128.39,223.0
Diamond,-2.0,-54.0,97.2,-3.81,-55.05,233.0
Diamond,32.0,-94.0,97.2,34.03,-93.67,228.0
Diamond,-10.0,30.0,97.2,-10.33,27.9,233.0
Diamond,4.0,14.0,97.2,4.78,15.95,233.0
Diamond,70.0,144.0,97.2,68.2,140.89,235.0
Diamond,62.0,-108.0,97.2,63.6,-110.87,230.0
Diamond,-30.0,148.0,97.2,-29.75,150.42,235.0
Diamond,-20.0,30.0,97.2,-22.11,29.9,235.0
Diamond,68.0,116.0,97.2,66.43,112.22,238.0
Diamond,72.0,118.0,97.2,71.74,111.15,239.0
Diamond,-6.0,-58.0,97.2,-6.05,-55.85,238.0
Diamond,-8.0,-60.0,97.1,-9.28,-61.72,237.0
Diamond,16.0,-12.0,97.1,13.97,-12.75,240.0
Diamond,-24.0,-54.0,97.1,-21.86,-54.02,238.0
Diamond,4.0,-50.0,97.1,4.46,-52.12,241.0
Diamond,44.0,-88.0,97.1,46.17,-88.17,242.0
Diamond,4.0,112.0,97.1,2.0,111.5,229.0
Diamond,10.0,-2.0,97.1,7.96,-1.21,243.0
Diamond,4.0,18.0,97.1,4.78,15.95,243.0
Diamond,4.0,0.0,97.1,6.04,-0.81,244.0
Diamond,66.0,46.0,97.1,65.67,40.67,246.0
Diamond,48.0,-90.0,97.0,46.17,-88.18,246.0
Diamond,-4.0,24.0,97.0,-6.17,23.58,245.0
Diamond,-24.0,124.0,97.0,-25.46,122.18,245.0
Diamond,-36.0,152.0,97.0,-35.5,149.33,247.0
Diamond,72.0,104.0,97.0,71.74,111.15,249.0
Diamond,68.0,22.0,97.0,68.68,27.67,245.0
Diamond,18.0,82.0,97.0,20.2,82.2,246.0
Diamond,-28.0,152.0,97.0,-29.75,150.42,248.0
Diamond,-24.0,22.0,97.0,-24.75,24.33,251.0
Diamond,74.0,112.0,97.0,71.74,111.15,252.0
Diamond,-20.0,-58.0,97.0,-20.5,-55.87,229.0
Diamond,-14.0,16.0,96.9,-12.29,17.55,254.0
Diamond,74.0,110.0,96.9,71.74,111.15,254.0
Diamond,-32.0,150.0,96.9,-29.75,150.42,253.0
Diamond,62.0,-114.0,96.9,63.6,-110.87,239.0
Diamond,-2.0,-46.0,96.9,-1.9,-48.28,254.0
Diamond,66.0,140.0,96.9,68.2,140.89,248.0
Diamond,6.0,14.0,96.9,4.78,15.95,255.0
Diamond,64.0,108.0,96.9,65.93,110.85,253.0
Diamond,-24.0,32.0,96.9,-25.54,30.11,256.0
Diamond,12.0,-14.0,96.9,13.97,-12.75,257.0
Diamond,10.0,-16.0,96.9,9.5,-13.7,258.0
Diamond,66.0,142.0,96.9,68.2,140.89,250.0
Diamond,-12.0,-52.0,96.8,-13.91,-53.37,259.0
Diamond,-8.0,28.0,96.8,-10.33,27.9,260.0
Diamond,48.0,-86.0,96.8,46.17,-88.17,262.0
Diamond,64.0,118.0,96.8,62.5,113.9,264.0
Diamond,70.0,22.0,96.8,68.68,27.67,266.0
Diamond,68.0,40.0,96.8,65.67,40.67,261.0
Diamond,66.0,-104.0,96.8,65.23,-109.45,264.0
Diamond,4.0,-2.0,96.8,6.04,-0.81,262.0
Diamond,-24.0,-46.0,96.8,-22.0,-44.63,263.0
Diamond,16.0,-14.0,96.8,13.97,-12.75,263.0
Diamond,10.0,0.0,96.8,7.96,-1.21,263.0
Diamond,-16.0,-40.0,96.8,-17.86,-41.52,263.0
Diamond,-12.0,-50.0,96.7,-14.33,-50.43,263.0
Diamond,6.0,18.0,96.7,4.78,15.95,264.0
Diamond,-2.0,-52.0,96.7,0.37,-51.83,264.0
Diamond,-4.0,-52.0,96.7,-4.16,-49.62,265.0
Diamond,64.0,-116.0,96.7,63.6,-110.87,256.0
Diamond,68.0,42.0,96.7,65.67,40.67,266.0
Diamond,36.0,-92.0,96.7,34.04,-93.68,266.0
Diamond,-4.0,36.0,96.7,-3.49,33.66,266.0
Diamond,74.0,114.0,96.7,71.74,111.15,268.0
Diamond,66.0,118.0,96.7,66.43,112.22,264.0
Diamond,70.0,116.0,96.7,71.74,111.15,262.0
Diamond,-6.0,26.0,96.7,-6.17,23.58,268.0
Diamond,-12.0,20.0,96.7,-12.29,17.55,268.0
Diamond,6.0,-10.0,96.6,8.2,-11.0,268.0
Diamond,6.0,-12.0,96.6,8.2,-11.0,268.0
Diamond,74.0,108.0,96.6,71.74,111.15,271.0
Diamond,-32.0,28.0,96.6,-29.58,28.24,270.0
Diamond,-28.0,-50.0,96.6,-25.58,-49.75,270.0
Diamond,44.0,-106.0,96.6,41.68,-105.4,263.0
Diamond,-22.0,-42.0,96.6,-22.0,-44.63,271.0
Diamond,0.0,-68.0,96.6,1.07,-66.18,235.0
Diamond,-10.0,-58.0,96.6,-11.48,-59.97,271.0
Diamond,70.0,136.0,96.6,68.2,140.89,278.0
Diamond,22.0,84.0,96.5,20.2,82.2,274.0
Diamond,68.0,34.0,96.5,68.68,27.67,270.0
Diamond,6.0,-8.0,96.5,7.67,-6.17,274.0
Diamond,-24.0,120.0,96.5,-25.46,122.18,274.0
Diamond,64.0,36.0,96.5,65.41,40.65,271.0
Diamond,70.0,106.0,96.5,71.74,111.15,270.0
Diamond,-32.0,18.0,96.5,-29.65,17.05,277.0
Diamond,-8.0,-36.0,96.5,-8.93,-38.33,276.0
Diamond,42.0,-102.0,96.5,41.0,-105.05,277.0
Diamond,32.0,-92.0,96.5,34.03,-93.67,274.0
Diamond,50.0,-108.0,96.5,47.91,-108.96,243.0
Diamond,-12.0,26.0,96.5,-10.33,27.9,278.0
Diamond,60.0,114.0,96.4,62.5,113.9,278.0
Diamond,-32.0,16.0,96.4,-29.65,17.05,280.0
Diamond,-6.0,34.0,96.4,-3.52,33.61,280.0
Diamond,70.0,146.0,96.4,68.2,140.89,284.0
Diamond,66.0,138.0,96.4,68.2,140.89,275.0
Diamond,-10.0,-36.0,96.4,-8.93,-38.33,282.0
Diamond,-16.0,134.0,96.4,-16.85,136.35,267.0
Diamond,44.0,-90.0,96.4,46.17,-88.18,280.0
Diamond,70.0,34.0,96.4,68.68,27.67,288.0
Diamond,68.0,38.0,96.4,65.67,40.67,284.0
Coal,40.0,-118.0,99.7,37.99,-117.86,224.0
Coal,44.0,-120.0,99.6,45.05,-122.56,234.0
Coal,36.0,-112.0,99.6,34.31,-110.35,240.0
Coal,32.0,-116.0,99.6,33.72,-117.39,231.0
Coal,36.0,-114.0,99.5,38.1,-114.6,240.0
Coal,42.0,-118.0,99.5,43.89,-116.21,256.0
Coal,46.0,-120.0,99.5,45.05,-122.56,226.0
Coal,40.0,-116.0,99.4,38.1,-114.6,243.0
Coal,36.0,-116.0,99.4,38.1,-114.6,264.0
Coal,32.0,-110.0,99.4,34.23,-110.1,248.0
Coal,40.0,-122.0,99.4,42.19,-122.64,249.0
Coal,40.0,-120.0,99.4,37.99,-117.86,290.0
Coal,40.0,-124.0,99.3,42.19,-122.64,269.0
Coal,34.0,-120.0,99.3,33.72,-117.39,243.0
Coal,46.0,-118.0,99.3,43.89,-116.21,274.0
Coal,46.0,-126.0,99.3,45.05,-122.56,288.0
Coal,44.0,-128.0,99.3,43.27,-124.18,318.0
Coal,34.0,-114.0,99.3,33.72,-117.39,315.0
Coal,34.0,-106.0,99.3,31.16,-104.91,332.0
Coal,32.0,-108.0,99.3,31.16,-104.91,307.0
Coal,34.0,-104.0,99.2,31.16,-104.91,327.0
Coal,38.0,-102.0,99.2,37.6,-104.86,255.0
Coal,32.0,-112.0,99.1,34.31,-110.35,299.0
Coal,42.0,-128.0,99.1,43.27,-124.18,343.0
Coal,40.0,-102.0,99.0,39.96,-105.21,274.0
Coal,32.0,-102.0,98.9,31.16,-104.91,291.0
Coal,36.0,-124.0,98.9,37.5,-121.61,270.0
Coal,30.0,-102.0,98.8,27.79,-101.12,260.0
Coal,32.0,-120.0,98.7,33.72,-117.39,310.0
Coal,36.0,-102.0,98.7,37.6,-104.86,311.0
Coal,40.0,-126.0,98.6,42.19,-122.64,372.0
Coal,32.0,-114.0,98.6,33.72,-117.39,370.0
Coal,20.0,-104.0,98.6,21.25,-101.17,326.0
Coal,48.0,-114.0,98.6,47.21,-110.18,300.0
Coal,48.0,-106.0,98.5,47.22,-109.22,256.0
Coal,48.0,-124.0,98.5,45.05,-122.56,346.0
Coal,44.0,18.0,98.5,43.42,20.67,224.0
Coal,28.0,-104.0,98.5,27.72,-101.29,268.0
Coal,30.0,-108.0,98.5,31.16,-104.91,323.0
Coal,44.0,-102.0,98.4,44.5,-105.5,284.0
Coal,30.0,-100.0,98.4,27.79,-101.12,269.0
Coal,42.0,18.0,98.4,43.42,20.67,269.0
Coal,42.0,-102.0,98.3,42.86,-105.86,331.0
Coal,48.0,-122.0,98.3,45.05,-122.56,331.0
Coal,46.0,88.0,98.3,44.0,87.5,226.0
Coal,22.0,-104.0,98.3,21.25,-101.17,304.0
Coal,36.0,-92.0,98.3,36.91,-94.27,227.0
Coal,42.0,88.0,98.3,44.0,87.5,226.0
Coal,38.0,116.0,98.2,37.5,113.5,227.0
Coal,-24.0,30.0,98.2,-25.9,29.2,226.0
Coal,42.0,-84.0,98.2,40.68,-81.91,228.0
Coal,18.0,-102.0,98.2,21.25,-101.17,372.0
Coal,32.0,-86.0,98.2,33.8,-87.18,228.0
Coal,46.0,-128.0,98.2,43.27,-124.18,428.0
Coal,36.0,108.0,98.2,35.5,110.5,232.0
Coal,46.0,86.0,98.2,46.5,83.0,237.0
Coal,48.0,-126.0,98.2,45.05,-122.56,420.0
Coal,44.0,124.0,98.2,41.86,123.88,238.0
Coal,-34.0,-66.0,98.2,-34.5,-68.5,236.0
Coal,46.0,80.0,98.2,46.5,83.0,237.0
Coal,38.0,52.0,98.2,36.0,53.0,239.0
Coal,38.0,54.0,98.1,36.0,53.0,239.0
Coal,40.0,-78.0,98.1,40.94,-80.53,238.0
Coal,42.0,-78.0,98.1,40.94,-80.53,241.0
Coal,-28.0,-52.0,98.1,-30.16,-52.07,240.0
Coal,38.0,-126.0,98.1,37.5,-121.61,390.0
Coal,34.0,52.0,98.1,36.0,53.0,240.0
Coal,34.0,54.0,98.1,36.0,53.0,240.0
Coal,44.0,96.0,98.1,42.5,93.5,262.0
Coal,32.0,122.0,98.1,32.5,119.5,242.0
Coal,-24.0,28.0,98.1,-25.9,29.2,243.0
Coal,44.0,84.0,98.1,43.5,81.0,247.0
Coal,38.0,-80.0,98.1,38.64,-82.69,245.0
Coal,44.0,78.0,98.0,43.5,81.0,247.0
Coal,-28.0,30.0,98.0,-25.9,29.2,247.0
Coal,30.0,-116.0,98.0,33.72,-117.39,434.0
Coal,36.0,-84.0,98.0,37.3,-86.27,249.0
Coal,34.0,56.0,98.0,36.27,56.0,252.0
Coal,42.0,86.0,98.0,44.0,87.5,254.0
Coal,50.0,-110.0,98.0,47.21,-110.18,311.0
Coal,34.0,-90.0,98.0,33.8,-87.18,261.0
Coal,38.0,58.0,98.0,36.27,56.0,262.0
Coal,40.0,122.0,98.0,41.86,123.88,260.0
Coal,-28.0,28.0,98.0,-25.9,29.2,262.0
Coal,28.0,-98.0,98.0,27.52,-100.79,280.0
Coal,44.0,24.0,98.0,43.42,20.67,275.0
Coal,48.0,86.0,97.9,46.5,83.0,281.0
Coal,36.0,50.0,97.9,36.0,53.0,270.0
Coal,40.0,116.0,97.9,38.5,113.5,272.0
Coal,18.0,-100.0,97.9,20.96,-98.69,357.0
Coal,30.0,-118.0,97.9,33.72,-117.39,418.0
Coal,-32.0,-54.0,97.9,-30.16,-52.07,275.0
Coal,34.0,-102.0,97.9,31.16,-104.91,417.0
Coal,48.0,-120.0,97.9,45.05,-122.56,382.0
Coal,32.0,116.0,97.9,34.27,117.18,275.0
Coal,42.0,-88.0,97.9,39.6,-87.13,277.0
Coal,46.0,-102.0,97.9,44.5,-105.5,321.0
Coal,-24.0,146.0,97.9,-23.0,148.5,278.0
Coal,48.0,80.0,97.8,46.5,83.0,281.0
Coal,50.0,-108.0,97.8,47.22,-109.22,322.0
Coal,46.0,90.0,97.8,44.0,87.5,297.0
Coal,-36.0,-66.0,97.8,-34.5,-68.5,282.0
Coal,-26.0,32.0,97.8,-25.9,29.2,280.0
Coal,44.0,122.0,97.8,41.86,123.88,283.0
Coal,40.0,94.0,97.8,42.5,93.5,281.0
Coal,-22.0,146.0,97.8,-23.0,148.5,280.0
Coal,42.0,-86.0,97.8,39.6,-87.1,282.0
Coal,44.0,-130.0,97.8,43.27,-124.18,475.0
Coal,-32.0,-68.0,97.8,-34.5,-68.5,282.0
Coal,30.0,120.0,97.8,32.5,119.5,282.0
Coal,28.0,-106.0,97.7,31.16,-104.91,367.0
Coal,50.0,-112.0,97.7,47.21,-110.18,338.0
Coal,46.0,20.0,97.7,43.42,20.67,292.0
Coal,-32.0,-50.0,97.7,-30.16,-52.07,284.0
Coal,34.0,-122.0,97.7,37.5,-121.61,391.0
Coal,26.0,-104.0,97.7,27.65,-101.3,325.0
Coal,34.0,108.0,97.7,35.5,110.5,283.0
Coal,34.0,122.0,97.7,32.5,119.5,286.0
Coal,20.0,-96.0,97.7,20.96,-98.69,300.0
Coal,24.0,-102.0,97.7,21.25,-101.17,317.0
OilGas,34.0,-104.0,100.0,31.5,-102.5,311.0
OilGas,32.0,-106.0,100.0,31.5,-102.5,336.0
OilGas,34.0,-106.0,100.0,31.5,-102.5,429.0
OilGas,34.0,-102.0,100.0,31.5,-102.5,282.0
OilGas,34.0,-108.0,99.9,31.5,-102.5,585.0
OilGas,30.0,-106.0,99.9,31.5,-102.5,374.0
OilGas,32.0,-100.0,99.9,31.5,-102.5,243.0
OilGas,32.0,-108.0,99.9,31.5,-102.5,523.0
OilGas,36.0,-104.0,99.9,31.5,-102.5,519.0
OilGas,36.0,-106.0,99.9,31.5,-102.5,596.0
OilGas,34.0,-100.0,99.9,31.5,-102.5,363.0
OilGas,36.0,-108.0,99.9,31.5,-102.5,713.0
OilGas,34.0,-110.0,99.9,31.5,-102.5,754.0
OilGas,36.0,-102.0,99.9,31.5,-102.5,503.0
OilGas,30.0,-100.0,99.9,31.5,-102.5,291.0
OilGas,62.0,0.0,99.8,60.9,3.7,232.0
OilGas,32.0,-110.0,99.7,31.5,-102.5,711.0
OilGas,38.0,-106.0,99.6,31.5,-102.5,790.0
OilGas,62.0,-2.0,99.6,60.9,3.7,327.0
OilGas,36.0,-110.0,99.6,31.5,-102.5,855.0
OilGas,30.0,-108.0,99.6,31.5,-102.5,551.0
OilGas,60.0,0.0,99.6,60.9,3.7,226.0
OilGas,28.0,-110.0,99.5,31.5,-102.5,822.0
OilGas,64.0,-12.0,99.5,60.9,3.7,875.0
OilGas,64.0,-10.0,99.5,60.9,3.7,782.0
OilGas,64.0,-14.0,99.5,60.9,3.7,969.0
OilGas,28.0,-104.0,99.5,31.5,-102.5,415.0
OilGas,48.0,122.0,99.5,46.6,124.9,268.0
OilGas,24.0,48.0,99.5,25.5,49.5,225.0
OilGas,64.0,-8.0,99.4,60.9,3.7,692.0
OilGas,36.0,-112.0,99.4,31.5,-102.5,1010.0
OilGas,34.0,-112.0,99.4,31.5,-102.5,930.0
OilGas,64.0,-16.0,99.4,60.9,3.7,1065.0
OilGas,28.0,-112.0,99.4,31.5,-102.5,996.0
OilGas,62.0,-4.0,99.4,60.9,3.7,427.0
OilGas,38.0,-108.0,99.3,31.5,-102.5,880.0
OilGas,28.0,-108.0,99.3,31.5,-102.5,658.0
OilGas,40.0,-106.0,99.3,31.5,-102.5,996.0
OilGas,38.0,-104.0,99.3,31.5,-102.5,736.0
OilGas,46.0,122.0,99.3,46.6,124.9,233.0
OilGas,64.0,-6.0,99.3,60.9,3.7,605.0
OilGas,20.0,-94.0,99.3,19.8,-91.8,231.0
OilGas,66.0,-16.0,99.3,60.9,3.7,1125.0
OilGas,66.0,-14.0,99.3,60.9,3.7,1041.0
OilGas,64.0,-4.0,99.2,60.9,3.7,524.0
OilGas,60.0,8.0,99.2,60.9,3.7,256.0
OilGas,58.0,4.0,99.2,60.9,3.7,323.0
OilGas,64.0,-2.0,99.2,60.9,3.7,452.0
OilGas,68.0,-152.0,99.2,69.8,-149.5,224.0
OilGas,28.0,-102.0,99.2,31.5,-102.5,392.0
OilGas,-24.0,-42.0,99.2,-25.5,-43.5,225.0
OilGas,40.0,-108.0,99.2,31.5,-102.5,1067.0
OilGas,26.0,54.0,99.2,26.6,51.8,229.0
OilGas,64.0,-18.0,99.2,60.9,3.7,1161.0
OilGas,30.0,-110.0,99.2,31.5,-102.5,736.0
OilGas,26.0,-112.0,99.2,31.5,-102.5,1109.0
OilGas,64.0,0.0,99.1,60.9,3.7,394.0
OilGas,30.0,-114.0,99.1,31.5,-102.5,1111.0
OilGas,56.0,118.0,99.1,46.6,124.9,1149.0
OilGas,66.0,-12.0,99.1,60.9,3.7,960.0
OilGas,38.0,-112.0,99.1,31.5,-102.5,1128.0
OilGas,66.0,-18.0,99.1,60.9,3.7,1210.0
OilGas,62.0,8.0,99.1,60.9,3.7,259.0
OilGas,46.0,128.0,99.1,46.6,124.9,247.0
OilGas,22.0,-92.0,99.1,19.8,-91.8,246.0
OilGas,28.0,-106.0,99.1,31.5,-102.5,515.0
OilGas,72.0,-150.0,99.1,69.8,-149.5,245.0
OilGas,64.0,-20.0,99.1,60.9,3.7,1258.0
OilGas,68.0,-146.0,99.0,69.8,-149.5,244.0
OilGas,64.0,2.0,99.0,60.9,3.7,356.0
OilGas,58.0,6.0,99.0,60.9,3.7,348.0
OilGas,70.0,-156.0,99.0,69.8,-149.5,249.0
OilGas,72.0,-148.0,99.0,69.8,-149.5,251.0
OilGas,26.0,-110.0,99.0,31.5,-102.5,953.0
OilGas,60.0,-2.0,99.0,60.9,3.7,328.0
OilGas,28.0,-114.0,99.0,31.5,-102.5,1176.0
OilGas,36.0,-114.0,99.0,31.5,-102.5,1174.0
OilGas,62.0,-6.0,99.0,60.9,3.7,529.0
OilGas,28.0,46.0,99.0,29.5,48.0,257.0
OilGas,58.0,2.0,99.0,60.9,3.7,336.0
OilGas,70.0,-8.0,99.0,60.9,3.7,1143.0
OilGas,50.0,6.0,98.9,60.9,3.7,1220.0
OilGas,-26.0,-46.0,98.9,-25.5,-43.5,256.0
OilGas,64.0,-22.0,98.9,60.9,3.7,1356.0
OilGas,66.0,-10.0,98.9,60.9,3.7,883.0
OilGas,48.0,128.0,98.9,46.6,124.9,281.0
OilGas,44.0,52.0,98.9,46.3,51.5,259.0
OilGas,72.0,-152.0,98.9,69.8,-149.5,261.0
OilGas,70.0,-6.0,98.9,60.9,3.7,1104.0
OilGas,56.0,120.0,98.9,46.6,124.9,1099.0
OilGas,30.0,-112.0,98.9,31.5,-102.5,923.0
OilGas,16.0,42.0,98.9,25.5,49.5,1312.0
OilGas,62.0,72.0,98.9,61.1,76.7,268.0
OilGas,50.0,8.0,98.8,60.9,3.7,1241.0
OilGas,48.0,54.0,98.8,46.3,51.5,267.0
OilGas,50.0,124.0,98.8,46.6,124.9,384.0
OilGas,66.0,-20.0,98.8,60.9,3.7,1297.0
OilGas,28.0,54.0,98.8,26.6,51.8,267.0
OilGas,56.0,116.0,98.8,46.6,124.9,1212.0
OilGas,64.0,-24.0,98.8,60.9,3.7,1453.0
OilGas,46.0,-130.0,98.8,31.5,-102.5,2856.0
OilGas,4.0,36.0,98.8,25.5,49.5,2791.0
OilGas,-46.0,50.0,98.8,-25.5,-43.5,8256.0
OilGas,0.0,36.0,98.8,25.5,49.5,3185.0
OilGas,4.0,38.0,98.8,25.5,49.5,2687.0
OilGas,38.0,-26.0,98.8,60.9,3.7,3274.0
OilGas,0.0,38.0,98.7,25.5,49.5,3093.0
OilGas,-8.0,-108.0,98.7,19.8,-91.8,3564.0
OilGas,70.0,-10.0,98.7,60.9,3.7,1187.0
OilGas,44.0,-130.0,98.7,31.5,-102.5,2769.0
OilGas,12.0,40.0,98.7,25.5,49.5,1802.0
OilGas,14.0,42.0,98.7,25.5,49.5,1499.0
OilGas,10.0,-104.0,98.7,19.8,-91.8,1703.0
OilGas,-38.0,78.0,98.7,25.5,49.5,7661.0
OilGas,14.0,40.0,98.7,25.5,49.5,1618.0
OilGas,2.0,38.0,98.7,25.5,49.5,2889.0
OilGas,0.0,-90.0,98.7,19.8,-91.8,2210.0
OilGas,34.0,-116.0,98.7,31.5,-102.5,1292.0
OilGas,8.0,38.0,98.6,25.5,49.5,2296.0
OilGas,-8.0,-14.0,98.6,-25.5,-43.5,3679.0
ZnPb,40.0,-126.0,99.4,41.1,-123.74,227.0
ZnPb,38.0,14.0,99.3,39.08,17.12,297.0
ZnPb,18.0,-104.0,99.3,20.38,-104.85,279.0
ZnPb,30.0,-116.0,99.3,28.82,-113.62,265.0
ZnPb,40.0,12.0,99.2,40.0,9.0,256.0
ZnPb,36.0,12.0,99.1,36.73,8.92,288.0
ZnPb,38.0,12.0,99.1,36.73,8.92,307.0
ZnPb,18.0,-106.0,99.0,20.38,-104.85,291.0
ZnPb,40.0,14.0,99.0,39.08,17.12,286.0
ZnPb,18.0,-102.0,98.9,18.53,-99.6,261.0
ZnPb,46.0,-126.0,98.8,45.73,-122.29,289.0
ZnPb,28.0,-116.0,98.8,28.82,-113.62,250.0
ZnPb,52.0,-126.0,98.8,50.13,-123.1,290.0
ZnPb,50.0,-128.0,98.7,50.13,-123.1,350.0
ZnPb,20.0,-108.0,98.3,20.62,-105.25,295.0
ZnPb,36.0,-124.0,98.1,35.89,-121.41,233.0
ZnPb,38.0,-126.0,97.8,38.62,-122.58,306.0
ZnPb,48.0,-128.0,97.6,48.42,-123.37,346.0
ZnPb,42.0,-128.0,97.5,42.75,-124.13,329.0
ZnPb,34.0,12.0,97.5,34.0,9.0,277.0
ZnPb,48.0,8.0,97.5,47.33,10.84,225.0
ZnPb,46.0,2.0,97.4,44.11,3.47,240.0
ZnPb,42.0,14.0,97.4,43.45,11.13,285.0
ZnPb,36.0,16.0,97.3,39.08,17.12,356.0
ZnPb,44.0,8.0,97.2,45.86,9.84,253.0
ZnPb,44.0,-128.0,97.1,42.75,-124.13,342.0
ZnPb,52.0,-130.0,97.1,54.96,-130.91,335.0
ZnPb,22.0,-108.0,97.1,24.4,-106.6,303.0
ZnPb,26.0,-112.0,96.9,27.06,-109.05,316.0
ZnPb,42.0,8.0,96.9,40.0,9.0,238.0
ZnPb,2.0,-80.0,96.8,0.34,-78.54,246.0
ZnPb,52.0,-128.0,96.6,54.96,-130.91,381.0
ZnPb,54.0,-136.0,96.6,55.37,-132.97,247.0
ZnPb,42.0,18.0,96.4,44.17,18.34,243.0
ZnPb,44.0,14.0,96.4,43.45,11.13,239.0
ZnPb,26.0,-114.0,96.4,28.82,-113.62,316.0
ZnPb,40.0,-128.0,96.3,41.1,-123.74,380.0
ZnPb,42.0,16.0,96.3,44.17,18.34,307.0
ZnPb,16.0,-100.0,96.2,18.53,-99.6,285.0
ZnPb,-2.0,38.0,96.1,-3.85,39.65,275.0
ZnPb,48.0,6.0,96.0,50.45,6.67,277.0
ZnPb,38.0,20.0,96.0,39.08,17.12,278.0
ZnPb,42.0,6.0,96.0,41.98,2.82,263.0
ZnPb,52.0,-132.0,95.9,54.96,-130.91,337.0
ZnPb,36.0,14.0,95.9,39.08,17.12,439.0
ZnPb,-20.0,178.0,95.9,-17.5,177.85,278.0
ZnPb,18.0,122.0,95.9,16.37,120.6,234.0
ZnPb,-2.0,-82.0,95.8,-2.9,-79.4,306.0
ZnPb,56.0,114.0,95.8,56.22,109.82,260.0
ZnPb,48.0,4.0,95.8,50.42,3.02,278.0
ZnPb,30.0,-118.0,95.8,32.63,-116.1,344.0
ZnPb,10.0,-86.0,95.8,9.52,-83.71,257.0
ZnPb,34.0,138.0,95.7,35.03,135.75,236.0
ZnPb,56.0,-166.0,95.7,55.0,-162.85,227.0
ZnPb,24.0,-110.0,95.7,25.47,-107.03,342.0
ZnPb,32.0,-102.0,95.6,30.34,-103.52,234.0
ZnPb,36.0,26.0,95.6,37.7,24.06,256.0
ZnPb,-18.0,180.0,95.6,-17.5,177.85,234.0
ZnPb,48.0,2.0,95.6,50.42,3.02,279.0
ZnPb,-50.0,-74.0,95.6,-47.76,-73.35,254.0
ZnPb,54.0,118.0,95.5,51.61,118.6,269.0
ZnPb,44.0,142.0,95.5,42.17,140.15,253.0
ZnPb,46.0,0.0,95.5,43.83,2.0,288.0
ZnPb,40.0,20.0,95.5,39.08,17.12,267.0
ZnPb,0.0,-82.0,95.5,-1.13,-79.08,348.0
ZnPb,54.0,-176.0,95.5,51.93,-176.63,234.0
ZnPb,54.0,-178.0,95.5,51.97,-178.37,227.0
ZnPb,16.0,38.0,95.4,17.79,36.18,278.0
ZnPb,26.0,122.0,95.4,25.5,119.5,256.0
ZnPb,36.0,18.0,95.4,39.08,17.12,351.0
ZnPb,-40.0,-74.0,95.4,-39.48,-71.18,248.0
ZnPb,58.0,-162.0,95.4,59.7,-159.8,227.0
ZnPb,54.0,-172.0,95.4,53.21,-168.45,250.0
ZnPb,-44.0,-70.0,95.3,-45.46,-72.27,242.0
ZnPb,-20.0,176.0,95.3,-17.5,177.85,339.0
ZnPb,36.0,132.0,95.2,35.3,129.23,262.0
ZnPb,16.0,-64.0,95.2,17.91,-62.82,247.0
ZnPb,36.0,142.0,95.2,36.64,139.42,242.0
ZnPb,58.0,112.0,95.2,56.22,109.82,238.0
ZnPb,-12.0,-70.0,95.2,-13.93,-70.75,229.0
ZnPb,50.0,-180.0,95.2,51.97,-178.37,247.0
ZnPb,16.0,-102.0,95.2,18.53,-99.6,380.0
ZnPb,54.0,-122.0,95.1,55.57,-125.41,280.0
ZnPb,-50.0,-72.0,95.1,-47.76,-73.35,268.0
ZnPb,14.0,120.0,95.1,16.37,120.6,271.0
ZnPb,4.0,-78.0,95.0,3.87,-75.55,272.0
ZnPb,52.0,-172.0,95.0,53.21,-168.45,275.0
ZnPb,54.0,120.0,95.0,51.61,118.6,282.0
ZnPb,-48.0,-70.0,95.0,-46.86,-72.7,239.0
ZnPb,54.0,-120.0,95.0,51.88,-118.57,255.0
ZnPb,54.0,-180.0,94.9,51.97,-178.37,251.0
ZnPb,12.0,-90.0,94.9,14.34,-89.46,267.0
ZnPb,18.0,-94.0,94.8,17.0,-96.5,287.0
ZnPb,-16.0,176.0,94.8,-17.5,177.85,258.0
ZnPb,16.0,-94.0,94.8,15.39,-91.48,278.0
ZnPb,-46.0,-76.0,94.8,-46.85,-72.88,257.0
ZnPb,48.0,0.0,94.8,48.42,-3.75,282.0
ZnPb,-42.0,-72.0,94.8,-39.48,-71.18,289.0
ZnPb,-36.0,-74.0,94.8,-36.26,-71.17,256.0
ZnPb,42.0,0.0,94.7,41.98,2.82,233.0
ZnPb,46.0,-128.0,94.7,45.73,-122.29,443.0
ZnPb,20.0,-62.0,94.7,17.91,-62.82,248.0
ZnPb,-40.0,-68.0,94.7,-38.5,-70.13,248.0
ZnPb,-6.0,40.0,94.7,-3.85,39.65,242.0
ZnPb,32.0,10.0,94.6,34.0,9.0,241.0
ZnPb,32.0,134.0,94.6,32.88,131.5,254.0
ZnPb,24.0,118.0,94.6,25.5,119.5,225.0
ZnPb,8.0,-86.0,94.6,9.52,-83.71,303.0
ZnPb,44.0,138.0,94.5,42.17,140.15,268.0
ZnPb,-22.0,-72.0,94.5,-22.33,-69.82,227.0
ZnPb,2.0,-74.0,94.5,3.87,-75.55,270.0
ZnPb,52.0,-134.0,94.5,55.17,-132.4,368.0
ZnPb,12.0,-62.0,94.5,14.5,-61.0,298.0
ZnPb,-4.0,106.0,94.5,-2.71,108.07,271.0
ZnPb,34.0,140.0,94.5,36.64,139.42,299.0
ZnPb,20.0,-64.0,94.4,17.91,-62.82,263.0
ZnPb,18.0,-108.0,94.4,20.62,-105.25,410.0
ZnPb,36.0,20.0,94.4,37.38,23.25,328.0
ZnPb,40.0,144.0,94.4,40.17,140.83,270.0
ZnPb,32.0,128.0,94.4,34.6,127.25,297.0
Cr,50.0,-126.0,99.7,49.22,-123.1,226.0
Cr,30.0,-114.0,99.7,28.11,-115.23,242.0
Cr,40.0,14.0,99.6,42.0,15.0,238.0
Cr,-20.0,168.0,99.5,-22.03,166.79,258.0
Cr,32.0,-116.0,99.5,34.01,-114.9,246.0
Cr,40.0,16.0,99.4,42.0,15.0,238.0
Cr,30.0,-116.0,99.2,28.11,-115.23,223.0
Cr,-8.0,148.0,99.1,-9.88,148.88,230.0
Cr,-22.0,170.0,98.9,-22.23,166.85,326.0
Cr,-6.0,148.0,98.9,-5.55,145.18,316.0
Cr,18.0,-104.0,98.8,20.78,-103.35,317.0
Cr,20.0,-106.0,98.8,20.78,-103.35,289.0
Cr,20.0,-100.0,98.7,18.28,-98.6,241.0
Cr,-8.0,150.0,98.7,-9.86,148.98,235.0
Cr,50.0,-128.0,98.6,48.02,-124.68,327.0
Cr,-4.0,148.0,98.5,-5.55,145.18,357.0
Cr,38.0,-126.0,98.3,38.62,-123.13,260.0
Cr,-24.0,-68.0,98.2,-25.21,-69.76,223.0
Cr,48.0,-128.0,98.2,48.01,-124.68,247.0
Cr,52.0,-124.0,98.2,49.22,-123.1,316.0
Cr,40.0,12.0,98.1,42.0,15.0,336.0
Cr,-20.0,170.0,98.1,-22.05,166.83,401.0
Cr,36.0,26.0,98.1,36.95,28.3,231.0
Cr,34.0,140.0,98.1,36.0,139.13,236.0
Cr,14.0,-92.0,98.1,14.93,-90.11,228.0
Cr,34.0,138.0,98.0,34.9,135.8,225.0
Cr,26.0,122.0,98.0,23.97,121.58,230.0
Cr,16.0,-88.0,97.9,14.81,-89.76,230.0
Cr,22.0,-106.0,97.9,20.78,-103.35,306.0
Cr,52.0,-126.0,97.9,49.22,-123.1,371.0
Cr,4.0,-76.0,97.9,6.15,-75.48,246.0
Cr,24.0,124.0,97.9,23.97,121.58,246.0
Cr,-24.0,168.0,97.8,-22.23,166.85,229.0
Cr,30.0,-112.0,97.8,26.88,-112.0,347.0
Cr,54.0,-128.0,97.8,54.9,-131.29,235.0
Cr,6.0,124.0,97.8,6.48,126.16,245.0
Cr,18.0,-102.0,97.8,20.78,-103.35,340.0
Cr,0.0,122.0,97.7,-2.25,121.25,264.0
Cr,38.0,20.0,97.7,38.92,22.44,236.0
Cr,52.0,-122.0,97.7,49.22,-123.1,319.0
Cr,10.0,-82.0,97.7,10.59,-84.22,252.0
Cr,54.0,-136.0,97.7,55.24,-132.63,257.0
Cr,26.0,-106.0,97.7,25.53,-103.23,282.0
Cr,32.0,-118.0,97.7,34.34,-118.34,262.0
Cr,-2.0,146.0,97.6,-5.55,145.18,405.0
Cr,-34.0,-72.0,97.6,-33.36,-69.48,244.0
Cr,60.0,-156.0,97.6,59.21,-151.83,250.0
Cr,12.0,-88.0,97.6,10.87,-85.84,267.0
Cr,56.0,-164.0,97.6,56.57,-159.73,271.0
Cr,-8.0,146.0,97.6,-5.55,145.18,287.0
Cr,-36.0,-68.0,97.5,-35.37,-65.17,265.0
Cr,4.0,126.0,97.5,6.48,126.16,276.0
Cr,52.0,-130.0,97.5,54.9,-131.29,334.0
Cr,44.0,146.0,97.5,43.38,142.56,285.0
Cr,60.0,162.0,97.5,61.62,164.83,237.0
Cr,52.0,-128.0,97.5,54.9,-131.29,389.0
Cr,-40.0,176.0,97.5,-41.39,173.22,281.0
Cr,24.0,-106.0,97.4,25.53,-103.23,327.0
Cr,34.0,128.0,97.4,33.87,130.82,261.0
Cr,8.0,-84.0,97.4,10.59,-84.22,289.0
Cr,-18.0,-68.0,97.4,-19.82,-69.81,278.0
Cr,36.0,130.0,97.4,34.17,131.47,244.0
Cr,-24.0,170.0,97.4,-22.23,166.85,378.0
Cr,-36.0,-70.0,97.3,-33.36,-69.48,297.0
Cr,30.0,130.0,97.3,32.5,131.17,299.0
Cr,38.0,14.0,97.3,42.0,15.0,453.0
Cr,56.0,-128.0,97.3,55.27,-131.43,230.0
Cr,16.0,124.0,97.3,17.27,122.35,225.0
Cr,20.0,122.0,97.2,17.27,122.35,306.0
Cr,22.0,-98.0,97.2,19.82,-97.37,251.0
Cr,44.0,-128.0,97.2,43.32,-124.6,284.0
Cr,-28.0,-70.0,97.2,-25.46,-70.0,282.0
Cr,26.0,120.0,97.2,23.97,121.58,276.0
Cr,-18.0,166.0,97.1,-20.42,164.19,329.0
Cr,2.0,-78.0,97.1,-0.79,-78.81,323.0
Cr,28.0,-110.0,97.1,26.88,-112.0,233.0
Cr,58.0,-130.0,97.1,58.28,-134.4,260.0
Cr,32.0,128.0,97.1,32.5,131.17,303.0
Cr,40.0,10.0,97.1,43.0,11.0,344.0
Cr,4.0,-74.0,97.1,6.15,-75.48,290.0
Cr,42.0,-128.0,97.0,42.85,-124.59,295.0
Cr,46.0,-128.0,97.0,46.64,-124.05,312.0
Cr,0.0,120.0,97.0,-2.25,121.25,286.0
Cr,18.0,-64.0,97.0,18.14,-66.97,314.0
Cr,14.0,118.0,97.0,13.83,120.18,236.0
Cr,30.0,132.0,97.0,32.5,131.17,289.0
Cr,-10.0,152.0,96.9,-9.86,148.98,331.0
Cr,46.0,146.0,96.9,45.06,142.37,301.0
Cr,4.0,100.0,96.9,6.02,101.65,290.0
Cr,54.0,-160.0,96.9,56.57,-159.73,286.0
Cr,26.0,-110.0,96.9,26.88,-112.0,222.0
Cr,38.0,16.0,96.9,42.0,15.0,453.0
Cr,-12.0,148.0,96.9,-9.88,148.88,255.0
Cr,16.0,-100.0,96.9,18.28,-98.6,294.0
Cr,-12.0,150.0,96.8,-9.86,148.98,263.0
Cr,-2.0,144.0,96.8,-5.51,145.02,406.0
Cr,14.0,126.0,96.8,13.86,123.51,269.0
Cr,10.0,-88.0,96.8,10.87,-85.84,255.0
Cr,20.0,120.0,96.8,22.6,120.28,291.0
Cr,-42.0,176.0,96.8,-41.39,173.22,241.0
Cr,-6.0,150.0,96.8,-9.86,148.98,444.0
Cr,54.0,-162.0,96.7,56.57,-159.73,320.0
Cr,32.0,134.0,96.7,32.78,131.45,255.0
Cr,42.0,8.0,96.7,43.0,11.0,270.0
Cr,52.0,-132.0,96.7,54.9,-131.3,326.0
Cr,36.0,22.0,96.7,38.92,22.44,327.0
Cr,-20.0,-72.0,96.7,-19.82,-69.81,230.0
Cr,10.0,128.0,96.7,9.41,125.8,250.0
Cr,-28.0,-68.0,96.6,-25.45,-69.83,337.0
Cr,-18.0,-72.0,96.6,-19.82,-69.81,307.0
Cr,12.0,-90.0,96.6,14.76,-89.99,307.0
Cr,38.0,18.0,96.6,40.63,20.74,376.0
Cr,18.0,-106.0,96.6,20.78,-103.35,416.0
Cr,36.0,24.0,96.6,38.92,22.44,353.0
Cr,-6.0,116.0,96.6,-3.5,116.36,281.0
Cr,-10.0,146.0,96.5,-9.88,148.88,316.0
Cr,-2.0,148.0,96.5,-5.55,145.18,504.0
Cr,2.0,-80.0,96.5,-0.79,-78.81,337.0
Cr,34.0,-108.0,96.5,34.04,-111.07,283.0
Cr,-32.0,-72.0,96.5,-33.36,-69.48,280.0
Mn,50.0,-126.0,98.9,48.24,-124.48,225.0
Mn,0.0,30.0,98.7,-2.0,29.92,223.0
Mn,40.0,12.0,98.6,41.53,13.82,229.0
Mn,48.0,-128.0,98.6,48.2,-124.48,262.0
Mn,34.0,12.0,98.5,31.92,11.58,235.0
Mn,54.0,96.0,98.5,54.91,99.05,222.0
Mn,38.0,-126.0,98.4,38.65,-123.4,238.0
Mn,48.0,2.0,98.4,50.08,1.8,232.0
Mn,-4.0,30.0,98.4,-2.0,29.92,223.0
Mn,2.0,36.0,98.3,-0.33,36.33,262.0
Mn,0.0,34.0,98.3,-0.33,36.33,262.0
Mn,-2.0,38.0,98.3,-0.33,36.33,262.0
Mn,12.0,42.0,98.2,10.22,43.67,269.0
Mn,-2.0,32.0,98.2,-2.0,29.92,231.0
Mn,42.0,-128.0,98.1,42.13,-124.44,294.0
Mn,36.0,-124.0,97.9,36.01,-121.52,223.0
Mn,40.0,16.0,97.8,41.53,13.82,250.0
Mn,36.0,12.0,97.8,36.82,8.69,310.0
Mn,54.0,114.0,97.7,54.33,110.55,228.0
Mn,30.0,-118.0,97.6,31.08,-115.6,259.0
Mn,38.0,12.0,97.6,36.82,8.69,320.0
Mn,50.0,-128.0,97.5,48.24,-124.48,322.0
Mn,44.0,-128.0,97.5,43.22,-124.37,305.0
Mn,50.0,12.0,97.4,51.87,10.42,236.0
Mn,56.0,96.0,97.2,54.91,99.05,227.0
Mn,46.0,-128.0,96.8,47.25,-124.22,320.0
Mn,-8.0,34.0,96.7,-6.75,36.42,301.0
Mn,34.0,10.0,96.7,31.92,11.58,274.0
Mn,56.0,114.0,96.7,54.33,110.55,287.0
Mn,-8.0,38.0,96.5,-6.75,36.42,223.0
Mn,48.0,0.0,96.5,50.08,1.8,266.0
Mn,20.0,-104.0,96.5,21.22,-101.5,293.0
Mn,22.0,-112.0,96.4,23.82,-110.1,281.0
Mn,-4.0,36.0,96.2,-6.75,36.42,309.0
Mn,46.0,6.0,95.8,48.77,6.12,308.0
Mn,32.0,14.0,95.7,31.92,11.58,228.0
Mn,40.0,-128.0,95.7,40.41,-124.06,338.0
Mn,2.0,38.0,95.7,-0.33,36.33,319.0
Mn,54.0,8.0,95.5,52.22,10.34,252.0
Mn,-14.0,34.0,95.3,-15.32,35.57,223.0
Mn,-6.0,34.0,94.9,-6.75,36.42,280.0
Mn,0.0,28.0,94.8,-2.0,29.92,308.0
Mn,8.0,42.0,94.8,9.93,43.9,299.0
Mn,54.0,12.0,94.8,52.22,10.34,227.0
Mn,22.0,-108.0,94.8,23.82,-110.1,295.0
Mn,-4.0,42.0,94.7,-3.66,39.83,244.0
Mn,-6.0,40.0,94.2,-3.66,39.83,261.0
Mn,-2.0,34.0,94.1,-0.33,36.33,319.0
Mn,42.0,-2.0,93.9,40.42,-3.68,225.0
Mn,52.0,96.0,93.9,50.68,100.08,319.0
Mn,52.0,0.0,93.8,50.08,1.8,248.0
Mn,0.0,32.0,93.8,-2.0,29.92,321.0
Mn,52.0,14.0,93.6,51.87,10.42,246.0
Mn,28.0,-116.0,93.6,31.08,-115.6,345.0
Mn,8.0,-84.0,93.5,9.97,-84.46,225.0
Mn,8.0,46.0,93.4,9.98,45.17,238.0
Mn,22.0,-104.0,93.4,21.22,-101.5,273.0
Mn,34.0,14.0,93.3,31.92,11.58,323.0
Mn,8.0,-86.0,93.2,10.02,-85.72,227.0
Mn,46.0,4.0,93.1,48.77,6.12,347.0
Mn,-10.0,32.0,93.0,-10.44,29.04,328.0
Mn,-4.0,28.0,93.0,-2.0,29.92,308.0
Mn,2.0,-78.0,92.8,0.03,-78.5,226.0
Mn,32.0,-120.0,92.7,34.68,-119.98,298.0
Mn,34.0,-102.0,92.7,33.62,-105.23,301.0
Mn,16.0,-98.0,92.5,17.85,-96.87,238.0
Mn,-8.0,30.0,92.5,-10.44,29.04,291.0
Mn,50.0,96.0,92.4,50.68,100.08,300.0
Mn,56.0,108.0,92.1,54.33,110.55,246.0
Mn,44.0,6.0,92.0,45.0,10.0,336.0
Mn,-4.0,-82.0,92.0,-3.36,-79.78,256.0
Mn,50.0,116.0,91.9,50.36,119.08,223.0
Mn,52.0,116.0,91.9,50.36,119.08,282.0
Mn,36.0,-100.0,91.8,34.15,-98.33,256.0
Mn,16.0,-96.0,91.8,17.85,-96.87,226.0
Mn,38.0,14.0,91.8,41.53,13.82,393.0
Mn,24.0,-106.0,91.6,26.57,-105.48,291.0
Mn,2.0,-80.0,91.6,0.03,-78.5,275.0
Mn,50.0,104.0,91.5,50.68,100.08,288.0
Mn,58.0,-130.0,91.5,58.07,-133.93,231.0
Mn,52.0,122.0,91.4,50.36,119.08,273.0
Mn,52.0,110.0,91.4,53.0,107.0,231.0
Mn,16.0,-88.0,91.3,14.52,-89.47,228.0
Mn,58.0,-156.0,91.2,56.52,-158.74,233.0
Mn,24.0,124.0,91.1,24.55,121.8,231.0
Mn,56.0,88.0,91.1,54.61,85.35,228.0
Mn,10.0,-88.0,91.0,10.36,-85.87,237.0
Mn,24.0,-102.0,91.0,25.67,-103.72,254.0
Mn,36.0,134.0,90.9,33.92,134.31,233.0
Mn,14.0,-84.0,90.9,12.26,-85.08,226.0
Mn,-42.0,-74.0,90.9,-39.95,-73.29,236.0
Mn,50.0,-2.0,90.8,50.08,1.8,271.0
Mn,56.0,-130.0,90.8,56.89,-134.07,269.0
Mn,24.0,-100.0,90.8,26.05,-100.52,234.0
Mn,10.0,48.0,90.8,10.42,45.65,261.0
Mn,42.0,-98.0,90.8,43.8,-99.33,228.0
Mn,40.0,140.0,90.8,42.14,140.02,238.0
Mn,-2.0,42.0,90.7,-3.66,39.83,304.0
Mn,12.0,-60.0,90.7,13.84,-61.06,235.0
Mn,-4.0,32.0,90.7,-2.0,29.92,321.0
Mn,-2.0,-76.0,90.7,-0.65,-77.67,239.0
Mn,18.0,-102.0,90.7,21.22,-101.5,362.0
Mn,46.0,-102.0,90.7,44.4,-103.86,230.0
Mn,-22.0,-64.0,90.6,-22.8,-66.0,224.0
Mn,-36.0,-74.0,90.6,-35.77,-71.42,234.0
Mn,48.0,-106.0,90.6,47.23,-109.21,255.0
Mn,-40.0,-76.0,90.4,-39.95,-73.29,231.0
Mn,56.0,6.0,90.4,58.3,7.0,263.0
Mn,20.0,-96.0,90.4,17.85,-96.87,256.0
Mn,56.0,8.0,90.4,58.3,7.0,263.0
Mn,10.0,-82.0,90.3,7.79,-81.5,252.0
Mn,10.0,120.0,90.3,12.08,120.2,232.0
Mn,42.0,10.0,90.3,41.53,13.82,321.0
Mn,-12.0,32.0,90.2,-13.38,29.27,334.0
Mn,16.0,-66.0,90.2,18.05,-66.45,233.0
Mn,0.0,104.0,90.2,2.09,104.07,233.0
Mn,4.0,-78.0,90.2,5.06,-75.92,259.0
Mn,34.0,4.0,90.2,33.28,1.55,241.0
Mn,-42.0,-72.0,90.1,-39.95,-73.19,249.0
Mn,34.0,130.0,90.1,33.35,132.55,247.0
W,20.0,-104.0,99.1,18.89,-101.5,290.0
W,18.0,-104.0,99.0,18.89,-101.5,282.0
W,52.0,-124.0,99.0,50.48,-121.03,267.0
W,36.0,138.0,98.9,35.03,135.75,230.0
W,56.0,-162.0,98.9,56.15,-158.41,223.0
W,22.0,-104.0,98.9,21.19,-101.53,271.0
W,-18.0,-70.0,98.8,-16.46,-68.34,246.0
W,32.0,132.0,98.8,34.06,132.0,229.0
W,52.0,-126.0,98.8,54.82,-127.3,325.0
W,34.0,138.0,98.8,35.03,135.75,236.0
W,12.0,-88.0,98.7,13.69,-86.57,244.0
W,52.0,-128.0,98.7,54.82,-127.3,317.0
W,-40.0,-72.0,98.7,-38.35,-69.68,271.0
W,38.0,138.0,98.6,37.23,140.72,254.0
W,48.0,-126.0,98.5,47.58,-122.8,244.0
W,-34.0,-72.0,98.5,-33.56,-69.52,234.0
W,6.0,98.0,98.5,8.0,98.33,225.0
W,16.0,-94.0,98.5,15.46,-91.81,242.0
W,2.0,100.0,98.4,3.01,102.06,255.0
W,12.0,124.0,98.4,14.3,122.75,289.0
W,40.0,-126.0,98.4,41.23,-123.25,269.0
W,32.0,130.0,98.4,34.06,132.0,295.0
W,50.0,-126.0,98.4,47.58,-122.8,357.0
W,38.0,28.0,98.3,40.2,29.07,261.0
W,4.0,100.0,98.3,3.01,102.06,254.0
W,14.0,120.0,98.3,14.3,122.75,298.0
W,18.0,-92.0,98.3,15.46,-91.81,283.0
W,42.0,142.0,98.2,39.18,141.52,316.0
W,54.0,-160.0,98.2,56.15,-158.41,260.0
W,-20.0,-70.0,98.2,-21.73,-67.94,288.0
W,38.0,-126.0,98.2,38.09,-122.89,273.0
W,54.0,-136.0,98.2,55.57,-132.67,276.0
W,24.0,-104.0,98.1,25.62,-106.92,345.0
W,-12.0,-72.0,98.1,-13.76,-70.8,235.0
W,40.0,144.0,98.1,39.18,141.52,231.0
W,0.0,-80.0,98.1,-2.93,-79.46,331.0
W,54.0,-158.0,98.1,56.15,-158.41,240.0
W,12.0,122.0,98.0,14.3,122.75,268.0
W,54.0,-124.0,98.0,54.82,-127.3,232.0
W,-36.0,-72.0,98.0,-36.08,-68.3,333.0
W,12.0,-90.0,98.0,14.44,-89.42,278.0
W,42.0,140.0,98.0,39.18,141.52,339.0
W,16.0,124.0,98.0,14.3,122.75,232.0
W,40.0,138.0,98.0,39.18,141.52,315.0
W,0.0,-78.0,97.9,-2.93,-79.46,364.0
W,16.0,-86.0,97.9,13.69,-86.57,264.0
W,36.0,-124.0,97.9,36.76,-121.51,238.0
W,44.0,142.0,97.8,47.13,142.07,348.0
W,56.0,-164.0,97.8,56.15,-158.41,347.0
W,42.0,10.0,97.8,43.12,6.35,324.0
W,54.0,-162.0,97.8,56.15,-158.41,331.0
W,-24.0,-70.0,97.8,-21.73,-67.94,329.0
W,6.0,96.0,97.8,8.0,98.33,340.0
W,16.0,120.0,97.7,14.3,122.75,350.0
W,46.0,146.0,97.7,47.13,142.07,326.0
W,34.0,140.0,97.7,37.23,140.72,365.0
W,14.0,-94.0,97.7,15.46,-91.81,286.0
W,26.0,120.0,97.7,26.15,116.78,322.0
W,10.0,-62.0,97.7,7.5,-61.5,283.0
W,42.0,138.0,97.6,44.56,135.57,346.0
W,-16.0,-74.0,97.6,-12.96,-74.81,349.0
W,-18.0,-72.0,97.6,-15.58,-70.37,320.0
W,20.0,-98.0,97.6,18.89,-101.5,387.0
W,32.0,128.0,97.6,35.22,128.35,360.0
W,38.0,136.0,97.6,35.22,135.42,313.0
W,0.0,102.0,97.6,3.01,102.06,335.0
W,18.0,-94.0,97.6,15.46,-91.81,366.0
W,24.0,120.0,97.5,23.65,116.87,321.0
W,38.0,144.0,97.5,39.18,141.52,252.0
W,38.0,30.0,97.5,40.2,29.07,257.0
W,22.0,-106.0,97.5,23.07,-109.67,395.0
W,12.0,-84.0,97.5,13.69,-86.57,336.0
W,44.0,144.0,97.5,47.13,142.07,379.0
W,44.0,140.0,97.5,44.56,135.57,358.0
W,18.0,-98.0,97.4,18.89,-101.5,382.0
W,34.0,126.0,97.4,35.22,128.35,254.0
W,42.0,136.0,97.4,44.33,134.95,273.0
W,58.0,-164.0,97.4,59.36,-160.23,265.0
W,24.0,-102.0,97.4,21.19,-101.53,316.0
W,12.0,96.0,97.4,12.5,98.83,312.0
W,52.0,-130.0,97.4,54.82,-127.3,361.0
W,38.0,10.0,97.3,36.8,7.65,247.0
W,-42.0,-68.0,97.3,-40.38,-66.08,241.0
W,38.0,12.0,97.3,36.8,7.65,407.0
W,0.0,100.0,97.3,3.01,102.06,406.0
W,58.0,-128.0,97.3,56.07,-130.1,249.0
W,38.0,132.0,97.3,37.3,129.18,260.0
W,42.0,144.0,97.2,39.18,141.52,377.0
W,38.0,26.0,97.2,40.2,29.07,361.0
W,32.0,134.0,97.2,34.06,132.0,295.0
W,44.0,10.0,97.2,43.12,6.35,310.0
W,14.0,-84.0,97.2,13.69,-86.57,280.0
W,-42.0,-70.0,97.1,-40.38,-66.08,374.0
W,-38.0,-66.0,97.1,-40.38,-66.08,265.0
W,18.0,122.0,97.1,14.3,122.75,419.0
W,8.0,96.0,97.1,8.0,98.33,257.0
W,-2.0,-82.0,97.1,-2.93,-79.46,301.0
W,44.0,12.0,97.1,47.2,12.47,358.0
W,40.0,26.0,97.1,40.2,29.07,262.0
W,36.0,10.0,97.0,36.8,7.65,228.0
W,28.0,-114.0,97.0,28.2,-110.97,298.0
W,10.0,-86.0,97.0,13.69,-86.57,415.0
W,50.0,-128.0,97.0,47.58,-122.8,466.0
W,6.0,100.0,97.0,8.4,100.0,267.0
W,58.0,-148.0,97.0,57.79,-152.65,276.0
W,54.0,-156.0,97.0,56.15,-158.41,284.0
W,10.0,96.0,96.9,8.92,98.25,274.0
W,14.0,94.0,96.9,14.75,97.5,386.0
W,14.0,126.0,96.9,14.3,122.75,352.0
W,32.0,138.0,96.9,35.03,135.75,396.0
W,18.0,-90.0,96.9,15.5,-90.0,278.0
W,-38.0,-74.0,96.8,-38.35,-69.68,380.0
W,42.0,12.0,96.8,43.12,6.35,479.0
W,54.0,-164.0,96.8,56.15,-158.41,429.0
W,10.0,-60.0,96.8,7.5,-61.5,323.0
W,20.0,-106.0,96.8,21.19,-101.53,484.0
W,34.0,142.0,96.8,37.23,140.72,377.0
W,36.0,12.0,96.8,36.8,7.65,399.0
W,52.0,-118.0,96.8,50.48,-121.03,270.0
W,38.0,134.0,96.7,35.22,134.68,315.0
Sn,50.0,-126.0,99.2,48.07,-123.88,264.0
Sn,36.0,138.0,99.1,35.03,135.75,230.0
Sn,58.0,-156.0,99.0,60.05,-157.08,236.0
Sn,20.0,-104.0,99.0,21.02,-101.26,307.0
Sn,30.0,-112.0,99.0,31.99,-111.06,239.0
Sn,0.0,100.0,99.0,0.58,102.1,242.0
Sn,58.0,-154.0,99.0,60.18,-153.83,243.0
Sn,16.0,-62.0,99.0,14.0,-60.97,248.0
Sn,12.0,-62.0,98.9,14.0,-60.97,249.0
Sn,32.0,128.0,98.9,31.5,130.43,236.0
Sn,34.0,138.0,98.9,35.03,135.75,236.0
Sn,54.0,-164.0,98.8,55.17,-160.67,251.0
Sn,58.0,-160.0,98.8,55.97,-159.82,226.0
Sn,54.0,-132.0,98.8,56.48,-132.03,276.0
Sn,18.0,-102.0,98.7,20.18,-100.58,285.0
Sn,30.0,132.0,98.7,31.5,130.43,224.0
Sn,18.0,-96.0,98.7,19.53,-98.02,272.0
Sn,16.0,-60.0,98.7,14.0,-60.97,246.0
Sn,-2.0,102.0,98.6,0.58,102.1,287.0
Sn,58.0,-152.0,98.6,60.18,-153.83,264.0
Sn,-34.0,-70.0,98.6,-33.08,-66.99,297.0
Sn,42.0,138.0,98.6,43.0,135.0,270.0
Sn,44.0,-126.0,98.6,42.57,-123.63,249.0
Sn,54.0,-134.0,98.6,56.65,-133.16,299.0
Sn,12.0,-60.0,98.6,14.0,-60.97,246.0
Sn,34.0,130.0,98.5,34.33,132.92,271.0
Sn,40.0,-126.0,98.5,40.74,-122.93,273.0
Sn,4.0,98.0,98.5,5.3,100.28,291.0
Sn,20.0,-106.0,98.5,22.93,-104.65,354.0
Sn,-4.0,104.0,98.4,-2.58,106.4,310.0
Sn,30.0,-114.0,98.4,31.99,-111.06,357.0
Sn,46.0,-126.0,98.4,48.07,-123.88,281.0
Sn,30.0,128.0,98.4,31.5,130.43,286.0
Sn,0.0,-78.0,98.4,-3.03,-78.67,345.0
Sn,26.0,122.0,98.3,28.5,120.5,315.0
Sn,26.0,120.0,98.3,28.5,119.5,282.0
Sn,30.0,-116.0,98.3,32.6,-116.42,292.0
Sn,50.0,-128.0,98.3,48.07,-123.88,369.0
Sn,38.0,-126.0,98.3,38.63,-122.91,279.0
Sn,60.0,160.0,98.3,60.83,164.65,271.0
Sn,-12.0,-72.0,98.3,-13.83,-70.85,239.0
Sn,6.0,96.0,98.3,8.0,98.0,313.0
Sn,52.0,-122.0,98.2,48.95,-121.17,344.0
Sn,60.0,158.0,98.2,61.85,155.65,242.0
Sn,-12.0,-70.0,98.2,-13.83,-70.85,223.0
Sn,56.0,-154.0,98.2,56.15,-158.41,274.0
Sn,-26.0,-70.0,98.2,-27.79,-67.59,311.0
Sn,36.0,-124.0,98.2,37.45,-122.14,231.0
Sn,-18.0,-72.0,98.1,-15.9,-70.35,292.0
Sn,58.0,-162.0,98.1,55.97,-159.82,261.0
Sn,46.0,138.0,98.1,44.58,135.57,247.0
Sn,0.0,-80.0,98.1,-3.06,-79.21,351.0
Sn,54.0,-130.0,98.0,56.48,-132.03,304.0
Sn,58.0,162.0,98.0,60.83,164.65,349.0
Sn,-36.0,-68.0,98.0,-33.08,-66.99,338.0
Sn,58.0,164.0,98.0,60.83,164.65,317.0
Sn,14.0,-90.0,98.0,17.08,-88.92,361.0
Sn,14.0,-88.0,98.0,17.08,-88.92,356.0
Sn,52.0,-124.0,98.0,48.95,-121.17,394.0
Sn,-6.0,108.0,98.0,-2.83,107.88,353.0
Sn,-32.0,-72.0,98.0,-30.84,-69.6,262.0
Sn,16.0,-92.0,97.9,17.08,-88.92,350.0
Sn,-6.0,114.0,97.9,-3.41,114.89,304.0
Sn,54.0,-166.0,97.9,55.17,-160.67,367.0
Sn,-14.0,-74.0,97.9,-13.83,-70.85,341.0
Sn,18.0,-92.0,97.9,17.08,-88.92,342.0
Sn,-6.0,106.0,97.8,-2.58,106.4,382.0
Sn,56.0,-128.0,97.8,56.48,-132.03,255.0
Sn,44.0,140.0,97.8,44.58,135.57,358.0
Sn,56.0,-166.0,97.8,55.59,-160.55,344.0
Sn,38.0,136.0,97.8,35.33,134.5,326.0
Sn,18.0,-104.0,97.8,20.18,-100.58,433.0
Sn,12.0,96.0,97.7,12.5,98.83,312.0
Sn,32.0,134.0,97.7,34.33,132.92,278.0
Sn,54.0,-136.0,97.7,56.65,-133.16,345.0
Sn,38.0,10.0,97.7,36.8,7.65,247.0
Sn,-2.0,100.0,97.7,0.58,102.1,370.0
Sn,26.0,-108.0,97.7,28.08,-107.1,248.0
Sn,34.0,128.0,97.7,31.5,130.43,359.0
Sn,52.0,-126.0,97.7,48.07,-123.88,462.0
Sn,-2.0,-76.0,97.7,-3.03,-78.67,318.0
Sn,2.0,98.0,97.6,3.5,101.0,373.0
Sn,46.0,140.0,97.6,44.58,135.57,381.0
Sn,38.0,12.0,97.6,36.8,7.65,407.0
Sn,56.0,-138.0,97.6,58.5,-137.07,284.0
Sn,38.0,138.0,97.6,35.03,135.75,387.0
Sn,38.0,132.0,97.6,37.3,129.18,260.0
Sn,58.0,-150.0,97.5,60.18,-153.83,326.0
Sn,-6.0,116.0,97.5,-3.41,114.89,313.0
Sn,52.0,-120.0,97.5,48.96,-120.13,338.0
Sn,34.0,140.0,97.5,35.03,135.75,406.0
Sn,36.0,140.0,97.5,35.03,135.75,399.0
Sn,-16.0,-74.0,97.4,-15.9,-70.35,390.0
Sn,16.0,-86.0,97.4,17.08,-88.92,334.0
Sn,28.0,130.0,97.4,31.5,130.43,391.0
Sn,24.0,-108.0,97.4,24.15,-104.98,307.0
Sn,58.0,160.0,97.4,60.83,164.65,410.0
Sn,24.0,120.0,97.4,23.5,116.5,361.0
Sn,48.0,-128.0,97.4,48.07,-123.88,306.0
Sn,-28.0,-72.0,97.4,-28.8,-69.45,265.0
Sn,-36.0,-70.0,97.3,-33.08,-66.99,426.0
Sn,36.0,10.0,97.3,36.8,7.65,228.0
Sn,58.0,154.0,97.3,60.33,151.0,310.0
Sn,-4.0,110.0,97.3,-2.75,108.08,254.0
Sn,-26.0,-64.0,97.3,-24.35,-65.39,231.0
Sn,54.0,-156.0,97.2,56.15,-158.41,284.0
Sn,42.0,140.0,97.2,43.0,135.0,425.0
Sn,58.0,166.0,97.2,60.83,164.65,324.0
Sn,10.0,96.0,97.2,8.92,98.25,274.0
Sn,26.0,118.0,97.2,25.5,115.5,256.0
Sn,38.0,134.0,97.2,35.33,134.5,300.0
Sn,14.0,94.0,97.1,14.75,97.5,386.0
Sn,60.0,-132.0,97.1,58.61,-135.21,239.0
Sn,32.0,138.0,97.1,35.03,135.75,396.0
Sn,58.0,-128.0,97.1,56.51,-132.06,295.0
Sn,-6.0,110.0,97.1,-2.75,108.08,419.0
Sn,22.0,-96.0,97.0,19.53,-98.02,346.0
Sn,36.0,12.0,97.0,36.8,7.65,399.0
Sn,16.0,-64.0,97.0,14.0,-60.97,394.0
Sn,22.0,-108.0,97.0,22.93,-104.65,359.0
Sb,52.0,-126.0,99.3,54.17,-126.12,241.0
Sb,40.0,12.0,99.0,39.48,9.4,230.0
Sb,50.0,-126.0,98.8,48.07,-123.88,264.0
Sb,22.0,-104.0,98.8,23.97,-103.03,241.0
Sb,52.0,-128.0,98.8,54.18,-126.27,269.0
Sb,0.0,-78.0,98.6,1.97,-76.95,248.0
Sb,54.0,-166.0,98.6,55.0,-162.85,232.0
Sb,18.0,-102.0,98.6,18.25,-99.67,248.0
Sb,-38.0,-72.0,98.5,-39.94,-73.2,239.0
Sb,12.0,-62.0,98.5,13.97,-61.03,243.0
Sb,52.0,-124.0,98.5,54.17,-126.12,279.0
Sb,36.0,28.0,98.5,38.08,28.23,232.0
Sb,16.0,-62.0,98.5,13.97,-61.03,249.0
Sb,-42.0,-72.0,98.5,-39.94,-73.2,250.0
Sb,34.0,140.0,98.4,35.1,137.63,249.0
Sb,-42.0,-74.0,98.4,-39.94,-73.2,239.0
Sb,32.0,132.0,98.3,33.95,133.25,246.0
Sb,10.0,-84.0,98.3,12.21,-85.17,277.0
Sb,40.0,138.0,98.3,40.42,140.75,238.0
Sb,10.0,-86.0,98.3,12.21,-85.17,262.0
Sb,38.0,12.0,98.2,39.48,9.4,279.0
Sb,56.0,-166.0,98.2,55.0,-162.85,227.0
Sb,40.0,14.0,98.2,42.58,11.52,354.0
Sb,16.0,-94.0,98.2,15.46,-91.81,242.0
Sb,-32.0,-70.0,98.2,-29.77,-69.98,248.0
Sb,-44.0,-72.0,98.1,-46.55,-72.65,288.0
Sb,16.0,-60.0,98.1,13.97,-61.03,251.0
Sb,54.0,-136.0,98.1,55.91,-134.34,237.0
Sb,0.0,-76.0,98.1,1.97,-76.95,243.0
Sb,18.0,-92.0,98.1,15.67,-91.55,263.0
Sb,-36.0,-68.0,98.1,-34.24,-70.18,279.0
Sb,-38.0,-74.0,98.0,-39.94,-73.2,227.0
Sb,12.0,-60.0,98.0,13.97,-61.03,246.0
Sb,-40.0,-70.0,98.0,-39.94,-73.2,273.0
Sb,34.0,130.0,98.0,34.33,132.92,271.0
Sb,6.0,98.0,98.0,8.0,99.0,248.0
Sb,40.0,-126.0,98.0,40.65,-122.83,278.0
Sb,36.0,26.0,97.9,38.08,28.23,304.0
Sb,-44.0,-74.0,97.9,-46.55,-72.65,303.0
Sb,0.0,-80.0,97.9,-2.75,-79.37,314.0
Sb,46.0,-126.0,97.9,48.07,-123.88,281.0
Sb,46.0,140.0,97.8,44.33,143.0,300.0
Sb,22.0,-106.0,97.8,24.57,-104.22,339.0
Sb,-38.0,-70.0,97.8,-35.53,-71.71,314.0
Sb,46.0,146.0,97.8,44.32,143.17,290.0
Sb,38.0,24.0,97.8,39.41,27.38,333.0
Sb,50.0,-128.0,97.8,48.07,-123.88,369.0
Sb,20.0,-104.0,97.8,22.15,-100.98,394.0
Sb,44.0,14.0,97.7,42.58,11.52,255.0
Sb,52.0,-122.0,97.7,48.9,-121.81,345.0
Sb,58.0,-150.0,97.7,60.31,-149.42,259.0
Sb,38.0,136.0,97.7,36.95,138.85,277.0
Sb,20.0,-96.0,97.6,19.33,-99.17,340.0
Sb,-46.0,-76.0,97.6,-46.55,-72.65,265.0
Sb,32.0,134.0,97.6,33.95,133.25,228.0
Sb,42.0,146.0,97.6,43.88,143.62,285.0
Sb,38.0,14.0,97.6,39.48,9.4,432.0
Sb,54.0,-168.0,97.5,55.0,-162.85,351.0
Sb,44.0,138.0,97.5,42.14,140.02,264.0
Sb,56.0,-138.0,97.5,55.91,-134.34,228.0
Sb,38.0,-126.0,97.5,38.21,-122.52,305.0
Sb,12.0,-90.0,97.5,14.67,-90.27,298.0
Sb,6.0,-78.0,97.5,5.58,-75.97,229.0
Sb,44.0,148.0,97.5,43.88,143.62,351.0
Sb,-48.0,-76.0,97.4,-46.55,-72.65,300.0
Sb,14.0,-94.0,97.4,15.46,-91.81,286.0
Sb,-32.0,-72.0,97.4,-34.36,-71.29,271.0
Sb,-48.0,-70.0,97.4,-46.55,-72.65,257.0
Sb,18.0,-96.0,97.3,19.33,-99.17,365.0
Sb,36.0,142.0,97.3,36.95,138.85,301.0
Sb,16.0,-100.0,97.3,18.25,-99.67,253.0
Sb,36.0,-124.0,97.3,35.61,-121.09,266.0
Sb,30.0,-116.0,97.3,30.72,-112.61,335.0
Sb,40.0,144.0,97.3,40.42,140.75,280.0
Sb,18.0,-94.0,97.3,15.46,-91.81,366.0
Sb,32.0,130.0,97.3,33.95,133.25,373.0
Sb,36.0,30.0,97.3,38.08,28.23,280.0
Sb,52.0,-130.0,97.3,54.18,-126.27,347.0
Sb,22.0,-108.0,97.3,23.8,-110.04,289.0
Sb,42.0,16.0,97.2,42.58,11.52,374.0
Sb,2.0,-74.0,97.2,4.43,-75.17,300.0
Sb,-32.0,-68.0,97.2,-29.77,-69.98,312.0
Sb,-40.0,-76.0,97.2,-39.94,-73.2,239.0
Sb,36.0,130.0,97.2,34.33,132.92,324.0
Sb,32.0,138.0,97.2,35.1,137.63,346.0
Sb,40.0,24.0,97.2,39.41,27.38,296.0
Sb,28.0,120.0,97.1,29.5,118.5,222.0
Sb,-50.0,-74.0,97.1,-46.55,-72.65,396.0
Sb,-42.0,-70.0,97.1,-39.94,-73.2,353.0
Sb,2.0,-80.0,97.1,1.97,-76.95,339.0
Sb,42.0,18.0,97.0,44.45,19.25,291.0
Sb,56.0,-152.0,97.0,57.88,-155.08,280.0
Sb,32.0,140.0,97.0,35.1,137.63,409.0
Sb,58.0,-128.0,97.0,55.99,-130.05,256.0
Sb,-50.0,-72.0,96.9,-46.55,-72.65,387.0
Sb,-2.0,-82.0,96.9,-3.55,-79.93,287.0
Sb,18.0,-104.0,96.9,18.25,-99.67,458.0
Sb,-44.0,-70.0,96.9,-46.55,-72.65,351.0
Sb,52.0,-120.0,96.9,48.94,-119.22,345.0
Sb,56.0,-168.0,96.9,55.0,-162.85,343.0
Sb,6.0,100.0,96.9,8.0,99.0,248.0
Sb,-34.0,-74.0,96.9,-34.36,-71.29,252.0
Sb,18.0,-90.0,96.9,15.75,-90.25,252.0
Sb,-26.0,-72.0,96.8,-27.6,-70.18,254.0
Sb,44.0,16.0,96.8,44.45,19.25,264.0
Sb,6.0,96.0,96.8,8.0,99.0,399.0
Sb,48.0,-128.0,96.8,48.07,-123.88,306.0
Sb,54.0,-122.0,96.8,54.17,-126.12,269.0
Sb,54.0,-156.0,96.8,55.82,-158.9,274.0
Sb,46.0,148.0,96.8,43.88,143.62,418.0
Sb,58.0,154.0,96.8,60.33,151.0,310.0
Sb,58.0,-148.0,96.8,60.31,-149.42,269.0
Sb,-4.0,132.0,96.7,-1.56,133.95,347.0
Sb,60.0,156.0,96.7,60.33,151.0,279.0
Sb,40.0,16.0,96.7,42.58,11.52,471.0
Sb,38.0,144.0,96.7,38.58,140.49,313.0
Sb,-42.0,-76.0,96.7,-39.94,-73.2,328.0
Sb,42.0,8.0,96.7,39.55,8.79,280.0
Sb,36.0,12.0,96.6,36.33,7.65,392.0
Sb,18.0,-88.0,96.6,15.48,-87.38,288.0
V,44.0,-120.0,99.4,44.93,-117.51,223.0
V,44.0,-126.0,98.9,44.9,-123.11,250.0
V,28.0,-114.0,98.9,26.88,-111.84,247.0
V,40.0,14.0,98.9,41.88,12.5,244.0
V,30.0,-114.0,98.8,32.11,-112.49,275.0
V,36.0,12.0,98.5,36.67,9.0,279.0
V,40.0,-124.0,98.4,42.42,-123.6,271.0
V,50.0,-126.0,98.3,48.94,-122.25,295.0
V,26.0,-114.0,98.2,26.88,-111.84,236.0
V,38.0,12.0,98.1,36.67,9.0,304.0
V,20.0,-102.0,98.0,22.08,-100.92,257.0
V,38.0,-124.0,97.7,38.79,-120.92,282.0
V,52.0,100.0,97.7,49.82,99.83,243.0
V,46.0,8.0,97.6,47.92,6.5,242.0
V,24.0,-104.0,97.6,22.67,-102.33,226.0
V,48.0,-128.0,97.5,47.24,-123.88,320.0
V,54.0,116.0,97.4,52.0,115.0,232.0
V,-4.0,28.0,97.3,-3.4,30.0,232.0
V,24.0,-110.0,97.3,24.75,-107.33,283.0
V,42.0,4.0,97.3,43.33,6.25,236.0
V,40.0,-126.0,97.2,42.42,-123.6,336.0
V,54.0,98.0,97.1,54.0,94.0,261.0
V,46.0,4.0,97.1,47.92,6.5,286.0
V,52.0,-126.0,97.1,53.5,-130.0,317.0
V,30.0,-116.0,97.1,32.51,-114.0,338.0
V,54.0,114.0,97.0,52.0,115.0,232.0
V,54.0,-126.0,97.0,53.5,-130.0,269.0
V,52.0,98.0,96.8,49.82,99.83,275.0
V,12.0,-62.0,96.8,10.32,-63.13,224.0
V,52.0,96.0,96.7,54.0,94.0,259.0
V,-2.0,28.0,96.6,-3.4,30.0,271.0
V,0.0,32.0,96.5,0.83,34.25,267.0
V,-40.0,-70.0,96.4,-38.01,-69.67,223.0
V,-4.0,32.0,96.2,-3.4,30.0,232.0
V,-28.0,-70.0,96.1,-29.7,-71.25,225.0
V,36.0,-122.0,96.1,38.79,-120.92,325.0
V,-12.0,34.0,96.0,-9.83,34.7,253.0
V,42.0,16.0,95.9,41.88,12.5,290.0
V,50.0,-118.0,95.8,48.43,-115.42,256.0
V,62.0,-148.0,95.8,60.35,-145.54,226.0
V,-40.0,174.0,95.7,-38.0,175.0,239.0
V,56.0,114.0,95.7,55.0,110.0,275.0
V,-40.0,176.0,95.7,-38.0,175.0,239.0
V,22.0,-108.0,95.6,24.75,-107.33,313.0
V,56.0,-128.0,95.4,55.67,-132.0,252.0
V,46.0,-128.0,95.4,47.24,-123.88,343.0
V,-36.0,176.0,95.4,-38.0,175.0,239.0
V,18.0,-102.0,95.3,19.42,-99.17,337.0
V,2.0,32.0,95.3,1.08,34.33,278.0
V,42.0,-102.0,95.3,40.63,-104.04,229.0
V,20.0,-104.0,95.3,22.67,-102.33,344.0
V,-2.0,32.0,95.2,-3.4,30.0,271.0
V,34.0,138.0,95.2,35.67,139.75,245.0
V,18.0,122.0,95.2,16.42,120.32,250.0
V,52.0,102.0,95.2,49.82,99.83,286.0
V,-10.0,32.0,95.1,-9.53,34.58,288.0
V,36.0,6.0,94.9,35.25,8.5,241.0
V,-36.0,174.0,94.7,-38.0,175.0,239.0
V,56.0,96.0,94.6,54.0,94.0,256.0
V,60.0,-150.0,94.6,60.35,-145.54,250.0
V,60.0,-132.0,94.6,59.42,-135.88,227.0
V,-12.0,36.0,94.6,-9.9,34.93,261.0
V,38.0,140.0,94.5,35.67,139.75,260.0
V,58.0,-158.0,94.5,59.85,-155.34,256.0
V,52.0,-134.0,94.4,53.47,-130.13,307.0
V,-42.0,-70.0,94.3,-41.5,-67.0,255.0
V,46.0,2.0,94.3,48.87,2.34,320.0
V,64.0,-150.0,94.3,62.34,-153.8,265.0
V,54.0,-136.0,94.2,55.63,-132.56,285.0
V,-38.0,178.0,94.2,-38.0,175.0,263.0
V,24.0,-112.0,94.1,26.88,-111.84,321.0
V,50.0,96.0,94.0,49.82,99.83,275.0
V,54.0,118.0,94.0,52.0,115.0,300.0
V,42.0,-128.0,94.0,42.42,-123.6,365.0
V,52.0,14.0,93.9,51.63,10.47,246.0
V,16.0,118.0,93.9,16.42,120.32,252.0
V,40.0,6.0,93.9,40.58,9.02,264.0
V,-14.0,34.0,93.9,-15.0,32.0,242.0
V,48.0,98.0,93.9,49.82,99.83,242.0
V,50.0,14.0,93.9,50.83,10.59,259.0
V,36.0,128.0,93.8,37.65,126.21,243.0
V,32.0,-120.0,93.7,34.36,-118.33,305.0
V,-38.0,172.0,93.6,-38.0,175.0,263.0
V,38.0,-100.0,93.6,37.66,-102.54,226.0
V,50.0,-130.0,93.5,53.47,-130.13,386.0
V,56.0,6.0,93.5,58.0,6.5,224.0
V,40.0,16.0,93.4,41.88,12.5,361.0
V,-14.0,-72.0,93.4,-14.68,-69.53,277.0
V,22.0,-106.0,93.4,24.75,-107.33,335.0
V,54.0,8.0,93.3,52.35,4.9,276.0
V,52.0,92.0,93.3,54.0,94.0,259.0
V,-2.0,34.0,93.3,0.83,34.25,316.0
V,54.0,10.0,93.3,51.63,10.47,265.0
V,-34.0,-64.0,93.2,-32.43,-65.53,225.0
V,60.0,-160.0,93.2,59.85,-155.34,260.0
V,34.0,12.0,93.1,35.25,8.5,349.0
V,26.0,-100.0,93.0,27.68,-98.38,246.0
V,52.0,-122.0,93.0,48.94,-122.25,341.0
V,52.0,-124.0,93.0,48.94,-122.25,362.0
V,-32.0,-74.0,92.9,-32.73,-71.5,248.0
V,26.0,-102.0,92.9,23.67,-100.92,281.0
V,58.0,-152.0,92.9,59.85,-155.34,281.0
V,34.0,142.0,92.8,35.67,139.75,277.0
V,64.0,-138.0,92.8,65.05,-142.3,236.0
V,54.0,2.0,92.8,52.35,4.9,266.0
V,56.0,-138.0,92.7,56.13,-133.46,282.0
V,44.0,16.0,92.7,46.5,14.87,292.0
V,56.0,8.0,92.7,58.0,6.5,240.0
V,48.0,102.0,92.6,49.82,99.83,257.0
V,64.0,-158.0,92.6,62.21,-154.45,267.0
V,50.0,116.0,92.6,52.0,115.0,233.0
V,62.0,-142.0,92.6,60.35,-145.54,264.0
V,50.0,-128.0,92.6,53.47,-130.13,412.0
V,36.0,124.0,92.5,37.61,125.72,236.0
V,-34.0,-74.0,92.5,-32.73,-71.5,272.0
V,4.0,34.0,92.5,1.08,34.33,327.0
V,30.0,120.0,92.4,31.78,118.58,240.0
V,-40.0,-72.0,92.4,-38.01,-69.67,299.0
V,-8.0,32.0,92.4,-9.53,34.58,331.0
V,-18.0,-70.0,92.4,-17.16,-67.33,298.0
Ti,30.0,-114.0,99.4,31.1,-116.28,250.0
Ti,40.0,-126.0,99.3,41.74,-124.17,247.0
Ti,48.0,-128.0,99.2,48.09,-124.69,246.0
Ti,50.0,-130.0,99.1,52.35,-131.26,276.0
Ti,50.0,-128.0,99.0,48.26,-124.68,309.0
Ti,44.0,-128.0,98.4,43.32,-124.6,284.0
Ti,50.0,-132.0,98.3,52.35,-131.26,266.0
Ti,40.0,12.0,98.2,42.79,12.07,310.0
Ti,42.0,-128.0,98.1,42.49,-124.4,301.0
Ti,46.0,-128.0,98.1,46.28,-124.08,304.0
Ti,52.0,-126.0,97.8,53.5,-130.0,317.0
Ti,-20.0,176.0,97.5,-18.13,177.4,255.0
Ti,48.0,4.0,97.5,47.83,7.08,230.0
Ti,40.0,14.0,97.4,42.79,12.07,349.0
Ti,38.0,-126.0,97.3,38.44,-122.38,320.0
Ti,50.0,10.0,97.3,51.03,6.99,242.0
Ti,20.0,-100.0,97.3,21.35,-97.88,267.0
Ti,2.0,-82.0,97.3,0.75,-80.05,257.0
Ti,-2.0,38.0,97.2,-3.32,39.87,254.0
Ti,26.0,-104.0,97.2,28.05,-103.77,229.0
Ti,54.0,-126.0,97.0,53.5,-130.0,269.0
Ti,0.0,-78.0,97.0,0.63,-80.05,238.0
Ti,54.0,116.0,96.8,52.0,115.0,232.0
Ti,42.0,8.0,96.8,42.94,10.84,255.0
Ti,56.0,-136.0,96.8,55.54,-132.42,230.0
Ti,30.0,-108.0,96.7,29.47,-110.59,257.0
Ti,18.0,-96.0,96.7,15.92,-96.42,235.0
Ti,40.0,10.0,96.6,42.94,10.84,334.0
Ti,28.0,-114.0,96.6,29.47,-110.59,370.0
Ti,52.0,100.0,96.6,51.75,104.0,276.0
Ti,6.0,-82.0,96.5,7.37,-80.24,247.0
Ti,28.0,-116.0,96.5,31.1,-116.28,346.0
Ti,12.0,42.0,96.5,9.92,43.53,285.0
Ti,52.0,96.0,96.5,54.0,94.0,260.0
Ti,0.0,32.0,96.5,0.83,34.25,267.0
Ti,46.0,4.0,96.4,47.83,7.08,310.0
Ti,-4.0,-82.0,96.4,-2.46,-80.6,231.0
Ti,32.0,132.0,96.4,33.97,131.25,230.0
Ti,6.0,-84.0,96.4,8.22,-82.9,275.0
Ti,56.0,98.0,96.3,54.56,100.57,228.0
Ti,20.0,-96.0,96.3,21.35,-97.88,247.0
Ti,50.0,152.0,96.3,50.17,155.16,226.0
Ti,46.0,12.0,96.3,46.23,15.26,253.0
Ti,54.0,104.0,96.3,54.56,100.57,231.0
Ti,-34.0,-68.0,96.3,-34.09,-70.46,227.0
Ti,-20.0,-68.0,96.2,-19.55,-70.2,236.0
Ti,56.0,-166.0,96.2,55.49,-162.49,227.0
Ti,28.0,-108.0,96.2,29.47,-110.59,301.0
Ti,8.0,-86.0,96.2,9.78,-84.63,249.0
Ti,-12.0,34.0,96.2,-9.9,34.8,249.0
Ti,36.0,132.0,96.2,33.97,131.25,236.0
Ti,34.0,-104.0,96.1,32.3,-106.54,303.0
Ti,42.0,142.0,96.1,44.15,142.43,242.0
Ti,2.0,-78.0,96.1,0.75,-80.05,267.0
Ti,40.0,-128.0,96.1,41.74,-124.17,376.0
Ti,-2.0,-78.0,96.1,-2.85,-80.25,267.0
Ti,18.0,-98.0,96.0,15.92,-96.42,286.0
Ti,-32.0,-70.0,96.0,-34.09,-70.46,236.0
Ti,14.0,124.0,96.0,14.17,121.72,247.0
Ti,8.0,42.0,95.9,9.92,43.53,272.0
Ti,32.0,130.0,95.9,33.97,131.25,248.0
Ti,56.0,120.0,95.9,55.16,124.5,298.0
Ti,50.0,102.0,95.9,51.75,104.0,240.0
Ti,50.0,-116.0,95.9,48.96,-118.98,244.0
Ti,18.0,124.0,95.8,18.33,121.8,235.0
Ti,2.0,32.0,95.8,1.08,34.33,278.0
Ti,-10.0,32.0,95.8,-9.53,34.58,288.0
Ti,-28.0,-68.0,95.8,-27.1,-70.34,251.0
Ti,26.0,-106.0,95.8,28.05,-103.77,317.0
Ti,54.0,-136.0,95.7,55.54,-132.42,286.0
Ti,48.0,154.0,95.7,50.17,155.16,256.0
Ti,-18.0,-68.0,95.7,-18.51,-70.32,251.0
Ti,46.0,144.0,95.7,44.17,142.4,239.0
Ti,44.0,16.0,95.7,46.23,15.26,255.0
Ti,42.0,140.0,95.7,39.67,140.13,259.0
Ti,26.0,124.0,95.7,25.18,121.67,251.0
Ti,48.0,156.0,95.7,50.17,155.16,249.0
Ti,52.0,12.0,95.6,53.55,14.59,245.0
Ti,-32.0,-72.0,95.6,-29.96,-71.35,235.0
Ti,40.0,26.0,95.6,42.0,26.25,223.0
Ti,56.0,-168.0,95.5,53.89,-166.98,243.0
Ti,10.0,-88.0,95.5,10.41,-85.8,245.0
Ti,12.0,46.0,95.5,10.02,44.87,252.0
Ti,48.0,-130.0,95.5,48.09,-124.69,395.0
Ti,34.0,128.0,95.5,36.0,126.67,253.0
Ti,34.0,126.0,95.4,36.0,126.67,231.0
Ti,-38.0,172.0,95.4,-37.33,174.68,247.0
Ti,42.0,16.0,95.4,42.79,12.07,334.0
Ti,64.0,-142.0,95.3,65.42,-145.48,229.0
Ti,48.0,-2.0,95.3,49.5,0.32,238.0
Ti,-4.0,42.0,95.3,-3.12,40.15,228.0
Ti,-16.0,178.0,95.3,-18.13,177.4,245.0
Ti,24.0,124.0,95.3,25.18,121.67,270.0
Ti,-40.0,170.0,95.2,-41.24,172.1,225.0
Ti,0.0,40.0,95.2,-0.27,42.67,298.0
Ti,54.0,118.0,95.1,52.0,115.0,300.0
Ti,24.0,-102.0,95.1,23.73,-99.25,281.0
Ti,-12.0,36.0,95.1,-9.9,34.93,261.0
Ti,56.0,96.0,95.1,54.0,94.0,256.0
Ti,14.0,-94.0,95.1,15.42,-92.08,260.0
Ti,14.0,-86.0,95.1,15.8,-87.63,266.0
Ti,-14.0,-72.0,95.1,-14.68,-69.53,277.0
Ti,16.0,118.0,95.1,16.42,120.32,252.0
Ti,50.0,-134.0,95.0,52.35,-131.26,324.0
Ti,54.0,4.0,95.0,51.83,4.5,244.0
Ti,42.0,144.0,95.0,44.15,142.43,271.0
Ti,52.0,158.0,95.0,50.17,155.16,284.0
Ti,20.0,120.0,95.0,18.33,121.8,265.0
Ti,-2.0,34.0,95.0,0.83,34.25,316.0
Ti,16.0,-66.0,95.0,18.13,-65.83,238.0
Ti,46.0,140.0,95.0,44.17,142.4,277.0
Ti,-36.0,-68.0,94.9,-34.55,-70.5,278.0
Ti,34.0,-102.0,94.8,34.63,-99.0,284.0
Ti,50.0,14.0,94.8,49.47,17.45,255.0
Ti,56.0,-138.0,94.7,58.35,-136.89,270.0
Ti,44.0,146.0,94.7,44.15,142.43,286.0
Ti,-4.0,-78.0,94.7,-2.85,-80.25,281.0
Ti,-18.0,180.0,94.4,-18.13,177.4,275.0
Ti,54.0,106.0,94.3,51.96,107.47,247.0
Ti,34.0,-122.0,94.3,36.85,-121.81,317.0
TaNb,44.0,-122.0,99.8,42.05,-119.95,273.0
TaNb,40.0,-122.0,99.8,38.18,-120.43,244.0
TaNb,30.0,-114.0,99.8,32.35,-112.87,283.0
TaNb,48.0,-124.0,99.6,48.54,-120.98,231.0
TaNb,50.0,-124.0,99.6,48.54,-120.98,273.0
TaNb,36.0,-120.0,99.6,38.18,-120.43,245.0
TaNb,42.0,-124.0,99.5,42.05,-119.95,335.0
TaNb,30.0,-110.0,99.4,32.11,-110.47,239.0
TaNb,30.0,-116.0,99.4,32.67,-114.3,338.0
TaNb,36.0,-122.0,99.4,38.18,-120.43,280.0
TaNb,46.0,-124.0,99.4,47.62,-120.68,310.0
TaNb,42.0,-112.0,99.2,39.97,-112.55,230.0
TaNb,50.0,-126.0,99.2,48.54,-120.98,399.0
TaNb,40.0,-124.0,99.2,38.18,-120.43,369.0
TaNb,38.0,-124.0,99.2,38.18,-120.43,313.0
TaNb,44.0,-124.0,99.1,42.05,-119.95,394.0
TaNb,46.0,6.0,99.1,46.18,2.93,237.0
TaNb,48.0,-126.0,99.0,48.54,-120.98,376.0
TaNb,28.0,-108.0,99.0,28.61,-105.81,225.0
TaNb,12.0,42.0,99.0,10.4,43.28,226.0
TaNb,44.0,4.0,98.9,46.18,2.93,257.0
TaNb,52.0,-124.0,98.9,52.32,-119.17,332.0
TaNb,52.0,-130.0,98.8,54.91,-132.11,352.0
TaNb,44.0,2.0,98.8,46.18,2.93,254.0
TaNb,28.0,-112.0,98.7,31.64,-111.67,406.0
TaNb,42.0,-110.0,98.7,43.41,-108.0,226.0
TaNb,46.0,0.0,98.7,46.18,2.93,227.0
TaNb,52.0,-132.0,98.6,54.91,-132.11,324.0
TaNb,-2.0,34.0,98.6,-3.43,35.67,244.0
TaNb,26.0,-106.0,98.5,28.59,-105.77,289.0
TaNb,8.0,40.0,98.5,5.5,40.0,278.0
TaNb,54.0,-128.0,98.5,54.91,-132.11,284.0
TaNb,34.0,-120.0,98.4,33.81,-117.09,269.0
TaNb,52.0,-128.0,98.4,54.91,-132.11,423.0
TaNb,52.0,96.0,98.4,50.33,98.5,254.0
TaNb,8.0,38.0,98.4,5.52,39.03,299.0
TaNb,30.0,-108.0,98.3,28.61,-105.81,263.0
TaNb,-4.0,30.0,98.3,-1.9,30.07,234.0
TaNb,58.0,116.0,98.3,56.3,119.2,270.0
TaNb,-2.0,38.0,98.2,-3.43,35.67,304.0
TaNb,26.0,-108.0,98.2,28.61,-105.81,362.0
TaNb,48.0,6.0,98.2,46.18,2.93,308.0
TaNb,46.0,-126.0,98.2,47.62,-120.68,443.0
TaNb,54.0,-136.0,98.2,54.93,-132.18,268.0
TaNb,44.0,6.0,98.2,46.18,2.93,342.0
TaNb,28.0,-114.0,98.1,31.64,-111.67,463.0
TaNb,54.0,118.0,98.1,56.3,119.2,267.0
TaNb,42.0,-126.0,98.1,42.05,-119.95,500.0
TaNb,-6.0,34.0,98.1,-4.43,35.4,233.0
TaNb,30.0,-118.0,98.0,33.26,-116.94,376.0
TaNb,54.0,120.0,98.0,56.3,119.2,261.0
TaNb,58.0,122.0,98.0,56.3,119.2,253.0
TaNb,56.0,-136.0,98.0,58.06,-134.46,247.0
TaNb,50.0,-128.0,98.0,48.54,-120.98,534.0
TaNb,28.0,-110.0,98.0,28.61,-105.81,416.0
TaNb,-2.0,40.0,98.0,-4.48,39.26,288.0
TaNb,52.0,-134.0,97.9,54.91,-132.14,346.0
TaNb,8.0,42.0,97.9,10.27,43.28,289.0
TaNb,52.0,102.0,97.9,50.33,98.5,306.0
TaNb,54.0,-122.0,97.9,52.32,-119.17,266.0
TaNb,-6.0,32.0,97.9,-8.0,32.67,234.0
TaNb,52.0,-126.0,97.8,52.32,-119.17,467.0
TaNb,6.0,36.0,97.8,5.52,39.03,340.0
TaNb,0.0,36.0,97.8,0.58,32.92,348.0
TaNb,32.0,-120.0,97.8,33.37,-117.08,313.0
TaNb,6.0,42.0,97.8,5.5,40.0,228.0
TaNb,40.0,-126.0,97.8,38.18,-120.43,521.0
TaNb,54.0,102.0,97.7,55.22,97.75,305.0
TaNb,50.0,102.0,97.7,50.33,98.5,252.0
TaNb,10.0,40.0,97.7,10.27,43.28,360.0
TaNb,-10.0,36.0,97.7,-9.51,33.21,311.0
TaNb,12.0,46.0,97.7,10.02,44.87,252.0
TaNb,8.0,44.0,97.6,10.15,43.85,240.0
TaNb,60.0,-156.0,97.6,61.64,-159.1,248.0
TaNb,56.0,114.0,97.6,56.3,119.2,324.0
TaNb,-12.0,36.0,97.6,-12.01,33.63,257.0
TaNb,56.0,-128.0,97.6,54.91,-132.11,286.0
TaNb,32.0,-102.0,97.6,31.44,-104.88,279.0
TaNb,44.0,-126.0,97.5,42.05,-119.95,537.0
TaNb,34.0,-102.0,97.5,34.67,-98.99,286.0
TaNb,48.0,0.0,97.5,46.18,2.93,300.0
TaNb,48.0,10.0,97.5,46.88,14.47,358.0
TaNb,58.0,-130.0,97.5,58.06,-134.46,263.0
TaNb,36.0,-124.0,97.5,38.18,-120.43,399.0
TaNb,54.0,94.0,97.5,55.22,97.75,277.0
TaNb,4.0,36.0,97.5,5.52,39.03,376.0
TaNb,2.0,36.0,97.5,0.58,32.92,377.0
TaNb,48.0,-128.0,97.4,48.54,-120.98,523.0
TaNb,52.0,94.0,97.4,49.47,93.03,290.0
TaNb,-38.0,172.0,97.4,-37.35,174.73,251.0
TaNb,44.0,14.0,97.4,46.88,14.47,322.0
TaNb,62.0,-146.0,97.4,63.19,-149.93,241.0
TaNb,54.0,116.0,97.3,56.3,119.2,327.0
TaNb,26.0,-104.0,97.3,28.59,-105.77,337.0
TaNb,-8.0,30.0,97.3,-10.12,31.25,273.0
TaNb,-34.0,-70.0,97.3,-33.08,-66.99,297.0
TaNb,38.0,-126.0,97.3,38.18,-120.43,488.0
TaNb,44.0,0.0,97.3,46.18,2.93,335.0
TaNb,56.0,102.0,97.2,55.22,97.75,281.0
TaNb,-38.0,178.0,97.2,-37.35,174.73,297.0
TaNb,38.0,-102.0,97.2,36.6,-104.23,251.0
TaNb,40.0,-102.0,97.2,39.32,-105.08,274.0
TaNb,12.0,40.0,97.2,10.4,43.28,400.0
TaNb,54.0,-124.0,97.1,52.32,-119.17,373.0
TaNb,46.0,8.0,97.1,46.18,2.93,391.0
TaNb,-40.0,174.0,97.1,-37.35,174.73,301.0
TaNb,4.0,42.0,97.1,5.5,40.0,277.0
TaNb,46.0,10.0,97.1,46.88,14.47,356.0
TaNb,56.0,94.0,97.1,55.22,97.75,251.0
TaNb,28.0,120.0,97.1,26.67,118.1,239.0
TaNb,56.0,124.0,97.1,56.3,119.2,299.0
TaNb,2.0,38.0,97.0,5.52,39.03,407.0
TaNb,52.0,120.0,97.0,50.88,116.93,247.0
TaNb,50.0,-130.0,97.0,54.91,-132.11,564.0
TaNb,-40.0,176.0,97.0,-37.35,174.73,314.0
TaNb,54.0,122.0,96.9,56.3,119.2,311.0
TaNb,54.0,114.0,96.9,51.1,114.52,324.0
TaNb,-24.0,-64.0,96.9,-24.83,-66.25,246.0
TaNb,54.0,-126.0,96.9,54.91,-132.11,408.0
TaNb,-12.0,30.0,96.9,-10.12,31.25,250.0
Ag,-4.0,144.0,99.2,-5.75,145.17,234.0
Ag,38.0,14.0,98.8,39.08,17.12,297.0
Ag,40.0,14.0,98.8,39.08,17.12,286.0
Ag,-6.0,148.0,98.6,-5.75,145.17,315.0
Ag,16.0,-62.0,98.3,17.88,-62.85,228.0
Ag,54.0,160.0,98.3,52.17,158.33,232.0
Ag,38.0,24.0,98.3,40.05,23.42,233.0
Ag,52.0,-180.0,98.2,51.92,-176.62,232.0
Ag,20.0,-106.0,98.1,18.87,-103.29,311.0
Ag,46.0,142.0,98.1,44.15,143.27,229.0
Ag,40.0,12.0,98.1,39.6,8.54,299.0
Ag,-42.0,-74.0,98.1,-42.78,-71.5,223.0
Ag,-8.0,124.0,98.1,-7.72,126.29,254.0
Ag,-44.0,-74.0,98.0,-42.78,-71.5,243.0
Ag,10.0,126.0,98.0,10.5,123.8,247.0
Ag,38.0,22.0,98.0,40.05,23.42,259.0
Ag,-46.0,-74.0,97.9,-45.0,-71.0,259.0
Ag,40.0,-126.0,97.9,40.89,-123.56,229.0
Ag,52.0,-130.0,97.8,50.6,-127.48,234.0
Ag,52.0,-170.0,97.8,53.52,-166.96,265.0
Ag,8.0,124.0,97.7,10.5,123.8,279.0
Ag,24.0,124.0,97.7,25.08,121.53,277.0
Ag,54.0,156.0,97.7,52.17,158.33,256.0
Ag,-4.0,148.0,97.7,-5.75,145.17,369.0
Ag,2.0,-78.0,97.7,-0.34,-79.0,283.0
Ag,50.0,158.0,97.6,52.17,158.33,242.0
Ag,50.0,156.0,97.6,52.17,158.33,291.0
Ag,14.0,120.0,97.6,16.37,120.67,273.0
Ag,-8.0,120.0,97.6,-8.91,117.5,293.0
Ag,18.0,-94.0,97.6,17.0,-96.5,287.0
Ag,-6.0,128.0,97.5,-7.72,126.29,269.0
Ag,26.0,124.0,97.5,25.08,121.53,268.0
Ag,30.0,132.0,97.5,31.75,130.3,254.0
Ag,52.0,-172.0,97.5,51.92,-176.62,317.0
Ag,54.0,-176.0,97.4,51.92,-176.62,235.0
Ag,56.0,-154.0,97.4,57.88,-152.64,225.0
Ag,16.0,-64.0,97.4,17.88,-62.85,242.0
Ag,50.0,-178.0,97.4,51.92,-176.62,234.0
Ag,46.0,-126.0,97.4,48.08,-124.05,274.0
Ag,38.0,136.0,97.4,36.13,137.27,236.0
Ag,36.0,142.0,97.4,37.51,140.29,226.0
Ag,12.0,126.0,97.3,12.43,123.53,273.0
Ag,42.0,10.0,97.3,39.6,8.54,294.0
Ag,-8.0,146.0,97.3,-5.75,145.17,267.0
Ag,-10.0,120.0,97.3,-8.91,117.5,300.0
Ag,38.0,12.0,97.3,39.3,8.49,337.0
Ag,42.0,12.0,97.3,39.6,8.54,395.0
Ag,32.0,140.0,97.3,34.9,138.82,340.0
Ag,36.0,16.0,97.2,39.08,17.12,356.0
Ag,46.0,146.0,97.2,44.15,143.27,297.0
Ag,16.0,-94.0,97.2,17.0,-96.5,289.0
Ag,18.0,-106.0,97.2,18.87,-103.29,302.0
Ag,30.0,-116.0,97.2,32.62,-116.08,291.0
Ag,54.0,162.0,97.2,52.17,158.33,318.0
Ag,30.0,128.0,97.2,31.75,130.3,294.0
Ag,20.0,-96.0,97.2,17.0,-96.5,338.0
Ag,52.0,154.0,97.1,52.17,158.33,296.0
Ag,60.0,160.0,97.1,60.83,164.65,271.0
Ag,42.0,16.0,97.1,39.08,17.12,338.0
Ag,54.0,-174.0,97.1,51.92,-176.62,290.0
Ag,54.0,-178.0,97.1,51.92,-176.62,249.0
Ag,2.0,-74.0,97.1,3.48,-75.54,237.0
Ag,12.0,-90.0,97.0,14.51,-90.14,280.0
Ag,46.0,140.0,97.0,44.15,143.27,329.0
Ag,-40.0,-74.0,97.0,-39.06,-70.63,307.0
Ag,58.0,162.0,97.0,60.83,164.65,349.0
Ag,-2.0,146.0,97.0,-5.75,145.17,427.0
Ag,-8.0,148.0,97.0,-5.75,145.17,401.0
Ag,2.0,-80.0,97.0,-0.34,-79.0,283.0
Ag,54.0,-128.0,97.0,55.97,-130.03,254.0
Ag,16.0,124.0,96.9,14.3,122.75,232.0
Ag,56.0,-168.0,96.9,53.79,-166.2,271.0
Ag,38.0,-126.0,96.9,38.79,-122.67,303.0
Ag,58.0,164.0,96.9,60.83,164.65,317.0
Ag,-2.0,-76.0,96.9,-2.95,-78.2,266.0
Ag,36.0,-124.0,96.8,35.88,-121.4,234.0
Ag,20.0,122.0,96.8,16.86,120.78,372.0
Ag,44.0,138.0,96.8,42.14,140.02,264.0
Ag,8.0,126.0,96.8,10.5,123.8,368.0
Ag,52.0,162.0,96.8,52.17,158.33,251.0
Ag,18.0,-92.0,96.8,15.41,-90.34,338.0
Ag,54.0,-126.0,96.8,52.52,-122.28,297.0
Ag,42.0,14.0,96.8,39.08,17.12,418.0
Ag,38.0,26.0,96.8,40.05,23.42,319.0
Ag,4.0,-78.0,96.7,3.48,-75.54,279.0
Ag,-38.0,-74.0,96.7,-37.38,-70.63,304.0
Ag,58.0,-162.0,96.7,55.7,-160.53,271.0
Ag,-10.0,126.0,96.7,-7.72,126.29,256.0
Ag,54.0,-172.0,96.7,53.52,-166.96,336.0
Ag,32.0,138.0,96.7,34.9,138.82,331.0
Ag,-48.0,-72.0,96.7,-45.0,-71.0,342.0
Ag,52.0,-164.0,96.6,53.79,-166.2,248.0
Ag,38.0,20.0,96.6,39.08,17.12,278.0
Ag,42.0,146.0,96.6,42.55,142.33,308.0
Ag,6.0,-78.0,96.6,6.32,-75.97,227.0
Ag,50.0,160.0,96.6,52.17,158.33,268.0
Ag,0.0,-76.0,96.6,-0.34,-79.0,336.0
Ag,-6.0,124.0,96.6,-7.72,126.29,317.0
Ag,16.0,-100.0,96.5,18.17,-100.17,242.0
Ag,-36.0,-74.0,96.5,-36.18,-70.93,277.0
Ag,44.0,148.0,96.5,44.15,143.27,378.0
Ag,-8.0,114.0,96.5,-8.91,117.5,398.0
Ag,40.0,144.0,96.5,40.33,140.75,279.0
Ag,34.0,142.0,96.5,34.9,138.82,308.0
Ag,22.0,122.0,96.5,25.08,121.53,346.0
Ag,50.0,154.0,96.5,52.17,158.33,387.0
Ag,20.0,-64.0,96.4,17.88,-62.85,265.0
Ag,42.0,18.0,96.4,44.1,19.34,258.0
Ag,50.0,-174.0,96.4,51.92,-176.62,281.0
Ag,22.0,-108.0,96.4,23.8,-110.04,289.0
Ag,50.0,-180.0,96.4,51.92,-176.62,319.0
Ag,20.0,-62.0,96.4,17.88,-62.85,252.0
Ag,-10.0,124.0,96.4,-7.72,126.29,357.0
Ag,36.0,14.0,96.3,39.08,17.12,439.0
Ag,-40.0,-68.0,96.3,-39.06,-70.63,249.0
Ag,16.0,-60.0,96.3,17.88,-62.85,368.0
Ag,6.0,-82.0,96.3,8.29,-81.13,272.0
Ag,8.0,-86.0,96.3,10.11,-84.71,274.0
Ag,-2.0,148.0,96.3,-5.75,145.17,522.0
Ag,16.0,118.0,96.3,16.37,120.67,288.0
Mo,-4.0,144.0,99.2,-5.75,145.13,231.0
Mo,-6.0,148.0,98.7,-5.75,145.13,319.0
Mo,22.0,-106.0,98.7,24.17,-105.83,242.0
Mo,38.0,-124.0,98.6,38.89,-121.11,270.0
Mo,14.0,120.0,98.5,13.43,121.98,223.0
Mo,34.0,140.0,98.5,35.1,137.63,249.0
Mo,36.0,140.0,98.5,35.1,137.63,237.0
Mo,-42.0,-74.0,98.4,-43.66,-72.31,230.0
Mo,10.0,126.0,98.4,10.33,123.73,251.0
Mo,12.0,-88.0,98.4,13.69,-86.57,244.0
Mo,36.0,132.0,98.3,36.57,129.33,248.0
Mo,4.0,98.0,98.3,5.03,95.95,255.0
Mo,52.0,-172.0,98.3,53.15,-168.44,272.0
Mo,22.0,-104.0,98.3,24.17,-105.83,305.0
Mo,18.0,-62.0,98.3,18.45,-64.43,261.0
Mo,54.0,-172.0,98.1,53.33,-168.41,248.0
Mo,36.0,134.0,98.1,35.45,136.77,257.0
Mo,10.0,-86.0,98.1,9.7,-83.36,291.0
Mo,-4.0,148.0,98.1,-5.75,145.13,373.0
Mo,-18.0,176.0,98.1,-18.04,178.18,230.0
Mo,12.0,-84.0,98.0,9.86,-83.23,252.0
Mo,42.0,12.0,98.0,44.4,8.94,364.0
Mo,6.0,98.0,98.0,5.03,95.95,251.0
Mo,40.0,-126.0,98.0,40.67,-122.93,271.0
Mo,42.0,10.0,97.9,44.4,8.94,280.0
Mo,38.0,138.0,97.9,35.45,136.77,304.0
Mo,2.0,-80.0,97.9,0.33,-78.58,243.0
Mo,26.0,-104.0,97.9,24.17,-105.83,275.0
Mo,58.0,-150.0,97.8,58.68,-153.87,238.0
Mo,-8.0,146.0,97.8,-5.75,145.13,268.0
Mo,44.0,12.0,97.8,44.4,8.94,248.0
Mo,-8.0,154.0,97.8,-6.32,155.5,250.0
Mo,-4.0,154.0,97.8,-6.32,155.5,307.0
Mo,-8.0,158.0,97.8,-6.32,155.5,333.0
Mo,16.0,-64.0,97.8,18.45,-64.43,276.0
Mo,-40.0,-74.0,97.8,-39.21,-70.65,300.0
Mo,14.0,-90.0,97.7,16.8,-88.43,354.0
Mo,46.0,-126.0,97.7,45.76,-122.21,295.0
Mo,-50.0,-74.0,97.7,-47.01,-72.26,356.0
Mo,34.0,132.0,97.7,35.6,128.72,348.0
Mo,-4.0,156.0,97.7,-6.32,155.5,263.0
Mo,4.0,-78.0,97.7,3.52,-75.78,252.0
Mo,-46.0,-76.0,97.7,-46.49,-72.76,255.0
Mo,12.0,126.0,97.6,10.33,123.73,310.0
Mo,34.0,134.0,97.6,35.45,136.77,300.0
Mo,56.0,-168.0,97.6,53.7,-167.04,263.0
Mo,30.0,-116.0,97.6,32.61,-116.48,294.0
Mo,-50.0,-72.0,97.6,-47.01,-72.26,333.0
Mo,-20.0,176.0,97.6,-18.08,178.2,315.0
Mo,8.0,126.0,97.6,10.33,123.73,359.0
Mo,2.0,-74.0,97.6,3.43,-75.77,253.0
Mo,-6.0,152.0,97.5,-6.32,155.5,389.0
Mo,16.0,124.0,97.5,14.3,122.75,232.0
Mo,16.0,-86.0,97.5,13.69,-86.57,264.0
Mo,-8.0,148.0,97.5,-5.75,145.13,404.0
Mo,38.0,136.0,97.5,35.45,136.77,292.0
Mo,-36.0,-74.0,97.5,-36.15,-71.18,254.0
Mo,46.0,138.0,97.5,44.61,135.57,245.0
Mo,-20.0,180.0,97.4,-18.08,178.2,285.0
Mo,16.0,-62.0,97.4,18.45,-64.43,375.0
Mo,-2.0,146.0,97.4,-5.75,145.13,428.0
Mo,36.0,-124.0,97.4,36.19,-121.49,227.0
Mo,-2.0,144.0,97.4,-4.68,141.75,389.0
Mo,-48.0,-76.0,97.4,-46.49,-72.76,297.0
Mo,42.0,138.0,97.4,44.61,135.57,351.0
Mo,12.0,120.0,97.4,13.43,121.98,267.0
Mo,26.0,120.0,97.3,26.2,116.77,323.0
Mo,4.0,94.0,97.3,5.03,95.95,245.0
Mo,38.0,140.0,97.3,35.1,137.63,386.0
Mo,6.0,94.0,97.3,5.03,95.95,241.0
Mo,-38.0,-74.0,97.3,-38.33,-70.5,308.0
Mo,52.0,-164.0,97.3,54.04,-165.56,250.0
Mo,44.0,140.0,97.3,44.61,135.57,359.0
Mo,44.0,14.0,97.2,46.63,13.7,293.0
Mo,40.0,24.0,97.2,42.48,24.07,276.0
Mo,32.0,138.0,97.2,35.1,137.63,346.0
Mo,24.0,-102.0,97.1,24.68,-99.09,304.0
Mo,52.0,-174.0,97.1,53.15,-168.44,397.0
Mo,6.0,124.0,97.1,9.26,122.75,388.0
Mo,-6.0,158.0,97.1,-6.32,155.5,279.0
Mo,22.0,-100.0,97.1,24.68,-99.09,312.0
Mo,-44.0,-76.0,97.1,-43.66,-72.31,298.0
Mo,46.0,140.0,97.1,44.61,135.57,379.0
Mo,-4.0,152.0,97.1,-6.32,155.5,465.0
Mo,16.0,-92.0,97.1,16.8,-88.43,391.0
Mo,32.0,140.0,97.1,35.1,137.63,409.0
Mo,16.0,118.0,97.0,16.35,120.6,280.0
Mo,-20.0,-66.0,97.0,-21.73,-67.94,279.0
Mo,20.0,122.0,97.0,16.5,120.75,411.0
Mo,58.0,-164.0,97.0,59.3,-160.17,264.0
Mo,12.0,-82.0,97.0,9.86,-83.23,273.0
Mo,-2.0,-76.0,97.0,-2.79,-78.78,321.0
Mo,32.0,130.0,96.9,35.6,128.72,417.0
Mo,20.0,-106.0,96.9,24.17,-105.83,464.0
Mo,32.0,128.0,96.9,35.6,128.72,406.0
Mo,-16.0,178.0,96.9,-18.04,178.18,228.0
Mo,22.0,-98.0,96.9,24.68,-99.08,318.0
Mo,56.0,-170.0,96.9,53.33,-168.41,314.0
Mo,42.0,136.0,96.9,44.61,135.57,292.0
Mo,54.0,-174.0,96.9,53.33,-168.41,376.0
Mo,-2.0,148.0,96.8,-5.75,145.13,525.0
Mo,56.0,-152.0,96.8,57.88,-155.08,280.0
Mo,18.0,-92.0,96.8,16.8,-88.43,402.0
Mo,38.0,132.0,96.8,37.3,129.18,260.0
Mo,20.0,-104.0,96.8,24.17,-105.83,501.0
Mo,2.0,98.0,96.8,5.03,95.95,407.0
Mo,34.0,126.0,96.7,35.85,128.13,283.0
Mo,-20.0,-72.0,96.7,-21.26,-70.05,247.0
Mo,54.0,-156.0,96.7,55.85,-158.4,257.0
Mo,16.0,-66.0,96.7,18.11,-66.25,236.0
Mo,-2.0,-82.0,96.7,-3.05,-79.68,283.0
Mo,18.0,124.0,96.7,16.43,120.84,378.0
Mo,-2.0,142.0,96.7,-4.68,141.75,299.0
Mo,14.0,-84.0,96.6,13.69,-86.57,280.0
Mo,40.0,22.0,96.6,42.48,24.07,326.0
Mo,-18.0,-74.0,96.6,-15.42,-73.97,287.0
Mo,22.0,-108.0,96.6,24.17,-105.83,328.0
Mo,-24.0,-72.0,96.6,-22.48,-70.23,248.0
Mo,20.0,-62.0,96.6,18.45,-64.43,308.0
Mo,14.0,126.0,96.6,14.3,122.75,352.0
Re,46.0,-120.0,99.6,48.06,-118.69,249.0
Re,48.0,-124.0,99.5,50.05,-124.64,232.0
Re,36.0,138.0,99.3,38.0,138.42,225.0
Re,58.0,-154.0,99.3,59.9,-155.29,224.0
Re,48.0,-126.0,99.2,50.05,-124.64,248.0
Re,30.0,-114.0,99.2,32.02,-111.91,300.0
Re,40.0,138.0,99.2,38.0,138.42,225.0
Re,40.0,-118.0,99.2,39.26,-115.0,270.0
Re,44.0,-120.0,99.2,44.04,-115.78,337.0
Re,-34.0,-68.0,99.2,-34.09,-70.46,227.0
Re,-28.0,-68.0,99.1,-26.25,-69.55,247.0
Re,-36.0,-72.0,99.1,-34.09,-70.46,255.0
Re,40.0,140.0,99.1,38.0,138.42,261.0
Re,54.0,-134.0,99.1,55.4,-130.48,275.0
Re,46.0,-122.0,99.1,48.06,-118.69,339.0
Re,32.0,-116.0,99.1,34.23,-117.97,308.0
Re,58.0,-158.0,99.1,59.9,-155.29,262.0
Re,36.0,140.0,99.1,38.0,138.42,263.0
Re,42.0,-118.0,99.0,44.04,-115.78,290.0
Re,-16.0,-74.0,99.0,-16.54,-71.59,264.0
Re,40.0,-120.0,99.0,37.36,-117.62,359.0
Re,-32.0,-68.0,98.9,-31.71,-70.5,238.0
Re,-14.0,-72.0,98.9,-16.54,-71.59,285.0
Re,62.0,-152.0,98.9,59.9,-155.29,293.0
Re,58.0,-136.0,98.9,59.7,-133.4,241.0
Re,28.0,-112.0,98.9,28.39,-109.66,234.0
Re,62.0,-148.0,98.9,62.6,-143.35,249.0
Re,42.0,-116.0,98.9,44.04,-115.78,228.0
Re,58.0,-152.0,98.9,59.9,-155.29,283.0
Re,-18.0,-68.0,98.8,-17.25,-70.61,289.0
Re,32.0,-118.0,98.8,34.23,-117.97,248.0
Re,36.0,-120.0,98.8,37.36,-117.62,261.0
Re,36.0,136.0,98.8,38.0,138.42,309.0
Re,60.0,-150.0,98.8,59.9,-155.29,294.0
Re,-36.0,-68.0,98.7,-34.09,-70.46,309.0
Re,38.0,142.0,98.7,38.0,138.42,314.0
Re,48.0,-128.0,98.7,50.6,-127.48,292.0
Re,-22.0,-66.0,98.7,-22.27,-68.9,300.0
Re,38.0,-122.0,98.7,37.36,-117.62,392.0
Re,56.0,-136.0,98.7,56.67,-131.09,311.0
Re,-24.0,-66.0,98.6,-24.27,-69.07,313.0
Re,60.0,-160.0,98.6,59.9,-155.29,263.0
Re,-26.0,-72.0,98.6,-26.25,-69.55,246.0
Re,-14.0,-70.0,98.6,-16.54,-71.59,330.0
Re,42.0,-120.0,98.6,44.04,-115.78,411.0
Re,40.0,24.0,98.5,42.72,24.09,303.0
Re,28.0,120.0,98.5,28.92,117.55,260.0
Re,62.0,-150.0,98.5,65.09,-150.88,346.0
Re,-20.0,-66.0,98.5,-20.96,-68.71,302.0
Re,-16.0,-68.0,98.5,-17.25,-70.61,311.0
Re,52.0,-132.0,98.4,50.68,-127.86,323.0
Re,42.0,-114.0,98.4,40.53,-112.14,226.0
Re,58.0,-160.0,98.4,59.9,-155.29,343.0
Re,26.0,-108.0,98.4,28.39,-109.66,312.0
Re,50.0,-132.0,98.4,50.68,-127.86,303.0
Re,-18.0,-74.0,98.4,-16.54,-71.59,303.0
Re,-30.0,-72.0,98.4,-31.71,-70.5,238.0
Re,40.0,136.0,98.4,38.0,138.42,305.0
Re,40.0,142.0,98.4,38.0,138.42,381.0
Re,-30.0,-68.0,98.3,-31.71,-70.5,305.0
Re,-26.0,-66.0,98.3,-26.25,-69.55,356.0
Re,-24.0,-72.0,98.3,-24.27,-69.07,299.0
Re,26.0,-110.0,98.3,28.39,-109.66,267.0
Re,-28.0,-72.0,98.3,-26.25,-69.55,311.0
Re,68.0,-154.0,98.2,66.19,-156.71,233.0
Re,40.0,22.0,98.2,42.72,24.09,349.0
Re,-14.0,-74.0,98.2,-16.54,-71.59,382.0
Re,48.0,-130.0,98.2,50.68,-127.86,335.0
Re,58.0,-138.0,98.1,59.7,-133.4,325.0
Re,60.0,-138.0,98.1,59.7,-133.4,259.0
Re,40.0,-122.0,98.1,37.36,-117.62,480.0
Re,34.0,-106.0,98.1,32.79,-108.07,235.0
Re,46.0,-124.0,98.1,50.05,-124.64,453.0
Re,54.0,-136.0,98.1,55.4,-130.48,387.0
Re,-34.0,-74.0,98.1,-34.09,-70.46,326.0
Re,58.0,-150.0,98.1,59.9,-155.29,369.0
Re,40.0,26.0,98.0,42.75,24.5,330.0
Re,68.0,-146.0,98.0,65.5,-145.25,280.0
Re,44.0,-122.0,98.0,44.04,-115.78,497.0
Re,66.0,-138.0,98.0,64.93,-142.72,248.0
Re,-20.0,-72.0,98.0,-17.25,-70.61,339.0
Re,26.0,118.0,98.0,28.92,117.55,328.0
Re,68.0,-152.0,98.0,66.19,-156.71,286.0
Re,-22.0,-72.0,98.0,-22.27,-68.9,321.0
Re,60.0,-146.0,97.9,62.6,-143.35,322.0
Re,-12.0,-76.0,97.9,-9.62,-76.95,285.0
Re,42.0,20.0,97.9,44.13,22.1,292.0
Re,36.0,142.0,97.9,38.0,138.42,388.0
Re,50.0,-114.0,97.9,50.64,-117.6,265.0
Re,36.0,-122.0,97.9,34.25,-117.97,415.0
Re,68.0,-144.0,97.9,65.48,-144.72,282.0
Re,68.0,-148.0,97.9,65.5,-145.25,303.0
Re,26.0,120.0,97.8,28.92,117.55,405.0
Re,-36.0,-74.0,97.8,-34.09,-70.46,386.0
Re,54.0,-118.0,97.8,52.1,-120.91,287.0
Re,-28.0,-66.0,97.8,-26.25,-69.55,401.0
Re,64.0,-162.0,97.8,62.47,-157.92,266.0
Re,60.0,-144.0,97.8,62.6,-143.35,291.0
Re,60.0,-148.0,97.8,62.6,-143.35,381.0
Re,44.0,18.0,97.7,44.38,21.95,318.0
Re,-38.0,-70.0,97.7,-34.09,-70.46,437.0
Re,30.0,-116.0,97.7,32.02,-111.91,450.0
Re,56.0,-156.0,97.7,59.9,-155.29,436.0
Re,60.0,-162.0,97.7,62.38,-157.97,341.0
Re,62.0,-130.0,97.7,60.99,-133.75,228.0
Re,30.0,120.0,97.7,28.92,117.55,266.0
Re,68.0,-150.0,97.6,65.12,-150.89,323.0
Re,-32.0,-74.0,97.6,-31.71,-70.5,332.0
Re,34.0,138.0,97.6,38.0,138.42,446.0
Re,-38.0,-72.0,97.6,-34.09,-70.46,457.0
Re,44.0,-110.0,97.6,42.14,-111.26,231.0
Re,42.0,138.0,97.6,38.0,138.42,446.0
Re,56.0,-122.0,97.6,54.95,-126.16,287.0
Re,46.0,-126.0,97.5,50.05,-124.64,461.0
Re,28.0,-106.0,97.5,28.39,-109.66,361.0
Re,38.0,134.0,97.5,38.0,138.42,387.0
Re,42.0,18.0,97.5,44.13,22.1,408.0
Re,68.0,-142.0,97.5,65.47,-144.62,304.0
Re,42.0,140.0,97.5,38.0,138.42,465.0
Re,32.0,-120.0,97.4,34.23,-117.97,312.0
Bi,30.0,-114.0,99.7,29.89,-111.54,237.0
Bi,52.0,-126.0,99.6,54.03,-126.1,226.0
Bi,44.0,-126.0,99.2,42.55,-123.72,245.0
Bi,52.0,-128.0,99.2,54.03,-126.1,259.0
Bi,40.0,12.0,99.0,39.55,8.79,279.0
Bi,38.0,-124.0,98.9,38.84,-121.16,264.0
Bi,20.0,-104.0,98.8,21.19,-101.53,289.0
Bi,52.0,-124.0,98.8,54.03,-126.1,266.0
Bi,36.0,-122.0,98.7,37.9,-120.47,251.0
Bi,40.0,-126.0,98.5,40.67,-122.53,303.0
Bi,50.0,-126.0,98.5,49.0,-121.63,335.0
Bi,22.0,-104.0,98.5,21.19,-101.53,271.0
Bi,38.0,12.0,98.5,39.55,8.79,327.0
Bi,24.0,-106.0,98.4,26.13,-107.17,265.0
Bi,36.0,-110.0,98.3,37.38,-108.08,230.0
Bi,32.0,130.0,98.3,33.27,131.85,223.0
Bi,28.0,-110.0,98.3,27.6,-107.68,232.0
Bi,24.0,-108.0,98.2,26.13,-107.17,251.0
Bi,46.0,-126.0,98.2,44.86,-122.25,319.0
Bi,48.0,-126.0,98.2,48.11,-121.63,325.0
Bi,24.0,-102.0,98.1,25.57,-103.42,226.0
Bi,56.0,-136.0,98.0,58.07,-134.62,245.0
Bi,36.0,140.0,98.0,36.13,137.27,246.0
Bi,18.0,-102.0,98.0,19.33,-99.17,333.0
Bi,-34.0,-68.0,98.0,-32.6,-66.12,234.0
Bi,40.0,138.0,97.9,40.42,140.75,238.0
Bi,34.0,138.0,97.9,36.13,137.27,246.0
Bi,42.0,10.0,97.9,39.55,8.79,291.0
Bi,38.0,136.0,97.9,36.21,137.18,225.0
Bi,28.0,-114.0,97.8,29.89,-111.54,319.0
Bi,40.0,22.0,97.7,42.17,22.32,243.0
Bi,60.0,-150.0,97.7,61.42,-153.58,251.0
Bi,26.0,-110.0,97.7,26.27,-107.39,262.0
Bi,42.0,18.0,97.6,42.93,20.94,262.0
Bi,30.0,-116.0,97.6,33.09,-114.6,368.0
Bi,52.0,-130.0,97.5,54.03,-126.1,345.0
Bi,52.0,-122.0,97.5,49.0,-121.63,335.0
Bi,0.0,-78.0,97.5,-2.64,-78.77,306.0
Bi,58.0,-162.0,97.5,59.94,-159.89,247.0
Bi,-16.0,-74.0,97.5,-16.53,-71.45,279.0
Bi,-32.0,-72.0,97.4,-30.83,-69.75,250.0
Bi,0.0,-80.0,97.4,-2.64,-78.77,324.0
Bi,46.0,10.0,97.4,47.3,12.49,239.0
Bi,34.0,-120.0,97.4,35.73,-118.57,232.0
Bi,58.0,-152.0,97.4,57.03,-156.49,289.0
Bi,42.0,138.0,97.3,40.42,140.75,289.0
Bi,32.0,134.0,97.3,33.27,131.85,246.0
Bi,42.0,8.0,97.3,39.55,8.79,280.0
Bi,54.0,-164.0,97.3,55.73,-160.51,295.0
Bi,-34.0,-70.0,97.3,-31.33,-69.42,302.0
Bi,54.0,-122.0,97.3,54.03,-126.1,268.0
Bi,34.0,136.0,97.3,36.13,137.27,264.0
Bi,-26.0,-70.0,97.3,-28.58,-70.41,290.0
Bi,60.0,160.0,97.2,62.53,159.75,282.0
Bi,60.0,-146.0,97.2,61.74,-143.91,224.0
Bi,48.0,8.0,97.2,49.92,6.7,234.0
Bi,40.0,24.0,97.1,42.17,22.32,279.0
Bi,54.0,-136.0,97.1,55.65,-132.01,315.0
Bi,42.0,12.0,97.1,39.55,8.79,384.0
Bi,38.0,132.0,97.0,37.3,129.18,260.0
Bi,40.0,144.0,97.0,40.42,140.75,280.0
Bi,-22.0,-64.0,97.0,-21.67,-66.28,238.0
Bi,42.0,-128.0,97.0,42.55,-123.72,357.0
Bi,-20.0,-70.0,97.0,-17.29,-69.24,312.0
Bi,26.0,118.0,96.9,25.83,115.5,251.0
Bi,56.0,-138.0,96.9,58.46,-136.54,287.0
Bi,18.0,-104.0,96.9,21.19,-101.53,439.0
Bi,60.0,162.0,96.9,62.53,159.75,306.0
Bi,-2.0,-82.0,96.9,-3.06,-79.21,332.0
Bi,52.0,-120.0,96.9,48.98,-120.13,336.0
Bi,60.0,158.0,96.8,62.53,159.75,296.0
Bi,44.0,6.0,96.8,43.25,2.34,306.0
Bi,42.0,144.0,96.8,40.42,140.75,324.0
Bi,62.0,164.0,96.8,62.53,159.75,228.0
Bi,34.0,126.0,96.8,35.85,128.13,283.0
Bi,20.0,-96.0,96.8,19.33,-99.17,340.0
Bi,-18.0,-74.0,96.7,-17.49,-71.37,284.0
Bi,38.0,144.0,96.7,38.83,140.88,287.0
Bi,54.0,-156.0,96.7,55.85,-158.88,276.0
Bi,60.0,-148.0,96.7,61.74,-143.91,294.0
Bi,52.0,-118.0,96.7,49.7,-116.02,291.0
Bi,40.0,6.0,96.7,39.55,8.79,244.0
Bi,60.0,-164.0,96.6,59.94,-159.89,229.0
Bi,-2.0,-76.0,96.6,-2.64,-78.77,316.0
Bi,36.0,142.0,96.6,38.58,140.49,316.0
Bi,40.0,14.0,96.6,39.55,8.79,448.0
Bi,22.0,-98.0,96.6,19.33,-99.17,321.0
Bi,34.0,140.0,96.6,36.13,137.27,343.0
Bi,58.0,-126.0,96.6,59.33,-129.49,250.0
Bi,40.0,20.0,96.6,42.17,22.32,310.0
Bi,-22.0,-70.0,96.5,-21.86,-66.86,324.0
Bi,44.0,-128.0,96.5,42.55,-123.72,382.0
Bi,-4.0,-82.0,96.5,-5.34,-79.74,291.0
Bi,-20.0,-72.0,96.5,-17.49,-71.37,287.0
Bi,56.0,-152.0,96.5,57.03,-156.49,298.0
Bi,52.0,-132.0,96.5,55.35,-131.66,373.0
Bi,56.0,-124.0,96.4,54.03,-126.1,257.0
Bi,50.0,12.0,96.4,51.9,10.42,238.0
Bi,56.0,-166.0,96.4,55.73,-160.51,344.0
Bi,18.0,-96.0,96.4,19.33,-99.17,365.0
Bi,38.0,14.0,96.4,39.55,8.79,483.0
Bi,50.0,-128.0,96.4,54.03,-126.1,467.0
Bi,36.0,-124.0,96.3,37.97,-120.55,377.0
Bi,48.0,-110.0,96.3,46.61,-112.17,225.0
Bi,58.0,122.0,96.3,58.76,125.52,222.0
Bi,60.0,152.0,96.3,61.46,148.8,238.0
Bi,52.0,-116.0,96.3,49.7,-116.02,256.0
Bi,44.0,12.0,96.2,47.3,12.49,369.0
Bi,58.0,-164.0,96.2,59.94,-159.89,319.0
Bi,38.0,-126.0,96.2,40.67,-122.53,421.0
Bi,32.0,-120.0,96.2,33.37,-117.07,314.0
Bi,28.0,-102.0,96.1,25.57,-103.42,305.0
Bi,16.0,-100.0,96.1,19.33,-99.17,381.0
Bi,46.0,2.0,96.1,43.25,2.34,307.0
Bi,30.0,132.0,96.1,33.27,131.85,364.0
Bi,42.0,6.0,96.1,43.22,2.35,328.0
Bi,24.0,-110.0,96.1,26.27,-107.39,364.0
Bi,54.0,96.0,96.1,54.0,92.0,261.0
Bi,-28.0,-64.0,96.1,-27.28,-67.0,306.0
Bi,54.0,6.0,96.1,52.0,5.89,223.0
As,52.0,-126.0,99.4,54.18,-126.27,243.0
As,40.0,-126.0,99.0,40.53,-123.14,250.0
As,52.0,-128.0,98.9,54.18,-126.27,269.0
As,20.0,-102.0,98.8,22.13,-100.97,260.0
As,48.0,-126.0,98.6,48.37,-122.52,261.0
As,50.0,-126.0,98.6,48.37,-122.52,311.0
As,52.0,-124.0,98.3,54.18,-126.27,286.0
As,38.0,10.0,98.2,36.92,7.7,236.0
As,30.0,-116.0,98.2,32.7,-116.49,304.0
As,18.0,122.0,98.1,16.42,120.67,225.0
As,10.0,-84.0,98.1,12.08,-84.58,240.0
As,36.0,10.0,98.1,36.8,7.65,228.0
As,46.0,-126.0,98.1,46.35,-122.11,302.0
As,36.0,-124.0,98.0,36.64,-121.46,238.0
As,2.0,-78.0,98.0,-0.19,-78.39,247.0
As,40.0,140.0,98.0,42.14,140.02,238.0
As,12.0,-62.0,97.9,13.97,-61.03,243.0
As,46.0,142.0,97.9,43.95,142.74,235.0
As,56.0,-166.0,97.8,55.03,-162.87,225.0
As,34.0,140.0,97.8,35.1,137.63,249.0
As,32.0,132.0,97.8,33.95,133.25,246.0
As,-20.0,178.0,97.8,-17.5,177.85,278.0
As,38.0,-126.0,97.7,38.62,-122.58,306.0
As,42.0,144.0,97.7,43.93,142.74,238.0
As,44.0,146.0,97.7,43.95,142.74,261.0
As,10.0,-86.0,97.7,12.21,-85.17,262.0
As,54.0,-136.0,97.6,55.16,-132.48,261.0
As,18.0,-100.0,97.6,20.87,-99.62,322.0
As,54.0,-172.0,97.6,53.2,-168.5,247.0
As,16.0,-60.0,97.5,13.97,-61.03,251.0
As,12.0,-60.0,97.5,13.97,-61.03,246.0
As,-18.0,180.0,97.5,-17.5,177.85,234.0
As,28.0,-110.0,97.5,27.03,-107.72,249.0
As,56.0,-128.0,97.5,54.18,-126.27,230.0
As,52.0,-172.0,97.4,53.2,-168.5,271.0
As,20.0,-104.0,97.4,23.18,-102.88,372.0
As,-38.0,-68.0,97.4,-37.25,-70.65,248.0
As,58.0,-150.0,97.4,57.51,-153.93,239.0
As,56.0,-168.0,97.3,53.94,-166.65,245.0
As,0.0,-76.0,97.3,-0.19,-78.39,267.0
As,14.0,120.0,97.3,16.42,120.67,279.0
As,46.0,144.0,97.3,43.95,142.74,249.0
As,32.0,134.0,97.2,33.95,133.25,228.0
As,24.0,-106.0,97.2,23.18,-102.88,331.0
As,52.0,-130.0,97.2,54.18,-126.27,347.0
As,40.0,142.0,97.2,42.14,140.02,290.0
As,14.0,-84.0,97.2,12.08,-84.58,223.0
As,26.0,-110.0,97.1,27.03,-107.72,254.0
As,52.0,-122.0,97.1,48.92,-121.77,343.0
As,22.0,-106.0,97.1,23.18,-102.88,346.0
As,16.0,-86.0,97.1,13.69,-86.09,257.0
As,38.0,12.0,97.1,36.92,7.7,398.0
As,2.0,-80.0,97.1,-0.19,-78.39,302.0
As,28.0,-112.0,97.0,30.97,-112.37,332.0
As,14.0,122.0,97.0,16.42,120.67,305.0
As,44.0,138.0,97.0,42.14,140.02,264.0
As,-12.0,-70.0,97.0,-13.86,-71.31,251.0
As,38.0,136.0,97.0,36.95,138.85,277.0
As,40.0,138.0,97.0,42.14,140.02,292.0
As,42.0,-128.0,96.9,42.77,-124.21,323.0
As,38.0,142.0,96.9,36.95,138.85,301.0
As,40.0,24.0,96.9,42.5,24.09,278.0
As,-20.0,176.0,96.9,-17.5,177.85,339.0
As,8.0,-74.0,96.9,6.33,-72.68,236.0
As,34.0,126.0,96.9,35.22,128.35,254.0
As,44.0,-128.0,96.9,42.77,-124.21,335.0
As,46.0,140.0,96.8,43.95,142.74,314.0
As,-40.0,-70.0,96.8,-37.25,-70.65,311.0
As,-40.0,-72.0,96.8,-37.25,-70.65,327.0
As,54.0,-122.0,96.8,54.18,-126.27,279.0
As,50.0,-128.0,96.8,48.37,-122.52,437.0
As,36.0,12.0,96.8,36.92,7.7,398.0
As,28.0,-114.0,96.7,30.97,-112.37,366.0
As,24.0,-108.0,96.7,27.03,-107.72,338.0
As,52.0,-164.0,96.7,53.92,-166.67,278.0
As,26.0,-102.0,96.7,23.75,-100.75,280.0
As,26.0,-104.0,96.7,23.18,-102.88,333.0
As,-34.0,-74.0,96.7,-34.36,-71.29,252.0
As,-26.0,-72.0,96.7,-27.6,-70.18,254.0
As,-38.0,-74.0,96.7,-37.25,-70.65,307.0
As,38.0,26.0,96.6,39.23,29.27,315.0
As,36.0,142.0,96.6,36.95,138.85,301.0
As,16.0,-88.0,96.6,13.69,-86.09,329.0
As,-42.0,-72.0,96.6,-45.03,-71.97,337.0
As,12.0,-82.0,96.6,12.08,-84.58,281.0
As,-16.0,176.0,96.6,-17.5,177.85,258.0
As,18.0,-102.0,96.6,20.87,-99.62,405.0
As,10.0,-62.0,96.6,7.33,-61.79,298.0
As,16.0,118.0,96.5,16.42,120.67,289.0
As,52.0,-120.0,96.5,49.0,-119.53,335.0
As,18.0,-60.0,96.5,17.15,-62.58,289.0
As,18.0,-98.0,96.5,20.87,-99.62,362.0
As,52.0,-132.0,96.4,55.16,-132.48,353.0
As,-48.0,-72.0,96.4,-45.03,-71.97,330.0
As,-34.0,-66.0,96.4,-34.54,-68.8,264.0
As,48.0,8.0,96.4,49.92,6.7,234.0
As,-36.0,-74.0,96.4,-34.37,-71.29,306.0
As,54.0,-156.0,96.4,55.82,-158.9,274.0
As,60.0,156.0,96.3,60.33,151.0,279.0
As,30.0,-118.0,96.3,32.7,-116.49,333.0
As,56.0,-170.0,96.3,53.93,-166.67,313.0
As,36.0,126.0,96.2,35.22,128.35,229.0
As,2.0,-76.0,96.2,-0.19,-78.39,360.0
As,46.0,146.0,96.2,43.95,142.74,343.0
As,40.0,10.0,96.2,36.92,7.7,397.0
As,-36.0,-66.0,96.2,-34.58,-68.83,301.0
As,58.0,-164.0,96.2,59.45,-159.64,299.0
As,4.0,-72.0,96.2,6.33,-72.68,270.0
As,-24.0,-72.0,96.2,-22.08,-70.18,283.0
As,58.0,152.0,96.1,60.33,151.0,265.0
As,40.0,22.0,96.1,42.5,24.09,328.0
As,44.0,6.0,96.1,43.25,2.34,306.0
As,-2.0,-76.0,96.1,-0.29,-78.41,329.0
As,-2.0,-82.0,96.1,-3.69,-79.34,350.0
As,40.0,26.0,96.1,39.36,29.3,291.0
As,4.0,-78.0,96.1,5.18,-75.2,337.0
As,-46.0,-76.0,96.1,-45.03,-71.97,332.0
As,32.0,138.0,96.1,35.1,137.63,346.0
As,-4.0,-82.0,96.0,-5.34,-79.74,291.0
As,32.0,128.0,96.0,35.22,128.35,360.0
Be,50.0,-124.0,99.4,48.77,-120.97,258.0
Be,40.0,-124.0,99.4,42.13,-122.92,254.0
Be,30.0,-114.0,99.3,31.63,-111.63,290.0
Be,36.0,-122.0,99.2,36.71,-119.55,233.0
Be,44.0,-126.0,99.1,42.41,-123.4,275.0
Be,20.0,-102.0,99.1,21.6,-100.23,256.0
Be,46.0,-124.0,99.0,47.93,-121.49,287.0
Be,28.0,-110.0,98.9,30.05,-110.11,228.0
Be,36.0,-110.0,98.9,34.11,-111.07,232.0
Be,30.0,-116.0,98.8,32.71,-116.23,302.0
Be,44.0,10.0,98.7,45.87,8.87,226.0
Be,28.0,-112.0,98.6,30.05,-110.11,293.0
Be,38.0,-124.0,98.5,37.95,-120.42,314.0
Be,48.0,-126.0,98.4,47.93,-121.49,336.0
Be,62.0,-156.0,98.4,63.52,-153.18,222.0
Be,-18.0,-70.0,98.3,-16.59,-68.2,247.0
Be,40.0,-126.0,98.3,42.41,-123.4,345.0
Be,56.0,-136.0,98.3,56.48,-132.03,251.0
Be,22.0,-98.0,98.2,21.6,-100.23,234.0
Be,54.0,-136.0,98.2,54.91,-132.14,269.0
Be,54.0,-128.0,98.1,54.91,-132.11,284.0
Be,40.0,24.0,98.1,42.13,23.55,240.0
Be,50.0,6.0,98.0,49.97,9.18,228.0
Be,20.0,-98.0,98.0,21.6,-100.23,292.0
Be,-32.0,-70.0,98.0,-31.0,-67.5,262.0
Be,56.0,-128.0,98.0,56.48,-132.03,255.0
Be,44.0,4.0,98.0,46.18,2.93,257.0
Be,50.0,-126.0,98.0,48.77,-120.97,389.0
Be,34.0,138.0,98.0,34.69,135.2,269.0
Be,-28.0,-70.0,97.9,-29.08,-67.62,262.0
Be,-12.0,-70.0,97.9,-14.15,-70.24,240.0
Be,-16.0,-72.0,97.9,-14.15,-70.24,280.0
Be,40.0,22.0,97.8,42.13,23.55,270.0
Be,-2.0,28.0,97.8,-0.87,29.66,223.0
Be,52.0,-130.0,97.8,54.91,-132.11,352.0
Be,6.0,-78.0,97.8,5.5,-75.78,252.0
Be,12.0,42.0,97.8,10.2,43.1,233.0
Be,52.0,-132.0,97.8,54.91,-132.11,324.0
Be,46.0,0.0,97.8,46.18,2.93,227.0
Be,36.0,138.0,97.8,34.69,135.2,293.0
Be,44.0,6.0,97.7,45.92,8.5,290.0
Be,44.0,2.0,97.7,46.18,2.93,254.0
Be,-34.0,-70.0,97.6,-33.08,-66.99,297.0
Be,64.0,-142.0,97.6,65.48,-145.89,247.0
Be,62.0,-146.0,97.6,62.73,-150.84,262.0
Be,-14.0,-68.0,97.5,-14.15,-70.24,242.0
Be,52.0,98.0,97.5,51.72,94.45,246.0
Be,52.0,8.0,97.5,49.97,9.18,241.0
Be,64.0,-158.0,97.5,63.52,-153.18,243.0
Be,52.0,10.0,97.4,50.97,12.88,230.0
Be,34.0,132.0,97.4,34.69,135.2,303.0
Be,2.0,30.0,97.4,0.48,31.65,249.0
Be,58.0,-136.0,97.4,56.48,-132.03,293.0
Be,-24.0,-64.0,97.3,-24.83,-66.31,251.0
Be,60.0,-152.0,97.3,62.73,-150.84,310.0
Be,28.0,-108.0,97.3,30.05,-110.11,307.0
Be,4.0,-78.0,97.3,5.5,-75.78,298.0
Be,56.0,116.0,97.3,54.83,112.41,261.0
Be,-16.0,-66.0,97.2,-16.59,-68.2,244.0
Be,60.0,-136.0,97.2,60.0,-131.6,245.0
Be,8.0,96.0,97.2,7.89,98.4,264.0
Be,-18.0,-66.0,97.1,-16.59,-68.2,281.0
Be,52.0,-122.0,97.1,48.77,-120.97,366.0
Be,60.0,-150.0,97.1,62.73,-150.84,307.0
Be,44.0,12.0,97.1,45.87,8.87,322.0
Be,8.0,-76.0,97.0,5.5,-75.78,279.0
Be,-26.0,-64.0,97.0,-24.88,-66.3,262.0
Be,52.0,-118.0,97.0,49.7,-116.02,291.0
Be,30.0,-118.0,96.9,32.71,-116.24,345.0
Be,32.0,-120.0,96.9,33.23,-117.21,295.0
Be,8.0,-74.0,96.9,5.53,-74.1,275.0
Be,44.0,14.0,96.8,46.84,14.99,325.0
Be,6.0,100.0,96.8,7.89,98.4,275.0
Be,2.0,34.0,96.7,0.5,32.28,254.0
Be,26.0,118.0,96.7,23.89,116.63,272.0
Be,36.0,132.0,96.6,34.69,135.2,324.0
Be,54.0,116.0,96.6,54.83,112.41,250.0
Be,12.0,46.0,96.6,10.17,45.0,231.0
Be,52.0,-134.0,96.5,54.91,-132.14,346.0
Be,24.0,-102.0,96.5,21.6,-100.23,323.0
Be,66.0,-138.0,96.5,67.58,-141.28,227.0
Be,42.0,-128.0,96.5,42.41,-123.4,382.0
Be,2.0,-74.0,96.4,4.7,-73.52,305.0
Be,58.0,-128.0,96.4,56.48,-132.03,295.0
Be,-34.0,-64.0,96.4,-32.66,-65.83,226.0
Be,22.0,118.0,96.3,23.89,116.63,253.0
Be,-22.0,-66.0,96.3,-24.83,-66.31,316.0
Be,-12.0,-72.0,96.2,-14.15,-70.24,306.0
Be,-18.0,-64.0,96.2,-16.67,-62.2,242.0
Be,46.0,-126.0,96.2,47.93,-121.49,404.0
Be,24.0,-100.0,96.1,21.6,-100.23,268.0
Be,52.0,-116.0,95.9,49.7,-116.02,256.0
Be,28.0,120.0,95.9,30.58,119.88,288.0
Be,62.0,-158.0,95.7,63.52,-153.18,298.0
Be,50.0,-112.0,95.7,48.99,-115.01,245.0
Be,52.0,-128.0,95.6,54.91,-132.11,423.0
Be,8.0,42.0,95.5,10.2,43.1,273.0
Be,-36.0,-68.0,95.5,-33.08,-66.99,338.0
Be,22.0,-104.0,95.4,21.6,-100.23,392.0
Be,6.0,96.0,95.4,7.89,98.4,338.0
Be,20.0,-104.0,95.3,21.6,-100.23,430.0
Be,52.0,-124.0,95.2,48.77,-120.97,418.0
Be,48.0,98.0,95.1,46.37,96.26,224.0
Be,42.0,20.0,95.1,42.13,23.55,293.0
Be,44.0,16.0,95.1,46.84,14.99,325.0
Be,60.0,-154.0,95.0,62.73,-150.84,347.0
Be,18.0,-100.0,95.0,21.6,-100.23,401.0
Be,32.0,-102.0,94.9,31.44,-104.88,279.0
Be,32.0,134.0,94.9,34.69,135.2,319.0
Be,-26.0,-70.0,94.8,-27.87,-67.25,343.0
Be,52.0,-120.0,94.8,48.77,-120.97,366.0
Be,52.0,102.0,94.7,49.4,102.69,294.0
Be,36.0,-102.0,94.7,35.99,-104.92,263.0
Be,46.0,18.0,94.5,46.84,14.99,249.0
Be,32.0,136.0,94.4,34.69,135.2,308.0
Be,40.0,26.0,94.4,42.13,23.55,314.0
Be,-22.0,-68.0,94.3,-24.83,-66.32,358.0
Be,44.0,-128.0,94.3,42.41,-123.4,413.0
Be,24.0,120.0,94.3,23.89,116.63,343.0
Be,36.0,-124.0,94.3,37.95,-120.42,385.0
CsRb,44.0,-118.0,99.9,44.89,-115.25,240.0
CsRb,30.0,-114.0,99.9,32.35,-112.87,283.0
CsRb,46.0,-126.0,99.9,47.5,-123.88,232.0
CsRb,50.0,-124.0,99.8,47.5,-123.88,278.0
CsRb,30.0,-112.0,99.8,32.35,-112.87,274.0
CsRb,32.0,-116.0,99.7,32.35,-112.87,297.0
CsRb,50.0,-126.0,99.7,47.5,-123.88,318.0
CsRb,32.0,-110.0,99.7,32.35,-112.87,273.0
CsRb,46.0,-120.0,99.7,46.61,-115.92,321.0
CsRb,56.0,-134.0,99.6,58.06,-134.46,231.0
CsRb,48.0,-120.0,99.6,47.5,-123.88,295.0
CsRb,50.0,-122.0,99.6,47.5,-123.88,310.0
CsRb,64.0,-148.0,99.6,66.01,-149.92,241.0
CsRb,48.0,-128.0,99.6,47.5,-123.88,313.0
CsRb,56.0,-136.0,99.6,58.06,-134.46,247.0
CsRb,62.0,-156.0,99.6,63.71,-153.6,226.0
CsRb,56.0,-132.0,99.6,58.06,-134.46,273.0
CsRb,36.0,-108.0,99.5,35.87,-105.49,226.0
CsRb,34.0,-116.0,99.5,32.35,-112.87,344.0
CsRb,44.0,-120.0,99.5,44.89,-115.25,390.0
CsRb,34.0,-110.0,99.5,32.35,-112.87,324.0
CsRb,62.0,-150.0,99.5,63.71,-153.6,264.0
CsRb,44.0,-122.0,99.5,47.5,-123.88,416.0
CsRb,44.0,-124.0,99.5,47.5,-123.88,389.0
CsRb,58.0,-130.0,99.4,58.06,-134.46,263.0
CsRb,42.0,-116.0,99.4,44.89,-115.25,327.0
CsRb,50.0,-128.0,99.4,47.5,-123.88,410.0
CsRb,34.0,-108.0,99.4,35.87,-105.49,309.0
CsRb,64.0,-146.0,99.4,66.01,-149.92,290.0
CsRb,42.0,-118.0,99.4,44.89,-115.25,391.0
CsRb,10.0,-86.0,99.4,12.75,-86.74,316.0
CsRb,44.0,-112.0,99.4,44.89,-115.25,276.0
CsRb,66.0,-144.0,99.3,66.01,-149.92,268.0
CsRb,38.0,-108.0,99.3,39.06,-105.53,245.0
CsRb,46.0,-128.0,99.3,47.5,-123.88,355.0
CsRb,40.0,-108.0,99.3,39.06,-105.53,236.0
CsRb,30.0,-116.0,99.3,32.35,-112.87,396.0
CsRb,60.0,-136.0,99.3,58.06,-134.46,233.0
CsRb,-26.0,-70.0,99.3,-25.25,-67.0,312.0
CsRb,12.0,-84.0,99.3,12.75,-86.74,309.0
CsRb,-28.0,-68.0,99.3,-25.25,-67.0,322.0
CsRb,34.0,-104.0,99.3,35.87,-105.49,248.0
CsRb,68.0,-148.0,99.3,66.01,-149.92,236.0
CsRb,60.0,-132.0,99.2,58.06,-134.46,258.0
CsRb,46.0,-112.0,99.2,44.89,-115.25,282.0
CsRb,68.0,-152.0,99.2,66.01,-149.92,239.0
CsRb,66.0,-156.0,99.2,63.95,-153.22,263.0
CsRb,62.0,-158.0,99.2,63.71,-153.6,293.0
CsRb,-24.0,-70.0,99.2,-25.25,-67.0,334.0
CsRb,-28.0,-66.0,99.2,-25.25,-67.0,322.0
CsRb,42.0,-114.0,99.2,44.89,-115.25,337.0
CsRb,44.0,-126.0,99.2,47.5,-123.88,422.0
CsRb,30.0,-110.0,99.2,32.35,-112.87,378.0
CsRb,56.0,-138.0,99.1,58.06,-134.46,314.0
CsRb,56.0,-130.0,99.1,58.06,-134.46,354.0
CsRb,50.0,-120.0,99.1,47.5,-123.88,398.0
CsRb,68.0,-146.0,99.1,66.01,-149.92,279.0
CsRb,10.0,-88.0,99.1,12.75,-86.74,335.0
CsRb,62.0,-148.0,99.0,63.95,-153.22,341.0
CsRb,14.0,-84.0,99.0,12.75,-86.74,327.0
CsRb,14.0,-90.0,99.0,12.75,-86.74,379.0
CsRb,-22.0,-68.0,99.0,-25.25,-67.0,375.0
CsRb,36.0,-112.0,99.0,32.35,-112.87,414.0
CsRb,36.0,-114.0,99.0,32.35,-112.87,419.0
CsRb,-26.0,-64.0,99.0,-25.25,-67.0,312.0
CsRb,12.0,-90.0,98.9,12.75,-86.74,364.0
CsRb,42.0,-106.0,98.9,43.75,-103.72,269.0
CsRb,68.0,-154.0,98.9,66.01,-149.92,283.0
CsRb,64.0,-144.0,98.9,66.01,-149.92,357.0
CsRb,60.0,-138.0,98.9,58.06,-134.46,296.0
CsRb,16.0,-88.0,98.9,12.75,-86.74,386.0
CsRb,-22.0,-66.0,98.9,-25.25,-67.0,375.0
CsRb,42.0,-120.0,98.9,44.89,-115.25,500.0
CsRb,-24.0,-64.0,98.8,-25.25,-67.0,334.0
CsRb,48.0,-112.0,98.8,46.55,-115.62,317.0
CsRb,16.0,-86.0,98.8,12.75,-86.74,370.0
CsRb,42.0,-102.0,98.8,43.75,-103.72,240.0
CsRb,36.0,-110.0,98.8,35.87,-105.49,406.0
CsRb,64.0,-160.0,98.8,63.71,-153.6,315.0
CsRb,60.0,-130.0,98.7,58.06,-134.46,334.0
CsRb,58.0,-140.0,98.7,58.06,-134.46,326.0
CsRb,66.0,-158.0,98.7,63.95,-153.22,320.0
CsRb,60.0,-154.0,98.7,63.71,-153.6,413.0
CsRb,50.0,-118.0,98.6,46.61,-115.92,407.0
CsRb,66.0,-142.0,98.6,66.01,-149.92,358.0
CsRb,10.0,-84.0,98.6,12.75,-86.74,427.0
CsRb,54.0,-134.0,98.6,58.06,-134.46,452.0
CsRb,60.0,-152.0,98.6,63.71,-153.6,421.0
CsRb,50.0,-116.0,98.6,46.61,-115.92,377.0
CsRb,68.0,-144.0,98.6,66.01,-149.92,339.0
CsRb,58.0,-128.0,98.6,58.06,-134.46,380.0
CsRb,48.0,-130.0,98.6,47.5,-123.88,461.0
CsRb,52.0,-126.0,98.5,47.5,-123.88,523.0
CsRb,52.0,-124.0,98.5,47.5,-123.88,500.0
CsRb,-28.0,-70.0,98.5,-25.25,-67.0,427.0
CsRb,46.0,-104.0,98.5,43.75,-103.72,251.0
CsRb,54.0,-132.0,98.4,58.06,-134.46,477.0
CsRb,36.0,-102.0,98.4,35.87,-105.49,315.0
CsRb,60.0,-156.0,98.4,63.71,-153.6,431.0
CsRb,50.0,-130.0,98.4,47.5,-123.88,528.0
CsRb,28.0,-114.0,98.4,32.35,-112.87,496.0
CsRb,46.0,92.0,98.4,47.25,89.62,229.0
CsRb,-18.0,32.0,98.4,-19.95,31.43,225.0
CsRb,30.0,-102.0,98.3,30.78,-98.43,353.0
CsRb,28.0,-112.0,98.3,32.35,-112.87,491.0
CsRb,68.0,-156.0,98.3,66.01,-149.92,344.0
CsRb,40.0,-102.0,98.3,39.06,-105.53,320.0
CsRb,44.0,-108.0,98.3,43.75,-103.72,344.0
CsRb,32.0,-118.0,98.3,32.35,-112.87,484.0
CsRb,62.0,-160.0,98.3,63.71,-153.6,376.0
CsRb,30.0,-96.0,98.3,30.78,-98.43,249.0
CsRb,54.0,-136.0,98.3,58.06,-134.46,461.0
CsRb,32.0,-108.0,98.3,32.35,-112.87,460.0
CsRb,28.0,-100.0,98.2,30.78,-98.43,345.0
CsRb,38.0,-110.0,98.2,39.06,-105.53,406.0
CsRb,34.0,82.0,98.2,32.0,82.5,227.0
CsRb,30.0,82.0,98.2,32.0,82.5,227.0
CsRb,38.0,-78.0,98.2,36.87,-80.17,229.0
CsRb,36.0,72.0,98.2,34.7,70.02,231.0
CsRb,46.0,-106.0,98.2,43.75,-103.72,308.0
Sc,42.0,-120.0,99.9,40.71,-122.84,277.0
Sc,44.0,-114.0,99.9,43.82,-111.15,229.0
Sc,40.0,-126.0,99.9,40.71,-122.84,279.0
Sc,42.0,-126.0,99.9,40.71,-122.84,300.0
Sc,42.0,-114.0,99.8,40.28,-112.18,245.0
Sc,38.0,-112.0,99.8,40.28,-112.18,254.0
Sc,44.0,-122.0,99.8,40.71,-122.84,372.0
Sc,42.0,-110.0,99.7,43.82,-111.15,223.0
Sc,46.0,-112.0,99.7,43.82,-111.15,251.0
Sc,36.0,-120.0,99.7,38.92,-120.07,325.0
Sc,38.0,-124.0,99.7,40.71,-122.84,317.0
Sc,38.0,-114.0,99.7,40.28,-112.18,298.0
Sc,40.0,-116.0,99.7,40.28,-112.18,326.0
Sc,56.0,-134.0,99.7,58.28,-134.4,255.0
Sc,44.0,-124.0,99.7,40.71,-122.84,378.0
Sc,42.0,-118.0,99.6,38.92,-120.07,385.0
Sc,46.0,-110.0,99.6,43.82,-111.15,259.0
Sc,62.0,-152.0,99.6,63.2,-155.88,239.0
Sc,44.0,-108.0,99.6,43.82,-111.15,253.0
Sc,46.0,-114.0,99.6,43.82,-111.15,330.0
Sc,42.0,-116.0,99.6,40.28,-112.18,373.0
Sc,38.0,-110.0,99.6,40.28,-112.18,316.0
Sc,56.0,-136.0,99.6,58.28,-134.4,271.0
Sc,44.0,-120.0,99.6,40.71,-122.84,434.0
Sc,56.0,-132.0,99.6,58.28,-134.4,292.0
Sc,36.0,-122.0,99.6,38.92,-120.07,367.0
Sc,58.0,-130.0,99.5,58.28,-134.4,260.0
Sc,44.0,-116.0,99.5,43.82,-111.15,389.0
Sc,36.0,-118.0,99.5,38.92,-120.07,373.0
Sc,38.0,-116.0,99.5,38.92,-120.07,369.0
Sc,60.0,-132.0,99.5,58.28,-134.4,235.0
Sc,62.0,-160.0,99.4,63.2,-155.88,249.0
Sc,64.0,-150.0,99.4,63.2,-155.88,304.0
Sc,-32.0,-74.0,99.4,-32.73,-71.5,248.0
Sc,-34.0,-74.0,99.4,-32.73,-71.5,272.0
Sc,40.0,-108.0,99.4,40.28,-112.18,357.0
Sc,42.0,-108.0,99.4,43.82,-111.15,327.0
Sc,38.0,-126.0,99.4,40.71,-122.84,406.0
Sc,44.0,-126.0,99.3,40.71,-122.84,449.0
Sc,60.0,-138.0,99.3,58.28,-134.4,281.0
Sc,40.0,-128.0,99.3,40.71,-122.84,444.0
Sc,62.0,-150.0,99.3,63.2,-155.88,329.0
Sc,42.0,-128.0,99.3,40.71,-122.84,454.0
Sc,56.0,-138.0,99.2,58.28,-134.4,334.0
Sc,56.0,-130.0,99.2,58.28,-134.4,367.0
Sc,66.0,-154.0,99.2,63.2,-155.88,324.0
Sc,60.0,-130.0,99.2,58.28,-134.4,315.0
Sc,66.0,-156.0,99.2,63.2,-155.88,311.0
Sc,-32.0,-68.0,99.2,-32.73,-71.5,339.0
Sc,-30.0,-72.0,99.2,-32.73,-71.5,307.0
Sc,46.0,-108.0,99.2,43.82,-111.15,347.0
Sc,38.0,-94.0,99.2,38.3,-91.46,225.0
Sc,-34.0,-68.0,99.2,-32.73,-71.5,354.0
Sc,66.0,-176.0,99.1,67.7,-178.75,224.0
Sc,60.0,-156.0,99.1,63.2,-155.88,356.0
Sc,-34.0,142.0,99.1,-32.34,140.63,224.0
Sc,40.0,-90.0,99.1,38.3,-91.46,227.0
Sc,46.0,-116.0,99.1,43.82,-111.15,452.0
Sc,-36.0,-72.0,99.1,-32.73,-71.5,366.0
Sc,-30.0,-70.0,99.1,-32.73,-71.5,335.0
Sc,36.0,-112.0,99.1,40.28,-112.18,476.0
Sc,60.0,-154.0,99.1,63.2,-155.88,369.0
Sc,58.0,-140.0,99.1,58.28,-134.4,330.0
Sc,64.0,-162.0,99.1,63.2,-155.88,315.0
Sc,66.0,-152.0,99.1,63.2,-155.88,362.0
Sc,50.0,32.0,99.0,48.42,34.33,244.0
Sc,66.0,-158.0,99.0,63.2,-155.88,327.0
Sc,-32.0,138.0,99.0,-32.34,140.63,250.0
Sc,-36.0,-70.0,99.0,-32.73,-71.5,389.0
Sc,70.0,-178.0,99.0,67.7,-178.75,258.0
Sc,36.0,-92.0,99.0,38.3,-91.46,260.0
Sc,44.0,-118.0,99.0,40.71,-122.84,540.0
Sc,60.0,-158.0,99.0,63.2,-155.88,373.0
Sc,70.0,-180.0,99.0,67.7,-178.75,261.0
Sc,36.0,-114.0,99.0,40.28,-112.18,502.0
Sc,64.0,-148.0,99.0,63.2,-155.88,399.0
Sc,36.0,-116.0,99.0,38.92,-120.07,484.0
Sc,46.0,34.0,99.0,48.42,34.33,270.0
Sc,58.0,-128.0,98.9,58.28,-134.4,377.0
Sc,-30.0,140.0,98.9,-32.34,140.63,267.0
Sc,38.0,-108.0,98.9,40.28,-112.18,441.0
Sc,-18.0,-62.0,98.9,-15.51,-60.7,310.0
Sc,-18.0,-60.0,98.9,-15.51,-60.7,287.0
Sc,70.0,-176.0,98.9,67.7,-178.75,278.0
Sc,62.0,-162.0,98.9,63.2,-155.88,340.0
Sc,68.0,-172.0,98.9,67.7,-178.75,285.0
Sc,48.0,38.0,98.9,48.42,34.33,276.0
Sc,40.0,-94.0,98.9,38.3,-91.46,289.0
Sc,66.0,-174.0,98.9,67.7,-178.75,281.0
Sc,36.0,-90.0,98.9,38.3,-91.46,287.0
Sc,60.0,-152.0,98.8,63.2,-155.88,411.0
Sc,-16.0,-58.0,98.8,-15.51,-60.7,294.0
Sc,-30.0,142.0,98.8,-32.34,140.63,291.0
Sc,36.0,-124.0,98.8,38.92,-120.07,475.0
Sc,46.0,36.0,98.8,48.42,34.33,297.0
Sc,66.0,-150.0,98.8,63.2,-155.88,419.0
Sc,36.0,-110.0,98.8,40.28,-112.18,513.0
Sc,60.0,-140.0,98.8,58.28,-134.4,372.0
Sc,-16.0,-64.0,98.8,-15.51,-60.7,357.0
Sc,66.0,-160.0,98.8,63.2,-155.88,368.0
Sc,-34.0,138.0,98.8,-32.34,140.63,307.0
Sc,38.0,-88.0,98.8,38.3,-91.46,304.0
Sc,54.0,-134.0,98.8,58.28,-134.4,477.0
Sc,70.0,-174.0,98.7,67.7,-178.75,319.0
Sc,50.0,38.0,98.7,48.42,34.33,319.0
Sc,44.0,-106.0,98.7,43.82,-111.15,413.0
Sc,46.0,32.0,98.7,48.42,34.33,321.0
Sc,-32.0,144.0,98.7,-32.34,140.63,319.0
Sc,-36.0,-74.0,98.7,-32.73,-71.5,430.0
Sc,54.0,-132.0,98.7,58.28,-134.4,499.0
Sc,62.0,-148.0,98.7,63.2,-155.88,424.0
Sc,48.0,30.0,98.7,48.42,34.33,324.0
Sc,60.0,-160.0,98.7,63.2,-155.88,417.0
Sc,44.0,-128.0,98.7,40.71,-122.84,560.0
Sc,-30.0,-74.0,98.7,-32.73,-71.5,385.0
Sc,60.0,-128.0,98.6,58.28,-134.4,412.0
Sc,46.0,-122.0,98.6,40.71,-122.84,592.0
Sc,42.0,-106.0,98.6,43.82,-111.15,466.0
Sc,-14.0,-58.0,98.6,-15.51,-60.7,335.0
Sc,36.0,-94.0,98.6,38.3,-91.46,341.0
Zr,30.0,-114.0,99.7,31.1,-116.28,250.0
Zr,44.0,-120.0,99.6,41.81,-118.15,286.0
Zr,30.0,-112.0,99.6,31.75,-110.82,225.0
Zr,40.0,-126.0,99.6,39.07,-123.46,241.0
Zr,34.0,-110.0,99.5,35.74,-108.51,236.0
Zr,48.0,-128.0,99.5,48.01,-124.68,247.0
Zr,50.0,-128.0,99.5,48.26,-124.68,309.0
Zr,38.0,-126.0,99.4,39.07,-123.46,251.0
Zr,36.0,-122.0,99.4,37.32,-119.65,256.0
Zr,48.0,-120.0,99.3,46.48,-117.6,248.0
Zr,44.0,-128.0,99.3,43.32,-124.6,284.0
Zr,50.0,-122.0,99.2,48.26,-124.68,275.0
Zr,20.0,-102.0,99.2,20.87,-99.62,266.0
Zr,46.0,-128.0,99.2,46.31,-124.06,305.0
Zr,42.0,-128.0,99.2,43.32,-124.6,314.0
Zr,32.0,-108.0,99.1,31.75,-110.82,268.0
Zr,0.0,30.0,98.8,0.68,32.15,251.0
Zr,28.0,-116.0,98.8,31.1,-116.28,346.0
Zr,52.0,-130.0,98.8,54.93,-132.18,356.0
Zr,-2.0,38.0,98.8,-3.32,39.87,254.0
Zr,18.0,-100.0,98.7,20.87,-99.62,322.0
Zr,52.0,-132.0,98.7,54.93,-132.18,326.0
Zr,54.0,-128.0,98.7,54.93,-132.18,289.0
Zr,22.0,-102.0,98.7,20.87,-99.62,277.0
Zr,28.0,-114.0,98.6,31.1,-116.28,409.0
Zr,48.0,-130.0,98.6,48.01,-124.68,396.0
Zr,50.0,-130.0,98.6,48.26,-124.68,433.0
Zr,54.0,-136.0,98.6,54.93,-132.18,268.0
Zr,40.0,-128.0,98.6,39.07,-123.46,403.0
Zr,56.0,-136.0,98.6,58.06,-134.46,247.0
Zr,2.0,30.0,98.6,0.68,32.15,280.0
Zr,2.0,34.0,98.5,0.68,32.15,252.0
Zr,18.0,-102.0,98.5,20.87,-99.62,405.0
Zr,36.0,-124.0,98.5,39.07,-123.46,345.0
Zr,-6.0,38.0,98.4,-4.42,39.42,236.0
Zr,52.0,-126.0,98.4,48.26,-124.68,426.0
Zr,52.0,-128.0,98.4,54.93,-132.18,427.0
Zr,28.0,-112.0,98.3,31.75,-110.82,432.0
Zr,60.0,-156.0,98.3,62.05,-154.07,251.0
Zr,32.0,-120.0,98.3,34.38,-118.41,303.0
Zr,34.0,128.0,98.2,36.0,126.67,253.0
Zr,52.0,-134.0,98.2,54.93,-132.18,347.0
Zr,50.0,-118.0,98.2,47.6,-116.28,295.0
Zr,58.0,-130.0,98.2,58.06,-134.46,263.0
Zr,-40.0,174.0,98.2,-41.73,171.71,272.0
Zr,66.0,-150.0,98.2,64.1,-152.93,252.0
Zr,-14.0,-72.0,98.2,-14.68,-69.53,277.0
Zr,34.0,126.0,98.1,36.0,126.67,231.0
Zr,56.0,-128.0,98.1,54.93,-132.18,289.0
Zr,52.0,-124.0,98.1,48.26,-124.68,419.0
Zr,50.0,-116.0,98.1,47.6,-116.28,268.0
Zr,-2.0,32.0,98.1,0.68,32.15,299.0
Zr,30.0,-108.0,98.0,31.75,-110.82,332.0
Zr,56.0,-138.0,98.0,58.35,-136.61,274.0
Zr,66.0,-148.0,98.0,64.23,-143.8,278.0
Zr,-40.0,170.0,98.0,-41.75,171.54,234.0
Zr,50.0,-120.0,98.0,47.6,-116.28,381.0
Zr,60.0,-132.0,98.0,58.37,-134.47,229.0
Zr,-4.0,42.0,98.0,-3.12,40.15,228.0
Zr,28.0,-110.0,98.0,31.75,-110.82,424.0
Zr,-16.0,-72.0,97.9,-14.68,-69.53,303.0
Zr,34.0,-122.0,97.9,34.38,-118.41,333.0
Zr,20.0,-104.0,97.9,20.87,-99.62,467.0
Zr,-2.0,42.0,97.9,-3.12,40.15,240.0
Zr,10.0,-86.0,97.9,12.75,-86.74,316.0
Zr,52.0,94.0,97.9,49.47,93.03,290.0
Zr,38.0,-128.0,97.8,39.07,-123.46,412.0
Zr,44.0,-130.0,97.8,43.32,-124.6,441.0
Zr,18.0,-98.0,97.8,20.87,-99.62,362.0
Zr,34.0,-102.0,97.7,34.72,-98.78,306.0
Zr,36.0,130.0,97.7,36.92,126.92,294.0
Zr,12.0,-84.0,97.7,12.75,-86.74,309.0
Zr,52.0,96.0,97.7,49.47,93.03,351.0
Zr,38.0,-102.0,97.7,37.77,-105.02,266.0
Zr,40.0,-102.0,97.7,39.4,-105.23,284.0
Zr,60.0,160.0,97.6,61.25,164.95,304.0
Zr,0.0,40.0,97.6,-3.12,40.15,347.0
Zr,28.0,-118.0,97.6,31.1,-116.28,383.0
Zr,46.0,-130.0,97.6,46.31,-124.06,459.0
Zr,-2.0,34.0,97.6,0.68,32.15,362.0
Zr,-2.0,30.0,97.5,0.68,32.15,382.0
Zr,30.0,-106.0,97.5,33.24,-105.43,364.0
Zr,-4.0,36.0,97.5,-4.42,39.42,382.0
Zr,-12.0,-70.0,97.5,-14.68,-69.53,302.0
Zr,50.0,-112.0,97.5,48.17,-109.71,263.0
Zr,32.0,28.0,97.4,31.42,30.38,235.0
Zr,60.0,-158.0,97.4,62.05,-154.07,311.0
Zr,62.0,-160.0,97.4,63.58,-155.98,269.0
Zr,66.0,-140.0,97.4,64.23,-143.8,265.0
Zr,44.0,-104.0,97.4,42.87,-106.85,262.0
Zr,42.0,-102.0,97.3,41.6,-105.33,280.0
Zr,58.0,-152.0,97.3,61.03,-151.3,339.0
Zr,62.0,160.0,97.3,61.25,164.95,274.0
Zr,58.0,-146.0,97.2,60.35,-145.54,263.0
Zr,58.0,-148.0,97.1,60.35,-145.54,296.0
Zr,54.0,-126.0,97.0,54.93,-132.18,412.0
Zr,-12.0,128.0,97.0,-11.82,130.15,235.0
Zr,44.0,20.0,97.0,44.92,22.97,257.0
Zr,18.0,-104.0,97.0,20.87,-99.62,559.0
Zr,66.0,-160.0,96.9,67.55,-156.61,228.0
Zr,34.0,30.0,96.8,31.42,30.38,289.0
Zr,50.0,-114.0,96.8,47.6,-116.28,315.0
Zr,52.0,92.0,96.8,49.47,93.03,291.0
Zr,36.0,-102.0,96.7,34.75,-98.78,323.0
Zr,40.0,130.0,96.7,38.33,128.42,230.0
Zr,-10.0,128.0,96.6,-11.82,130.15,310.0
Zr,10.0,-88.0,96.6,12.75,-86.74,335.0
Zr,4.0,98.0,96.6,4.77,101.11,355.0
Zr,52.0,-122.0,96.5,48.26,-124.68,458.0
Zr,0.0,102.0,96.4,3.08,101.5,347.0
Zr,68.0,-150.0,96.4,67.55,-156.61,282.0
Zr,38.0,132.0,96.3,38.33,128.42,315.0
Zr,50.0,98.0,96.3,49.47,93.03,362.0
Zr,36.0,124.0,96.2,36.0,126.67,240.0
Zr,32.0,-102.0,96.2,33.24,-105.43,350.0
Zr,62.0,120.0,96.0,64.0,122.0,244.0
Zr,58.0,-150.0,96.0,61.03,-151.3,345.0
Zr,48.0,96.0,96.0,49.47,93.03,272.0
Zr,30.0,-104.0,95.9,33.24,-105.43,385.0
Zr,50.0,90.0,95.9,49.47,93.03,226.0
Graphite,30.0,-114.0,99.6,30.4,-111.53,241.0
Graphite,42.0,-120.0,99.5,41.72,-123.05,254.0
Graphite,44.0,-120.0,99.5,42.61,-122.98,286.0
Graphite,30.0,-116.0,99.2,32.48,-116.25,277.0
Graphite,38.0,-126.0,99.2,38.92,-123.55,237.0
Graphite,48.0,-126.0,99.2,48.67,-122.41,276.0
Graphite,50.0,-126.0,99.2,48.67,-122.41,299.0
Graphite,44.0,-126.0,99.1,42.61,-122.98,289.0
Graphite,34.0,-108.0,99.1,32.2,-109.57,248.0
Graphite,38.0,-114.0,98.8,35.79,-114.27,247.0
Graphite,28.0,-114.0,98.6,28.94,-110.94,317.0
Graphite,0.0,-80.0,98.5,-1.38,-78.37,237.0
Graphite,4.0,38.0,98.5,5.9,39.0,239.0
Graphite,12.0,44.0,98.5,10.0,43.83,223.0
Graphite,44.0,10.0,98.5,44.88,7.32,234.0
Graphite,38.0,-112.0,98.4,40.55,-111.57,286.0
Graphite,36.0,14.0,98.4,32.87,12.97,361.0
Graphite,36.0,12.0,98.3,32.87,12.97,360.0
Graphite,46.0,-126.0,98.3,47.11,-121.94,334.0
Graphite,26.0,-112.0,98.2,28.48,-110.68,305.0
Graphite,8.0,38.0,98.2,5.9,39.0,258.0
Graphite,4.0,40.0,98.2,5.9,39.0,239.0
Graphite,46.0,4.0,98.2,44.88,7.32,287.0
Graphite,54.0,98.0,98.2,52.46,100.75,250.0
Graphite,8.0,40.0,98.2,5.9,39.0,258.0
Graphite,46.0,10.0,98.1,44.88,7.32,243.0
Graphite,44.0,4.0,98.1,44.88,7.32,281.0
Graphite,34.0,-106.0,98.1,36.75,-105.5,309.0
Graphite,56.0,-136.0,98.1,56.99,-132.79,226.0
Graphite,-2.0,40.0,98.1,-3.46,38.38,242.0
Graphite,34.0,-122.0,98.0,36.28,-121.56,257.0
Graphite,-6.0,36.0,98.0,-7.12,37.79,234.0
Graphite,-16.0,-74.0,97.9,-16.08,-71.91,224.0
Graphite,42.0,-128.0,97.9,41.21,-123.77,362.0
Graphite,-14.0,-72.0,97.9,-16.08,-71.91,231.0
Graphite,48.0,10.0,97.8,48.62,13.65,278.0
Graphite,14.0,122.0,97.8,15.55,120.5,236.0
Graphite,46.0,12.0,97.8,47.48,14.5,252.0
Graphite,30.0,-118.0,97.8,32.48,-116.25,322.0
Graphite,12.0,-86.0,97.8,13.82,-87.3,247.0
Graphite,34.0,16.0,97.8,32.87,12.97,308.0
Graphite,12.0,42.0,97.7,10.0,43.83,299.0
Graphite,62.0,-156.0,97.7,61.01,-159.94,236.0
Graphite,34.0,10.0,97.7,32.87,12.97,303.0
Graphite,30.0,-102.0,97.7,29.22,-104.23,232.0
Graphite,40.0,-128.0,97.6,39.91,-123.55,379.0
Graphite,52.0,-120.0,97.6,49.77,-117.77,293.0
Graphite,10.0,46.0,97.6,9.92,43.9,230.0
Graphite,60.0,-156.0,97.6,61.01,-159.94,243.0
Graphite,52.0,-118.0,97.5,49.77,-117.77,248.0
Graphite,50.0,10.0,97.5,48.62,13.65,306.0
Graphite,32.0,-120.0,97.5,34.2,-118.25,294.0
Graphite,-38.0,-68.0,97.5,-37.11,-70.58,248.0
Graphite,18.0,-100.0,97.5,17.33,-96.87,340.0
Graphite,34.0,128.0,97.5,36.25,128.33,252.0
Graphite,50.0,-128.0,97.4,48.67,-122.41,431.0
Graphite,36.0,-102.0,97.4,36.84,-104.53,245.0
Graphite,34.0,-104.0,97.4,36.84,-104.53,319.0
Graphite,50.0,100.0,97.3,52.46,100.75,278.0
Graphite,32.0,-104.0,97.3,29.22,-104.23,310.0
Graphite,54.0,-132.0,97.3,56.99,-132.79,336.0
Graphite,64.0,-152.0,97.3,64.68,-146.86,259.0
Graphite,14.0,-84.0,97.3,14.49,-86.16,239.0
Graphite,-2.0,-76.0,97.3,-1.38,-78.26,260.0
Graphite,26.0,-106.0,97.3,27.43,-108.94,332.0
Graphite,54.0,104.0,97.2,52.46,100.75,276.0
Graphite,52.0,-124.0,97.1,48.78,-122.3,378.0
Graphite,42.0,18.0,97.1,44.27,20.0,300.0
Graphite,8.0,42.0,97.1,9.92,43.9,299.0
Graphite,54.0,106.0,97.1,51.85,106.1,239.0
Graphite,42.0,20.0,97.0,44.27,20.0,252.0
Graphite,64.0,-142.0,97.0,64.68,-146.86,246.0
Graphite,-12.0,32.0,96.9,-13.66,33.92,278.0
Graphite,62.0,-152.0,96.8,59.44,-151.7,285.0
Graphite,52.0,-122.0,96.8,48.78,-122.3,359.0
Graphite,6.0,36.0,96.8,5.9,39.0,332.0
Graphite,60.0,-132.0,96.7,59.43,-136.2,244.0
Graphite,54.0,-134.0,96.7,56.99,-132.79,341.0
Graphite,50.0,104.0,96.7,51.85,106.1,253.0
Graphite,20.0,-98.0,96.7,17.33,-96.87,320.0
Graphite,38.0,-102.0,96.7,36.86,-104.53,257.0
Graphite,-10.0,36.0,96.7,-10.41,38.8,310.0
Graphite,46.0,-108.0,96.6,46.32,-111.5,272.0
Graphite,42.0,8.0,96.6,44.88,7.32,325.0
Graphite,48.0,-128.0,96.6,48.67,-122.41,420.0
Graphite,40.0,-102.0,96.6,40.59,-105.08,269.0
Graphite,18.0,120.0,96.5,15.55,120.5,278.0
Graphite,50.0,102.0,96.5,52.46,100.75,287.0
Graphite,-14.0,36.0,96.4,-13.66,33.92,228.0
Graphite,66.0,-158.0,96.4,67.58,-154.88,223.0
Graphite,16.0,118.0,96.4,15.55,120.5,272.0
Graphite,0.0,-76.0,96.4,-1.38,-78.26,294.0
Graphite,-4.0,-82.0,96.3,-3.95,-79.33,296.0
Graphite,50.0,-114.0,96.3,49.77,-117.77,271.0
Graphite,0.0,34.0,96.3,0.75,37.0,344.0
Graphite,58.0,-156.0,96.3,59.44,-151.7,295.0
Graphite,-6.0,40.0,96.2,-7.12,37.79,274.0
Graphite,34.0,130.0,96.2,36.25,128.33,293.0
Graphite,48.0,8.0,96.2,44.88,7.32,350.0
Graphite,20.0,-96.0,96.2,17.33,-96.87,310.0
Graphite,-34.0,-72.0,96.2,-32.9,-69.13,293.0
Graphite,-34.0,-66.0,96.2,-34.51,-68.77,261.0
Graphite,52.0,96.0,96.1,52.46,100.75,327.0
Graphite,62.0,-150.0,96.1,59.44,-151.69,299.0
Graphite,-12.0,36.0,96.1,-13.66,33.92,291.0
Graphite,12.0,-90.0,96.1,14.45,-88.96,295.0
Graphite,66.0,-142.0,96.1,64.68,-146.86,269.0
Graphite,-26.0,-68.0,96.1,-28.74,-67.83,305.0
Graphite,58.0,-148.0,96.0,59.44,-151.69,266.0
Graphite,52.0,16.0,96.0,50.13,17.33,228.0
Graphite,18.0,-94.0,95.9,17.33,-96.86,312.0
Graphite,-2.0,-82.0,95.9,-3.7,-79.27,357.0
Graphite,-32.0,-72.0,95.9,-32.9,-69.13,287.0
Graphite,62.0,-154.0,95.9,59.44,-151.7,311.0
Graphite,42.0,6.0,95.9,44.88,7.32,337.0
Graphite,56.0,-128.0,95.9,56.99,-132.79,314.0
Graphite,18.0,122.0,95.8,15.55,120.5,316.0
Graphite,-14.0,-70.0,95.7,-16.08,-71.91,309.0
Graphite,60.0,-164.0,95.7,61.01,-159.94,249.0
Graphite,44.0,134.0,95.7,45.92,132.48,244.0
