family,cell_lat,cell_lon,score_pct,nearest_anchor_km,country,is_land,on_glacier,nearest_city_km,country_mrds_n,country_province_n,mining_polygons_n,reporting_gap,tier
CsRb,50.0,-124.0,99.8,278.0,Canada,True,False,102,4255,7,16415,True,高优先级-数据空洞优先核验
Au,52.0,-126.0,99.7,230.0,Canada,True,False,365,4255,7,16415,True,高优先级-数据空洞优先核验
Cr,50.0,-126.0,99.7,226.0,Canada,True,False,222,4255,7,16415,True,高优先级-数据空洞优先核验
CsRb,50.0,-126.0,99.7,318.0,Canada,True,False,222,4255,7,16415,True,高优先级-数据空洞优先核验
Li,50.0,-122.0,99.6,235.0,Canada,True,False,114,4255,7,16415,True,高优先级-数据空洞优先核验
Li,50.0,-124.0,99.6,353.0,Canada,True,False,102,4255,7,16415,True,高优先级-数据空洞优先核验
TaNb,50.0,-124.0,99.6,273.0,Canada,True,False,102,4255,7,16415,True,高优先级-数据空洞优先核验
Bi,52.0,-126.0,99.6,226.0,Canada,True,False,365,4255,7,16415,True,高优先级-数据空洞优先核验
CsRb,50.0,-122.0,99.6,310.0,Canada,True,False,114,4255,7,16415,True,高优先级-数据空洞优先核验
OilGas,48.0,122.0,99.5,268.0,China,True,False,1005,1791,6,15458,True,高优先级-数据空洞优先核验
OilGas,24.0,48.0,99.5,225.0,Saudi Arabia,True,False,148,129,2,719,True,高优先级-数据空洞优先核验
Sc,58.0,-130.0,99.5,260.0,Canada,True,False,1070,4255,7,16415,True,高优先级-数据空洞优先核验
Sc,60.0,-132.0,99.5,235.0,Canada,True,False,1320,4255,7,16415,True,高优先级-数据空洞优先核验
Zr,50.0,-128.0,99.5,309.0,Canada,True,False,360,4255,7,16415,True,高优先级-数据空洞优先核验
Li,50.0,-126.0,99.4,486.0,Canada,True,False,222,4255,7,16415,True,高优先级-数据空洞优先核验
As,52.0,-126.0,99.4,243.0,Canada,True,False,365,4255,7,16415,True,高优先级-数据空洞优先核验
Be,50.0,-124.0,99.4,258.0,Canada,True,False,102,4255,7,16415,True,高优先级-数据空洞优先核验
CsRb,58.0,-130.0,99.4,263.0,Canada,True,False,1070,4255,7,16415,True,高优先级-数据空洞优先核验
CsRb,50.0,-128.0,99.4,410.0,Canada,True,False,360,4255,7,16415,True,高优先级-数据空洞优先核验
NiCo,50.0,-126.0,99.3,297.0,Canada,True,False,222,4255,7,16415,True,高优先级-数据空洞优先核验
REE,50.0,-124.0,99.3,289.0,Canada,True,False,102,4255,7,16415,True,高优先级-数据空洞优先核验
OilGas,46.0,122.0,99.3,233.0,China,True,False,817,1791,6,15458,True,高优先级-数据空洞优先核验
Sb,52.0,-126.0,99.3,241.0,Canada,True,False,365,4255,7,16415,True,高优先级-数据空洞优先核验
CsRb,60.0,-136.0,99.3,233.0,Canada,True,False,1447,4255,7,16415,True,高优先级-数据空洞优先核验
Sc,60.0,-138.0,99.3,281.0,Canada,True,False,1522,4255,7,16415,True,高优先级-数据空洞优先核验
REE,52.0,96.0,99.2,230.0,Russia,True,False,902,2587,5,12232,True,高优先级-数据空洞优先核验
Sn,50.0,-126.0,99.2,264.0,Canada,True,False,222,4255,7,16415,True,高优先级-数据空洞优先核验
TaNb,50.0,-126.0,99.2,399.0,Canada,True,False,222,4255,7,16415,True,高优先级-数据空洞优先核验
CsRb,60.0,-132.0,99.2,258.0,Canada,True,False,1320,4255,7,16415,True,高优先级-数据空洞优先核验
Sc,56.0,-130.0,99.2,367.0,Canada,True,False,879,4255,7,16415,True,高优先级-数据空洞优先核验
Sc,60.0,-130.0,99.2,315.0,Canada,True,False,1270,4255,7,16415,True,高优先级-数据空洞优先核验
Zr,50.0,-122.0,99.2,275.0,Canada,True,False,114,4255,7,16415,True,高优先级-数据空洞优先核验
Graphite,50.0,-126.0,99.2,299.0,Canada,True,False,222,4255,7,16415,True,高优先级-数据空洞优先核验
OilGas,56.0,118.0,99.1,1149.0,Russia,True,False,1174,2587,5,12232,True,高优先级-数据空洞优先核验
OilGas,46.0,128.0,99.1,247.0,China,True,False,797,1791,6,15458,True,高优先级-数据空洞优先核验
CsRb,56.0,-130.0,99.1,354.0,Canada,True,False,879,4255,7,16415,True,高优先级-数据空洞优先核验
CsRb,50.0,-120.0,99.1,398.0,Canada,True,False,239,4255,7,16415,True,高优先级-数据空洞优先核验
Sc,66.0,-176.0,99.1,224.0,Russia,True,False,3504,2587,5,12232,True,高优先级-数据空洞优先核验
Sc,-34.0,142.0,99.1,224.0,Australia,True,False,502,2051,10,4706,True,高优先级-数据空洞优先核验
Li,50.0,-128.0,99.0,608.0,Canada,True,False,360,4255,7,16415,True,高优先级-数据空洞优先核验
REE,18.0,42.0,99.0,232.0,Saudi Arabia,True,False,376,129,2,719,True,高优先级-数据空洞优先核验
OilGas,28.0,46.0,99.0,257.0,Saudi Arabia,True,False,246,129,2,719,True,高优先级-数据空洞优先核验
W,52.0,-124.0,99.0,267.0,Canada,True,False,309,4255,7,16415,True,高优先级-数据空洞优先核验
Sn,0.0,100.0,99.0,242.0,Indonesia,True,False,377,228,2,1883,True,高优先级-数据空洞优先核验
Ti,50.0,-128.0,99.0,309.0,Canada,True,False,360,4255,7,16415,True,高优先级-数据空洞优先核验
Sc,-32.0,138.0,99.0,250.0,Australia,True,False,907,2051,10,4706,True,高优先级-数据空洞优先核验
Sc,46.0,34.0,99.0,270.0,Russia,True,False,409,2587,5,12232,True,高优先级-数据空洞优先核验
REE,52.0,-124.0,98.9,286.0,Canada,True,False,309,4255,7,16415,True,高优先级-数据空洞优先核验
REE,56.0,116.0,98.9,304.0,Russia,True,False,1091,2587,5,12232,True,高优先级-数据空洞优先核验
OilGas,48.0,128.0,98.9,281.0,China,True,False,1015,1791,6,15458,True,高优先级-数据空洞优先核验
OilGas,44.0,52.0,98.9,259.0,Kazakhstan,True,False,438,770,2,862,True,高优先级-数据空洞优先核验
OilGas,56.0,120.0,98.9,1099.0,Russia,True,False,1265,2587,5,12232,True,高优先级-数据空洞优先核验
OilGas,62.0,72.0,98.9,268.0,Russia,True,False,1204,2587,5,12232,True,高优先级-数据空洞优先核验
Mn,50.0,-126.0,98.9,225.0,Canada,True,False,222,4255,7,16415,True,高优先级-数据空洞优先核验
TaNb,52.0,-124.0,98.9,332.0,Canada,True,False,309,4255,7,16415,True,高优先级-数据空洞优先核验
CsRb,60.0,-138.0,98.9,296.0,Canada,True,False,1522,4255,7,16415,True,高优先级-数据空洞优先核验
Sc,58.0,-128.0,98.9,377.0,Canada,True,False,1021,4255,7,16415,True,高优先级-数据空洞优先核验
Sc,-30.0,140.0,98.9,267.0,Australia,True,False,983,2051,10,4706,True,高优先级-数据空洞优先核验
Sc,66.0,-174.0,98.9,281.0,Russia,True,False,3415,2587,5,12232,True,高优先级-数据空洞优先核验
OilGas,48.0,54.0,98.8,267.0,Kazakhstan,True,False,907,770,2,862,True,高优先级-数据空洞优先核验
OilGas,50.0,124.0,98.8,384.0,China,True,False,1229,1791,6,15458,True,高优先级-数据空洞优先核验
OilGas,56.0,116.0,98.8,1212.0,Russia,True,False,1091,2587,5,12232,True,高优先级-数据空洞优先核验
ZnPb,52.0,-126.0,98.8,290.0,Canada,True,False,365,4255,7,16415,True,高优先级-数据空洞优先核验
W,52.0,-126.0,98.8,325.0,Canada,True,False,365,4255,7,16415,True,高优先级-数据空洞优先核验
Sn,54.0,-132.0,98.8,276.0,Canada,True,False,806,4255,7,16415,True,高优先级-数据空洞优先核验
Sb,50.0,-126.0,98.8,264.0,Canada,True,False,222,4255,7,16415,True,高优先级-数据空洞优先核验
Bi,52.0,-124.0,98.8,266.0,Canada,True,False,309,4255,7,16415,True,高优先级-数据空洞优先核验
Sc,-16.0,-58.0,98.8,294.0,Brazil,True,False,841,2053,3,6019,True,高优先级-数据空洞优先核验
Sc,-30.0,142.0,98.8,291.0,Australia,True,False,889,2051,10,4706,True,高优先级-数据空洞优先核验
Sc,-34.0,138.0,98.8,307.0,Australia,True,False,758,2051,10,4706,True,高优先级-数据空洞优先核验
Li,52.0,-122.0,98.7,422.0,Canada,True,False,313,4255,7,16415,True,高优先级-数据空洞优先核验
Li,52.0,-124.0,98.7,494.0,Canada,True,False,309,4255,7,16415,True,高优先级-数据空洞优先核验
Li,52.0,98.0,98.7,240.0,Russia,True,False,782,2587,5,12232,True,高优先级-数据空洞优先核验
REE,58.0,116.0,98.7,304.0,Russia,True,False,1273,2587,5,12232,True,高优先级-数据空洞优先核验
REE,50.0,-126.0,98.7,427.0,Canada,True,False,222,4255,7,16415,True,高优先级-数据空洞优先核验
REE,54.0,104.0,98.7,235.0,Russia,True,False,706,2587,5,12232,True,高优先级-数据空洞优先核验
REE,54.0,96.0,98.7,297.0,Russia,True,False,1019,2587,5,12232,True,高优先级-数据空洞优先核验
ZnPb,50.0,-128.0,98.7,350.0,Canada,True,False,360,4255,7,16415,True,高优先级-数据空洞优先核验
CsRb,60.0,-130.0,98.7,334.0,Canada,True,False,1270,4255,7,16415,True,高优先级-数据空洞优先核验
Sc,50.0,38.0,98.7,319.0,Russia,True,False,535,2587,5,12232,True,高优先级-数据空洞优先核验
Sc,-32.0,144.0,98.7,319.0,Australia,True,False,599,2051,10,4706,True,高优先级-数据空洞优先核验
Sc,54.0,-132.0,98.7,499.0,Canada,True,False,806,4255,7,16415,True,高优先级-数据空洞优先核验
Zr,54.0,-128.0,98.7,289.0,Canada,True,False,624,4255,7,16415,True,高优先级-数据空洞优先核验
NiCo,50.0,-128.0,98.6,434.0,Canada,True,False,360,4255,7,16415,True,高优先级-数据空洞优先核验
REE,58.0,120.0,98.6,309.0,Russia,True,False,1418,2587,5,12232,True,高优先级-数据空洞优先核验
Cr,50.0,-128.0,98.6,327.0,Canada,True,False,360,4255,7,16415,True,高优先级-数据空洞优先核验
Sn,-2.0,102.0,98.6,287.0,Indonesia,True,False,420,228,2,1883,True,高优先级-数据空洞优先核验
As,50.0,-126.0,98.6,311.0,Canada,True,False,222,4255,7,16415,True,高优先级-数据空洞优先核验
CsRb,50.0,-118.0,98.6,407.0,Canada,True,False,378,4255,7,16415,True,高优先级-数据空洞优先核验
CsRb,50.0,-116.0,98.6,377.0,Canada,True,False,519,4255,7,16415,True,高优先级-数据空洞优先核验
CsRb,58.0,-128.0,98.6,380.0,Canada,True,False,1021,4255,7,16415,True,高优先级-数据空洞优先核验
Sc,60.0,-128.0,98.6,412.0,Canada,True,False,1232,4255,7,16415,True,高优先级-数据空洞优先核验
Sc,-14.0,-58.0,98.6,335.0,Brazil,True,False,955,2053,3,6019,True,高优先级-数据空洞优先核验
NiCo,56.0,120.0,98.5,270.0,Russia,True,False,1265,2587,5,12232,True,高优先级-数据空洞优先核验
Li,52.0,-126.0,98.5,592.0,Canada,True,False,365,4255,7,16415,True,高优先级-数据空洞优先核验
Mn,54.0,96.0,98.5,222.0,Russia,True,False,1019,2587,5,12232,True,高优先级-数据空洞优先核验
Sn,4.0,98.0,98.5,291.0,Indonesia,True,False,420,228,2,1883,True,高优先级-数据空洞优先核验
Sb,52.0,-124.0,98.5,279.0,Canada,True,False,309,4255,7,16415,True,高优先级-数据空洞优先核验
TaNb,54.0,-128.0,98.5,284.0,Canada,True,False,624,4255,7,16415,True,高优先级-数据空洞优先核验
Re,28.0,120.0,98.5,260.0,China,True,False,365,1791,6,15458,True,高优先级-数据空洞优先核验
Bi,50.0,-126.0,98.5,335.0,Canada,True,False,222,4255,7,16415,True,高优先级-数据空洞优先核验
CsRb,52.0,-126.0,98.5,523.0,Canada,True,False,365,4255,7,16415,True,高优先级-数据空洞优先核验
CsRb,52.0,-124.0,98.5,500.0,Canada,True,False,309,4255,7,16415,True,高优先级-数据空洞优先核验
Cu,0.0,100.0,98.4,251.0,Indonesia,True,False,377,228,2,1883,True,高优先级-数据空洞优先核验
Li,52.0,96.0,98.4,252.0,Russia,True,False,902,2587,5,12232,True,高优先级-数据空洞优先核验
Li,52.0,100.0,98.4,302.0,Russia,True,False,671,2587,5,12232,True,高优先级-数据空洞优先核验
REE,52.0,94.0,98.4,283.0,Russia,True,False,1027,2587,5,12232,True,高优先级-数据空洞优先核验
REE,56.0,100.0,98.4,278.0,Russia,True,False,1015,2587,5,12232,True,高优先级-数据空洞优先核验
REE,56.0,122.0,98.4,328.0,Russia,True,False,1364,2587,5,12232,True,高优先级-数据空洞优先核验
REE,52.0,104.0,98.4,289.0,Russia,True,False,499,2587,5,12232,True,高优先级-数据空洞优先核验
W,2.0,100.0,98.4,255.0,Indonesia,True,False,215,228,2,1883,True,高优先级-数据空洞优先核验
W,50.0,-126.0,98.4,357.0,Canada,True,False,222,4255,7,16415,True,高优先级-数据空洞优先核验
Sn,-4.0,104.0,98.4,310.0,Indonesia,True,False,395,228,2,1883,True,高优先级-数据空洞优先核验
TaNb,52.0,96.0,98.4,254.0,Russia,True,False,902,2587,5,12232,True,高优先级-数据空洞优先核验
CsRb,54.0,-132.0,98.4,477.0,Canada,True,False,806,4255,7,16415,True,高优先级-数据空洞优先核验
CsRb,46.0,92.0,98.4,229.0,Mongolia,True,False,425,296,2,449,True,高优先级-数据空洞优先核验
Zr,52.0,-126.0,98.4,426.0,Canada,True,False,365,4255,7,16415,True,高优先级-数据空洞优先核验
NiCo,52.0,98.0,98.3,310.0,Russia,True,False,782,2587,5,12232,True,高优先级-数据空洞优先核验
NiCo,52.0,-124.0,98.3,280.0,Canada,True,False,309,4255,7,16415,True,高优先级-数据空洞优先核验
NiCo,18.0,42.0,98.3,225.0,Saudi Arabia,True,False,376,129,2,719,True,高优先级-数据空洞优先核验
Li,52.0,-120.0,98.3,390.0,Canada,True,False,375,4255,7,16415,True,高优先级-数据空洞优先核验
REE,54.0,-128.0,98.3,286.0,Canada,True,False,624,4255,7,16415,True,高优先级-数据空洞优先核验
REE,56.0,124.0,98.3,275.0,Russia,True,False,1469,2587,5,12232,True,高优先级-数据空洞优先核验
Coal,46.0,88.0,98.3,226.0,China,True,False,246,1791,6,15458,True,高优先级-数据空洞优先核验
Coal,42.0,88.0,98.3,226.0,China,True,False,204,1791,6,15458,True,高优先级-数据空洞优先核验
Sn,50.0,-128.0,98.3,369.0,Canada,True,False,360,4255,7,16415,True,高优先级-数据空洞优先核验
V,50.0,-126.0,98.3,295.0,Canada,True,False,222,4255,7,16415,True,高优先级-数据空洞优先核验
TaNb,58.0,116.0,98.3,270.0,Russia,True,False,1273,2587,5,12232,True,高优先级-数据空洞优先核验
Ag,54.0,160.0,98.3,232.0,Russia,True,False,2568,2587,5,12232,True,高优先级-数据空洞优先核验
Mo,4.0,98.0,98.3,255.0,Indonesia,True,False,420,228,2,1883,True,高优先级-数据空洞优先核验
As,52.0,-124.0,98.3,286.0,Canada,True,False,309,4255,7,16415,True,高优先级-数据空洞优先核验
NiCo,56.0,114.0,98.2,254.0,Russia,True,False,1020,2587,5,12232,True,高优先级-数据空洞优先核验
Li,54.0,116.0,98.2,260.0,Russia,True,False,927,2587,5,12232,True,高优先级-数据空洞优先核验
REE,52.0,-126.0,98.2,422.0,Canada,True,False,365,4255,7,16415,True,高优先级-数据空洞优先核验
Coal,38.0,116.0,98.2,227.0,China,True,False,214,1791,6,15458,True,高优先级-数据空洞优先核验
Coal,-24.0,30.0,98.2,226.0,South Africa,True,False,261,1598,4,1958,True,高优先级-数据空洞优先核验
Coal,36.0,108.0,98.2,232.0,China,True,False,696,1791,6,15458,True,高优先级-数据空洞优先核验
Coal,46.0,86.0,98.2,237.0,China,True,False,274,1791,6,15458,True,高优先级-数据空洞优先核验
Coal,44.0,124.0,98.2,238.0,China,True,False,572,1791,6,15458,True,高优先级-数据空洞优先核验
Coal,46.0,80.0,98.2,237.0,Kazakhstan,True,False,553,770,2,862,True,高优先级-数据空洞优先核验
Cr,52.0,-124.0,98.2,316.0,Canada,True,False,309,4255,7,16415,True,高优先级-数据空洞优先核验
Sn,52.0,-122.0,98.2,344.0,Canada,True,False,313,4255,7,16415,True,高优先级-数据空洞优先核验
CsRb,34.0,82.0,98.2,227.0,China,True,False,754,1791,6,15458,True,高优先级-数据空洞优先核验
Zr,50.0,-118.0,98.2,295.0,Canada,True,False,378,4255,7,16415,True,高优先级-数据空洞优先核验
Zr,58.0,-130.0,98.2,263.0,Canada,True,False,1070,4255,7,16415,True,高优先级-数据空洞优先核验
Graphite,54.0,98.0,98.2,250.0,Russia,True,False,919,2587,5,12232,True,高优先级-数据空洞优先核验
Au,0.0,100.0,98.1,251.0,Indonesia,True,False,377,228,2,1883,True,高优先级-数据空洞优先核验
NiCo,58.0,114.0,98.1,233.0,Russia,True,False,1216,2587,5,12232,True,高优先级-数据空洞优先核验
Li,28.0,120.0,98.1,239.0,China,True,False,365,1791,6,15458,True,高优先级-数据空洞优先核验
REE,54.0,112.0,98.1,247.0,Russia,True,False,764,2587,5,12232,True,高优先级-数据空洞优先核验
PGE,52.0,-126.0,98.1,257.0,Canada,True,False,365,4255,7,16415,True,高优先级-数据空洞优先核验
U,50.0,-124.0,98.1,275.0,Canada,True,False,102,4255,7,16415,True,高优先级-数据空洞优先核验
Coal,-28.0,-52.0,98.1,240.0,Brazil,True,False,635,2053,3,6019,True,高优先级-数据空洞优先核验
Coal,44.0,96.0,98.1,262.0,Mongolia,True,False,675,296,2,449,True,高优先级-数据空洞优先核验
Coal,-24.0,28.0,98.1,243.0,South Africa,True,False,191,1598,4,1958,True,高优先级-数据空洞优先核验
Coal,44.0,84.0,98.1,247.0,China,True,False,287,1791,6,15458,True,高优先级-数据空洞优先核验
TaNb,54.0,118.0,98.1,267.0,Russia,True,False,1028,2587,5,12232,True,高优先级-数据空洞优先核验
Re,60.0,-138.0,98.1,259.0,Canada,True,False,1522,4255,7,16415,True,高优先级-数据空洞优先核验
Be,54.0,-128.0,98.1,284.0,Canada,True,False,624,4255,7,16415,True,高优先级-数据空洞优先核验
Zr,56.0,-128.0,98.1,289.0,Canada,True,False,816,4255,7,16415,True,高优先级-数据空洞优先核验
Zr,52.0,-124.0,98.1,419.0,Canada,True,False,309,4255,7,16415,True,高优先级-数据空洞优先核验
Zr,50.0,-116.0,98.1,268.0,Canada,True,False,519,4255,7,16415,True,高优先级-数据空洞优先核验
Au,4.0,98.0,98.0,246.0,Indonesia,True,False,420,228,2,1883,True,高优先级-数据空洞优先核验
NiCo,58.0,120.0,98.0,283.0,Russia,True,False,1418,2587,5,12232,True,高优先级-数据空洞优先核验
Li,50.0,-116.0,98.0,317.0,Canada,True,False,519,4255,7,16415,True,高优先级-数据空洞优先核验
REE,54.0,-124.0,98.0,273.0,Canada,True,False,529,4255,7,16415,True,高优先级-数据空洞优先核验
Coal,44.0,78.0,98.0,247.0,Kazakhstan,True,False,303,770,2,862,True,高优先级-数据空洞优先核验
Coal,-28.0,30.0,98.0,247.0,South Africa,True,False,208,1598,4,1958,True,高优先级-数据空洞优先核验
Coal,42.0,86.0,98.0,254.0,China,True,False,238,1791,6,15458,True,高优先级-数据空洞优先核验
Coal,50.0,-110.0,98.0,311.0,Canada,True,False,947,4255,7,16415,True,高优先级-数据空洞优先核验
Coal,40.0,122.0,98.0,260.0,China,True,False,340,1791,6,15458,True,高优先级-数据空洞优先核验
Coal,-28.0,28.0,98.0,262.0,South Africa,True,False,155,1598,4,1958,True,高优先级-数据空洞优先核验
W,54.0,-124.0,98.0,232.0,Canada,True,False,529,4255,7,16415,True,高优先级-数据空洞优先核验
Sn,54.0,-130.0,98.0,304.0,Canada,True,False,707,4255,7,16415,True,高优先级-数据空洞优先核验
Sn,58.0,162.0,98.0,349.0,Russia,True,False,2973,2587,5,12232,True,高优先级-数据空洞优先核验
Sn,52.0,-124.0,98.0,394.0,Canada,True,False,309,4255,7,16415,True,高优先级-数据空洞优先核验
TaNb,54.0,120.0,98.0,261.0,Russia,True,False,1136,2587,5,12232,True,高优先级-数据空洞优先核验
TaNb,58.0,122.0,98.0,253.0,Russia,True,False,1502,2587,5,12232,True,高优先级-数据空洞优先核验
TaNb,50.0,-128.0,98.0,534.0,Canada,True,False,360,4255,7,16415,True,高优先级-数据空洞优先核验
Re,66.0,-138.0,98.0,248.0,Canada,True,False,2047,4255,7,16415,True,高优先级-数据空洞优先核验
Re,26.0,118.0,98.0,328.0,China,True,False,374,1791,6,15458,True,高优先级-数据空洞优先核验
Be,56.0,-128.0,98.0,255.0,Canada,True,False,816,4255,7,16415,True,高优先级-数据空洞优先核验
Be,50.0,-126.0,98.0,389.0,Canada,True,False,222,4255,7,16415,True,高优先级-数据空洞优先核验
Zr,50.0,-120.0,98.0,381.0,Canada,True,False,239,4255,7,16415,True,高优先级-数据空洞优先核验
Zr,60.0,-132.0,98.0,229.0,Canada,True,False,1320,4255,7,16415,True,高优先级-数据空洞优先核验
NiCo,54.0,98.0,97.9,327.0,Russia,True,False,919,2587,5,12232,True,高优先级-数据空洞优先核验
REE,54.0,-126.0,97.9,308.0,Canada,True,False,561,4255,7,16415,True,高优先级-数据空洞优先核验
REE,18.0,44.0,97.9,319.0,Saudi Arabia,True,False,295,129,2,719,True,高优先级-数据空洞优先核验
REE,56.0,102.0,97.9,292.0,Russia,True,False,959,2587,5,12232,True,高优先级-数据空洞优先核验
Coal,48.0,86.0,97.9,281.0,China,True,False,482,1791,6,15458,True,高优先级-数据空洞优先核验
Coal,40.0,116.0,97.9,272.0,China,True,False,35,1791,6,15458,True,高优先级-数据空洞优先核验
Coal,32.0,116.0,97.9,275.0,China,True,False,522,1791,6,15458,True,高优先级-数据空洞优先核验
Coal,-24.0,146.0,97.9,278.0,Australia,True,False,1209,2051,10,4706,True,高优先级-数据空洞优先核验
Cr,52.0,-126.0,97.9,371.0,Canada,True,False,365,4255,7,16415,True,高优先级-数据空洞优先核验
TaNb,52.0,102.0,97.9,306.0,Russia,True,False,574,2587,5,12232,True,高优先级-数据空洞优先核验
TaNb,54.0,-122.0,97.9,266.0,Canada,True,False,531,4255,7,16415,True,高优先级-数据空洞优先核验
Re,50.0,-114.0,97.9,265.0,Canada,True,False,662,4255,7,16415,True,高优先级-数据空洞优先核验
Zr,52.0,94.0,97.9,290.0,Russia,True,False,1027,2587,5,12232,True,高优先级-数据空洞优先核验
NiCo,54.0,120.0,97.8,264.0,Russia,True,False,1136,2587,5,12232,True,高优先级-数据空洞优先核验
REE,60.0,122.0,97.8,257.0,Russia,True,False,1659,2587,5,12232,True,高优先级-数据空洞优先核验
REE,56.0,118.0,97.8,422.0,Russia,True,False,1174,2587,5,12232,True,高优先级-数据空洞优先核验
REE,56.0,98.0,97.8,320.0,Russia,True,False,1085,2587,5,12232,True,高优先级-数据空洞优先核验
REE,54.0,114.0,97.8,322.0,Russia,True,False,838,2587,5,12232,True,高优先级-数据空洞优先核验
Coal,48.0,80.0,97.8,281.0,Kazakhstan,True,False,709,770,2,862,True,高优先级-数据空洞优先核验
Coal,50.0,-108.0,97.8,322.0,Canada,True,False,1090,4255,7,16415,True,高优先级-数据空洞优先核验
Coal,46.0,90.0,97.8,297.0,China,True,False,310,1791,6,15458,True,高优先级-数据空洞优先核验
Coal,44.0,122.0,97.8,283.0,China,True,False,636,1791,6,15458,True,高优先级-数据空洞优先核验
Coal,40.0,94.0,97.8,281.0,China,True,False,679,1791,6,15458,True,高优先级-数据空洞优先核验
Coal,-22.0,146.0,97.8,280.0,Australia,True,False,1400,2051,10,4706,True,高优先级-数据空洞优先核验
Coal,30.0,120.0,97.8,282.0,China,True,False,193,1791,6,15458,True,高优先级-数据空洞优先核验
Cr,54.0,-128.0,97.8,235.0,Canada,True,False,624,4255,7,16415,True,高优先级-数据空洞优先核验
Sn,-6.0,106.0,97.8,382.0,Indonesia,True,False,93,228,2,1883,True,高优先级-数据空洞优先核验
Sn,56.0,-128.0,97.8,255.0,Canada,True,False,816,4255,7,16415,True,高优先级-数据空洞优先核验
Sb,50.0,-128.0,97.8,369.0,Canada,True,False,360,4255,7,16415,True,高优先级-数据空洞优先核验
Ti,52.0,-126.0,97.8,317.0,Canada,True,False,365,4255,7,16415,True,高优先级-数据空洞优先核验
TaNb,52.0,-126.0,97.8,467.0,Canada,True,False,365,4255,7,16415,True,高优先级-数据空洞优先核验
Re,54.0,-118.0,97.8,287.0,Canada,True,False,633,4255,7,16415,True,高优先级-数据空洞优先核验
Cu,56.0,162.0,97.7,317.0,Russia,True,False,2815,2587,5,12232,True,高优先级-数据空洞优先核验
NiCo,56.0,118.0,97.7,386.0,Russia,True,False,1174,2587,5,12232,True,高优先级-数据空洞优先核验
NiCo,54.0,-128.0,97.7,231.0,Canada,True,False,624,4255,7,16415,True,高优先级-数据空洞优先核验
NiCo,52.0,-126.0,97.7,410.0,Canada,True,False,365,4255,7,16415,True,高优先级-数据空洞优先核验
NiCo,56.0,116.0,97.7,365.0,Russia,True,False,1091,2587,5,12232,True,高优先级-数据空洞优先核验
Coal,50.0,-112.0,97.7,338.0,Canada,True,False,804,4255,7,16415,True,高优先级-数据空洞优先核验
Coal,34.0,108.0,97.7,283.0,China,True,False,523,1791,6,15458,True,高优先级-数据空洞优先核验
Cr,52.0,-122.0,97.7,319.0,Canada,True,False,313,4255,7,16415,True,高优先级-数据空洞优先核验
Mn,54.0,114.0,97.7,228.0,Russia,True,False,838,2587,5,12232,True,高优先级-数据空洞优先核验
Sn,52.0,-126.0,97.7,462.0,Canada,True,False,365,4255,7,16415,True,高优先级-数据空洞优先核验
Sb,52.0,-122.0,97.7,345.0,Canada,True,False,313,4255,7,16415,True,高优先级-数据空洞优先核验
V,52.0,100.0,97.7,243.0,Russia,True,False,671,2587,5,12232,True,高优先级-数据空洞优先核验
TaNb,54.0,102.0,97.7,305.0,Russia,True,False,758,2587,5,12232,True,高优先级-数据空洞优先核验
TaNb,50.0,102.0,97.7,252.0,Mongolia,True,False,427,296,2,449,True,高优先级-数据空洞优先核验
Ag,54.0,156.0,97.7,256.0,Russia,True,False,2393,2587,5,12232,True,高优先级-数据空洞优先核验
Re,62.0,-130.0,97.7,228.0,Canada,True,False,1477,4255,7,16415,True,高优先级-数据空洞优先核验
Re,30.0,120.0,97.7,266.0,China,True,False,193,1791,6,15458,True,高优先级-数据空洞优先核验
Zr,52.0,96.0,97.7,351.0,Russia,True,False,902,2587,5,12232,True,高优先级-数据空洞优先核验
REE,56.0,120.0,97.6,411.0,Russia,True,False,1265,2587,5,12232,True,高优先级-数据空洞优先核验
REE,56.0,96.0,97.6,304.0,Russia,True,False,1166,2587,5,12232,True,高优先级-数据空洞优先核验
W,0.0,102.0,97.6,335.0,Indonesia,True,False,251,228,2,1883,True,高优先级-数据空洞优先核验
TaNb,56.0,114.0,97.6,324.0,Russia,True,False,1020,2587,5,12232,True,高优先级-数据空洞优先核验
TaNb,56.0,-128.0,97.6,286.0,Canada,True,False,816,4255,7,16415,True,高优先级-数据空洞优先核验
Re,56.0,-122.0,97.6,287.0,Canada,True,False,752,4255,7,16415,True,高优先级-数据空洞优先核验
Graphite,52.0,-120.0,97.6,293.0,Canada,True,False,375,4255,7,16415,True,高优先级-数据空洞优先核验
NiCo,58.0,116.0,97.5,345.0,Russia,True,False,1273,2587,5,12232,True,高优先级-数据空洞优先核验
REE,56.0,94.0,97.5,268.0,Russia,True,False,1257,2587,5,12232,True,高优先级-数据空洞优先核验
REE,48.0,98.0,97.5,238.0,Mongolia,True,False,664,296,2,449,True,高优先级-数据空洞优先核验
Cr,60.0,162.0,97.5,237.0,Russia,True,False,3139,2587,5,12232,True,高优先级-数据空洞优先核验
Mn,50.0,-128.0,97.5,322.0,Canada,True,False,360,4255,7,16415,True,高优先级-数据空洞优先核验
Sn,52.0,-120.0,97.5,338.0,Canada,True,False,375,4255,7,16415,True,高优先级-数据空洞优先核验
TaNb,58.0,-130.0,97.5,263.0,Canada,True,False,1070,4255,7,16415,True,高优先级-数据空洞优先核验
TaNb,54.0,94.0,97.5,277.0,Russia,True,False,1127,2587,5,12232,True,高优先级-数据空洞优先核验
Bi,52.0,-122.0,97.5,335.0,Canada,True,False,313,4255,7,16415,True,高优先级-数据空洞优先核验
As,56.0,-128.0,97.5,230.0,Canada,True,False,816,4255,7,16415,True,高优先级-数据空洞优先核验
Be,52.0,98.0,97.5,246.0,Russia,True,False,782,2587,5,12232,True,高优先级-数据空洞优先核验
Zr,50.0,-112.0,97.5,263.0,Canada,True,False,804,4255,7,16415,True,高优先级-数据空洞优先核验
Graphite,52.0,-118.0,97.5,248.0,Canada,True,False,471,4255,7,16415,True,高优先级-数据空洞优先核验
Cu,-10.0,120.0,97.4,300.0,Indonesia,True,False,633,228,2,1883,True,高优先级-数据空洞优先核验
REE,58.0,118.0,97.4,416.0,Russia,True,False,1341,2587,5,12232,True,高优先级-数据空洞优先核验
REE,54.0,-122.0,97.4,266.0,Canada,True,False,531,4255,7,16415,True,高优先级-数据空洞优先核验
Diamond,-26.0,120.0,97.4,226.0,Australia,True,False,2027,2051,10,4706,True,高优先级-数据空洞优先核验
Diamond,-8.0,-50.0,97.4,226.0,Brazil,True,False,894,2053,3,6019,True,高优先级-数据空洞优先核验
Diamond,64.0,44.0,97.4,223.0,Russia,True,False,983,2587,5,12232,True,高优先级-数据空洞优先核验
Diamond,-2.0,-56.0,97.4,227.0,Brazil,True,False,876,2053,3,6019,True,高优先级-数据空洞优先核验
Diamond,-30.0,22.0,97.4,228.0,South Africa,True,False,421,1598,4,1958,True,高优先级-数据空洞优先核验
Diamond,70.0,108.0,97.4,225.0,Russia,True,False,2456,2587,5,12232,True,高优先级-数据空洞优先核验
Diamond,70.0,138.0,97.4,230.0,Russia,True,False,2964,2587,5,12232,True,高优先级-数据空洞优先核验
Sn,58.0,160.0,97.4,410.0,Russia,True,False,2895,2587,5,12232,True,高优先级-数据空洞优先核验
V,54.0,116.0,97.4,232.0,Russia,True,False,927,2587,5,12232,True,高优先级-数据空洞优先核验
TaNb,52.0,94.0,97.4,290.0,Russia,True,False,1027,2587,5,12232,True,高优先级-数据空洞优先核验
Zr,66.0,-140.0,97.4,265.0,Canada,True,False,2098,4255,7,16415,True,高优先级-数据空洞优先核验
Graphite,50.0,-128.0,97.4,431.0,Canada,True,False,360,4255,7,16415,True,高优先级-数据空洞优先核验
Cu,58.0,158.0,97.3,305.0,Russia,True,False,2822,2587,5,12232,True,高优先级-数据空洞优先核验
REE,50.0,102.0,97.3,339.0,Mongolia,True,False,427,296,2,449,True,高优先级-数据空洞优先核验
REE,54.0,110.0,97.3,225.0,Russia,True,False,710,2587,5,12232,True,高优先级-数据空洞优先核验
PGE,58.0,116.0,97.3,229.0,Russia,True,False,1273,2587,5,12232,True,高优先级-数据空洞优先核验
U,54.0,-128.0,97.3,236.0,Canada,True,False,624,4255,7,16415,True,高优先级-数据空洞优先核验
Diamond,-26.0,-52.0,97.3,230.0,Brazil,True,False,569,2053,3,6019,True,高优先级-数据空洞优先核验
Diamond,0.0,-54.0,97.3,229.0,Brazil,True,False,662,2053,3,6019,True,高优先级-数据空洞优先核验
Diamond,62.0,-98.0,97.3,227.0,Canada,True,False,2094,4255,7,16415,True,高优先级-数据空洞优先核验
Diamond,-6.0,-46.0,97.3,232.0,Brazil,True,False,1108,2053,3,6019,True,高优先级-数据空洞优先核验
Diamond,64.0,-90.0,97.3,235.0,Canada,True,False,2249,4255,7,16415,True,高优先级-数据空洞优先核验
Diamond,64.0,-98.0,97.3,235.0,Canada,True,False,2216,4255,7,16415,True,高优先级-数据空洞优先核验
Diamond,-18.0,130.0,97.3,223.0,Australia,True,False,1153,2051,10,4706,True,高优先级-数据空洞优先核验
Cr,56.0,-128.0,97.3,230.0,Canada,True,False,816,4255,7,16415,True,高优先级-数据空洞优先核验
W,0.0,100.0,97.3,406.0,Indonesia,True,False,377,228,2,1883,True,高优先级-数据空洞优先核验
W,58.0,-128.0,97.3,249.0,Canada,True,False,1021,4255,7,16415,True,高优先级-数据空洞优先核验
TaNb,54.0,116.0,97.3,327.0,Russia,True,False,927,2587,5,12232,True,高优先级-数据空洞优先核验
Ag,-10.0,120.0,97.3,300.0,Indonesia,True,False,633,228,2,1883,True,高优先级-数据空洞优先核验
Bi,54.0,-122.0,97.3,268.0,Canada,True,False,531,4255,7,16415,True,高优先级-数据空洞优先核验
Be,56.0,116.0,97.3,261.0,Russia,True,False,1091,2587,5,12232,True,高优先级-数据空洞优先核验
Zr,62.0,160.0,97.3,274.0,Russia,True,False,3248,2587,5,12232,True,高优先级-数据空洞优先核验
Graphite,50.0,100.0,97.3,278.0,Mongolia,True,False,555,296,2,449,True,高优先级-数据空洞优先核验
Graphite,54.0,-132.0,97.3,336.0,Canada,True,False,806,4255,7,16415,True,高优先级-数据空洞优先核验
Cu,-8.0,114.0,97.2,398.0,Indonesia,True,False,817,228,2,1883,True,高优先级-数据空洞优先核验
Diamond,-2.0,-54.0,97.2,233.0,Brazil,True,False,881,2053,3,6019,True,高优先级-数据空洞优先核验
Diamond,70.0,144.0,97.2,235.0,Russia,True,False,3149,2587,5,12232,True,高优先级-数据空洞优先核验
Diamond,62.0,-108.0,97.2,230.0,Canada,True,False,1695,4255,7,16415,True,高优先级-数据空洞优先核验
Diamond,-30.0,148.0,97.2,235.0,Australia,True,False,526,2051,10,4706,True,高优先级-数据空洞优先核验
Diamond,68.0,116.0,97.2,238.0,Russia,True,False,2291,2587,5,12232,True,高优先级-数据空洞优先核验
Diamond,-6.0,-58.0,97.2,238.0,Brazil,True,False,1353,2053,3,6019,True,高优先级-数据空洞优先核验
Mn,56.0,96.0,97.2,227.0,Russia,True,False,1166,2587,5,12232,True,高优先级-数据空洞优先核验
Sn,26.0,118.0,97.2,256.0,China,True,False,374,1791,6,15458,True,高优先级-数据空洞优先核验
TaNb,56.0,102.0,97.2,281.0,Russia,True,False,959,2587,5,12232,True,高优先级-数据空洞优先核验
Be,60.0,-136.0,97.2,245.0,Canada,True,False,1447,4255,7,16415,True,高优先级-数据空洞优先核验
Graphite,54.0,104.0,97.2,276.0,Russia,True,False,706,2587,5,12232,True,高优先级-数据空洞优先核验
Au,56.0,158.0,97.1,352.0,Russia,True,False,2646,2587,5,12232,True,高优先级-数据空洞优先核验
Cu,58.0,160.0,97.1,397.0,Russia,True,False,2895,2587,5,12232,True,高优先级-数据空洞优先核验
NiCo,50.0,98.0,97.1,329.0,Mongolia,True,False,690,296,2,449,True,高优先级-数据空洞优先核验
Diamond,-8.0,-60.0,97.1,237.0,Brazil,True,False,1294,2053,3,6019,True,高优先级-数据空洞优先核验
Diamond,-24.0,-54.0,97.1,238.0,Brazil,True,False,394,2053,3,6019,True,高优先级-数据空洞优先核验
Diamond,66.0,46.0,97.1,246.0,Russia,True,False,1224,2587,5,12232,True,高优先级-数据空洞优先核验
Cr,58.0,-130.0,97.1,260.0,Canada,True,False,1070,4255,7,16415,True,高优先级-数据空洞优先核验
Sn,60.0,-132.0,97.1,239.0,Canada,True,False,1320,4255,7,16415,True,高优先级-数据空洞优先核验
Sn,58.0,-128.0,97.1,295.0,Canada,True,False,1021,4255,7,16415,True,高优先级-数据空洞优先核验
Sb,28.0,120.0,97.1,222.0,China,True,False,365,1791,6,15458,True,高优先级-数据空洞优先核验
V,54.0,98.0,97.1,261.0,Russia,True,False,919,2587,5,12232,True,高优先级-数据空洞优先核验
V,52.0,-126.0,97.1,317.0,Canada,True,False,365,4255,7,16415,True,高优先级-数据空洞优先核验
TaNb,54.0,-124.0,97.1,373.0,Canada,True,False,529,4255,7,16415,True,高优先级-数据空洞优先核验
TaNb,56.0,94.0,97.1,251.0,Russia,True,False,1257,2587,5,12232,True,高优先级-数据空洞优先核验
TaNb,28.0,120.0,97.1,239.0,China,True,False,365,1791,6,15458,True,高优先级-数据空洞优先核验
TaNb,56.0,124.0,97.1,299.0,Russia,True,False,1469,2587,5,12232,True,高优先级-数据空洞优先核验
As,52.0,-122.0,97.1,343.0,Canada,True,False,313,4255,7,16415,True,高优先级-数据空洞优先核验
Be,52.0,-122.0,97.1,366.0,Canada,True,False,313,4255,7,16415,True,高优先级-数据空洞优先核验
Graphite,52.0,-124.0,97.1,378.0,Canada,True,False,309,4255,7,16415,True,高优先级-数据空洞优先核验
Graphite,54.0,106.0,97.1,239.0,Russia,True,False,679,2587,5,12232,True,高优先级-数据空洞优先核验
NiCo,58.0,118.0,97.0,396.0,Russia,True,False,1341,2587,5,12232,True,高优先级-数据空洞优先核验
Diamond,-24.0,124.0,97.0,245.0,Australia,True,False,1725,2051,10,4706,True,高优先级-数据空洞优先核验
Diamond,-28.0,152.0,97.0,248.0,Australia,True,False,657,2051,10,4706,True,高优先级-数据空洞优先核验
Diamond,-24.0,22.0,97.0,251.0,Botswana,True,False,403,90,2,207,True,高优先级-数据空洞优先核验
Cr,0.0,120.0,97.0,286.0,Indonesia,True,False,782,228,2,1883,True,高优先级-数据空洞优先核验
W,50.0,-128.0,97.0,466.0,Canada,True,False,360,4255,7,16415,True,高优先级-数据空洞优先核验
Sb,58.0,-128.0,97.0,256.0,Canada,True,False,1021,4255,7,16415,True,高优先级-数据空洞优先核验
V,54.0,114.0,97.0,232.0,Russia,True,False,838,2587,5,12232,True,高优先级-数据空洞优先核验
V,54.0,-126.0,97.0,269.0,Canada,True,False,561,4255,7,16415,True,高优先级-数据空洞优先核验
Ti,54.0,-126.0,97.0,269.0,Canada,True,False,561,4255,7,16415,True,高优先级-数据空洞优先核验
TaNb,52.0,120.0,97.0,247.0,Russia,True,False,1038,2587,5,12232,True,高优先级-数据空洞优先核验
Ag,58.0,162.0,97.0,349.0,Russia,True,False,2973,2587,5,12232,True,高优先级-数据空洞优先核验
Ag,54.0,-128.0,97.0,254.0,Canada,True,False,624,4255,7,16415,True,高优先级-数据空洞优先核验
Be,52.0,-118.0,97.0,291.0,Canada,True,False,471,4255,7,16415,True,高优先级-数据空洞优先核验
Zr,54.0,-126.0,97.0,412.0,Canada,True,False,561,4255,7,16415,True,高优先级-数据空洞优先核验
Au,56.0,160.0,96.9,369.0,Russia,True,False,2728,2587,5,12232,True,高优先级-数据空洞优先核验
Au,54.0,-126.0,96.9,297.0,Canada,True,False,561,4255,7,16415,True,高优先级-数据空洞优先核验
NiCo,52.0,100.0,96.9,444.0,Russia,True,False,671,2587,5,12232,True,高优先级-数据空洞优先核验
PGE,54.0,-128.0,96.9,226.0,Canada,True,False,624,4255,7,16415,True,高优先级-数据空洞优先核验
Diamond,-32.0,150.0,96.9,253.0,Australia,True,False,237,2051,10,4706,True,高优先级-数据空洞优先核验
Diamond,62.0,-114.0,96.9,239.0,Canada,True,False,1523,4255,7,16415,True,高优先级-数据空洞优先核验
Diamond,-2.0,-46.0,96.9,254.0,Brazil,True,False,1340,2053,3,6019,True,高优先级-数据空洞优先核验
Diamond,66.0,140.0,96.9,248.0,Russia,True,False,2778,2587,5,12232,True,高优先级-数据空洞优先核验
Diamond,64.0,108.0,96.9,253.0,Russia,True,False,1789,2587,5,12232,True,高优先级-数据空洞优先核验
Diamond,66.0,142.0,96.9,250.0,Russia,True,False,2858,2587,5,12232,True,高优先级-数据空洞优先核验
Sb,52.0,-120.0,96.9,345.0,Canada,True,False,375,4255,7,16415,True,高优先级-数据空洞优先核验
TaNb,54.0,122.0,96.9,311.0,Russia,True,False,1251,2587,5,12232,True,高优先级-数据空洞优先核验
TaNb,54.0,114.0,96.9,324.0,Russia,True,False,838,2587,5,12232,True,高优先级-数据空洞优先核验
TaNb,54.0,-126.0,96.9,408.0,Canada,True,False,561,4255,7,16415,True,高优先级-数据空洞优先核验
Bi,26.0,118.0,96.9,251.0,China,True,False,374,1791,6,15458,True,高优先级-数据空洞优先核验
Bi,60.0,162.0,96.9,306.0,Russia,True,False,3139,2587,5,12232,True,高优先级-数据空洞优先核验
Bi,52.0,-120.0,96.9,336.0,Canada,True,False,375,4255,7,16415,True,高优先级-数据空洞优先核验
U,52.0,-124.0,96.8,285.0,Canada,True,False,309,4255,7,16415,True,高优先级-数据空洞优先核验
Diamond,-12.0,-52.0,96.8,259.0,Brazil,True,False,609,2053,3,6019,True,高优先级-数据空洞优先核验
Diamond,48.0,-86.0,96.8,262.0,Canada,True,False,696,4255,7,16415,True,高优先级-数据空洞优先核验
Diamond,64.0,118.0,96.8,264.0,Russia,True,False,1910,2587,5,12232,True,高优先级-数据空洞优先核验
Diamond,68.0,40.0,96.8,261.0,Russia,True,False,1132,2587,5,12232,True,高优先级-数据空洞优先核验
Diamond,66.0,-104.0,96.8,264.0,Canada,True,False,2160,4255,7,16415,True,高优先级-数据空洞优先核验
Diamond,-16.0,-40.0,96.8,263.0,Brazil,True,False,839,2053,3,6019,True,高优先级-数据空洞优先核验
W,52.0,-118.0,96.8,270.0,Canada,True,False,471,4255,7,16415,True,高优先级-数据空洞优先核验
Sb,54.0,-122.0,96.8,269.0,Canada,True,False,531,4255,7,16415,True,高优先级-数据空洞优先核验
V,52.0,98.0,96.8,275.0,Russia,True,False,782,2587,5,12232,True,高优先级-数据空洞优先核验
Ti,54.0,116.0,96.8,232.0,Russia,True,False,927,2587,5,12232,True,高优先级-数据空洞优先核验
Ag,54.0,-126.0,96.8,297.0,Canada,True,False,561,4255,7,16415,True,高优先级-数据空洞优先核验
As,54.0,-122.0,96.8,279.0,Canada,True,False,531,4255,7,16415,True,高优先级-数据空洞优先核验
As,50.0,-128.0,96.8,437.0,Canada,True,False,360,4255,7,16415,True,高优先级-数据空洞优先核验
Zr,50.0,-114.0,96.8,315.0,Canada,True,False,662,4255,7,16415,True,高优先级-数据空洞优先核验
Zr,52.0,92.0,96.8,291.0,Russia,True,False,968,2587,5,12232,True,高优先级-数据空洞优先核验
Graphite,52.0,-122.0,96.8,359.0,Canada,True,False,313,4255,7,16415,True,高优先级-数据空洞优先核验
Diamond,-12.0,-50.0,96.7,263.0,Brazil,True,False,477,2053,3,6019,True,高优先级-数据空洞优先核验
Diamond,-2.0,-52.0,96.7,264.0,Brazil,True,False,940,2053,3,6019,True,高优先级-数据空洞优先核验
Diamond,-4.0,-52.0,96.7,265.0,Brazil,True,False,1149,2053,3,6019,True,高优先级-数据空洞优先核验
Diamond,64.0,-116.0,96.7,256.0,Canada,True,False,1692,4255,7,16415,True,高优先级-数据空洞优先核验
Diamond,66.0,118.0,96.7,264.0,Russia,True,False,2112,2587,5,12232,True,高优先级-数据空洞优先核验
Diamond,70.0,116.0,96.7,262.0,Russia,True,False,2504,2587,5,12232,True,高优先级-数据空洞优先核验
Mn,56.0,114.0,96.7,287.0,Russia,True,False,1020,2587,5,12232,True,高优先级-数据空洞优先核验
V,52.0,96.0,96.7,259.0,Russia,True,False,902,2587,5,12232,True,高优先级-数据空洞优先核验
Bi,52.0,-118.0,96.7,291.0,Canada,True,False,471,4255,7,16415,True,高优先级-数据空洞优先核验
Be,26.0,118.0,96.7,272.0,China,True,False,374,1791,6,15458,True,高优先级-数据空洞优先核验
Graphite,60.0,-132.0,96.7,244.0,Canada,True,False,1320,4255,7,16415,True,高优先级-数据空洞优先核验
Graphite,50.0,104.0,96.7,253.0,Mongolia,True,False,314,296,2,449,True,高优先级-数据空洞优先核验
Au,56.0,156.0,96.6,381.0,Russia,True,False,2571,2587,5,12232,True,高优先级-数据空洞优先核验
Cu,58.0,162.0,96.6,458.0,Russia,True,False,2973,2587,5,12232,True,高优先级-数据空洞优先核验
PGE,54.0,116.0,96.6,237.0,Russia,True,False,927,2587,5,12232,True,高优先级-数据空洞优先核验
Diamond,-32.0,28.0,96.6,270.0,South Africa,True,False,302,1598,4,1958,True,高优先级-数据空洞优先核验
Diamond,-28.0,-50.0,96.6,270.0,Brazil,True,False,598,2053,3,6019,True,高优先级-数据空洞优先核验
Diamond,-22.0,-42.0,96.6,271.0,Brazil,True,False,160,2053,3,6019,True,高优先级-数据空洞优先核验
Diamond,0.0,-68.0,96.6,235.0,Brazil,True,False,848,2053,3,6019,True,高优先级-数据空洞优先核验
Diamond,-10.0,-58.0,96.6,271.0,Brazil,True,False,1267,2053,3,6019,True,高优先级-数据空洞优先核验
Diamond,70.0,136.0,96.6,278.0,Russia,True,False,2906,2587,5,12232,True,高优先级-数据空洞优先核验
Ti,52.0,100.0,96.6,276.0,Russia,True,False,671,2587,5,12232,True,高优先级-数据空洞优先核验
Bi,58.0,-126.0,96.6,250.0,Canada,True,False,988,4255,7,16415,True,高优先级-数据空洞优先核验
Be,54.0,116.0,96.6,250.0,Russia,True,False,927,2587,5,12232,True,高优先级-数据空洞优先核验
Zr,4.0,98.0,96.6,355.0,Indonesia,True,False,420,228,2,1883,True,高优先级-数据空洞优先核验
Cu,-4.0,104.0,96.5,457.0,Indonesia,True,False,395,228,2,1883,True,高优先级-数据空洞优先核验
Diamond,68.0,34.0,96.5,270.0,Russia,True,False,974,2587,5,12232,True,高优先级-数据空洞优先核验
Diamond,-24.0,120.0,96.5,274.0,Australia,True,False,1817,2051,10,4706,True,高优先级-数据空洞优先核验
Diamond,64.0,36.0,96.5,271.0,Russia,True,False,715,2587,5,12232,True,高优先级-数据空洞优先核验
Diamond,70.0,106.0,96.5,270.0,Russia,True,False,2456,2587,5,12232,True,高优先级-数据空洞优先核验
Diamond,-8.0,-36.0,96.5,276.0,Brazil,True,False,1558,2053,3,6019,True,高优先级-数据空洞优先核验
Diamond,50.0,-108.0,96.5,243.0,Canada,True,False,1090,4255,7,16415,True,高优先级-数据空洞优先核验
Ti,52.0,96.0,96.5,260.0,Russia,True,False,902,2587,5,12232,True,高优先级-数据空洞优先核验
Ag,-8.0,114.0,96.5,398.0,Indonesia,True,False,817,228,2,1883,True,高优先级-数据空洞优先核验
As,52.0,-120.0,96.5,335.0,Canada,True,False,375,4255,7,16415,True,高优先级-数据空洞优先核验
Be,66.0,-138.0,96.5,227.0,Canada,True,False,2047,4255,7,16415,True,高优先级-数据空洞优先核验
Zr,52.0,-122.0,96.5,458.0,Canada,True,False,313,4255,7,16415,True,高优先级-数据空洞优先核验
Graphite,50.0,102.0,96.5,287.0,Mongolia,True,False,427,296,2,449,True,高优先级-数据空洞优先核验
Au,48.0,142.0,96.4,239.0,Russia,True,False,1382,2587,5,12232,True,高优先级-数据空洞优先核验
Diamond,60.0,114.0,96.4,278.0,Russia,True,False,1419,2587,5,12232,True,高优先级-数据空洞优先核验
Diamond,70.0,146.0,96.4,284.0,Russia,True,False,3215,2587,5,12232,True,高优先级-数据空洞优先核验
Diamond,66.0,138.0,96.4,275.0,Russia,True,False,2701,2587,5,12232,True,高优先级-数据空洞优先核验
Diamond,-10.0,-36.0,96.4,282.0,Brazil,True,False,1442,2053,3,6019,True,高优先级-数据空洞优先核验
Diamond,-16.0,134.0,96.4,267.0,Australia,True,False,1233,2051,10,4706,True,高优先级-数据空洞优先核验
Diamond,68.0,38.0,96.4,284.0,Russia,True,False,1074,2587,5,12232,True,高优先级-数据空洞优先核验
Ag,-10.0,124.0,96.4,357.0,Indonesia,True,False,236,228,2,1883,True,高优先级-数据空洞优先核验
Bi,56.0,-124.0,96.4,257.0,Canada,True,False,750,4255,7,16415,True,高优先级-数据空洞优先核验
Bi,50.0,-128.0,96.4,467.0,Canada,True,False,360,4255,7,16415,True,高优先级-数据空洞优先核验
Be,58.0,-128.0,96.4,295.0,Canada,True,False,1021,4255,7,16415,True,高优先级-数据空洞优先核验
Zr,0.0,102.0,96.4,347.0,Indonesia,True,False,251,228,2,1883,True,高优先级-数据空洞优先核验
Ti,56.0,98.0,96.3,228.0,Russia,True,False,1085,2587,5,12232,True,高优先级-数据空洞优先核验
Ti,54.0,104.0,96.3,231.0,Russia,True,False,706,2587,5,12232,True,高优先级-数据空洞优先核验
Bi,58.0,122.0,96.3,222.0,Russia,True,False,1502,2587,5,12232,True,高优先级-数据空洞优先核验
Bi,60.0,152.0,96.3,238.0,Russia,True,False,2843,2587,5,12232,True,高优先级-数据空洞优先核验
Bi,52.0,-116.0,96.3,256.0,Canada,True,False,586,4255,7,16415,True,高优先级-数据空洞优先核验
Zr,50.0,98.0,96.3,362.0,Mongolia,True,False,690,296,2,449,True,高优先级-数据空洞优先核验
Graphite,50.0,-114.0,96.3,271.0,Canada,True,False,662,4255,7,16415,True,高优先级-数据空洞优先核验
Au,56.0,162.0,96.2,426.0,Russia,True,False,2815,2587,5,12232,True,高优先级-数据空洞优先核验
Bi,54.0,96.0,96.1,261.0,Russia,True,False,1019,2587,5,12232,True,高优先级-数据空洞优先核验
Graphite,52.0,96.0,96.1,327.0,Russia,True,False,902,2587,5,12232,True,高优先级-数据空洞优先核验
Zr,62.0,120.0,96.0,244.0,Russia,True,False,1767,2587,5,12232,True,高优先级-数据空洞优先核验
Zr,48.0,96.0,96.0,272.0,Mongolia,True,False,801,296,2,449,True,高优先级-数据空洞优先核验
Ti,56.0,120.0,95.9,298.0,Russia,True,False,1265,2587,5,12232,True,高优先级-数据空洞优先核验
Ti,50.0,102.0,95.9,240.0,Mongolia,True,False,427,296,2,449,True,高优先级-数据空洞优先核验
Ti,50.0,-116.0,95.9,244.0,Canada,True,False,519,4255,7,16415,True,高优先级-数据空洞优先核验
Be,52.0,-116.0,95.9,256.0,Canada,True,False,586,4255,7,16415,True,高优先级-数据空洞优先核验
Be,28.0,120.0,95.9,288.0,China,True,False,365,1791,6,15458,True,高优先级-数据空洞优先核验
Zr,50.0,90.0,95.9,226.0,Mongolia,True,False,713,296,2,449,True,高优先级-数据空洞优先核验
Graphite,56.0,-128.0,95.9,314.0,Canada,True,False,816,4255,7,16415,True,高优先级-数据空洞优先核验
ZnPb,56.0,114.0,95.8,260.0,Russia,True,False,1020,2587,5,12232,True,高优先级-数据空洞优先核验
V,50.0,-118.0,95.8,256.0,Canada,True,False,378,4255,7,16415,True,高优先级-数据空洞优先核验
V,56.0,114.0,95.7,275.0,Russia,True,False,1020,2587,5,12232,True,高优先级-数据空洞优先核验
Be,50.0,-112.0,95.7,245.0,Canada,True,False,804,4255,7,16415,True,高优先级-数据空洞优先核验
Graphite,44.0,134.0,95.7,244.0,Russia,True,False,881,2587,5,12232,True,高优先级-数据空洞优先核验
PGE,54.0,118.0,95.6,270.0,Russia,True,False,1028,2587,5,12232,True,高优先级-数据空洞优先核验
ZnPb,54.0,118.0,95.5,269.0,Russia,True,False,1028,2587,5,12232,True,高优先级-数据空洞优先核验
U,56.0,-126.0,95.4,252.0,Canada,True,False,772,4255,7,16415,True,高优先级-数据空洞优先核验
V,56.0,-128.0,95.4,252.0,Canada,True,False,816,4255,7,16415,True,高优先级-数据空洞优先核验
PGE,54.0,114.0,95.3,252.0,Russia,True,False,838,2587,5,12232,True,高优先级-数据空洞优先核验
ZnPb,58.0,112.0,95.2,238.0,Russia,True,False,1171,2587,5,12232,True,高优先级-数据空洞优先核验
V,52.0,102.0,95.2,286.0,Russia,True,False,574,2587,5,12232,True,高优先级-数据空洞优先核验
Be,52.0,-124.0,95.2,418.0,Canada,True,False,309,4255,7,16415,True,高优先级-数据空洞优先核验
ZnPb,54.0,-122.0,95.1,280.0,Canada,True,False,531,4255,7,16415,True,高优先级-数据空洞优先核验
Ti,54.0,118.0,95.1,300.0,Russia,True,False,1028,2587,5,12232,True,高优先级-数据空洞优先核验
Ti,56.0,96.0,95.1,256.0,Russia,True,False,1166,2587,5,12232,True,高优先级-数据空洞优先核验
Be,48.0,98.0,95.1,224.0,Mongolia,True,False,664,296,2,449,True,高优先级-数据空洞优先核验
U,58.0,-128.0,95.0,257.0,Canada,True,False,1021,4255,7,16415,True,高优先级-数据空洞优先核验
U,54.0,-120.0,95.0,270.0,Canada,True,False,568,4255,7,16415,True,高优先级-数据空洞优先核验
ZnPb,54.0,120.0,95.0,282.0,Russia,True,False,1136,2587,5,12232,True,高优先级-数据空洞优先核验
ZnPb,54.0,-120.0,95.0,255.0,Canada,True,False,568,4255,7,16415,True,高优先级-数据空洞优先核验
Ti,52.0,158.0,95.0,284.0,Russia,True,False,2317,2587,5,12232,True,高优先级-数据空洞优先核验
U,50.0,-126.0,94.9,381.0,Canada,True,False,222,4255,7,16415,True,高优先级-数据空洞优先核验
Be,52.0,-120.0,94.8,366.0,Canada,True,False,375,4255,7,16415,True,高优先级-数据空洞优先核验
PGE,56.0,114.0,94.7,288.0,Russia,True,False,1020,2587,5,12232,True,高优先级-数据空洞优先核验
U,66.0,-172.0,94.7,226.0,Russia,True,False,3325,2587,5,12232,True,高优先级-数据空洞优先核验
U,64.0,-136.0,94.7,244.0,Canada,True,False,1809,4255,7,16415,True,高优先级-数据空洞优先核验
U,54.0,64.0,94.7,225.0,Kazakhstan,True,False,591,770,2,862,True,高优先级-数据空洞优先核验
Be,52.0,102.0,94.7,294.0,Russia,True,False,574,2587,5,12232,True,高优先级-数据空洞优先核验
U,-8.0,-36.0,94.6,224.0,Brazil,True,False,1558,2053,3,6019,True,高优先级-数据空洞优先核验
U,48.0,-78.0,94.6,226.0,Canada,True,False,336,4255,7,16415,True,高优先级-数据空洞优先核验
U,-30.0,-56.0,94.6,226.0,Brazil,True,False,546,2053,3,6019,True,高优先级-数据空洞优先核验
U,-26.0,118.0,94.6,224.0,Australia,True,False,2098,2051,10,4706,True,高优先级-数据空洞优先核验
U,-28.0,30.0,94.6,227.0,South Africa,True,False,208,1598,4,1958,True,高优先级-数据空洞优先核验
U,54.0,-122.0,94.6,304.0,Canada,True,False,531,4255,7,16415,True,高优先级-数据空洞优先核验
V,56.0,96.0,94.6,256.0,Russia,True,False,1166,2587,5,12232,True,高优先级-数据空洞优先核验
V,60.0,-132.0,94.6,227.0,Canada,True,False,1320,4255,7,16415,True,高优先级-数据空洞优先核验
U,36.0,102.0,94.5,229.0,China,True,False,623,1791,6,15458,True,高优先级-数据空洞优先核验
U,66.0,-136.0,94.5,254.0,Canada,True,False,2002,4255,7,16415,True,高优先级-数据空洞优先核验
U,32.0,102.0,94.5,229.0,China,True,False,246,1791,6,15458,True,高优先级-数据空洞优先核验
U,52.0,-116.0,94.5,274.0,Canada,True,False,586,4255,7,16415,True,高优先级-数据空洞优先核验
U,-24.0,140.0,94.4,234.0,Australia,True,False,1532,2051,10,4706,True,高优先级-数据空洞优先核验
U,-10.0,-36.0,94.4,234.0,Brazil,True,False,1442,2053,3,6019,True,高优先级-数据空洞优先核验
U,-26.0,-50.0,94.4,235.0,Brazil,True,False,436,2053,3,6019,True,高优先级-数据空洞优先核验
U,60.0,-112.0,94.3,237.0,Canada,True,False,1387,4255,7,16415,True,高优先级-数据空洞优先核验
U,46.0,86.0,94.3,237.0,China,True,False,274,1791,6,15458,True,高优先级-数据空洞优先核验
U,60.0,-102.0,94.3,240.0,Canada,True,False,1794,4255,7,16415,True,高优先级-数据空洞优先核验
U,-18.0,-44.0,94.3,238.0,Brazil,True,False,484,2053,3,6019,True,高优先级-数据空洞优先核验
Ti,54.0,106.0,94.3,247.0,Russia,True,False,679,2587,5,12232,True,高优先级-数据空洞优先核验
V,50.0,96.0,94.0,275.0,Russia,True,False,829,2587,5,12232,True,高优先级-数据空洞优先核验
V,54.0,118.0,94.0,300.0,Russia,True,False,1028,2587,5,12232,True,高优先级-数据空洞优先核验
Mn,52.0,96.0,93.9,319.0,Russia,True,False,902,2587,5,12232,True,高优先级-数据空洞优先核验
V,48.0,98.0,93.9,242.0,Mongolia,True,False,664,296,2,449,True,高优先级-数据空洞优先核验
V,52.0,92.0,93.3,259.0,Russia,True,False,968,2587,5,12232,True,高优先级-数据空洞优先核验
PGE,56.0,100.0,93.0,271.0,Russia,True,False,1015,2587,5,12232,True,高优先级-数据空洞优先核验
V,52.0,-122.0,93.0,341.0,Canada,True,False,313,4255,7,16415,True,高优先级-数据空洞优先核验
V,52.0,-124.0,93.0,362.0,Canada,True,False,309,4255,7,16415,True,高优先级-数据空洞优先核验
V,64.0,-138.0,92.8,236.0,Canada,True,False,1862,4255,7,16415,True,高优先级-数据空洞优先核验
V,48.0,102.0,92.6,257.0,Mongolia,True,False,366,296,2,449,True,高优先级-数据空洞优先核验
V,50.0,116.0,92.6,233.0,Russia,True,False,702,2587,5,12232,True,高优先级-数据空洞优先核验
V,50.0,-128.0,92.6,412.0,Canada,True,False,360,4255,7,16415,True,高优先级-数据空洞优先核验
Mn,50.0,96.0,92.4,300.0,Russia,True,False,829,2587,5,12232,True,高优先级-数据空洞优先核验
V,30.0,120.0,92.4,240.0,China,True,False,193,1791,6,15458,True,高优先级-数据空洞优先核验
Mn,56.0,108.0,92.1,246.0,Russia,True,False,902,2587,5,12232,True,高优先级-数据空洞优先核验
Mn,50.0,116.0,91.9,223.0,Russia,True,False,702,2587,5,12232,True,高优先级-数据空洞优先核验
Mn,52.0,116.0,91.9,282.0,Russia,True,False,792,2587,5,12232,True,高优先级-数据空洞优先核验
PGE,54.0,112.0,91.6,261.0,Russia,True,False,764,2587,5,12232,True,高优先级-数据空洞优先核验
Mn,50.0,104.0,91.5,288.0,Mongolia,True,False,314,296,2,449,True,高优先级-数据空洞优先核验
Mn,58.0,-130.0,91.5,231.0,Canada,True,False,1070,4255,7,16415,True,高优先级-数据空洞优先核验
PGE,56.0,110.0,91.4,256.0,Russia,True,False,923,2587,5,12232,True,高优先级-数据空洞优先核验
Mn,52.0,122.0,91.4,273.0,China,True,False,1168,1791,6,15458,True,高优先级-数据空洞优先核验
Mn,52.0,110.0,91.4,231.0,Russia,True,False,505,2587,5,12232,True,高优先级-数据空洞优先核验
Mn,56.0,88.0,91.1,228.0,Russia,True,False,1214,2587,5,12232,True,高优先级-数据空洞优先核验
PGE,58.0,162.0,90.9,248.0,Russia,True,False,2973,2587,5,12232,True,高优先级-数据空洞优先核验
PGE,0.0,100.0,90.8,251.0,Indonesia,True,False,377,228,2,1883,True,高优先级-数据空洞优先核验
Mn,56.0,-130.0,90.8,269.0,Canada,True,False,879,4255,7,16415,True,高优先级-数据空洞优先核验
OilGas,34.0,-104.0,100.0,311.0,United States of America,True,False,644,199364,7,14245,False,高优先级-标准复查
OilGas,32.0,-106.0,100.0,336.0,United States of America,True,False,866,199364,7,14245,False,高优先级-标准复查
OilGas,34.0,-106.0,100.0,429.0,United States of America,True,False,645,199364,7,14245,False,高优先级-标准复查
OilGas,34.0,-102.0,100.0,282.0,United States of America,True,False,691,199364,7,14245,False,高优先级-标准复查
REE,40.0,-120.0,99.9,228.0,United States of America,True,False,322,199364,7,14245,False,高优先级-标准复查
REE,32.0,-116.0,99.9,224.0,Mexico,True,False,309,4041,1,2190,False,高优先级-标准复查
OilGas,34.0,-108.0,99.9,585.0,United States of America,True,False,692,199364,7,14245,False,高优先级-标准复查
OilGas,30.0,-106.0,99.9,374.0,Mexico,True,False,736,4041,1,2190,False,高优先级-标准复查
OilGas,32.0,-100.0,99.9,243.0,United States of America,True,False,510,199364,7,14245,False,高优先级-标准复查
OilGas,32.0,-108.0,99.9,523.0,United States of America,True,False,902,199364,7,14245,False,高优先级-标准复查
OilGas,36.0,-104.0,99.9,519.0,United States of America,True,False,425,199364,7,14245,False,高优先级-标准复查
OilGas,36.0,-106.0,99.9,596.0,United States of America,True,False,425,199364,7,14245,False,高优先级-标准复查
OilGas,34.0,-100.0,99.9,363.0,United States of America,True,False,646,199364,7,14245,False,高优先级-标准复查
OilGas,36.0,-108.0,99.9,713.0,United States of America,True,False,493,199364,7,14245,False,高优先级-标准复查
OilGas,34.0,-110.0,99.9,754.0,United States of America,True,False,758,199364,7,14245,False,高优先级-标准复查
OilGas,36.0,-102.0,99.9,503.0,United States of America,True,False,492,199364,7,14245,False,高优先级-标准复查
OilGas,30.0,-100.0,99.9,291.0,United States of America,True,False,449,199364,7,14245,False,高优先级-标准复查
CsRb,44.0,-118.0,99.9,240.0,United States of America,True,False,705,199364,7,14245,False,高优先级-标准复查
CsRb,30.0,-114.0,99.9,283.0,,False,False,601,0,0,0,False,不可行-海上
CsRb,46.0,-126.0,99.9,232.0,,False,False,423,0,0,0,False,不可行-海上
Sc,42.0,-120.0,99.9,277.0,United States of America,True,False,511,199364,7,14245,False,高优先级-标准复查
Sc,44.0,-114.0,99.9,229.0,United States of America,True,False,883,199364,7,14245,False,高优先级-标准复查
Sc,40.0,-126.0,99.9,279.0,,False,False,397,0,0,0,False,不可行-海上
Sc,42.0,-126.0,99.9,300.0,,False,False,560,0,0,0,False,不可行-海上
Li,44.0,-120.0,99.8,259.0,United States of America,True,False,633,199364,7,14245,False,高优先级-标准复查
Li,44.0,-126.0,99.8,253.0,,False,False,626,0,0,0,False,不可行-海上
Li,40.0,-124.0,99.8,268.0,United States of America,True,False,283,199364,7,14245,False,高优先级-标准复查
REE,44.0,-122.0,99.8,273.0,United States of America,True,False,593,199364,7,14245,False,高优先级-标准复查
OilGas,62.0,0.0,99.8,232.0,,False,False,624,0,0,0,False,不可行-海上
TaNb,44.0,-122.0,99.8,273.0,United States of America,True,False,593,199364,7,14245,False,高优先级-标准复查
TaNb,40.0,-122.0,99.8,244.0,United States of America,True,False,249,199364,7,14245,False,高优先级-标准复查
TaNb,30.0,-114.0,99.8,283.0,,False,False,601,0,0,0,False,不可行-海上
CsRb,30.0,-112.0,99.8,274.0,Mexico,True,False,740,4041,1,2190,False,高优先级-标准复查
Sc,42.0,-114.0,99.8,245.0,United States of America,True,False,798,199364,7,14245,False,高优先级-标准复查
Sc,38.0,-112.0,99.8,254.0,United States of America,True,False,637,199364,7,14245,False,高优先级-标准复查
Sc,44.0,-122.0,99.8,372.0,United States of America,True,False,593,199364,7,14245,False,高优先级-标准复查
Li,48.0,-124.0,99.7,242.0,United States of America,True,False,156,199364,7,14245,False,高优先级-标准复查
Li,42.0,-124.0,99.7,326.0,United States of America,True,False,488,199364,7,14245,False,高优先级-标准复查
Li,46.0,-126.0,99.7,264.0,,False,False,423,0,0,0,False,不可行-海上
Li,38.0,-124.0,99.7,237.0,,False,False,142,0,0,0,False,不可行-海上
Li,46.0,-118.0,99.7,269.0,United States of America,True,False,529,199364,7,14245,False,高优先级-标准复查
REE,40.0,-118.0,99.7,281.0,United States of America,True,False,453,199364,7,14245,False,高优先级-标准复查
REE,32.0,-114.0,99.7,285.0,Mexico,True,False,456,4041,1,2190,False,高优先级-标准复查
REE,36.0,-120.0,99.7,228.0,United States of America,True,False,270,199364,7,14245,False,高优先级-标准复查
Coal,40.0,-118.0,99.7,224.0,United States of America,True,False,453,199364,7,14245,False,高优先级-标准复查
OilGas,32.0,-110.0,99.7,711.0,United States of America,True,False,800,199364,7,14245,False,高优先级-标准复查
Cr,30.0,-114.0,99.7,242.0,,False,False,601,0,0,0,False,不可行-海上
Bi,30.0,-114.0,99.7,237.0,,False,False,601,0,0,0,False,不可行-海上
CsRb,32.0,-116.0,99.7,297.0,Mexico,True,False,309,4041,1,2190,False,高优先级-标准复查
CsRb,32.0,-110.0,99.7,273.0,United States of America,True,False,800,199364,7,14245,False,高优先级-标准复查
CsRb,46.0,-120.0,99.7,321.0,United States of America,True,False,433,199364,7,14245,False,高优先级-标准复查
Sc,42.0,-110.0,99.7,223.0,United States of America,True,False,491,199364,7,14245,False,高优先级-标准复查
Sc,46.0,-112.0,99.7,251.0,United States of America,True,False,900,199364,7,14245,False,高优先级-标准复查
Sc,36.0,-120.0,99.7,325.0,United States of America,True,False,270,199364,7,14245,False,高优先级-标准复查
Sc,38.0,-124.0,99.7,317.0,,False,False,142,0,0,0,False,不可行-海上
Sc,38.0,-114.0,99.7,298.0,United States of America,True,False,581,199364,7,14245,False,高优先级-标准复查
Sc,40.0,-116.0,99.7,326.0,United States of America,True,False,606,199364,7,14245,False,高优先级-标准复查
Sc,56.0,-134.0,99.7,255.0,,False,False,1045,0,0,0,False,不可行-海上
Sc,44.0,-124.0,99.7,378.0,United States of America,True,False,590,199364,7,14245,False,高优先级-标准复查
Zr,30.0,-114.0,99.7,250.0,,False,False,601,0,0,0,False,不可行-海上
Li,30.0,-116.0,99.6,328.0,,False,False,497,0,0,0,False,不可行-海上
Li,44.0,-116.0,99.6,272.0,United States of America,True,False,799,199364,7,14245,False,高优先级-标准复查
REE,40.0,-122.0,99.6,286.0,United States of America,True,False,249,199364,7,14245,False,高优先级-标准复查
Coal,44.0,-120.0,99.6,234.0,United States of America,True,False,633,199364,7,14245,False,高优先级-标准复查
Coal,36.0,-112.0,99.6,240.0,United States of America,True,False,607,199364,7,14245,False,高优先级-标准复查
Coal,32.0,-116.0,99.6,231.0,Mexico,True,False,309,4041,1,2190,False,高优先级-标准复查
OilGas,38.0,-106.0,99.6,790.0,United States of America,True,False,213,199364,7,14245,False,高优先级-标准复查
OilGas,62.0,-2.0,99.6,327.0,,False,False,725,0,0,0,False,不可行-海上
OilGas,36.0,-110.0,99.6,855.0,United States of America,True,False,605,199364,7,14245,False,高优先级-标准复查
OilGas,30.0,-108.0,99.6,551.0,Mexico,True,False,894,4041,1,2190,False,高优先级-标准复查
OilGas,60.0,0.0,99.6,226.0,,False,False,598,0,0,0,False,不可行-海上
Cr,40.0,14.0,99.6,238.0,,False,False,247,0,0,0,False,不可行-海上
TaNb,48.0,-124.0,99.6,231.0,United States of America,True,False,156,199364,7,14245,False,高优先级-标准复查
TaNb,36.0,-120.0,99.6,245.0,United States of America,True,False,270,199364,7,14245,False,高优先级-标准复查
Re,46.0,-120.0,99.6,249.0,United States of America,True,False,433,199364,7,14245,False,高优先级-标准复查
CsRb,56.0,-134.0,99.6,231.0,,False,False,1045,0,0,0,False,不可行-海上
CsRb,48.0,-120.0,99.6,295.0,United States of America,True,False,270,199364,7,14245,False,高优先级-标准复查
CsRb,64.0,-148.0,99.6,241.0,United States of America,True,False,2207,199364,7,14245,False,高优先级-标准复查
CsRb,48.0,-128.0,99.6,313.0,,False,False,385,0,0,0,False,不可行-海上
CsRb,56.0,-136.0,99.6,247.0,,False,False,1143,0,0,0,False,不可行-海上
CsRb,62.0,-156.0,99.6,226.0,United States of America,True,False,2460,199364,7,14245,False,高优先级-标准复查
CsRb,56.0,-132.0,99.6,273.0,United States of America,True,False,957,199364,7,14245,False,高优先级-标准复查
Sc,42.0,-118.0,99.6,385.0,United States of America,True,False,600,199364,7,14245,False,高优先级-标准复查
Sc,46.0,-110.0,99.6,259.0,United States of America,True,False,807,199364,7,14245,False,高优先级-标准复查
Sc,62.0,-152.0,99.6,239.0,United States of America,True,False,2267,199364,7,14245,False,高优先级-标准复查
Sc,44.0,-108.0,99.6,253.0,United States of America,True,False,535,199364,7,14245,False,高优先级-标准复查
Sc,46.0,-114.0,99.6,330.0,United States of America,True,False,774,199364,7,14245,False,高优先级-标准复查
Sc,42.0,-116.0,99.6,373.0,United States of America,True,False,719,199364,7,14245,False,高优先级-标准复查
Sc,38.0,-110.0,99.6,316.0,United States of America,True,False,475,199364,7,14245,False,高优先级-标准复查
Sc,56.0,-136.0,99.6,271.0,,False,False,1143,0,0,0,False,不可行-海上
Sc,44.0,-120.0,99.6,434.0,United States of America,True,False,633,199364,7,14245,False,高优先级-标准复查
Sc,56.0,-132.0,99.6,292.0,United States of America,True,False,957,199364,7,14245,False,高优先级-标准复查
Sc,36.0,-122.0,99.6,367.0,,False,False,202,0,0,0,False,不可行-海上
Zr,44.0,-120.0,99.6,286.0,United States of America,True,False,633,199364,7,14245,False,高优先级-标准复查
Zr,30.0,-112.0,99.6,225.0,Mexico,True,False,740,4041,1,2190,False,高优先级-标准复查
Zr,40.0,-126.0,99.6,241.0,,False,False,397,0,0,0,False,不可行-海上
Graphite,30.0,-114.0,99.6,241.0,,False,False,601,0,0,0,False,不可行-海上
NiCo,-22.0,170.0,99.5,308.0,,False,False,506,0,0,0,False,不可行-海上
Li,40.0,12.0,99.5,341.0,,False,False,215,0,0,0,False,不可行-海上
Li,36.0,-122.0,99.5,276.0,,False,False,202,0,0,0,False,不可行-海上
Li,42.0,-126.0,99.5,397.0,,False,False,560,0,0,0,False,不可行-海上
Li,48.0,-126.0,99.5,377.0,,False,False,254,0,0,0,False,不可行-海上
REE,42.0,-116.0,99.5,266.0,United States of America,True,False,719,199364,7,14245,False,高优先级-标准复查
REE,38.0,-112.0,99.5,244.0,United States of America,True,False,637,199364,7,14245,False,高优先级-标准复查
Coal,36.0,-114.0,99.5,240.0,United States of America,True,False,442,199364,7,14245,False,高优先级-标准复查
Coal,42.0,-118.0,99.5,256.0,United States of America,True,False,600,199364,7,14245,False,高优先级-标准复查
Coal,46.0,-120.0,99.5,226.0,United States of America,True,False,433,199364,7,14245,False,高优先级-标准复查
OilGas,28.0,-110.0,99.5,822.0,Mexico,True,False,993,4041,1,2190,False,高优先级-标准复查
OilGas,64.0,-12.0,99.5,875.0,,False,False,483,0,0,0,False,不可行-海上
OilGas,64.0,-10.0,99.5,782.0,,False,False,580,0,0,0,False,不可行-海上
OilGas,64.0,-14.0,99.5,969.0,,False,False,386,0,0,0,False,不可行-海上
OilGas,28.0,-104.0,99.5,415.0,Mexico,True,False,447,4041,1,2190,False,高优先级-标准复查
Cr,-20.0,168.0,99.5,258.0,,False,False,254,0,0,0,False,不可行-海上
Cr,32.0,-116.0,99.5,246.0,Mexico,True,False,309,4041,1,2190,False,高优先级-标准复查
TaNb,42.0,-124.0,99.5,335.0,United States of America,True,False,488,199364,7,14245,False,高优先级-标准复查
Re,48.0,-124.0,99.5,232.0,United States of America,True,False,156,199364,7,14245,False,高优先级-标准复查
CsRb,36.0,-108.0,99.5,226.0,United States of America,True,False,493,199364,7,14245,False,高优先级-标准复查
CsRb,34.0,-116.0,99.5,344.0,United States of America,True,False,206,199364,7,14245,False,高优先级-标准复查
CsRb,44.0,-120.0,99.5,390.0,United States of America,True,False,633,199364,7,14245,False,高优先级-标准复查
CsRb,34.0,-110.0,99.5,324.0,United States of America,True,False,758,199364,7,14245,False,高优先级-标准复查
CsRb,62.0,-150.0,99.5,264.0,United States of America,True,False,2174,199364,7,14245,False,高优先级-标准复查
CsRb,44.0,-122.0,99.5,416.0,United States of America,True,False,593,199364,7,14245,False,高优先级-标准复查
CsRb,44.0,-124.0,99.5,389.0,United States of America,True,False,590,199364,7,14245,False,高优先级-标准复查
Sc,44.0,-116.0,99.5,389.0,United States of America,True,False,799,199364,7,14245,False,高优先级-标准复查
Sc,36.0,-118.0,99.5,373.0,United States of America,True,False,218,199364,7,14245,False,高优先级-标准复查
Sc,38.0,-116.0,99.5,369.0,United States of America,True,False,483,199364,7,14245,False,高优先级-标准复查
Zr,34.0,-110.0,99.5,236.0,United States of America,True,False,758,199364,7,14245,False,高优先级-标准复查
Zr,48.0,-128.0,99.5,247.0,,False,False,385,0,0,0,False,不可行-海上
Graphite,42.0,-120.0,99.5,254.0,United States of America,True,False,511,199364,7,14245,False,高优先级-标准复查
Graphite,44.0,-120.0,99.5,286.0,United States of America,True,False,633,199364,7,14245,False,高优先级-标准复查
NiCo,30.0,-116.0,99.4,274.0,,False,False,497,0,0,0,False,不可行-海上
Li,40.0,10.0,99.4,306.0,,False,False,295,0,0,0,False,不可行-海上
Li,40.0,-126.0,99.4,438.0,,False,False,397,0,0,0,False,不可行-海上
Li,40.0,14.0,99.4,440.0,,False,False,247,0,0,0,False,不可行-海上
Li,28.0,-112.0,99.4,392.0,,False,False,897,0,0,0,False,不可行-海上
REE,38.0,-116.0,99.4,262.0,United States of America,True,False,483,199364,7,14245,False,高优先级-标准复查
REE,32.0,-108.0,99.4,233.0,United States of America,True,False,902,199364,7,14245,False,高优先级-标准复查
REE,12.0,42.0,99.4,225.0,Djibouti,True,False,133,3,0,11,False,高优先级-标准复查
REE,32.0,-118.0,99.4,273.0,,False,False,229,0,0,0,False,不可行-海上
REE,34.0,-110.0,99.4,332.0,United States of America,True,False,758,199364,7,14245,False,高优先级-标准复查
Coal,40.0,-116.0,99.4,243.0,United States of America,True,False,606,199364,7,14245,False,高优先级-标准复查
Coal,36.0,-116.0,99.4,264.0,United States of America,True,False,297,199364,7,14245,False,高优先级-标准复查
Coal,32.0,-110.0,99.4,248.0,United States of America,True,False,800,199364,7,14245,False,高优先级-标准复查
Coal,40.0,-122.0,99.4,249.0,United States of America,True,False,249,199364,7,14245,False,高优先级-标准复查
Coal,40.0,-120.0,99.4,290.0,United States of America,True,False,322,199364,7,14245,False,高优先级-标准复查
OilGas,64.0,-8.0,99.4,692.0,,False,False,676,0,0,0,False,不可行-海上
OilGas,36.0,-112.0,99.4,1010.0,United States of America,True,False,607,199364,7,14245,False,高优先级-标准复查
OilGas,34.0,-112.0,99.4,930.0,United States of America,True,False,574,199364,7,14245,False,高优先级-标准复查
OilGas,64.0,-16.0,99.4,1065.0,,False,False,289,0,0,0,False,不可行-海上
OilGas,28.0,-112.0,99.4,996.0,,False,False,897,0,0,0,False,不可行-海上
OilGas,62.0,-4.0,99.4,427.0,,False,False,827,0,0,0,False,不可行-海上
ZnPb,40.0,-126.0,99.4,227.0,,False,False,397,0,0,0,False,不可行-海上
Cr,40.0,16.0,99.4,238.0,Italy,True,False,354,130,0,5669,False,高优先级-标准复查
V,44.0,-120.0,99.4,223.0,United States of America,True,False,633,199364,7,14245,False,高优先级-标准复查
Ti,30.0,-114.0,99.4,250.0,,False,False,601,0,0,0,False,不可行-海上
TaNb,30.0,-110.0,99.4,239.0,Mexico,True,False,897,4041,1,2190,False,高优先级-标准复查
TaNb,30.0,-116.0,99.4,338.0,,False,False,497,0,0,0,False,不可行-海上
TaNb,36.0,-122.0,99.4,280.0,,False,False,202,0,0,0,False,不可行-海上
TaNb,46.0,-124.0,99.4,310.0,,False,False,370,0,0,0,False,不可行-海上
Be,40.0,-124.0,99.4,254.0,United States of America,True,False,283,199364,7,14245,False,高优先级-标准复查
CsRb,42.0,-116.0,99.4,327.0,United States of America,True,False,719,199364,7,14245,False,高优先级-标准复查
CsRb,34.0,-108.0,99.4,309.0,United States of America,True,False,692,199364,7,14245,False,高优先级-标准复查
CsRb,64.0,-146.0,99.4,290.0,United States of America,True,False,2129,199364,7,14245,False,高优先级-标准复查
CsRb,42.0,-118.0,99.4,391.0,United States of America,True,False,600,199364,7,14245,False,高优先级-标准复查
CsRb,10.0,-86.0,99.4,316.0,,False,False,211,0,0,0,False,不可行-海上
CsRb,44.0,-112.0,99.4,276.0,United States of America,True,False,749,199364,7,14245,False,高优先级-标准复查
Sc,62.0,-160.0,99.4,249.0,United States of America,True,False,2659,199364,7,14245,False,高优先级-标准复查
Sc,64.0,-150.0,99.4,304.0,United States of America,True,False,2287,199364,7,14245,False,高优先级-标准复查
Sc,-32.0,-74.0,99.4,248.0,,False,False,252,0,0,0,False,不可行-海上
Sc,-34.0,-74.0,99.4,272.0,,False,False,245,0,0,0,False,不可行-海上
Sc,40.0,-108.0,99.4,357.0,United States of America,True,False,259,199364,7,14245,False,高优先级-标准复查
Sc,42.0,-108.0,99.4,327.0,United States of America,True,False,357,199364,7,14245,False,高优先级-标准复查
Sc,38.0,-126.0,99.4,406.0,,False,False,317,0,0,0,False,不可行-海上
Zr,38.0,-126.0,99.4,251.0,,False,False,317,0,0,0,False,不可行-海上
Zr,36.0,-122.0,99.4,256.0,,False,False,202,0,0,0,False,不可行-海上
NiCo,-4.0,148.0,99.3,355.0,,False,False,614,0,0,0,False,不可行-海上
Li,36.0,-110.0,99.3,304.0,United States of America,True,False,605,199364,7,14245,False,高优先级-标准复查
Li,42.0,14.0,99.3,323.0,Italy,True,False,126,130,0,5669,False,高优先级-标准复查
Li,28.0,-114.0,99.3,411.0,Mexico,True,False,784,4041,1,2190,False,高优先级-标准复查
Li,44.0,-114.0,99.3,323.0,United States of America,True,False,883,199364,7,14245,False,高优先级-标准复查
Li,44.0,8.0,99.3,226.0,Italy,True,False,56,130,0,5669,False,高优先级-标准复查
Li,46.0,-128.0,99.3,408.0,,False,False,516,0,0,0,False,不可行-海上
REE,42.0,-124.0,99.3,335.0,United States of America,True,False,488,199364,7,14245,False,高优先级-标准复查
REE,46.0,-120.0,99.3,331.0,United States of America,True,False,433,199364,7,14245,False,高优先级-标准复查
REE,38.0,-118.0,99.3,356.0,United States of America,True,False,387,199364,7,14245,False,高优先级-标准复查
Coal,40.0,-124.0,99.3,269.0,United States of America,True,False,283,199364,7,14245,False,高优先级-标准复查
Coal,34.0,-120.0,99.3,243.0,,False,False,163,0,0,0,False,不可行-海上
Coal,46.0,-118.0,99.3,274.0,United States of America,True,False,529,199364,7,14245,False,高优先级-标准复查
Coal,46.0,-126.0,99.3,288.0,,False,False,423,0,0,0,False,不可行-海上
Coal,44.0,-128.0,99.3,318.0,,False,False,694,0,0,0,False,不可行-海上
Coal,34.0,-114.0,99.3,315.0,United States of America,True,False,390,199364,7,14245,False,高优先级-标准复查
Coal,34.0,-106.0,99.3,332.0,United States of America,True,False,645,199364,7,14245,False,高优先级-标准复查
Coal,32.0,-108.0,99.3,307.0,United States of America,True,False,902,199364,7,14245,False,高优先级-标准复查
OilGas,38.0,-108.0,99.3,880.0,United States of America,True,False,325,199364,7,14245,False,高优先级-标准复查
OilGas,28.0,-108.0,99.3,658.0,Mexico,True,False,803,4041,1,2190,False,高优先级-标准复查
OilGas,40.0,-106.0,99.3,996.0,United States of America,True,False,91,199364,7,14245,False,高优先级-标准复查
OilGas,38.0,-104.0,99.3,736.0,United States of America,True,False,212,199364,7,14245,False,高优先级-标准复查
OilGas,64.0,-6.0,99.3,605.0,,False,False,773,0,0,0,False,不可行-海上
OilGas,20.0,-94.0,99.3,231.0,,False,False,541,0,0,0,False,不可行-海上
OilGas,66.0,-16.0,99.3,1125.0,Iceland,True,False,346,3,0,268,False,高优先级-标准复查
OilGas,66.0,-14.0,99.3,1041.0,,False,False,425,0,0,0,False,不可行-海上
ZnPb,38.0,14.0,99.3,297.0,Italy,True,False,238,130,0,5669,False,高优先级-标准复查
ZnPb,18.0,-104.0,99.3,279.0,,False,False,537,0,0,0,False,不可行-海上
ZnPb,30.0,-116.0,99.3,265.0,,False,False,497,0,0,0,False,不可行-海上
Ti,40.0,-126.0,99.3,247.0,,False,False,397,0,0,0,False,不可行-海上
Re,36.0,138.0,99.3,225.0,Japan,True,False,161,623,0,539,False,高优先级-标准复查
Re,58.0,-154.0,99.3,224.0,,False,False,2229,0,0,0,False,不可行-海上
Be,30.0,-114.0,99.3,290.0,,False,False,601,0,0,0,False,不可行-海上
CsRb,66.0,-144.0,99.3,268.0,United States of America,True,False,2213,199364,7,14245,False,高优先级-标准复查
CsRb,38.0,-108.0,99.3,245.0,United States of America,True,False,325,199364,7,14245,False,高优先级-标准复查
CsRb,46.0,-128.0,99.3,355.0,,False,False,516,0,0,0,False,不可行-海上
CsRb,40.0,-108.0,99.3,236.0,United States of America,True,False,259,199364,7,14245,False,高优先级-标准复查
CsRb,30.0,-116.0,99.3,396.0,,False,False,497,0,0,0,False,不可行-海上
CsRb,-26.0,-70.0,99.3,312.0,Chile,True,False,799,5527,4,1089,False,高优先级-标准复查
CsRb,12.0,-84.0,99.3,309.0,Nicaragua,True,False,230,164,0,116,False,高优先级-标准复查
CsRb,-28.0,-68.0,99.3,322.0,Argentina,True,False,656,2501,1,2435,False,高优先级-标准复查
CsRb,34.0,-104.0,99.3,248.0,United States of America,True,False,644,199364,7,14245,False,高优先级-标准复查
CsRb,68.0,-148.0,99.3,236.0,United States of America,True,False,2493,199364,7,14245,False,高优先级-标准复查
Sc,44.0,-126.0,99.3,449.0,,False,False,626,0,0,0,False,不可行-海上
Sc,40.0,-128.0,99.3,444.0,,False,False,544,0,0,0,False,不可行-海上
Sc,62.0,-150.0,99.3,329.0,United States of America,True,False,2174,199364,7,14245,False,高优先级-标准复查
Sc,42.0,-128.0,99.3,454.0,,False,False,669,0,0,0,False,不可行-海上
Zr,48.0,-120.0,99.3,248.0,United States of America,True,False,270,199364,7,14245,False,高优先级-标准复查
Zr,44.0,-128.0,99.3,284.0,,False,False,694,0,0,0,False,不可行-海上
Au,52.0,-128.0,99.2,242.0,,False,False,458,0,0,0,False,不可行-海上
Au,-6.0,146.0,99.2,238.0,Papua New Guinea,True,False,407,243,0,542,False,高优先级-标准复查
NiCo,28.0,-110.0,99.2,238.0,Mexico,True,False,993,4041,1,2190,False,高优先级-标准复查
Li,38.0,-126.0,99.2,410.0,,False,False,317,0,0,0,False,不可行-海上
Li,44.0,-128.0,99.2,405.0,,False,False,694,0,0,0,False,不可行-海上
Li,38.0,12.0,99.2,550.0,,False,False,209,0,0,0,False,不可行-海上
REE,32.0,-112.0,99.2,316.0,United States of America,True,False,624,199364,7,14245,False,高优先级-标准复查
REE,38.0,-110.0,99.2,260.0,United States of America,True,False,475,199364,7,14245,False,高优先级-标准复查
Coal,34.0,-104.0,99.2,327.0,United States of America,True,False,644,199364,7,14245,False,高优先级-标准复查
Coal,38.0,-102.0,99.2,255.0,United States of America,True,False,323,199364,7,14245,False,高优先级-标准复查
OilGas,64.0,-4.0,99.2,524.0,,False,False,869,0,0,0,False,不可行-海上
OilGas,60.0,8.0,99.2,256.0,Norway,True,False,153,259,1,5023,False,高优先级-标准复查
OilGas,58.0,4.0,99.2,323.0,,False,False,442,0,0,0,False,不可行-海上
OilGas,64.0,-2.0,99.2,452.0,,False,False,804,0,0,0,False,不可行-海上
OilGas,68.0,-152.0,99.2,224.0,United States of America,True,False,2619,199364,7,14245,False,高优先级-标准复查
OilGas,28.0,-102.0,99.2,392.0,Mexico,True,False,307,4041,1,2190,False,高优先级-标准复查
OilGas,-24.0,-42.0,99.2,225.0,,False,False,173,0,0,0,False,不可行-海上
OilGas,40.0,-108.0,99.2,1067.0,United States of America,True,False,259,199364,7,14245,False,高优先级-标准复查
OilGas,26.0,54.0,99.2,229.0,,False,False,156,0,0,0,False,不可行-海上
OilGas,64.0,-18.0,99.2,1161.0,Iceland,True,False,192,3,0,268,False,高优先级-标准复查
OilGas,30.0,-110.0,99.2,736.0,Mexico,True,False,897,4041,1,2190,False,高优先级-标准复查
OilGas,26.0,-112.0,99.2,1109.0,Mexico,True,False,1077,4041,1,2190,False,高优先级-标准复查
ZnPb,40.0,12.0,99.2,256.0,,False,False,215,0,0,0,False,不可行-海上
Cr,30.0,-116.0,99.2,223.0,,False,False,497,0,0,0,False,不可行-海上
Ti,48.0,-128.0,99.2,246.0,,False,False,385,0,0,0,False,不可行-海上
TaNb,42.0,-112.0,99.2,230.0,United States of America,True,False,641,199364,7,14245,False,高优先级-标准复查
TaNb,40.0,-124.0,99.2,369.0,United States of America,True,False,283,199364,7,14245,False,高优先级-标准复查
TaNb,38.0,-124.0,99.2,313.0,,False,False,142,0,0,0,False,不可行-海上
Ag,-4.0,144.0,99.2,234.0,Papua New Guinea,True,False,702,243,0,542,False,高优先级-标准复查
Mo,-4.0,144.0,99.2,231.0,Papua New Guinea,True,False,702,243,0,542,False,高优先级-标准复查
Re,48.0,-126.0,99.2,248.0,,False,False,254,0,0,0,False,不可行-海上
Re,30.0,-114.0,99.2,300.0,,False,False,601,0,0,0,False,不可行-海上
Re,40.0,138.0,99.2,225.0,,False,False,504,0,0,0,False,不可行-海上
Re,40.0,-118.0,99.2,270.0,United States of America,True,False,453,199364,7,14245,False,高优先级-标准复查
Re,44.0,-120.0,99.2,337.0,United States of America,True,False,633,199364,7,14245,False,高优先级-标准复查
Re,-34.0,-68.0,99.2,227.0,Argentina,True,False,253,2501,1,2435,False,高优先级-标准复查
Bi,44.0,-126.0,99.2,245.0,,False,False,626,0,0,0,False,不可行-海上
Bi,52.0,-128.0,99.2,259.0,,False,False,458,0,0,0,False,不可行-海上
Be,36.0,-122.0,99.2,233.0,,False,False,202,0,0,0,False,不可行-海上
CsRb,46.0,-112.0,99.2,282.0,United States of America,True,False,900,199364,7,14245,False,高优先级-标准复查
CsRb,68.0,-152.0,99.2,239.0,United States of America,True,False,2619,199364,7,14245,False,高优先级-标准复查
CsRb,66.0,-156.0,99.2,263.0,United States of America,True,False,2643,199364,7,14245,False,高优先级-标准复查
CsRb,62.0,-158.0,99.2,293.0,United States of America,True,False,2559,199364,7,14245,False,高优先级-标准复查
CsRb,-24.0,-70.0,99.2,334.0,Chile,True,False,738,5527,4,1089,False,高优先级-标准复查
CsRb,-28.0,-66.0,99.2,322.0,Argentina,True,False,750,2501,1,2435,False,高优先级-标准复查
CsRb,42.0,-114.0,99.2,337.0,United States of America,True,False,798,199364,7,14245,False,高优先级-标准复查
CsRb,44.0,-126.0,99.2,422.0,,False,False,626,0,0,0,False,不可行-海上
CsRb,30.0,-110.0,99.2,378.0,Mexico,True,False,897,4041,1,2190,False,高优先级-标准复查
Sc,56.0,-138.0,99.2,334.0,,False,False,1247,0,0,0,False,不可行-海上
Sc,66.0,-154.0,99.2,324.0,United States of America,True,False,2564,199364,7,14245,False,高优先级-标准复查
Sc,66.0,-156.0,99.2,311.0,United States of America,True,False,2643,199364,7,14245,False,高优先级-标准复查
Sc,-32.0,-68.0,99.2,339.0,Argentina,True,False,295,2501,1,2435,False,高优先级-标准复查
Sc,-30.0,-72.0,99.2,307.0,,False,False,341,0,0,0,False,不可行-海上
Sc,46.0,-108.0,99.2,347.0,United States of America,True,False,738,199364,7,14245,False,高优先级-标准复查
Sc,38.0,-94.0,99.2,225.0,United States of America,True,False,691,199364,7,14245,False,高优先级-标准复查
Sc,-34.0,-68.0,99.2,354.0,Argentina,True,False,253,2501,1,2435,False,高优先级-标准复查
Zr,20.0,-102.0,99.2,266.0,Mexico,True,False,306,4041,1,2190,False,高优先级-标准复查
Zr,46.0,-128.0,99.2,305.0,,False,False,516,0,0,0,False,不可行-海上
Zr,42.0,-128.0,99.2,314.0,,False,False,669,0,0,0,False,不可行-海上
Graphite,30.0,-116.0,99.2,277.0,,False,False,497,0,0,0,False,不可行-海上
Graphite,38.0,-126.0,99.2,237.0,,False,False,317,0,0,0,False,不可行-海上
Graphite,48.0,-126.0,99.2,276.0,,False,False,254,0,0,0,False,不可行-海上
Au,-4.0,144.0,99.1,261.0,Papua New Guinea,True,False,702,243,0,542,False,高优先级-标准复查
Au,20.0,-104.0,99.1,274.0,Mexico,True,False,513,4041,1,2190,False,高优先级-标准复查
NiCo,46.0,-126.0,99.1,267.0,,False,False,423,0,0,0,False,不可行-海上
NiCo,42.0,-128.0,99.1,307.0,,False,False,669,0,0,0,False,不可行-海上
NiCo,26.0,-110.0,99.1,245.0,,False,False,968,0,0,0,False,不可行-海上
NiCo,-20.0,170.0,99.1,396.0,,False,False,308,0,0,0,False,不可行-海上
Li,44.0,4.0,99.1,257.0,France,True,False,260,439,0,4719,False,高优先级-标准复查
Li,44.0,-112.0,99.1,311.0,United States of America,True,False,749,199364,7,14245,False,高优先级-标准复查
Li,38.0,14.0,99.1,618.0,Italy,True,False,238,130,0,5669,False,高优先级-标准复查
Li,28.0,-110.0,99.1,377.0,Mexico,True,False,993,4041,1,2190,False,高优先级-标准复查
Li,2.0,-78.0,99.1,238.0,Colombia,True,False,252,1171,0,1349,False,高优先级-标准复查
REE,0.0,32.0,99.1,250.0,Uganda,True,False,74,71,0,219,False,高优先级-标准复查
U,28.0,-112.0,99.1,229.0,,False,False,897,0,0,0,False,不可行-海上
Coal,32.0,-112.0,99.1,299.0,United States of America,True,False,624,199364,7,14245,False,高优先级-标准复查
Coal,42.0,-128.0,99.1,343.0,,False,False,669,0,0,0,False,不可行-海上
OilGas,64.0,0.0,99.1,394.0,,False,False,721,0,0,0,False,不可行-海上
OilGas,30.0,-114.0,99.1,1111.0,,False,False,601,0,0,0,False,不可行-海上
OilGas,66.0,-12.0,99.1,960.0,,False,False,509,0,0,0,False,不可行-海上
OilGas,38.0,-112.0,99.1,1128.0,United States of America,True,False,637,199364,7,14245,False,高优先级-标准复查
OilGas,66.0,-18.0,99.1,1210.0,Iceland,True,False,277,3,0,268,False,高优先级-标准复查
OilGas,62.0,8.0,99.1,259.0,Norway,True,False,275,259,1,5023,False,高优先级-标准复查
OilGas,22.0,-92.0,99.1,246.0,,False,False,627,0,0,0,False,不可行-海上
OilGas,28.0,-106.0,99.1,515.0,Mexico,True,False,619,4041,1,2190,False,高优先级-标准复查
OilGas,72.0,-150.0,99.1,245.0,,False,False,2865,0,0,0,False,不可行-海上
OilGas,64.0,-20.0,99.1,1258.0,Iceland,True,False,95,3,0,268,False,高优先级-标准复查
ZnPb,36.0,12.0,99.1,288.0,,False,False,186,0,0,0,False,不可行-海上
ZnPb,38.0,12.0,99.1,307.0,,False,False,209,0,0,0,False,不可行-海上
Cr,-8.0,148.0,99.1,230.0,Papua New Guinea,True,False,185,243,0,542,False,高优先级-标准复查
W,20.0,-104.0,99.1,290.0,Mexico,True,False,513,4041,1,2190,False,高优先级-标准复查
Sn,36.0,138.0,99.1,230.0,Japan,True,False,161,623,0,539,False,高优先级-标准复查
Ti,50.0,-130.0,99.1,276.0,,False,False,502,0,0,0,False,不可行-海上
TaNb,44.0,-124.0,99.1,394.0,United States of America,True,False,590,199364,7,14245,False,高优先级-标准复查
TaNb,46.0,6.0,99.1,237.0,France,True,False,26,439,0,4719,False,高优先级-标准复查
Re,-28.0,-68.0,99.1,247.0,Argentina,True,False,656,2501,1,2435,False,高优先级-标准复查
Re,-36.0,-72.0,99.1,255.0,Chile,True,False,310,5527,4,1089,False,高优先级-标准复查
Re,40.0,140.0,99.1,261.0,Japan,True,False,480,623,0,539,False,高优先级-标准复查
Re,54.0,-134.0,99.1,275.0,,False,False,915,0,0,0,False,不可行-海上
Re,46.0,-122.0,99.1,339.0,United States of America,True,False,374,199364,7,14245,False,高优先级-标准复查
Re,32.0,-116.0,99.1,308.0,Mexico,True,False,309,4041,1,2190,False,高优先级-标准复查
Re,58.0,-158.0,99.1,262.0,,False,False,2461,0,0,0,False,不可行-海上
Re,36.0,140.0,99.1,263.0,Japan,True,False,41,623,0,539,False,高优先级-标准复查
Be,44.0,-126.0,99.1,275.0,,False,False,626,0,0,0,False,不可行-海上
Be,20.0,-102.0,99.1,256.0,Mexico,True,False,306,4041,1,2190,False,高优先级-标准复查
CsRb,56.0,-138.0,99.1,314.0,,False,False,1247,0,0,0,False,不可行-海上
CsRb,68.0,-146.0,99.1,279.0,United States of America,True,False,2435,199364,7,14245,False,高优先级-标准复查
CsRb,10.0,-88.0,99.1,335.0,,False,False,305,0,0,0,False,不可行-海上
Sc,60.0,-156.0,99.1,356.0,United States of America,True,False,2393,199364,7,14245,False,高优先级-标准复查
Sc,40.0,-90.0,99.1,227.0,United States of America,True,False,286,199364,7,14245,False,高优先级-标准复查
Sc,46.0,-116.0,99.1,452.0,United States of America,True,False,646,199364,7,14245,False,高优先级-标准复查
Sc,-36.0,-72.0,99.1,366.0,Chile,True,False,310,5527,4,1089,False,高优先级-标准复查
Sc,-30.0,-70.0,99.1,335.0,Chile,True,False,372,5527,4,1089,False,高优先级-标准复查
Sc,36.0,-112.0,99.1,476.0,United States of America,True,False,607,199364,7,14245,False,高优先级-标准复查
Sc,60.0,-154.0,99.1,369.0,United States of America,True,False,2286,199364,7,14245,False,高优先级-标准复查
Sc,58.0,-140.0,99.1,330.0,,False,False,1469,0,0,0,False,不可行-海上
Sc,64.0,-162.0,99.1,315.0,,False,False,2817,0,0,0,False,不可行-海上
Sc,66.0,-152.0,99.1,362.0,United States of America,True,False,2488,199364,7,14245,False,高优先级-标准复查
Zr,32.0,-108.0,99.1,268.0,United States of America,True,False,902,199364,7,14245,False,高优先级-标准复查
Graphite,44.0,-126.0,99.1,289.0,,False,False,626,0,0,0,False,不可行-海上
Graphite,34.0,-108.0,99.1,248.0,United States of America,True,False,692,199364,7,14245,False,高优先级-标准复查
NiCo,48.0,-128.0,99.0,350.0,,False,False,385,0,0,0,False,不可行-海上
Li,48.0,-116.0,99.0,280.0,United States of America,True,False,542,199364,7,14245,False,高优先级-标准复查
Li,48.0,8.0,99.0,228.0,Germany,True,False,127,328,0,8735,False,高优先级-标准复查
Li,2.0,-80.0,99.0,280.0,,False,False,297,0,0,0,False,不可行-海上
REE,42.0,-108.0,99.0,236.0,United States of America,True,False,357,199364,7,14245,False,高优先级-标准复查
REE,4.0,36.0,99.0,304.0,Kenya,True,False,499,51,0,121,False,高优先级-标准复查
REE,4.0,34.0,99.0,255.0,Uganda,True,False,284,71,0,219,False,高优先级-标准复查
REE,38.0,-120.0,99.0,422.0,United States of America,True,False,212,199364,7,14245,False,高优先级-标准复查
REE,40.0,-110.0,99.0,268.0,United States of America,True,False,429,199364,7,14245,False,高优先级-标准复查
REE,44.0,-124.0,99.0,394.0,United States of America,True,False,590,199364,7,14245,False,高优先级-标准复查
REE,-2.0,38.0,99.0,309.0,Kenya,True,False,154,51,0,121,False,高优先级-标准复查
REE,0.0,38.0,99.0,316.0,Kenya,True,False,194,51,0,121,False,高优先级-标准复查
U,44.0,-126.0,99.0,246.0,,False,False,626,0,0,0,False,不可行-海上
U,40.0,-124.0,99.0,233.0,United States of America,True,False,283,199364,7,14245,False,高优先级-标准复查
Coal,40.0,-102.0,99.0,274.0,United States of America,True,False,256,199364,7,14245,False,高优先级-标准复查
OilGas,68.0,-146.0,99.0,244.0,United States of America,True,False,2435,199364,7,14245,False,高优先级-标准复查
OilGas,64.0,2.0,99.0,356.0,,False,False,643,0,0,0,False,不可行-海上
OilGas,58.0,6.0,99.0,348.0,,False,False,346,0,0,0,False,不可行-海上
OilGas,70.0,-156.0,99.0,249.0,United States of America,True,False,2880,199364,7,14245,False,高优先级-标准复查
OilGas,72.0,-148.0,99.0,251.0,,False,False,2819,0,0,0,False,不可行-海上
OilGas,26.0,-110.0,99.0,953.0,,False,False,968,0,0,0,False,不可行-海上
OilGas,60.0,-2.0,99.0,328.0,,False,False,709,0,0,0,False,不可行-海上
OilGas,28.0,-114.0,99.0,1176.0,Mexico,True,False,784,4041,1,2190,False,高优先级-标准复查
OilGas,36.0,-114.0,99.0,1174.0,United States of America,True,False,442,199364,7,14245,False,高优先级-标准复查
OilGas,62.0,-6.0,99.0,529.0,,False,False,835,0,0,0,False,不可行-海上
OilGas,58.0,2.0,99.0,336.0,,False,False,545,0,0,0,False,不可行-海上
OilGas,70.0,-8.0,99.0,1143.0,,False,False,884,0,0,0,False,不可行-海上
ZnPb,18.0,-106.0,99.0,291.0,,False,False,741,0,0,0,False,不可行-海上
ZnPb,40.0,14.0,99.0,286.0,,False,False,247,0,0,0,False,不可行-海上
W,18.0,-104.0,99.0,282.0,,False,False,537,0,0,0,False,不可行-海上
Sn,58.0,-156.0,99.0,236.0,United States of America,True,False,2344,199364,7,14245,False,高优先级-标准复查
Sn,20.0,-104.0,99.0,307.0,Mexico,True,False,513,4041,1,2190,False,高优先级-标准复查
Sn,30.0,-112.0,99.0,239.0,Mexico,True,False,740,4041,1,2190,False,高优先级-标准复查
Sn,58.0,-154.0,99.0,243.0,,False,False,2229,0,0,0,False,不可行-海上
Sn,16.0,-62.0,99.0,248.0,,False,False,102,0,0,0,False,不可行-海上
Sb,40.0,12.0,99.0,230.0,,False,False,215,0,0,0,False,不可行-海上
TaNb,48.0,-126.0,99.0,376.0,,False,False,254,0,0,0,False,不可行-海上
TaNb,28.0,-108.0,99.0,225.0,Mexico,True,False,803,4041,1,2190,False,高优先级-标准复查
TaNb,12.0,42.0,99.0,226.0,Djibouti,True,False,133,3,0,11,False,高优先级-标准复查
Re,42.0,-118.0,99.0,290.0,United States of America,True,False,600,199364,7,14245,False,高优先级-标准复查
Re,-16.0,-74.0,99.0,264.0,Peru,True,False,549,4960,0,1044,False,高优先级-标准复查
Re,40.0,-120.0,99.0,359.0,United States of America,True,False,322,199364,7,14245,False,高优先级-标准复查
Bi,40.0,12.0,99.0,279.0,,False,False,215,0,0,0,False,不可行-海上
As,40.0,-126.0,99.0,250.0,,False,False,397,0,0,0,False,不可行-海上
Be,46.0,-124.0,99.0,287.0,,False,False,370,0,0,0,False,不可行-海上
CsRb,62.0,-148.0,99.0,341.0,United States of America,True,False,2083,199364,7,14245,False,高优先级-标准复查
CsRb,14.0,-84.0,99.0,327.0,Nicaragua,True,False,320,164,0,116,False,高优先级-标准复查
CsRb,14.0,-90.0,99.0,379.0,Guatemala,True,False,90,145,0,30,False,高优先级-标准复查
CsRb,-22.0,-68.0,99.0,375.0,Bolivia,True,False,436,2738,1,439,False,高优先级-标准复查
CsRb,36.0,-112.0,99.0,414.0,United States of America,True,False,607,199364,7,14245,False,高优先级-标准复查
CsRb,36.0,-114.0,99.0,419.0,United States of America,True,False,442,199364,7,14245,False,高优先级-标准复查
CsRb,-26.0,-64.0,99.0,312.0,Argentina,True,False,644,2501,1,2435,False,高优先级-标准复查
Sc,50.0,32.0,99.0,244.0,Ukraine,True,False,116,105,1,3245,False,高优先级-标准复查
Sc,66.0,-158.0,99.0,327.0,United States of America,True,False,2723,199364,7,14245,False,高优先级-标准复查
Sc,-36.0,-70.0,99.0,389.0,Argentina,True,False,291,2501,1,2435,False,高优先级-标准复查
Sc,70.0,-178.0,99.0,258.0,,False,False,3648,0,0,0,False,不可行-海上
Sc,36.0,-92.0,99.0,260.0,United States of America,True,False,740,199364,7,14245,False,高优先级-标准复查
Sc,44.0,-118.0,99.0,540.0,United States of America,True,False,705,199364,7,14245,False,高优先级-标准复查
Sc,60.0,-158.0,99.0,373.0,United States of America,True,False,2501,199364,7,14245,False,高优先级-标准复查
Sc,70.0,-180.0,99.0,261.0,,False,False,3723,0,0,0,False,不可行-海上
Sc,36.0,-114.0,99.0,502.0,United States of America,True,False,442,199364,7,14245,False,高优先级-标准复查
Sc,64.0,-148.0,99.0,399.0,United States of America,True,False,2207,199364,7,14245,False,高优先级-标准复查
Sc,36.0,-116.0,99.0,484.0,United States of America,True,False,297,199364,7,14245,False,高优先级-标准复查
NiCo,-6.0,148.0,98.9,316.0,,False,False,395,0,0,0,False,不可行-海上
Li,46.0,-116.0,98.9,394.0,United States of America,True,False,646,199364,7,14245,False,高优先级-标准复查
Li,44.0,6.0,98.9,308.0,France,True,False,116,439,0,4719,False,高优先级-标准复查
Li,48.0,-128.0,98.9,517.0,,False,False,385,0,0,0,False,不可行-海上
Li,36.0,-124.0,98.9,358.0,,False,False,244,0,0,0,False,不可行-海上
Li,44.0,2.0,98.9,225.0,France,True,False,170,439,0,4719,False,高优先级-标准复查
REE,36.0,-110.0,98.9,361.0,United States of America,True,False,605,199364,7,14245,False,高优先级-标准复查
REE,8.0,42.0,98.9,257.0,Ethiopia,True,False,286,71,0,320,False,高优先级-标准复查
REE,46.0,-110.0,98.9,242.0,United States of America,True,False,807,199364,7,14245,False,高优先级-标准复查
U,12.0,42.0,98.9,226.0,Djibouti,True,False,133,3,0,11,False,高优先级-标准复查
Coal,32.0,-102.0,98.9,291.0,United States of America,True,False,683,199364,7,14245,False,高优先级-标准复查
Coal,36.0,-124.0,98.9,270.0,,False,False,244,0,0,0,False,不可行-海上
OilGas,50.0,6.0,98.9,1220.0,Luxembourg,True,False,44,5,0,38,False,高优先级-标准复查
OilGas,-26.0,-46.0,98.9,256.0,,False,False,279,0,0,0,False,不可行-海上
OilGas,64.0,-22.0,98.9,1356.0,Iceland,True,False,16,3,0,268,False,高优先级-标准复查
OilGas,66.0,-10.0,98.9,883.0,,False,False,595,0,0,0,False,不可行-海上
OilGas,72.0,-152.0,98.9,261.0,,False,False,2913,0,0,0,False,不可行-海上
OilGas,70.0,-6.0,98.9,1104.0,,False,False,944,0,0,0,False,不可行-海上
OilGas,30.0,-112.0,98.9,923.0,Mexico,True,False,740,4041,1,2190,False,高优先级-标准复查
OilGas,16.0,42.0,98.9,1312.0,,False,False,247,0,0,0,False,不可行-海上
ZnPb,18.0,-102.0,98.9,261.0,Mexico,True,False,342,4041,1,2190,False,高优先级-标准复查
Cr,-22.0,170.0,98.9,326.0,,False,False,506,0,0,0,False,不可行-海上
Cr,-6.0,148.0,98.9,316.0,,False,False,395,0,0,0,False,不可行-海上
W,36.0,138.0,98.9,230.0,Japan,True,False,161,623,0,539,False,高优先级-标准复查
W,56.0,-162.0,98.9,223.0,,False,False,2688,0,0,0,False,不可行-海上
W,22.0,-104.0,98.9,271.0,Mexico,True,False,553,4041,1,2190,False,高优先级-标准复查
Sn,12.0,-62.0,98.9,249.0,,False,False,29,0,0,0,False,不可行-海上
Sn,32.0,128.0,98.9,236.0,,False,False,626,0,0,0,False,不可行-海上
Sn,34.0,138.0,98.9,236.0,,False,False,236,0,0,0,False,不可行-海上
V,44.0,-126.0,98.9,250.0,,False,False,626,0,0,0,False,不可行-海上
V,28.0,-114.0,98.9,247.0,Mexico,True,False,784,4041,1,2190,False,高优先级-标准复查
V,40.0,14.0,98.9,244.0,,False,False,247,0,0,0,False,不可行-海上
TaNb,44.0,4.0,98.9,257.0,France,True,False,260,439,0,4719,False,高优先级-标准复查
Re,-32.0,-68.0,98.9,238.0,Argentina,True,False,295,2501,1,2435,False,高优先级-标准复查
Re,-14.0,-72.0,98.9,285.0,Peru,True,False,497,4960,0,1044,False,高优先级-标准复查
Re,62.0,-152.0,98.9,293.0,United States of America,True,False,2267,199364,7,14245,False,高优先级-标准复查
Re,58.0,-136.0,98.9,241.0,,False,False,1285,0,0,0,False,不可行-海上
Re,28.0,-112.0,98.9,234.0,,False,False,897,0,0,0,False,不可行-海上
Re,62.0,-148.0,98.9,249.0,United States of America,True,False,2083,199364,7,14245,False,高优先级-标准复查
Re,42.0,-116.0,98.9,228.0,United States of America,True,False,719,199364,7,14245,False,高优先级-标准复查
Re,58.0,-152.0,98.9,283.0,,False,False,2114,0,0,0,False,不可行-海上
Bi,38.0,-124.0,98.9,264.0,,False,False,142,0,0,0,False,不可行-海上
As,52.0,-128.0,98.9,269.0,,False,False,458,0,0,0,False,不可行-海上
Be,28.0,-110.0,98.9,228.0,Mexico,True,False,993,4041,1,2190,False,高优先级-标准复查
Be,36.0,-110.0,98.9,232.0,United States of America,True,False,605,199364,7,14245,False,高优先级-标准复查
CsRb,12.0,-90.0,98.9,364.0,,False,False,208,0,0,0,False,不可行-海上
CsRb,42.0,-106.0,98.9,269.0,United States of America,True,False,265,199364,7,14245,False,高优先级-标准复查
CsRb,68.0,-154.0,98.9,283.0,United States of America,True,False,2686,199364,7,14245,False,高优先级-标准复查
CsRb,64.0,-144.0,98.9,357.0,United States of America,True,False,2056,199364,7,14245,False,高优先级-标准复查
CsRb,16.0,-88.0,98.9,386.0,,False,False,161,0,0,0,False,不可行-海上
CsRb,-22.0,-66.0,98.9,375.0,Argentina,True,False,338,2501,1,2435,False,高优先级-标准复查
CsRb,42.0,-120.0,98.9,500.0,United States of America,True,False,511,199364,7,14245,False,高优先级-标准复查
Sc,38.0,-108.0,98.9,441.0,United States of America,True,False,325,199364,7,14245,False,高优先级-标准复查
Sc,-18.0,-62.0,98.9,310.0,Bolivia,True,False,363,2738,1,439,False,高优先级-标准复查
Sc,-18.0,-60.0,98.9,287.0,Bolivia,True,False,566,2738,1,439,False,高优先级-标准复查
Sc,70.0,-176.0,98.9,278.0,,False,False,3573,0,0,0,False,不可行-海上
Sc,62.0,-162.0,98.9,340.0,United States of America,True,False,2760,199364,7,14245,False,高优先级-标准复查
Sc,68.0,-172.0,98.9,285.0,,False,False,3369,0,0,0,False,不可行-海上
Sc,48.0,38.0,98.9,276.0,Ukraine,True,False,607,105,1,3245,False,高优先级-标准复查
Sc,40.0,-94.0,98.9,289.0,United States of America,True,False,573,199364,7,14245,False,高优先级-标准复查
Sc,36.0,-90.0,98.9,287.0,United States of America,True,False,572,199364,7,14245,False,高优先级-标准复查
Au,-4.0,150.0,98.8,299.0,,False,False,682,0,0,0,False,不可行-海上
NiCo,40.0,12.0,98.8,310.0,,False,False,215,0,0,0,False,不可行-海上
NiCo,38.0,-126.0,98.8,261.0,,False,False,317,0,0,0,False,不可行-海上
NiCo,20.0,-104.0,98.8,271.0,Mexico,True,False,513,4041,1,2190,False,高优先级-标准复查
NiCo,44.0,-128.0,98.8,345.0,,False,False,694,0,0,0,False,不可行-海上
Li,30.0,-118.0,98.8,366.0,,False,False,451,0,0,0,False,不可行-海上
Li,34.0,-120.0,98.8,246.0,,False,False,163,0,0,0,False,不可行-海上
Li,34.0,-104.0,98.8,248.0,United States of America,True,False,644,199364,7,14245,False,高优先级-标准复查
Li,44.0,-110.0,98.8,248.0,United States of America,True,False,630,199364,7,14245,False,高优先级-标准复查
Li,48.0,10.0,98.8,243.0,Germany,True,False,103,328,0,8735,False,高优先级-标准复查
Li,0.0,-82.0,98.8,380.0,,False,False,390,0,0,0,False,不可行-海上
REE,48.0,-120.0,98.8,285.0,United States of America,True,False,270,199364,7,14245,False,高优先级-标准复查
REE,2.0,32.0,98.8,274.0,Uganda,True,False,198,71,0,219,False,高优先级-标准复查
REE,-6.0,36.0,98.8,235.0,Tanzania,True,False,34,103,1,360,False,高优先级-标准复查
REE,-6.0,34.0,98.8,229.0,Tanzania,True,False,195,103,1,360,False,高优先级-标准复查
REE,10.0,40.0,98.8,338.0,Ethiopia,True,False,179,71,0,320,False,高优先级-标准复查
REE,34.0,-102.0,98.8,228.0,United States of America,True,False,691,199364,7,14245,False,高优先级-标准复查
Coal,30.0,-102.0,98.8,260.0,United States of America,True,False,508,199364,7,14245,False,高优先级-标准复查
OilGas,50.0,8.0,98.8,1241.0,Germany,True,False,141,328,0,8735,False,高优先级-标准复查
OilGas,66.0,-20.0,98.8,1297.0,,False,False,225,0,0,0,False,不可行-海上
OilGas,28.0,54.0,98.8,267.0,Iran,True,False,335,617,1,1418,False,高优先级-标准复查
OilGas,64.0,-24.0,98.8,1453.0,,False,False,102,0,0,0,False,不可行-海上
OilGas,46.0,-130.0,98.8,2856.0,,False,False,631,0,0,0,False,不可行-海上
OilGas,4.0,36.0,98.8,2791.0,Kenya,True,False,499,51,0,121,False,高优先级-标准复查
OilGas,-46.0,50.0,98.8,8256.0,,False,False,2697,0,0,0,False,不可行-海上
OilGas,0.0,36.0,98.8,3185.0,Kenya,True,False,169,51,0,121,False,高优先级-标准复查
OilGas,4.0,38.0,98.8,2687.0,Ethiopia,True,False,565,71,0,320,False,高优先级-标准复查
OilGas,38.0,-26.0,98.8,3274.0,,False,False,1470,0,0,0,False,不可行-海上
ZnPb,46.0,-126.0,98.8,289.0,,False,False,423,0,0,0,False,不可行-海上
ZnPb,28.0,-116.0,98.8,250.0,,False,False,705,0,0,0,False,不可行-海上
Cr,18.0,-104.0,98.8,317.0,,False,False,537,0,0,0,False,不可行-海上
Cr,20.0,-106.0,98.8,289.0,,False,False,721,0,0,0,False,不可行-海上
W,-18.0,-70.0,98.8,246.0,Peru,True,False,258,4960,0,1044,False,高优先级-标准复查
W,32.0,132.0,98.8,229.0,,False,False,442,0,0,0,False,不可行-海上
W,34.0,138.0,98.8,236.0,,False,False,236,0,0,0,False,不可行-海上
Sn,54.0,-164.0,98.8,251.0,,False,False,2828,0,0,0,False,不可行-海上
Sn,58.0,-160.0,98.8,226.0,,False,False,2578,0,0,0,False,不可行-海上
Sb,22.0,-104.0,98.8,241.0,Mexico,True,False,553,4041,1,2190,False,高优先级-标准复查
Sb,52.0,-128.0,98.8,269.0,,False,False,458,0,0,0,False,不可行-海上
V,30.0,-114.0,98.8,275.0,,False,False,601,0,0,0,False,不可行-海上
TaNb,52.0,-130.0,98.8,352.0,,False,False,571,0,0,0,False,不可行-海上
TaNb,44.0,2.0,98.8,254.0,France,True,False,170,439,0,4719,False,高优先级-标准复查
Ag,38.0,14.0,98.8,297.0,Italy,True,False,238,130,0,5669,False,高优先级-标准复查
Ag,40.0,14.0,98.8,286.0,,False,False,247,0,0,0,False,不可行-海上
Re,-18.0,-68.0,98.8,289.0,Bolivia,True,False,168,2738,1,439,False,高优先级-标准复查
Re,32.0,-118.0,98.8,248.0,,False,False,229,0,0,0,False,不可行-海上
Re,36.0,-120.0,98.8,261.0,United States of America,True,False,270,199364,7,14245,False,高优先级-标准复查
Re,36.0,136.0,98.8,309.0,Japan,True,False,110,623,0,539,False,高优先级-标准复查
Re,60.0,-150.0,98.8,294.0,United States of America,True,False,2078,199364,7,14245,False,高优先级-标准复查
Bi,20.0,-104.0,98.8,289.0,Mexico,True,False,513,4041,1,2190,False,高优先级-标准复查
As,20.0,-102.0,98.8,260.0,Mexico,True,False,306,4041,1,2190,False,高优先级-标准复查
Be,30.0,-116.0,98.8,302.0,,False,False,497,0,0,0,False,不可行-海上
CsRb,-24.0,-64.0,98.8,334.0,Argentina,True,False,567,2501,1,2435,False,高优先级-标准复查
CsRb,48.0,-112.0,98.8,317.0,United States of America,True,False,829,199364,7,14245,False,高优先级-标准复查
CsRb,16.0,-86.0,98.8,370.0,Honduras,True,False,248,464,0,25,False,高优先级-标准复查
CsRb,42.0,-102.0,98.8,240.0,United States of America,True,False,355,199364,7,14245,False,高优先级-标准复查
CsRb,36.0,-110.0,98.8,406.0,United States of America,True,False,605,199364,7,14245,False,高优先级-标准复查
CsRb,64.0,-160.0,98.8,315.0,United States of America,True,False,2725,199364,7,14245,False,高优先级-标准复查
Sc,60.0,-152.0,98.8,411.0,,False,False,2181,0,0,0,False,不可行-海上
Sc,36.0,-124.0,98.8,475.0,,False,False,244,0,0,0,False,不可行-海上
Sc,46.0,36.0,98.8,297.0,,False,False,558,0,0,0,False,不可行-海上
Sc,66.0,-150.0,98.8,419.0,United States of America,True,False,2415,199364,7,14245,False,高优先级-标准复查
Sc,36.0,-110.0,98.8,513.0,United States of America,True,False,605,199364,7,14245,False,高优先级-标准复查
Sc,60.0,-140.0,98.8,372.0,United States of America,True,False,1604,199364,7,14245,False,高优先级-标准复查
Sc,-16.0,-64.0,98.8,357.0,Bolivia,True,False,364,2738,1,439,False,高优先级-标准复查
Sc,66.0,-160.0,98.8,368.0,United States of America,True,False,2805,199364,7,14245,False,高优先级-标准复查
Sc,38.0,-88.0,98.8,304.0,United States of America,True,False,429,199364,7,14245,False,高优先级-标准复查
Sc,54.0,-134.0,98.8,477.0,,False,False,915,0,0,0,False,不可行-海上
Zr,0.0,30.0,98.8,251.0,Uganda,True,False,217,71,0,219,False,高优先级-标准复查
Zr,28.0,-116.0,98.8,346.0,,False,False,705,0,0,0,False,不可行-海上
Zr,52.0,-130.0,98.8,356.0,,False,False,571,0,0,0,False,不可行-海上
Zr,-2.0,38.0,98.8,254.0,Kenya,True,False,154,51,0,121,False,高优先级-标准复查
Graphite,38.0,-114.0,98.8,247.0,United States of America,True,False,581,199364,7,14245,False,高优先级-标准复查
Cu,42.0,14.0,98.7,269.0,Italy,True,False,126,130,0,5669,False,高优先级-标准复查
NiCo,12.0,42.0,98.7,264.0,Djibouti,True,False,133,3,0,11,False,高优先级-标准复查
NiCo,40.0,-128.0,98.7,369.0,,False,False,544,0,0,0,False,不可行-海上
NiCo,46.0,6.0,98.7,255.0,France,True,False,26,439,0,4719,False,高优先级-标准复查
NiCo,4.0,36.0,98.7,270.0,Kenya,True,False,499,51,0,121,False,高优先级-标准复查
Li,38.0,-110.0,98.7,300.0,United States of America,True,False,475,199364,7,14245,False,高优先级-标准复查
Li,-2.0,-82.0,98.7,344.0,,False,False,437,0,0,0,False,不可行-海上
REE,-12.0,32.0,98.7,223.0,Zambia,True,False,293,285,1,222,False,高优先级-标准复查
REE,-2.0,40.0,98.7,289.0,Kenya,True,False,363,51,0,121,False,高优先级-标准复查
REE,52.0,-130.0,98.7,354.0,,False,False,571,0,0,0,False,不可行-海上
REE,36.0,-122.0,98.7,372.0,,False,False,202,0,0,0,False,不可行-海上
Coal,32.0,-120.0,98.7,310.0,,False,False,281,0,0,0,False,不可行-海上
Coal,36.0,-102.0,98.7,311.0,United States of America,True,False,492,199364,7,14245,False,高优先级-标准复查
OilGas,0.0,38.0,98.7,3093.0,Kenya,True,False,194,51,0,121,False,高优先级-标准复查
OilGas,-8.0,-108.0,98.7,3564.0,,False,False,3169,0,0,0,False,不可行-海上
OilGas,70.0,-10.0,98.7,1187.0,,False,False,829,0,0,0,False,不可行-海上
OilGas,44.0,-130.0,98.7,2769.0,,False,False,787,0,0,0,False,不可行-海上
OilGas,12.0,40.0,98.7,1802.0,Ethiopia,True,False,346,71,0,320,False,高优先级-标准复查
OilGas,14.0,42.0,98.7,1499.0,,False,False,281,0,0,0,False,不可行-海上
OilGas,10.0,-104.0,98.7,1703.0,,False,False,1173,0,0,0,False,不可行-海上
OilGas,-38.0,78.0,98.7,7661.0,,False,False,2798,0,0,0,False,不可行-海上
OilGas,14.0,40.0,98.7,1618.0,Ethiopia,True,False,187,71,0,320,False,高优先级-标准复查
OilGas,2.0,38.0,98.7,2889.0,Kenya,True,False,388,51,0,121,False,高优先级-标准复查
OilGas,0.0,-90.0,98.7,2210.0,,False,False,1279,0,0,0,False,不可行-海上
OilGas,34.0,-116.0,98.7,1292.0,United States of America,True,False,206,199364,7,14245,False,高优先级-标准复查
Cr,20.0,-100.0,98.7,241.0,Mexico,True,False,110,4041,1,2190,False,高优先级-标准复查
Cr,-8.0,150.0,98.7,235.0,,False,False,349,0,0,0,False,不可行-海上
Mn,0.0,30.0,98.7,223.0,Uganda,True,False,217,71,0,219,False,高优先级-标准复查
W,12.0,-88.0,98.7,244.0,,False,False,189,0,0,0,False,不可行-海上
W,52.0,-128.0,98.7,317.0,,False,False,458,0,0,0,False,不可行-海上
W,-40.0,-72.0,98.7,271.0,Chile,True,False,739,5527,4,1089,False,高优先级-标准复查
Sn,18.0,-102.0,98.7,285.0,Mexico,True,False,342,4041,1,2190,False,高优先级-标准复查
Sn,30.0,132.0,98.7,224.0,,False,False,617,0,0,0,False,不可行-海上
Sn,18.0,-96.0,98.7,272.0,Mexico,True,False,367,4041,1,2190,False,高优先级-标准复查
Sn,16.0,-60.0,98.7,246.0,,False,False,168,0,0,0,False,不可行-海上
TaNb,28.0,-112.0,98.7,406.0,,False,False,897,0,0,0,False,不可行-海上
TaNb,42.0,-110.0,98.7,226.0,United States of America,True,False,491,199364,7,14245,False,高优先级-标准复查
TaNb,46.0,0.0,98.7,227.0,France,True,False,364,439,0,4719,False,高优先级-标准复查
Mo,-6.0,148.0,98.7,319.0,,False,False,395,0,0,0,False,不可行-海上
Mo,22.0,-106.0,98.7,242.0,,False,False,706,0,0,0,False,不可行-海上
Re,-36.0,-68.0,98.7,309.0,Argentina,True,False,374,2501,1,2435,False,高优先级-标准复查
Re,38.0,142.0,98.7,314.0,,False,False,326,0,0,0,False,不可行-海上
Re,48.0,-128.0,98.7,292.0,,False,False,385,0,0,0,False,不可行-海上
Re,-22.0,-66.0,98.7,300.0,Argentina,True,False,338,2501,1,2435,False,高优先级-标准复查
Re,38.0,-122.0,98.7,392.0,United States of America,True,False,42,199364,7,14245,False,高优先级-标准复查
Re,56.0,-136.0,98.7,311.0,,False,False,1143,0,0,0,False,不可行-海上
Bi,36.0,-122.0,98.7,251.0,,False,False,202,0,0,0,False,不可行-海上
Be,44.0,10.0,98.7,226.0,Italy,True,False,196,130,0,5669,False,高优先级-标准复查
CsRb,58.0,-140.0,98.7,326.0,,False,False,1469,0,0,0,False,不可行-海上
CsRb,66.0,-158.0,98.7,320.0,United States of America,True,False,2723,199364,7,14245,False,高优先级-标准复查
CsRb,60.0,-154.0,98.7,413.0,United States of America,True,False,2286,199364,7,14245,False,高优先级-标准复查
Sc,70.0,-174.0,98.7,319.0,,False,False,3499,0,0,0,False,不可行-海上
Sc,44.0,-106.0,98.7,413.0,United States of America,True,False,481,199364,7,14245,False,高优先级-标准复查
Sc,46.0,32.0,98.7,321.0,,False,False,265,0,0,0,False,不可行-海上
Sc,-36.0,-74.0,98.7,430.0,,False,False,394,0,0,0,False,不可行-海上
Sc,62.0,-148.0,98.7,424.0,United States of America,True,False,2083,199364,7,14245,False,高优先级-标准复查
Sc,48.0,30.0,98.7,324.0,Ukraine,True,False,140,105,1,3245,False,高优先级-标准复查
Sc,60.0,-160.0,98.7,417.0,United States of America,True,False,2610,199364,7,14245,False,高优先级-标准复查
Sc,44.0,-128.0,98.7,560.0,,False,False,694,0,0,0,False,不可行-海上
Sc,-30.0,-74.0,98.7,385.0,,False,False,407,0,0,0,False,不可行-海上
Zr,18.0,-100.0,98.7,322.0,Mexico,True,False,185,4041,1,2190,False,高优先级-标准复查
Zr,52.0,-132.0,98.7,326.0,,False,False,695,0,0,0,False,不可行-海上
Zr,22.0,-102.0,98.7,277.0,Mexico,True,False,412,4041,1,2190,False,高优先级-标准复查
Cu,52.0,-178.0,98.6,230.0,,False,False,3772,0,0,0,False,不可行-海上
NiCo,-2.0,28.0,98.6,248.0,Dem. Rep. Congo,True,False,215,3,0,71,False,高优先级-标准复查
NiCo,-2.0,146.0,98.6,402.0,,False,False,840,0,0,0,False,不可行-海上
NiCo,0.0,38.0,98.6,282.0,Kenya,True,False,194,51,0,121,False,高优先级-标准复查
NiCo,-18.0,168.0,98.6,306.0,,False,False,45,0,0,0,False,不可行-海上
NiCo,0.0,28.0,98.6,223.0,Dem. Rep. Congo,True,False,315,3,0,71,False,高优先级-标准复查
Li,42.0,-110.0,98.6,227.0,United States of America,True,False,491,199364,7,14245,False,高优先级-标准复查
Li,-16.0,-72.0,98.6,265.0,Peru,True,False,414,4960,0,1044,False,高优先级-标准复查
Li,32.0,-106.0,98.6,360.0,United States of America,True,False,866,199364,7,14245,False,高优先级-标准复查
Li,46.0,12.0,98.6,244.0,Italy,True,False,194,130,0,5669,False,高优先级-标准复查
Li,40.0,-110.0,98.6,250.0,United States of America,True,False,429,199364,7,14245,False,高优先级-标准复查
Li,30.0,-108.0,98.6,282.0,Mexico,True,False,894,4041,1,2190,False,高优先级-标准复查
Li,42.0,-128.0,98.6,511.0,,False,False,669,0,0,0,False,不可行-海上
REE,30.0,-116.0,98.6,447.0,,False,False,497,0,0,0,False,不可行-海上
REE,-2.0,32.0,98.6,284.0,Tanzania,True,False,216,103,1,360,False,高优先级-标准复查
REE,30.0,-114.0,98.6,483.0,,False,False,601,0,0,0,False,不可行-海上
REE,68.0,-28.0,98.6,222.0,,False,False,508,0,0,0,False,不可行-海上
REE,52.0,-132.0,98.6,324.0,,False,False,695,0,0,0,False,不可行-海上
REE,40.0,-124.0,98.6,409.0,United States of America,True,False,283,199364,7,14245,False,高优先级-标准复查
U,46.0,-126.0,98.6,256.0,,False,False,423,0,0,0,False,不可行-海上
Coal,40.0,-126.0,98.6,372.0,,False,False,397,0,0,0,False,不可行-海上
Coal,32.0,-114.0,98.6,370.0,Mexico,True,False,456,4041,1,2190,False,高优先级-标准复查
Coal,20.0,-104.0,98.6,326.0,Mexico,True,False,513,4041,1,2190,False,高优先级-标准复查
Coal,48.0,-114.0,98.6,300.0,United States of America,True,False,685,199364,7,14245,False,高优先级-标准复查
OilGas,8.0,38.0,98.6,2296.0,Ethiopia,True,False,138,71,0,320,False,高优先级-标准复查
OilGas,-8.0,-14.0,98.6,3679.0,,False,False,1631,0,0,0,False,不可行-海上
Mn,40.0,12.0,98.6,229.0,,False,False,215,0,0,0,False,不可行-海上
Mn,48.0,-128.0,98.6,262.0,,False,False,385,0,0,0,False,不可行-海上
W,38.0,138.0,98.6,254.0,,False,False,301,0,0,0,False,不可行-海上
Sn,58.0,-152.0,98.6,264.0,,False,False,2114,0,0,0,False,不可行-海上
Sn,-34.0,-70.0,98.6,297.0,Chile,True,False,87,5527,4,1089,False,高优先级-标准复查
Sn,42.0,138.0,98.6,270.0,,False,False,718,0,0,0,False,不可行-海上
Sn,44.0,-126.0,98.6,249.0,,False,False,626,0,0,0,False,不可行-海上
Sn,54.0,-134.0,98.6,299.0,,False,False,915,0,0,0,False,不可行-海上
Sn,12.0,-60.0,98.6,246.0,,False,False,129,0,0,0,False,不可行-海上
Sb,0.0,-78.0,98.6,248.0,Ecuador,True,False,61,641,0,243,False,高优先级-标准复查
Sb,54.0,-166.0,98.6,232.0,,False,False,2958,0,0,0,False,不可行-海上
Sb,18.0,-102.0,98.6,248.0,Mexico,True,False,342,4041,1,2190,False,高优先级-标准复查
TaNb,52.0,-132.0,98.6,324.0,,False,False,695,0,0,0,False,不可行-海上
TaNb,-2.0,34.0,98.6,244.0,Tanzania,True,False,302,103,1,360,False,高优先级-标准复查
Ag,-6.0,148.0,98.6,315.0,,False,False,395,0,0,0,False,不可行-海上
Mo,38.0,-124.0,98.6,270.0,,False,False,142,0,0,0,False,不可行-海上
Re,-24.0,-66.0,98.6,313.0,Argentina,True,False,557,2501,1,2435,False,高优先级-标准复查
Re,60.0,-160.0,98.6,263.0,United States of America,True,False,2610,199364,7,14245,False,高优先级-标准复查
Re,-26.0,-72.0,98.6,246.0,,False,False,785,0,0,0,False,不可行-海上
Re,-14.0,-70.0,98.6,330.0,Peru,True,False,341,4960,0,1044,False,高优先级-标准复查
Re,42.0,-120.0,98.6,411.0,United States of America,True,False,511,199364,7,14245,False,高优先级-标准复查
As,48.0,-126.0,98.6,261.0,,False,False,254,0,0,0,False,不可行-海上
Be,28.0,-112.0,98.6,293.0,,False,False,897,0,0,0,False,不可行-海上
CsRb,66.0,-142.0,98.6,358.0,United States of America,True,False,2153,199364,7,14245,False,高优先级-标准复查
CsRb,10.0,-84.0,98.6,427.0,Costa Rica,True,False,12,368,0,68,False,高优先级-标准复查
CsRb,54.0,-134.0,98.6,452.0,,False,False,915,0,0,0,False,不可行-海上
CsRb,60.0,-152.0,98.6,421.0,,False,False,2181,0,0,0,False,不可行-海上
CsRb,68.0,-144.0,98.6,339.0,United States of America,True,False,2380,199364,7,14245,False,高优先级-标准复查
CsRb,48.0,-130.0,98.6,461.0,,False,False,525,0,0,0,False,不可行-海上
Sc,46.0,-122.0,98.6,592.0,United States of America,True,False,374,199364,7,14245,False,高优先级-标准复查
Sc,42.0,-106.0,98.6,466.0,United States of America,True,False,265,199364,7,14245,False,高优先级-标准复查
Sc,36.0,-94.0,98.6,341.0,United States of America,True,False,707,199364,7,14245,False,高优先级-标准复查
Zr,28.0,-114.0,98.6,409.0,Mexico,True,False,784,4041,1,2190,False,高优先级-标准复查
Zr,48.0,-130.0,98.6,396.0,,False,False,525,0,0,0,False,不可行-海上
Zr,50.0,-130.0,98.6,433.0,,False,False,502,0,0,0,False,不可行-海上
Zr,54.0,-136.0,98.6,268.0,,False,False,1030,0,0,0,False,不可行-海上
Zr,40.0,-128.0,98.6,403.0,,False,False,544,0,0,0,False,不可行-海上
Zr,56.0,-136.0,98.6,247.0,,False,False,1143,0,0,0,False,不可行-海上
Zr,2.0,30.0,98.6,280.0,Dem. Rep. Congo,True,False,342,3,0,71,False,高优先级-标准复查
Graphite,28.0,-114.0,98.6,317.0,Mexico,True,False,784,4041,1,2190,False,高优先级-标准复查
Cu,-8.0,148.0,98.5,293.0,Papua New Guinea,True,False,185,243,0,542,False,高优先级-标准复查
Cu,-2.0,148.0,98.5,409.0,,False,False,835,0,0,0,False,不可行-海上
Cu,44.0,146.0,98.5,242.0,,False,False,1067,0,0,0,False,不可行-海上
NiCo,12.0,44.0,98.5,247.0,,False,False,103,0,0,0,False,不可行-海上
NiCo,40.0,14.0,98.5,349.0,,False,False,247,0,0,0,False,不可行-海上
NiCo,2.0,38.0,98.5,293.0,Kenya,True,False,388,51,0,121,False,高优先级-标准复查
NiCo,8.0,38.0,98.5,295.0,Ethiopia,True,False,138,71,0,320,False,高优先级-标准复查
Li,2.0,30.0,98.5,249.0,Dem. Rep. Congo,True,False,342,3,0,71,False,高优先级-标准复查
Li,0.0,-76.0,98.5,262.0,Ecuador,True,False,279,641,0,243,False,高优先级-标准复查
Li,0.0,28.0,98.5,231.0,Dem. Rep. Congo,True,False,315,3,0,71,False,高优先级-标准复查
Li,40.0,8.0,98.5,357.0,,False,False,403,0,0,0,False,不可行-海上
Li,28.0,-116.0,98.5,489.0,,False,False,705,0,0,0,False,不可行-海上
Li,48.0,6.0,98.5,302.0,France,True,False,163,439,0,4719,False,高优先级-标准复查
REE,48.0,-122.0,98.5,328.0,United States of America,True,False,164,199364,7,14245,False,高优先级-标准复查
REE,-4.0,36.0,98.5,365.0,Tanzania,True,False,244,103,1,360,False,高优先级-标准复查
REE,32.0,-110.0,98.5,421.0,United States of America,True,False,800,199364,7,14245,False,高优先级-标准复查
Coal,48.0,-106.0,98.5,256.0,United States of America,True,False,922,199364,7,14245,False,高优先级-标准复查
Coal,48.0,-124.0,98.5,346.0,United States of America,True,False,156,199364,7,14245,False,高优先级-标准复查
Coal,44.0,18.0,98.5,224.0,Bosnia and Herz.,True,False,35,4,0,0,False,高优先级-标准复查
Coal,28.0,-104.0,98.5,268.0,Mexico,True,False,447,4041,1,2190,False,高优先级-标准复查
Coal,30.0,-108.0,98.5,323.0,Mexico,True,False,894,4041,1,2190,False,高优先级-标准复查
Cr,-4.0,148.0,98.5,357.0,,False,False,614,0,0,0,False,不可行-海上
Mn,34.0,12.0,98.5,235.0,,False,False,165,0,0,0,False,不可行-海上
W,48.0,-126.0,98.5,244.0,,False,False,254,0,0,0,False,不可行-海上
W,-34.0,-72.0,98.5,234.0,,False,False,112,0,0,0,False,不可行-海上
W,6.0,98.0,98.5,225.0,,False,False,518,0,0,0,False,不可行-海上
W,16.0,-94.0,98.5,242.0,Mexico,True,False,403,4041,1,2190,False,高优先级-标准复查
Sn,34.0,130.0,98.5,271.0,,False,False,480,0,0,0,False,不可行-海上
Sn,40.0,-126.0,98.5,273.0,,False,False,397,0,0,0,False,不可行-海上
Sn,20.0,-106.0,98.5,354.0,,False,False,721,0,0,0,False,不可行-海上
Sb,-38.0,-72.0,98.5,239.0,Chile,True,False,521,5527,4,1089,False,高优先级-标准复查
Sb,12.0,-62.0,98.5,243.0,,False,False,29,0,0,0,False,不可行-海上
Sb,36.0,28.0,98.5,232.0,,False,False,439,0,0,0,False,不可行-海上
Sb,16.0,-62.0,98.5,249.0,,False,False,102,0,0,0,False,不可行-海上
Sb,-42.0,-72.0,98.5,250.0,Chile,True,False,959,5527,4,1089,False,高优先级-标准复查
V,36.0,12.0,98.5,279.0,,False,False,186,0,0,0,False,不可行-海上
TaNb,26.0,-106.0,98.5,289.0,Mexico,True,False,568,4041,1,2190,False,高优先级-标准复查
TaNb,8.0,40.0,98.5,278.0,Ethiopia,True,False,184,71,0,320,False,高优先级-标准复查
Mo,14.0,120.0,98.5,223.0,,False,False,125,0,0,0,False,不可行-海上
Mo,34.0,140.0,98.5,249.0,,False,False,189,0,0,0,False,不可行-海上
Mo,36.0,140.0,98.5,237.0,Japan,True,False,41,623,0,539,False,高优先级-标准复查
Re,40.0,24.0,98.5,303.0,Greece,True,False,225,101,0,1207,False,高优先级-标准复查
Re,62.0,-150.0,98.5,346.0,United States of America,True,False,2174,199364,7,14245,False,高优先级-标准复查
Re,-20.0,-66.0,98.5,302.0,Bolivia,True,False,132,2738,1,439,False,高优先级-标准复查
Re,-16.0,-68.0,98.5,311.0,Bolivia,True,False,57,2738,1,439,False,高优先级-标准复查
Bi,40.0,-126.0,98.5,303.0,,False,False,397,0,0,0,False,不可行-海上
Bi,22.0,-104.0,98.5,271.0,Mexico,True,False,553,4041,1,2190,False,高优先级-标准复查
Bi,38.0,12.0,98.5,327.0,,False,False,209,0,0,0,False,不可行-海上
Be,38.0,-124.0,98.5,314.0,,False,False,142,0,0,0,False,不可行-海上
CsRb,-28.0,-70.0,98.5,427.0,Chile,True,False,582,5527,4,1089,False,高优先级-标准复查
CsRb,46.0,-104.0,98.5,251.0,United States of America,True,False,701,199364,7,14245,False,高优先级-标准复查
Zr,2.0,34.0,98.5,252.0,Uganda,True,False,245,71,0,219,False,高优先级-标准复查
Zr,18.0,-102.0,98.5,405.0,Mexico,True,False,342,4041,1,2190,False,高优先级-标准复查
Zr,36.0,-124.0,98.5,345.0,,False,False,244,0,0,0,False,不可行-海上
Graphite,0.0,-80.0,98.5,237.0,Ecuador,True,False,168,641,0,243,False,高优先级-标准复查
Graphite,4.0,38.0,98.5,239.0,Ethiopia,True,False,565,71,0,320,False,高优先级-标准复查
Graphite,12.0,44.0,98.5,223.0,,False,False,103,0,0,0,False,不可行-海上
Graphite,44.0,10.0,98.5,234.0,Italy,True,False,196,130,0,5669,False,高优先级-标准复查
Cu,-8.0,150.0,98.4,230.0,,False,False,349,0,0,0,False,不可行-海上
Cu,38.0,24.0,98.4,242.0,Greece,True,False,24,101,0,1207,False,高优先级-标准复查
NiCo,16.0,44.0,98.4,237.0,Yemen,True,False,75,5,0,29,False,高优先级-标准复查
NiCo,46.0,-128.0,98.4,395.0,,False,False,516,0,0,0,False,不可行-海上
NiCo,48.0,4.0,98.4,243.0,France,True,False,154,439,0,4719,False,高优先级-标准复查
NiCo,8.0,40.0,98.4,299.0,Ethiopia,True,False,184,71,0,320,False,高优先级-标准复查
Li,-34.0,-70.0,98.4,297.0,Chile,True,False,87,5527,4,1089,False,高优先级-标准复查
Li,44.0,14.0,98.4,324.0,,False,False,125,0,0,0,False,不可行-海上
Li,8.0,38.0,98.4,299.0,Ethiopia,True,False,138,71,0,320,False,高优先级-标准复查
Li,38.0,10.0,98.4,529.0,,False,False,134,0,0,0,False,不可行-海上
Li,8.0,40.0,98.4,296.0,Ethiopia,True,False,184,71,0,320,False,高优先级-标准复查
Li,48.0,12.0,98.4,254.0,Germany,True,False,210,328,0,8735,False,高优先级-标准复查
Li,40.0,16.0,98.4,572.0,Italy,True,False,354,130,0,5669,False,高优先级-标准复查
Li,32.0,-120.0,98.4,313.0,,False,False,281,0,0,0,False,不可行-海上
Li,50.0,8.0,98.4,344.0,Germany,True,False,141,328,0,8735,False,高优先级-标准复查
REE,6.0,32.0,98.4,226.0,S. Sudan,True,False,138,26,0,138,False,高优先级-标准复查
REE,44.0,-108.0,98.4,291.0,United States of America,True,False,535,199364,7,14245,False,高优先级-标准复查
REE,48.0,-124.0,98.4,411.0,United States of America,True,False,156,199364,7,14245,False,高优先级-标准复查
REE,8.0,44.0,98.4,249.0,Ethiopia,True,False,174,71,0,320,False,高优先级-标准复查
Coal,44.0,-102.0,98.4,284.0,United States of America,True,False,534,199364,7,14245,False,高优先级-标准复查
Coal,30.0,-100.0,98.4,269.0,United States of America,True,False,449,199364,7,14245,False,高优先级-标准复查
Coal,42.0,18.0,98.4,269.0,,False,False,116,0,0,0,False,不可行-海上
Mn,38.0,-126.0,98.4,238.0,,False,False,317,0,0,0,False,不可行-海上
Mn,48.0,2.0,98.4,232.0,France,True,False,99,439,0,4719,False,高优先级-标准复查
Mn,-4.0,30.0,98.4,223.0,Burundi,True,False,99,33,0,30,False,高优先级-标准复查
W,12.0,124.0,98.4,289.0,,False,False,437,0,0,0,False,不可行-海上
W,40.0,-126.0,98.4,269.0,,False,False,397,0,0,0,False,不可行-海上
W,32.0,130.0,98.4,295.0,,False,False,592,0,0,0,False,不可行-海上
Sn,30.0,-114.0,98.4,357.0,,False,False,601,0,0,0,False,不可行-海上
Sn,46.0,-126.0,98.4,281.0,,False,False,423,0,0,0,False,不可行-海上
Sn,30.0,128.0,98.4,286.0,,False,False,643,0,0,0,False,不可行-海上
Sn,0.0,-78.0,98.4,345.0,Ecuador,True,False,61,641,0,243,False,高优先级-标准复查
Sb,34.0,140.0,98.4,249.0,,False,False,189,0,0,0,False,不可行-海上
Sb,-42.0,-74.0,98.4,239.0,Chile,True,False,996,5527,4,1089,False,高优先级-标准复查
V,40.0,-124.0,98.4,271.0,United States of America,True,False,283,199364,7,14245,False,高优先级-标准复查
Ti,44.0,-128.0,98.4,284.0,,False,False,694,0,0,0,False,不可行-海上
TaNb,34.0,-120.0,98.4,269.0,,False,False,163,0,0,0,False,不可行-海上
TaNb,52.0,-128.0,98.4,423.0,,False,False,458,0,0,0,False,不可行-海上
TaNb,8.0,38.0,98.4,299.0,Ethiopia,True,False,138,71,0,320,False,高优先级-标准复查
Mo,-42.0,-74.0,98.4,230.0,Chile,True,False,996,5527,4,1089,False,高优先级-标准复查
Mo,10.0,126.0,98.4,251.0,,False,False,748,0,0,0,False,不可行-海上
Mo,12.0,-88.0,98.4,244.0,,False,False,189,0,0,0,False,不可行-海上
Re,52.0,-132.0,98.4,323.0,,False,False,695,0,0,0,False,不可行-海上
Re,42.0,-114.0,98.4,226.0,United States of America,True,False,798,199364,7,14245,False,高优先级-标准复查
Re,58.0,-160.0,98.4,343.0,,False,False,2578,0,0,0,False,不可行-海上
Re,26.0,-108.0,98.4,312.0,Mexico,True,False,768,4041,1,2190,False,高优先级-标准复查
Re,50.0,-132.0,98.4,303.0,,False,False,644,0,0,0,False,不可行-海上
Re,-18.0,-74.0,98.4,303.0,,False,False,643,0,0,0,False,不可行-海上
Re,-30.0,-72.0,98.4,238.0,,False,False,341,0,0,0,False,不可行-海上
Re,40.0,136.0,98.4,305.0,,False,False,553,0,0,0,False,不可行-海上
Re,40.0,142.0,98.4,381.0,,False,False,519,0,0,0,False,不可行-海上
Bi,24.0,-106.0,98.4,265.0,Mexico,True,False,601,4041,1,2190,False,高优先级-标准复查
Be,48.0,-126.0,98.4,336.0,,False,False,254,0,0,0,False,不可行-海上
Be,62.0,-156.0,98.4,222.0,United States of America,True,False,2460,199364,7,14245,False,高优先级-标准复查
CsRb,36.0,-102.0,98.4,315.0,United States of America,True,False,492,199364,7,14245,False,高优先级-标准复查
CsRb,60.0,-156.0,98.4,431.0,United States of America,True,False,2393,199364,7,14245,False,高优先级-标准复查
CsRb,50.0,-130.0,98.4,528.0,,False,False,502,0,0,0,False,不可行-海上
CsRb,28.0,-114.0,98.4,496.0,Mexico,True,False,784,4041,1,2190,False,高优先级-标准复查
CsRb,-18.0,32.0,98.4,225.0,Zimbabwe,True,False,103,477,1,396,False,高优先级-标准复查
Zr,-6.0,38.0,98.4,236.0,Tanzania,True,False,166,103,1,360,False,高优先级-标准复查
Zr,52.0,-128.0,98.4,427.0,,False,False,458,0,0,0,False,不可行-海上
Graphite,38.0,-112.0,98.4,286.0,United States of America,True,False,637,199364,7,14245,False,高优先级-标准复查
Graphite,36.0,14.0,98.4,361.0,,False,False,48,0,0,0,False,不可行-海上
Au,30.0,130.0,98.3,235.0,,False,False,734,0,0,0,False,不可行-海上
Au,-6.0,150.0,98.3,338.0,Papua New Guinea,True,False,494,243,0,542,False,高优先级-标准复查
Cu,24.0,124.0,98.3,243.0,,False,False,272,0,0,0,False,不可行-海上
Cu,54.0,-164.0,98.3,240.0,,False,False,2828,0,0,0,False,不可行-海上
NiCo,-24.0,170.0,98.3,353.0,,False,False,718,0,0,0,False,不可行-海上
NiCo,-4.0,38.0,98.3,285.0,Tanzania,True,False,330,103,1,360,False,高优先级-标准复查
NiCo,28.0,-116.0,98.3,372.0,,False,False,705,0,0,0,False,不可行-海上
NiCo,52.0,-130.0,98.3,331.0,,False,False,571,0,0,0,False,不可行-海上
Li,-2.0,32.0,98.3,224.0,Tanzania,True,False,216,103,1,360,False,高优先级-标准复查
Li,-8.0,36.0,98.3,232.0,Tanzania,True,False,204,103,1,360,False,高优先级-标准复查
Li,44.0,0.0,98.3,246.0,France,True,False,207,439,0,4719,False,高优先级-标准复查
Li,-8.0,34.0,98.3,311.0,Tanzania,True,False,279,103,1,360,False,高优先级-标准复查
Li,-2.0,-76.0,98.3,281.0,Peru,True,False,342,4960,0,1044,False,高优先级-标准复查
REE,2.0,38.0,98.3,396.0,Kenya,True,False,388,51,0,121,False,高优先级-标准复查
REE,12.0,40.0,98.3,398.0,Ethiopia,True,False,346,71,0,320,False,高优先级-标准复查
REE,46.0,-122.0,98.3,469.0,United States of America,True,False,374,199364,7,14245,False,高优先级-标准复查
REE,42.0,-126.0,98.3,500.0,,False,False,560,0,0,0,False,不可行-海上
REE,32.0,-120.0,98.3,310.0,,False,False,281,0,0,0,False,不可行-海上
Coal,42.0,-102.0,98.3,331.0,United States of America,True,False,355,199364,7,14245,False,高优先级-标准复查
Coal,48.0,-122.0,98.3,331.0,United States of America,True,False,164,199364,7,14245,False,高优先级-标准复查
Coal,22.0,-104.0,98.3,304.0,Mexico,True,False,553,4041,1,2190,False,高优先级-标准复查
Coal,36.0,-92.0,98.3,227.0,United States of America,True,False,740,199364,7,14245,False,高优先级-标准复查
ZnPb,20.0,-108.0,98.3,295.0,,False,False,930,0,0,0,False,不可行-海上
Cr,38.0,-126.0,98.3,260.0,,False,False,317,0,0,0,False,不可行-海上
Mn,2.0,36.0,98.3,262.0,Kenya,True,False,376,51,0,121,False,高优先级-标准复查
Mn,0.0,34.0,98.3,262.0,Kenya,True,False,162,51,0,121,False,高优先级-标准复查
Mn,-2.0,38.0,98.3,262.0,Kenya,True,False,154,51,0,121,False,高优先级-标准复查
W,38.0,28.0,98.3,261.0,Turkey,True,False,346,549,0,4113,False,高优先级-标准复查
W,4.0,100.0,98.3,254.0,,False,False,210,0,0,0,False,不可行-海上
W,14.0,120.0,98.3,298.0,,False,False,125,0,0,0,False,不可行-海上
W,18.0,-92.0,98.3,283.0,Mexico,True,False,353,4041,1,2190,False,高优先级-标准复查
Sn,26.0,122.0,98.3,315.0,,False,False,116,0,0,0,False,不可行-海上
Sn,26.0,120.0,98.3,282.0,,False,False,190,0,0,0,False,不可行-海上
Sn,30.0,-116.0,98.3,292.0,,False,False,497,0,0,0,False,不可行-海上
Sn,38.0,-126.0,98.3,279.0,,False,False,317,0,0,0,False,不可行-海上
Sn,60.0,160.0,98.3,271.0,,False,False,3069,0,0,0,False,不可行-海上
Sn,-12.0,-72.0,98.3,239.0,Peru,True,False,549,4960,0,1044,False,高优先级-标准复查
Sn,6.0,96.0,98.3,313.0,,False,False,706,0,0,0,False,不可行-海上
Sb,32.0,132.0,98.3,246.0,,False,False,442,0,0,0,False,不可行-海上
Sb,10.0,-84.0,98.3,277.0,Costa Rica,True,False,12,368,0,68,False,高优先级-标准复查
Sb,40.0,138.0,98.3,238.0,,False,False,504,0,0,0,False,不可行-海上
Sb,10.0,-86.0,98.3,262.0,,False,False,211,0,0,0,False,不可行-海上
Ti,50.0,-132.0,98.3,266.0,,False,False,644,0,0,0,False,不可行-海上
TaNb,30.0,-108.0,98.3,263.0,Mexico,True,False,894,4041,1,2190,False,高优先级-标准复查
TaNb,-4.0,30.0,98.3,234.0,Burundi,True,False,99,33,0,30,False,高优先级-标准复查
Ag,16.0,-62.0,98.3,228.0,,False,False,102,0,0,0,False,不可行-海上
Ag,38.0,24.0,98.3,233.0,Greece,True,False,24,101,0,1207,False,高优先级-标准复查
Mo,36.0,132.0,98.3,248.0,,False,False,350,0,0,0,False,不可行-海上
Mo,52.0,-172.0,98.3,272.0,,False,False,3395,0,0,0,False,不可行-海上
Mo,22.0,-104.0,98.3,305.0,Mexico,True,False,553,4041,1,2190,False,高优先级-标准复查
Mo,18.0,-62.0,98.3,261.0,,False,False,99,0,0,0,False,不可行-海上
Re,-30.0,-68.0,98.3,305.0,Argentina,True,False,457,2501,1,2435,False,高优先级-标准复查
Re,-26.0,-66.0,98.3,356.0,Argentina,True,False,778,2501,1,2435,False,高优先级-标准复查
Re,-24.0,-72.0,98.3,299.0,,False,False,889,0,0,0,False,不可行-海上
Re,26.0,-110.0,98.3,267.0,,False,False,968,0,0,0,False,不可行-海上
Re,-28.0,-72.0,98.3,311.0,,False,False,562,0,0,0,False,不可行-海上
Bi,36.0,-110.0,98.3,230.0,United States of America,True,False,605,199364,7,14245,False,高优先级-标准复查
Bi,32.0,130.0,98.3,223.0,,False,False,592,0,0,0,False,不可行-海上
Bi,28.0,-110.0,98.3,232.0,Mexico,True,False,993,4041,1,2190,False,高优先级-标准复查
Be,-18.0,-70.0,98.3,247.0,Peru,True,False,258,4960,0,1044,False,高优先级-标准复查
Be,40.0,-126.0,98.3,345.0,,False,False,397,0,0,0,False,不可行-海上
Be,56.0,-136.0,98.3,251.0,,False,False,1143,0,0,0,False,不可行-海上
CsRb,30.0,-102.0,98.3,353.0,United States of America,True,False,508,199364,7,14245,False,高优先级-标准复查
CsRb,28.0,-112.0,98.3,491.0,,False,False,897,0,0,0,False,不可行-海上
CsRb,68.0,-156.0,98.3,344.0,United States of America,True,False,2755,199364,7,14245,False,高优先级-标准复查
CsRb,40.0,-102.0,98.3,320.0,United States of America,True,False,256,199364,7,14245,False,高优先级-标准复查
CsRb,44.0,-108.0,98.3,344.0,United States of America,True,False,535,199364,7,14245,False,高优先级-标准复查
CsRb,32.0,-118.0,98.3,484.0,,False,False,229,0,0,0,False,不可行-海上
CsRb,62.0,-160.0,98.3,376.0,United States of America,True,False,2659,199364,7,14245,False,高优先级-标准复查
CsRb,30.0,-96.0,98.3,249.0,United States of America,True,False,69,199364,7,14245,False,高优先级-标准复查
CsRb,54.0,-136.0,98.3,461.0,,False,False,1030,0,0,0,False,不可行-海上
CsRb,32.0,-108.0,98.3,460.0,United States of America,True,False,902,199364,7,14245,False,高优先级-标准复查
Zr,28.0,-112.0,98.3,432.0,,False,False,897,0,0,0,False,不可行-海上
Zr,60.0,-156.0,98.3,251.0,United States of America,True,False,2393,199364,7,14245,False,高优先级-标准复查
Zr,32.0,-120.0,98.3,303.0,,False,False,281,0,0,0,False,不可行-海上
Graphite,36.0,12.0,98.3,360.0,,False,False,186,0,0,0,False,不可行-海上
Graphite,46.0,-126.0,98.3,334.0,,False,False,423,0,0,0,False,不可行-海上
Au,-8.0,150.0,98.2,262.0,,False,False,349,0,0,0,False,不可行-海上
Au,12.0,-62.0,98.2,243.0,,False,False,29,0,0,0,False,不可行-海上
Cu,2.0,128.0,98.2,282.0,,False,False,955,0,0,0,False,不可行-海上
NiCo,44.0,2.0,98.2,294.0,France,True,False,170,439,0,4719,False,高优先级-标准复查
NiCo,16.0,42.0,98.2,325.0,,False,False,247,0,0,0,False,不可行-海上
NiCo,6.0,36.0,98.2,320.0,Ethiopia,True,False,450,71,0,320,False,高优先级-标准复查
NiCo,22.0,-108.0,98.2,289.0,,False,False,880,0,0,0,False,不可行-海上
NiCo,-2.0,148.0,98.2,501.0,,False,False,835,0,0,0,False,不可行-海上
NiCo,8.0,42.0,98.2,251.0,Ethiopia,True,False,286,71,0,320,False,高优先级-标准复查
NiCo,36.0,-124.0,98.2,242.0,,False,False,244,0,0,0,False,不可行-海上
Li,2.0,-76.0,98.2,352.0,Colombia,True,False,359,1171,0,1349,False,高优先级-标准复查
Li,-32.0,-70.0,98.2,307.0,Argentina,True,False,171,2501,1,2435,False,高优先级-标准复查
Li,52.0,10.0,98.2,262.0,Germany,True,False,239,328,0,8735,False,高优先级-标准复查
Li,-4.0,38.0,98.2,317.0,Tanzania,True,False,330,103,1,360,False,高优先级-标准复查
Li,40.0,-128.0,98.2,600.0,,False,False,544,0,0,0,False,不可行-海上
Li,42.0,16.0,98.2,483.0,,False,False,274,0,0,0,False,不可行-海上
Li,-14.0,-70.0,98.2,323.0,Peru,True,False,341,4960,0,1044,False,高优先级-标准复查
Li,0.0,36.0,98.2,348.0,Kenya,True,False,169,51,0,121,False,高优先级-标准复查
Li,6.0,36.0,98.2,340.0,Ethiopia,True,False,450,71,0,320,False,高优先级-标准复查
REE,52.0,-128.0,98.2,424.0,,False,False,458,0,0,0,False,不可行-海上
REE,18.0,40.0,98.2,307.0,,False,False,318,0,0,0,False,不可行-海上
REE,68.0,-26.0,98.2,302.0,,False,False,466,0,0,0,False,不可行-海上
REE,66.0,-30.0,98.2,321.0,,False,False,430,0,0,0,False,不可行-海上
Coal,42.0,-84.0,98.2,228.0,United States of America,True,False,301,199364,7,14245,False,高优先级-标准复查
Coal,18.0,-102.0,98.2,372.0,Mexico,True,False,342,4041,1,2190,False,高优先级-标准复查
Coal,32.0,-86.0,98.2,228.0,United States of America,True,False,246,199364,7,14245,False,高优先级-标准复查
Coal,46.0,-128.0,98.2,428.0,,False,False,516,0,0,0,False,不可行-海上
Coal,48.0,-126.0,98.2,420.0,,False,False,254,0,0,0,False,不可行-海上
Coal,-34.0,-66.0,98.2,236.0,Argentina,True,False,435,2501,1,2435,False,高优先级-标准复查
Coal,38.0,52.0,98.2,239.0,,True,False,264,0,0,0,False,高优先级-标准复查
Cr,-24.0,-68.0,98.2,223.0,Chile,True,False,620,5527,4,1089,False,高优先级-标准复查
Cr,48.0,-128.0,98.2,247.0,,False,False,385,0,0,0,False,不可行-海上
Mn,12.0,42.0,98.2,269.0,Djibouti,True,False,133,3,0,11,False,高优先级-标准复查
Mn,-2.0,32.0,98.2,231.0,Tanzania,True,False,216,103,1,360,False,高优先级-标准复查
W,42.0,142.0,98.2,316.0,,False,False,728,0,0,0,False,不可行-海上
W,54.0,-160.0,98.2,260.0,,False,False,2568,0,0,0,False,不可行-海上
W,-20.0,-70.0,98.2,288.0,Chile,True,False,436,5527,4,1089,False,高优先级-标准复查
W,38.0,-126.0,98.2,273.0,,False,False,317,0,0,0,False,不可行-海上
W,54.0,-136.0,98.2,276.0,,False,False,1030,0,0,0,False,不可行-海上
Sn,60.0,158.0,98.2,242.0,,False,False,3004,0,0,0,False,不可行-海上
Sn,-12.0,-70.0,98.2,223.0,Peru,True,False,538,4960,0,1044,False,高优先级-标准复查
Sn,56.0,-154.0,98.2,274.0,,False,False,2192,0,0,0,False,不可行-海上
Sn,-26.0,-70.0,98.2,311.0,Chile,True,False,799,5527,4,1089,False,高优先级-标准复查
Sn,36.0,-124.0,98.2,231.0,,False,False,244,0,0,0,False,不可行-海上
Sb,38.0,12.0,98.2,279.0,,False,False,209,0,0,0,False,不可行-海上
Sb,56.0,-166.0,98.2,227.0,,False,False,2936,0,0,0,False,不可行-海上
Sb,40.0,14.0,98.2,354.0,,False,False,247,0,0,0,False,不可行-海上
Sb,16.0,-94.0,98.2,242.0,Mexico,True,False,403,4041,1,2190,False,高优先级-标准复查
Sb,-32.0,-70.0,98.2,248.0,Argentina,True,False,171,2501,1,2435,False,高优先级-标准复查
V,26.0,-114.0,98.2,236.0,,False,False,983,0,0,0,False,不可行-海上
Ti,40.0,12.0,98.2,310.0,,False,False,215,0,0,0,False,不可行-海上
TaNb,-2.0,38.0,98.2,304.0,Kenya,True,False,154,51,0,121,False,高优先级-标准复查
TaNb,26.0,-108.0,98.2,362.0,Mexico,True,False,768,4041,1,2190,False,高优先级-标准复查
TaNb,48.0,6.0,98.2,308.0,France,True,False,163,439,0,4719,False,高优先级-标准复查
TaNb,46.0,-126.0,98.2,443.0,,False,False,423,0,0,0,False,不可行-海上
TaNb,54.0,-136.0,98.2,268.0,,False,False,1030,0,0,0,False,不可行-海上
TaNb,44.0,6.0,98.2,342.0,France,True,False,116,439,0,4719,False,高优先级-标准复查
Ag,52.0,-180.0,98.2,232.0,,False,False,3638,0,0,0,False,不可行-海上
Re,68.0,-154.0,98.2,233.0,United States of America,True,False,2686,199364,7,14245,False,高优先级-标准复查
Re,40.0,22.0,98.2,349.0,Greece,True,False,227,101,0,1207,False,高优先级-标准复查
Re,-14.0,-74.0,98.2,382.0,Peru,True,False,396,4960,0,1044,False,高优先级-标准复查
Re,48.0,-130.0,98.2,335.0,,False,False,525,0,0,0,False,不可行-海上
Bi,24.0,-108.0,98.2,251.0,,False,False,796,0,0,0,False,不可行-海上
Bi,46.0,-126.0,98.2,319.0,,False,False,423,0,0,0,False,不可行-海上
Bi,48.0,-126.0,98.2,325.0,,False,False,254,0,0,0,False,不可行-海上
As,38.0,10.0,98.2,236.0,,False,False,134,0,0,0,False,不可行-海上
As,30.0,-116.0,98.2,304.0,,False,False,497,0,0,0,False,不可行-海上
Be,22.0,-98.0,98.2,234.0,Mexico,True,False,308,4041,1,2190,False,高优先级-标准复查
Be,54.0,-136.0,98.2,269.0,,False,False,1030,0,0,0,False,不可行-海上
CsRb,28.0,-100.0,98.2,345.0,Mexico,True,False,261,4041,1,2190,False,高优先级-标准复查
CsRb,38.0,-110.0,98.2,406.0,United States of America,True,False,475,199364,7,14245,False,高优先级-标准复查
CsRb,30.0,82.0,98.2,227.0,Nepal,True,False,411,7,0,884,False,高优先级-标准复查
CsRb,38.0,-78.0,98.2,229.0,United States of America,True,False,132,199364,7,14245,False,高优先级-标准复查
CsRb,36.0,72.0,98.2,231.0,Pakistan,True,False,275,97,0,233,False,高优先级-标准复查
CsRb,46.0,-106.0,98.2,308.0,United States of America,True,False,701,199364,7,14245,False,高优先级-标准复查
Zr,34.0,128.0,98.2,253.0,,False,False,407,0,0,0,False,不可行-海上
Zr,52.0,-134.0,98.2,347.0,,False,False,824,0,0,0,False,不可行-海上
Zr,-40.0,174.0,98.2,272.0,,False,False,158,0,0,0,False,不可行-海上
Zr,66.0,-150.0,98.2,252.0,United States of America,True,False,2415,199364,7,14245,False,高优先级-标准复查
Zr,-14.0,-72.0,98.2,277.0,Peru,True,False,497,4960,0,1044,False,高优先级-标准复查
Graphite,26.0,-112.0,98.2,305.0,Mexico,True,False,1077,4041,1,2190,False,高优先级-标准复查
Graphite,8.0,38.0,98.2,258.0,Ethiopia,True,False,138,71,0,320,False,高优先级-标准复查
Graphite,4.0,40.0,98.2,239.0,Ethiopia,True,False,578,71,0,320,False,高优先级-标准复查
Graphite,46.0,4.0,98.2,287.0,France,True,False,167,439,0,4719,False,高优先级-标准复查
Graphite,8.0,40.0,98.2,258.0,Ethiopia,True,False,184,71,0,320,False,高优先级-标准复查
Au,-36.0,178.0,98.1,247.0,,False,False,305,0,0,0,False,不可行-海上
Au,26.0,122.0,98.1,229.0,,False,False,116,0,0,0,False,不可行-海上
Au,52.0,-130.0,98.1,226.0,,False,False,571,0,0,0,False,不可行-海上
Cu,32.0,128.0,98.1,234.0,,False,False,626,0,0,0,False,不可行-海上
Cu,40.0,16.0,98.1,358.0,Italy,True,False,354,130,0,5669,False,高优先级-标准复查
Cu,-44.0,-74.0,98.1,254.0,,False,False,1209,0,0,0,False,不可行-海上
NiCo,-12.0,-172.0,98.1,312.0,,False,False,206,0,0,0,False,不可行-海上
NiCo,10.0,38.0,98.1,302.0,Ethiopia,True,False,132,71,0,320,False,高优先级-标准复查
NiCo,18.0,-102.0,98.1,355.0,Mexico,True,False,342,4041,1,2190,False,高优先级-标准复查
Li,-2.0,34.0,98.1,311.0,Tanzania,True,False,302,103,1,360,False,高优先级-标准复查
Li,48.0,0.0,98.1,248.0,France,True,False,198,439,0,4719,False,高优先级-标准复查
Li,-36.0,-68.0,98.1,338.0,Argentina,True,False,374,2501,1,2435,False,高优先级-标准复查
Li,42.0,6.0,98.1,355.0,,False,False,225,0,0,0,False,不可行-海上
Li,-18.0,-66.0,98.1,259.0,Bolivia,True,False,140,2738,1,439,False,高优先级-标准复查
Li,-6.0,38.0,98.1,234.0,Tanzania,True,False,166,103,1,360,False,高优先级-标准复查
Li,38.0,16.0,98.1,721.0,Italy,True,False,268,130,0,5669,False,高优先级-标准复查
Li,44.0,16.0,98.1,325.0,Croatia,True,False,192,6,0,430,False,高优先级-标准复查
Li,-4.0,34.0,98.1,299.0,Tanzania,True,False,311,103,1,360,False,高优先级-标准复查
Li,52.0,-128.0,98.1,706.0,,False,False,458,0,0,0,False,不可行-海上
REE,38.0,-122.0,98.1,483.0,United States of America,True,False,42,199364,7,14245,False,高优先级-标准复查
REE,-4.0,32.0,98.1,288.0,Tanzania,True,False,301,103,1,360,False,高优先级-标准复查
PGE,38.0,-126.0,98.1,251.0,,False,False,317,0,0,0,False,不可行-海上
Coal,38.0,54.0,98.1,239.0,Turkmenistan,True,False,346,4,0,16,False,高优先级-标准复查
Coal,40.0,-78.0,98.1,238.0,United States of America,True,False,149,199364,7,14245,False,高优先级-标准复查
Coal,42.0,-78.0,98.1,241.0,United States of America,True,False,217,199364,7,14245,False,高优先级-标准复查
Coal,38.0,-126.0,98.1,390.0,,False,False,317,0,0,0,False,不可行-海上
Coal,34.0,52.0,98.1,240.0,Iran,True,False,193,617,1,1418,False,高优先级-标准复查
Coal,34.0,54.0,98.1,240.0,Iran,True,False,300,617,1,1418,False,高优先级-标准复查
Coal,32.0,122.0,98.1,242.0,,False,False,102,0,0,0,False,不可行-海上
Coal,38.0,-80.0,98.1,245.0,United States of America,True,False,279,199364,7,14245,False,高优先级-标准复查
ZnPb,36.0,-124.0,98.1,233.0,,False,False,244,0,0,0,False,不可行-海上
Cr,40.0,12.0,98.1,336.0,,False,False,215,0,0,0,False,不可行-海上
Cr,-20.0,170.0,98.1,401.0,,False,False,308,0,0,0,False,不可行-海上
Cr,36.0,26.0,98.1,231.0,,False,False,299,0,0,0,False,不可行-海上
Cr,34.0,140.0,98.1,236.0,,False,False,189,0,0,0,False,不可行-海上
Cr,14.0,-92.0,98.1,228.0,,False,False,173,0,0,0,False,不可行-海上
Mn,42.0,-128.0,98.1,294.0,,False,False,669,0,0,0,False,不可行-海上
W,24.0,-104.0,98.1,345.0,Mexico,True,False,414,4041,1,2190,False,高优先级-标准复查
W,-12.0,-72.0,98.1,235.0,Peru,True,False,549,4960,0,1044,False,高优先级-标准复查
W,40.0,144.0,98.1,231.0,,False,False,608,0,0,0,False,不可行-海上
W,0.0,-80.0,98.1,331.0,Ecuador,True,False,168,641,0,243,False,高优先级-标准复查
W,54.0,-158.0,98.1,240.0,,False,False,2437,0,0,0,False,不可行-海上
Sn,-18.0,-72.0,98.1,292.0,,False,False,442,0,0,0,False,不可行-海上
Sn,58.0,-162.0,98.1,261.0,,False,False,2695,0,0,0,False,不可行-海上
Sn,46.0,138.0,98.1,247.0,,False,False,1156,0,0,0,False,不可行-海上
Sn,0.0,-80.0,98.1,351.0,Ecuador,True,False,168,641,0,243,False,高优先级-标准复查
Sb,-44.0,-72.0,98.1,288.0,Chile,True,False,1180,5527,4,1089,False,高优先级-标准复查
Sb,16.0,-60.0,98.1,251.0,,False,False,168,0,0,0,False,不可行-海上
Sb,54.0,-136.0,98.1,237.0,,False,False,1030,0,0,0,False,不可行-海上
Sb,0.0,-76.0,98.1,243.0,Ecuador,True,False,279,641,0,243,False,高优先级-标准复查
Sb,18.0,-92.0,98.1,263.0,Mexico,True,False,353,4041,1,2190,False,高优先级-标准复查
Sb,-36.0,-68.0,98.1,279.0,Argentina,True,False,374,2501,1,2435,False,高优先级-标准复查
V,38.0,12.0,98.1,304.0,,False,False,209,0,0,0,False,不可行-海上
Ti,42.0,-128.0,98.1,301.0,,False,False,669,0,0,0,False,不可行-海上
Ti,46.0,-128.0,98.1,304.0,,False,False,516,0,0,0,False,不可行-海上
TaNb,28.0,-114.0,98.1,463.0,Mexico,True,False,784,4041,1,2190,False,高优先级-标准复查
TaNb,42.0,-126.0,98.1,500.0,,False,False,560,0,0,0,False,不可行-海上
TaNb,-6.0,34.0,98.1,233.0,Tanzania,True,False,195,103,1,360,False,高优先级-标准复查
Ag,20.0,-106.0,98.1,311.0,,False,False,721,0,0,0,False,不可行-海上
Ag,46.0,142.0,98.1,229.0,,False,False,1162,0,0,0,False,不可行-海上
Ag,40.0,12.0,98.1,299.0,,False,False,215,0,0,0,False,不可行-海上
Ag,-42.0,-74.0,98.1,223.0,Chile,True,False,996,5527,4,1089,False,高优先级-标准复查
Ag,-8.0,124.0,98.1,254.0,,False,False,185,0,0,0,False,不可行-海上
Mo,54.0,-172.0,98.1,248.0,,False,False,3345,0,0,0,False,不可行-海上
Mo,36.0,134.0,98.1,257.0,,False,False,191,0,0,0,False,不可行-海上
Mo,10.0,-86.0,98.1,291.0,,False,False,211,0,0,0,False,不可行-海上
Mo,-4.0,148.0,98.1,373.0,,False,False,614,0,0,0,False,不可行-海上
Mo,-18.0,176.0,98.1,230.0,,False,False,259,0,0,0,False,不可行-海上
Re,58.0,-138.0,98.1,325.0,,False,False,1374,0,0,0,False,不可行-海上
Re,40.0,-122.0,98.1,480.0,United States of America,True,False,249,199364,7,14245,False,高优先级-标准复查
Re,34.0,-106.0,98.1,235.0,United States of America,True,False,645,199364,7,14245,False,高优先级-标准复查
Re,46.0,-124.0,98.1,453.0,,False,False,370,0,0,0,False,不可行-海上
Re,54.0,-136.0,98.1,387.0,,False,False,1030,0,0,0,False,不可行-海上
Re,-34.0,-74.0,98.1,326.0,,False,False,245,0,0,0,False,不可行-海上
Re,58.0,-150.0,98.1,369.0,,False,False,2001,0,0,0,False,不可行-海上
Bi,24.0,-102.0,98.1,226.0,Mexico,True,False,251,4041,1,2190,False,高优先级-标准复查
As,18.0,122.0,98.1,225.0,Philippines,True,False,231,867,0,646,False,高优先级-标准复查
As,10.0,-84.0,98.1,240.0,Costa Rica,True,False,12,368,0,68,False,高优先级-标准复查
As,36.0,10.0,98.1,228.0,Tunisia,True,False,91,49,0,229,False,高优先级-标准复查
As,46.0,-126.0,98.1,302.0,,False,False,423,0,0,0,False,不可行-海上
Be,40.0,24.0,98.1,240.0,Greece,True,False,225,101,0,1207,False,高优先级-标准复查
Zr,34.0,126.0,98.1,231.0,,False,False,407,0,0,0,False,不可行-海上
Zr,-2.0,32.0,98.1,299.0,Tanzania,True,False,216,103,1,360,False,高优先级-标准复查
Graphite,46.0,10.0,98.1,243.0,Italy,True,False,131,130,0,5669,False,高优先级-标准复查
Graphite,44.0,4.0,98.1,281.0,France,True,False,260,439,0,4719,False,高优先级-标准复查
Graphite,34.0,-106.0,98.1,309.0,United States of America,True,False,645,199364,7,14245,False,高优先级-标准复查
Graphite,56.0,-136.0,98.1,226.0,,False,False,1143,0,0,0,False,不可行-海上
Graphite,-2.0,40.0,98.1,242.0,Kenya,True,False,363,51,0,121,False,高优先级-标准复查
Au,34.0,132.0,98.0,250.0,Japan,True,False,331,623,0,539,False,高优先级-标准复查
Au,-20.0,178.0,98.0,277.0,,False,False,213,0,0,0,False,不可行-海上
Au,52.0,-168.0,98.0,227.0,,False,False,3129,0,0,0,False,不可行-海上
Cu,-8.0,158.0,98.0,257.0,,False,False,267,0,0,0,False,不可行-海上
Cu,40.0,14.0,98.0,424.0,,False,False,247,0,0,0,False,不可行-海上
Cu,4.0,126.0,98.0,293.0,,False,False,1030,0,0,0,False,不可行-海上
NiCo,18.0,-104.0,98.0,464.0,,False,False,537,0,0,0,False,不可行-海上
NiCo,10.0,40.0,98.0,348.0,Ethiopia,True,False,179,71,0,320,False,高优先级-标准复查
NiCo,52.0,-128.0,98.0,385.0,,False,False,458,0,0,0,False,不可行-海上
NiCo,20.0,-110.0,98.0,423.0,,False,False,1139,0,0,0,False,不可行-海上
NiCo,14.0,42.0,98.0,350.0,,False,False,281,0,0,0,False,不可行-海上
NiCo,30.0,-118.0,98.0,328.0,,False,False,451,0,0,0,False,不可行-海上
Li,2.0,-82.0,98.0,445.0,,False,False,460,0,0,0,False,不可行-海上
Li,46.0,-130.0,98.0,558.0,,False,False,631,0,0,0,False,不可行-海上
Li,4.0,36.0,98.0,376.0,Kenya,True,False,499,51,0,121,False,高优先级-标准复查
Li,-30.0,-68.0,98.0,272.0,Argentina,True,False,457,2501,1,2435,False,高优先级-标准复查
Li,48.0,-130.0,98.0,638.0,,False,False,525,0,0,0,False,不可行-海上
Li,2.0,36.0,98.0,377.0,Kenya,True,False,376,51,0,121,False,高优先级-标准复查
Li,50.0,-130.0,98.0,732.0,,False,False,502,0,0,0,False,不可行-海上
Li,34.0,-122.0,98.0,383.0,,False,False,347,0,0,0,False,不可行-海上
REE,8.0,40.0,98.0,408.0,Ethiopia,True,False,184,71,0,320,False,高优先级-标准复查
REE,30.0,-108.0,98.0,319.0,Mexico,True,False,894,4041,1,2190,False,高优先级-标准复查
REE,46.0,-108.0,98.0,274.0,United States of America,True,False,738,199364,7,14245,False,高优先级-标准复查
REE,18.0,-100.0,98.0,338.0,Mexico,True,False,185,4041,1,2190,False,高优先级-标准复查
REE,66.0,-28.0,98.0,365.0,,False,False,351,0,0,0,False,不可行-海上
PGE,46.0,2.0,98.0,239.0,France,True,False,319,439,0,4719,False,高优先级-标准复查
U,40.0,-126.0,98.0,295.0,,False,False,397,0,0,0,False,不可行-海上
Coal,30.0,-116.0,98.0,434.0,,False,False,497,0,0,0,False,不可行-海上
Coal,36.0,-84.0,98.0,249.0,United States of America,True,False,254,199364,7,14245,False,高优先级-标准复查
Coal,34.0,56.0,98.0,252.0,Iran,True,False,457,617,1,1418,False,高优先级-标准复查
Coal,34.0,-90.0,98.0,261.0,United States of America,True,False,521,199364,7,14245,False,高优先级-标准复查
Coal,38.0,58.0,98.0,262.0,Turkmenistan,True,False,34,4,0,16,False,高优先级-标准复查
Coal,28.0,-98.0,98.0,280.0,United States of America,True,False,323,199364,7,14245,False,高优先级-标准复查
Coal,44.0,24.0,98.0,275.0,Romania,True,False,156,110,0,722,False,高优先级-标准复查
Cr,34.0,138.0,98.0,225.0,,False,False,236,0,0,0,False,不可行-海上
Cr,26.0,122.0,98.0,230.0,,False,False,116,0,0,0,False,不可行-海上
W,12.0,122.0,98.0,268.0,,False,False,310,0,0,0,False,不可行-海上
W,-36.0,-72.0,98.0,333.0,Chile,True,False,310,5527,4,1089,False,高优先级-标准复查
W,12.0,-90.0,98.0,278.0,,False,False,208,0,0,0,False,不可行-海上
W,42.0,140.0,98.0,339.0,Japan,True,False,702,623,0,539,False,高优先级-标准复查
W,16.0,124.0,98.0,232.0,,False,False,359,0,0,0,False,不可行-海上
W,40.0,138.0,98.0,315.0,,False,False,504,0,0,0,False,不可行-海上
Sn,-36.0,-68.0,98.0,338.0,Argentina,True,False,374,2501,1,2435,False,高优先级-标准复查
Sn,58.0,164.0,98.0,317.0,,False,False,3056,0,0,0,False,不可行-海上
Sn,14.0,-90.0,98.0,361.0,Guatemala,True,False,90,145,0,30,False,高优先级-标准复查
Sn,14.0,-88.0,98.0,356.0,Honduras,True,False,85,464,0,25,False,高优先级-标准复查
Sn,-6.0,108.0,98.0,353.0,,False,False,131,0,0,0,False,不可行-海上
Sn,-32.0,-72.0,98.0,262.0,,False,False,122,0,0,0,False,不可行-海上
Sb,-38.0,-74.0,98.0,227.0,,False,False,590,0,0,0,False,不可行-海上
Sb,12.0,-60.0,98.0,246.0,,False,False,129,0,0,0,False,不可行-海上
Sb,-40.0,-70.0,98.0,273.0,Argentina,True,False,732,2501,1,2435,False,高优先级-标准复查
Sb,34.0,130.0,98.0,271.0,,False,False,480,0,0,0,False,不可行-海上
Sb,6.0,98.0,98.0,248.0,,False,False,518,0,0,0,False,不可行-海上
Sb,40.0,-126.0,98.0,278.0,,False,False,397,0,0,0,False,不可行-海上
V,20.0,-102.0,98.0,257.0,Mexico,True,False,306,4041,1,2190,False,高优先级-标准复查
TaNb,30.0,-118.0,98.0,376.0,,False,False,451,0,0,0,False,不可行-海上
TaNb,56.0,-136.0,98.0,247.0,,False,False,1143,0,0,0,False,不可行-海上
TaNb,28.0,-110.0,98.0,416.0,Mexico,True,False,993,4041,1,2190,False,高优先级-标准复查
TaNb,-2.0,40.0,98.0,288.0,Kenya,True,False,363,51,0,121,False,高优先级-标准复查
Ag,-44.0,-74.0,98.0,243.0,,False,False,1209,0,0,0,False,不可行-海上
Ag,10.0,126.0,98.0,247.0,,False,False,748,0,0,0,False,不可行-海上
Ag,38.0,22.0,98.0,259.0,Greece,True,False,152,101,0,1207,False,高优先级-标准复查
Mo,12.0,-84.0,98.0,252.0,Nicaragua,True,False,230,164,0,116,False,高优先级-标准复查
Mo,42.0,12.0,98.0,364.0,Italy,True,False,39,130,0,5669,False,高优先级-标准复查
Mo,6.0,98.0,98.0,251.0,,False,False,518,0,0,0,False,不可行-海上
Mo,40.0,-126.0,98.0,271.0,,False,False,397,0,0,0,False,不可行-海上
Re,40.0,26.0,98.0,330.0,,False,False,276,0,0,0,False,不可行-海上
Re,68.0,-146.0,98.0,280.0,United States of America,True,False,2435,199364,7,14245,False,高优先级-标准复查
Re,44.0,-122.0,98.0,497.0,United States of America,True,False,593,199364,7,14245,False,高优先级-标准复查
Re,-20.0,-72.0,98.0,339.0,,False,False,563,0,0,0,False,不可行-海上
Re,68.0,-152.0,98.0,286.0,United States of America,True,False,2619,199364,7,14245,False,高优先级-标准复查
Re,-22.0,-72.0,98.0,321.0,,False,False,733,0,0,0,False,不可行-海上
Bi,56.0,-136.0,98.0,245.0,,False,False,1143,0,0,0,False,不可行-海上
Bi,36.0,140.0,98.0,246.0,Japan,True,False,41,623,0,539,False,高优先级-标准复查
Bi,18.0,-102.0,98.0,333.0,Mexico,True,False,342,4041,1,2190,False,高优先级-标准复查
Bi,-34.0,-68.0,98.0,234.0,Argentina,True,False,253,2501,1,2435,False,高优先级-标准复查
As,36.0,-124.0,98.0,238.0,,False,False,244,0,0,0,False,不可行-海上
As,2.0,-78.0,98.0,247.0,Colombia,True,False,252,1171,0,1349,False,高优先级-标准复查
As,40.0,140.0,98.0,238.0,Japan,True,False,480,623,0,539,False,高优先级-标准复查
Be,50.0,6.0,98.0,228.0,Luxembourg,True,False,44,5,0,38,False,高优先级-标准复查
Be,20.0,-98.0,98.0,292.0,Mexico,True,False,134,4041,1,2190,False,高优先级-标准复查
Be,-32.0,-70.0,98.0,262.0,Argentina,True,False,171,2501,1,2435,False,高优先级-标准复查
Be,44.0,4.0,98.0,257.0,France,True,False,260,439,0,4719,False,高优先级-标准复查
Be,34.0,138.0,98.0,269.0,,False,False,236,0,0,0,False,不可行-海上
Zr,30.0,-108.0,98.0,332.0,Mexico,True,False,894,4041,1,2190,False,高优先级-标准复查
Zr,56.0,-138.0,98.0,274.0,,False,False,1247,0,0,0,False,不可行-海上
Zr,66.0,-148.0,98.0,278.0,United States of America,True,False,2344,199364,7,14245,False,高优先级-标准复查
Zr,-40.0,170.0,98.0,234.0,,False,False,428,0,0,0,False,不可行-海上
Zr,-4.0,42.0,98.0,228.0,,False,False,434,0,0,0,False,不可行-海上
Zr,28.0,-110.0,98.0,424.0,Mexico,True,False,993,4041,1,2190,False,高优先级-标准复查
Graphite,34.0,-122.0,98.0,257.0,,False,False,347,0,0,0,False,不可行-海上
Graphite,-6.0,36.0,98.0,234.0,Tanzania,True,False,34,103,1,360,False,高优先级-标准复查
Au,36.0,136.0,97.9,263.0,Japan,True,False,110,623,0,539,False,高优先级-标准复查
Au,50.0,-130.0,97.9,234.0,,False,False,502,0,0,0,False,不可行-海上
Cu,42.0,138.0,97.9,247.0,,False,False,718,0,0,0,False,不可行-海上
Cu,20.0,122.0,97.9,305.0,,False,False,425,0,0,0,False,不可行-海上
Cu,-8.0,120.0,97.9,293.0,,False,False,617,0,0,0,False,不可行-海上
Cu,-10.0,152.0,97.9,279.0,,False,False,530,0,0,0,False,不可行-海上
Cu,-42.0,-74.0,97.9,266.0,Chile,True,False,996,5527,4,1089,False,高优先级-标准复查
NiCo,-8.0,32.0,97.9,309.0,Tanzania,True,False,460,103,1,360,False,高优先级-标准复查
NiCo,22.0,-112.0,97.9,283.0,,False,False,1254,0,0,0,False,不可行-海上
NiCo,44.0,4.0,97.9,351.0,France,True,False,260,439,0,4719,False,高优先级-标准复查
NiCo,2.0,32.0,97.9,294.0,Uganda,True,False,198,71,0,219,False,高优先级-标准复查
Li,-24.0,-64.0,97.9,251.0,Argentina,True,False,567,2501,1,2435,False,高优先级-标准复查
Li,28.0,-108.0,97.9,453.0,Mexico,True,False,803,4041,1,2190,False,高优先级-标准复查
Li,-14.0,-68.0,97.9,253.0,Bolivia,True,False,278,2738,1,439,False,高优先级-标准复查
Li,36.0,14.0,97.9,818.0,,False,False,48,0,0,0,False,不可行-海上
REE,66.0,-32.0,97.9,295.0,,False,False,514,0,0,0,False,不可行-海上
REE,4.0,30.0,97.9,312.0,Dem. Rep. Congo,True,False,198,3,0,71,False,高优先级-标准复查
REE,14.0,44.0,97.9,408.0,Yemen,True,False,152,5,0,29,False,高优先级-标准复查
Coal,36.0,50.0,97.9,270.0,Iran,True,False,133,617,1,1418,False,高优先级-标准复查
Coal,18.0,-100.0,97.9,357.0,Mexico,True,False,185,4041,1,2190,False,高优先级-标准复查
Coal,30.0,-118.0,97.9,418.0,,False,False,451,0,0,0,False,不可行-海上
Coal,-32.0,-54.0,97.9,275.0,Uruguay,True,False,381,63,0,84,False,高优先级-标准复查
Coal,34.0,-102.0,97.9,417.0,United States of America,True,False,691,199364,7,14245,False,高优先级-标准复查
Coal,48.0,-120.0,97.9,382.0,United States of America,True,False,270,199364,7,14245,False,高优先级-标准复查
Coal,42.0,-88.0,97.9,277.0,United States of America,True,False,35,199364,7,14245,False,高优先级-标准复查
Coal,46.0,-102.0,97.9,321.0,United States of America,True,False,737,199364,7,14245,False,高优先级-标准复查
Cr,16.0,-88.0,97.9,230.0,,False,False,161,0,0,0,False,不可行-海上
Cr,22.0,-106.0,97.9,306.0,,False,False,706,0,0,0,False,不可行-海上
Cr,4.0,-76.0,97.9,246.0,Colombia,True,False,222,1171,0,1349,False,高优先级-标准复查
Cr,24.0,124.0,97.9,246.0,,False,False,272,0,0,0,False,不可行-海上
Mn,36.0,-124.0,97.9,223.0,,False,False,244,0,0,0,False,不可行-海上
W,0.0,-78.0,97.9,364.0,Ecuador,True,False,61,641,0,243,False,高优先级-标准复查
W,16.0,-86.0,97.9,264.0,Honduras,True,False,248,464,0,25,False,高优先级-标准复查
W,36.0,-124.0,97.9,238.0,,False,False,244,0,0,0,False,不可行-海上
Sn,16.0,-92.0,97.9,350.0,Mexico,True,False,220,4041,1,2190,False,高优先级-标准复查
Sn,-6.0,114.0,97.9,304.0,,False,False,793,0,0,0,False,不可行-海上
Sn,54.0,-166.0,97.9,367.0,,False,False,2958,0,0,0,False,不可行-海上
Sn,-14.0,-74.0,97.9,341.0,Peru,True,False,396,4960,0,1044,False,高优先级-标准复查
Sn,18.0,-92.0,97.9,342.0,Mexico,True,False,353,4041,1,2190,False,高优先级-标准复查
Sb,36.0,26.0,97.9,304.0,,False,False,299,0,0,0,False,不可行-海上
Sb,-44.0,-74.0,97.9,303.0,,False,False,1209,0,0,0,False,不可行-海上
Sb,0.0,-80.0,97.9,314.0,Ecuador,True,False,168,641,0,243,False,高优先级-标准复查
Sb,46.0,-126.0,97.9,281.0,,False,False,423,0,0,0,False,不可行-海上
TaNb,52.0,-134.0,97.9,346.0,,False,False,824,0,0,0,False,不可行-海上
TaNb,8.0,42.0,97.9,289.0,Ethiopia,True,False,286,71,0,320,False,高优先级-标准复查
TaNb,-6.0,32.0,97.9,234.0,Tanzania,True,False,413,103,1,360,False,高优先级-标准复查
Ag,-46.0,-74.0,97.9,259.0,Chile,True,False,1425,5527,4,1089,False,高优先级-标准复查
Ag,40.0,-126.0,97.9,229.0,,False,False,397,0,0,0,False,不可行-海上
Mo,42.0,10.0,97.9,280.0,,False,False,203,0,0,0,False,不可行-海上
Mo,38.0,138.0,97.9,304.0,,False,False,301,0,0,0,False,不可行-海上
Mo,2.0,-80.0,97.9,243.0,,False,False,297,0,0,0,False,不可行-海上
Mo,26.0,-104.0,97.9,275.0,Mexico,True,False,369,4041,1,2190,False,高优先级-标准复查
Re,60.0,-146.0,97.9,322.0,,False,False,1878,0,0,0,False,不可行-海上
Re,-12.0,-76.0,97.9,285.0,Peru,True,False,115,4960,0,1044,False,高优先级-标准复查
Re,42.0,20.0,97.9,292.0,Albania,True,False,76,61,0,235,False,高优先级-标准复查
Re,36.0,142.0,97.9,388.0,,False,False,206,0,0,0,False,不可行-海上
Re,36.0,-122.0,97.9,415.0,,False,False,202,0,0,0,False,不可行-海上
Re,68.0,-144.0,97.9,282.0,United States of America,True,False,2380,199364,7,14245,False,高优先级-标准复查
Re,68.0,-148.0,97.9,303.0,United States of America,True,False,2493,199364,7,14245,False,高优先级-标准复查
Bi,40.0,138.0,97.9,238.0,,False,False,504,0,0,0,False,不可行-海上
Bi,34.0,138.0,97.9,246.0,,False,False,236,0,0,0,False,不可行-海上
Bi,42.0,10.0,97.9,291.0,,False,False,203,0,0,0,False,不可行-海上
Bi,38.0,136.0,97.9,225.0,,False,False,331,0,0,0,False,不可行-海上
As,12.0,-62.0,97.9,243.0,,False,False,29,0,0,0,False,不可行-海上
As,46.0,142.0,97.9,235.0,,False,False,1162,0,0,0,False,不可行-海上
Be,-28.0,-70.0,97.9,262.0,Chile,True,False,582,5527,4,1089,False,高优先级-标准复查
Be,-12.0,-70.0,97.9,240.0,Peru,True,False,538,4960,0,1044,False,高优先级-标准复查
Be,-16.0,-72.0,97.9,280.0,Peru,True,False,414,4960,0,1044,False,高优先级-标准复查
Zr,-16.0,-72.0,97.9,303.0,Peru,True,False,414,4960,0,1044,False,高优先级-标准复查
Zr,34.0,-122.0,97.9,333.0,,False,False,347,0,0,0,False,不可行-海上
Zr,20.0,-104.0,97.9,467.0,Mexico,True,False,513,4041,1,2190,False,高优先级-标准复查
Zr,-2.0,42.0,97.9,240.0,,False,False,582,0,0,0,False,不可行-海上
Zr,10.0,-86.0,97.9,316.0,,False,False,211,0,0,0,False,不可行-海上
Graphite,-16.0,-74.0,97.9,224.0,Peru,True,False,549,4960,0,1044,False,高优先级-标准复查
Graphite,42.0,-128.0,97.9,362.0,,False,False,669,0,0,0,False,不可行-海上
Graphite,-14.0,-72.0,97.9,231.0,Peru,True,False,497,4960,0,1044,False,高优先级-标准复查
Au,32.0,128.0,97.8,256.0,,False,False,626,0,0,0,False,不可行-海上
Au,6.0,124.0,97.8,269.0,,False,False,1011,0,0,0,False,不可行-海上
Au,16.0,-60.0,97.8,237.0,,False,False,168,0,0,0,False,不可行-海上
Cu,20.0,-98.0,97.8,340.0,Mexico,True,False,134,4041,1,2190,False,高优先级-标准复查
Cu,38.0,22.0,97.8,302.0,Greece,True,False,152,101,0,1207,False,高优先级-标准复查
Cu,-48.0,-74.0,97.8,271.0,Chile,True,False,1643,5527,4,1089,False,高优先级-标准复查
Cu,40.0,12.0,97.8,356.0,,False,False,215,0,0,0,False,不可行-海上
Cu,54.0,162.0,97.8,272.0,,False,False,2665,0,0,0,False,不可行-海上
NiCo,4.0,34.0,97.8,303.0,Uganda,True,False,284,71,0,219,False,高优先级-标准复查
NiCo,-8.0,34.0,97.8,350.0,Tanzania,True,False,279,103,1,360,False,高优先级-标准复查
NiCo,40.0,10.0,97.8,355.0,,False,False,295,0,0,0,False,不可行-海上
NiCo,40.0,16.0,97.8,366.0,Italy,True,False,354,130,0,5669,False,高优先级-标准复查
REE,14.0,42.0,97.8,423.0,,False,False,281,0,0,0,False,不可行-海上
REE,52.0,-134.0,97.8,347.0,,False,False,824,0,0,0,False,不可行-海上
PGE,44.0,-128.0,97.8,284.0,,False,False,694,0,0,0,False,不可行-海上
PGE,20.0,-104.0,97.8,271.0,Mexico,True,False,513,4041,1,2190,False,高优先级-标准复查
Coal,-36.0,-66.0,97.8,282.0,Argentina,True,False,511,2501,1,2435,False,高优先级-标准复查
Coal,-26.0,32.0,97.8,280.0,Mozambique,True,False,59,82,0,225,False,高优先级-标准复查
Coal,42.0,-86.0,97.8,282.0,United States of America,True,False,136,199364,7,14245,False,高优先级-标准复查
Coal,44.0,-130.0,97.8,475.0,,False,False,787,0,0,0,False,不可行-海上
Coal,-32.0,-68.0,97.8,282.0,Argentina,True,False,295,2501,1,2435,False,高优先级-标准复查
ZnPb,38.0,-126.0,97.8,306.0,,False,False,317,0,0,0,False,不可行-海上
Cr,-24.0,168.0,97.8,229.0,,False,False,698,0,0,0,False,不可行-海上
Cr,30.0,-112.0,97.8,347.0,Mexico,True,False,740,4041,1,2190,False,高优先级-标准复查
Cr,6.0,124.0,97.8,245.0,,False,False,1011,0,0,0,False,不可行-海上
Cr,18.0,-102.0,97.8,340.0,Mexico,True,False,342,4041,1,2190,False,高优先级-标准复查
Mn,40.0,16.0,97.8,250.0,Italy,True,False,354,130,0,5669,False,高优先级-标准复查
Mn,36.0,12.0,97.8,310.0,,False,False,186,0,0,0,False,不可行-海上
W,44.0,142.0,97.8,348.0,Japan,True,False,944,623,0,539,False,高优先级-标准复查
W,56.0,-164.0,97.8,347.0,,False,False,2812,0,0,0,False,不可行-海上
W,42.0,10.0,97.8,324.0,,False,False,203,0,0,0,False,不可行-海上
W,54.0,-162.0,97.8,331.0,,False,False,2698,0,0,0,False,不可行-海上
W,-24.0,-70.0,97.8,329.0,Chile,True,False,738,5527,4,1089,False,高优先级-标准复查
W,6.0,96.0,97.8,340.0,,False,False,706,0,0,0,False,不可行-海上
Sn,44.0,140.0,97.8,358.0,,False,False,925,0,0,0,False,不可行-海上
Sn,56.0,-166.0,97.8,344.0,,False,False,2936,0,0,0,False,不可行-海上
Sn,38.0,136.0,97.8,326.0,,False,False,331,0,0,0,False,不可行-海上
Sn,18.0,-104.0,97.8,433.0,,False,False,537,0,0,0,False,不可行-海上
Sb,46.0,140.0,97.8,300.0,,False,False,1147,0,0,0,False,不可行-海上
Sb,22.0,-106.0,97.8,339.0,,False,False,706,0,0,0,False,不可行-海上
Sb,-38.0,-70.0,97.8,314.0,Argentina,True,False,510,2501,1,2435,False,高优先级-标准复查
Sb,46.0,146.0,97.8,290.0,,False,False,1261,0,0,0,False,不可行-海上
Sb,38.0,24.0,97.8,333.0,Greece,True,False,24,101,0,1207,False,高优先级-标准复查
Sb,20.0,-104.0,97.8,394.0,Mexico,True,False,513,4041,1,2190,False,高优先级-标准复查
TaNb,6.0,36.0,97.8,340.0,Ethiopia,True,False,450,71,0,320,False,高优先级-标准复查
TaNb,0.0,36.0,97.8,348.0,Kenya,True,False,169,51,0,121,False,高优先级-标准复查
TaNb,32.0,-120.0,97.8,313.0,,False,False,281,0,0,0,False,不可行-海上
TaNb,6.0,42.0,97.8,228.0,Ethiopia,True,False,457,71,0,320,False,高优先级-标准复查
TaNb,40.0,-126.0,97.8,521.0,,False,False,397,0,0,0,False,不可行-海上
Ag,52.0,-130.0,97.8,234.0,,False,False,571,0,0,0,False,不可行-海上
Ag,52.0,-170.0,97.8,265.0,,False,False,3262,0,0,0,False,不可行-海上
Mo,58.0,-150.0,97.8,238.0,,False,False,2001,0,0,0,False,不可行-海上
Mo,-8.0,146.0,97.8,268.0,Papua New Guinea,True,False,209,243,0,542,False,高优先级-标准复查
Mo,44.0,12.0,97.8,248.0,Italy,True,False,36,130,0,5669,False,高优先级-标准复查
Mo,-8.0,154.0,97.8,250.0,,False,False,673,0,0,0,False,不可行-海上
Mo,-4.0,154.0,97.8,307.0,,False,False,893,0,0,0,False,不可行-海上
Mo,-8.0,158.0,97.8,333.0,,False,False,267,0,0,0,False,不可行-海上
Mo,16.0,-64.0,97.8,276.0,,False,False,199,0,0,0,False,不可行-海上
Mo,-40.0,-74.0,97.8,300.0,,False,False,788,0,0,0,False,不可行-海上
Re,26.0,120.0,97.8,405.0,,False,False,190,0,0,0,False,不可行-海上
Re,-36.0,-74.0,97.8,386.0,,False,False,394,0,0,0,False,不可行-海上
Re,-28.0,-66.0,97.8,401.0,Argentina,True,False,750,2501,1,2435,False,高优先级-标准复查
Re,64.0,-162.0,97.8,266.0,,False,False,2817,0,0,0,False,不可行-海上
Re,60.0,-144.0,97.8,291.0,,False,False,1782,0,0,0,False,不可行-海上
Re,60.0,-148.0,97.8,381.0,,False,False,1976,0,0,0,False,不可行-海上
Bi,28.0,-114.0,97.8,319.0,Mexico,True,False,784,4041,1,2190,False,高优先级-标准复查
As,56.0,-166.0,97.8,225.0,,False,False,2936,0,0,0,False,不可行-海上
As,34.0,140.0,97.8,249.0,,False,False,189,0,0,0,False,不可行-海上
As,32.0,132.0,97.8,246.0,,False,False,442,0,0,0,False,不可行-海上
As,-20.0,178.0,97.8,278.0,,False,False,213,0,0,0,False,不可行-海上
Be,40.0,22.0,97.8,270.0,Greece,True,False,227,101,0,1207,False,高优先级-标准复查
Be,-2.0,28.0,97.8,223.0,Dem. Rep. Congo,True,False,215,3,0,71,False,高优先级-标准复查
Be,52.0,-130.0,97.8,352.0,,False,False,571,0,0,0,False,不可行-海上
Be,6.0,-78.0,97.8,252.0,,False,False,371,0,0,0,False,不可行-海上
Be,12.0,42.0,97.8,233.0,Djibouti,True,False,133,3,0,11,False,高优先级-标准复查
Be,52.0,-132.0,97.8,324.0,,False,False,695,0,0,0,False,不可行-海上
Be,46.0,0.0,97.8,227.0,France,True,False,364,439,0,4719,False,高优先级-标准复查
Be,36.0,138.0,97.8,293.0,Japan,True,False,161,623,0,539,False,高优先级-标准复查
Zr,38.0,-128.0,97.8,412.0,,False,False,492,0,0,0,False,不可行-海上
Zr,44.0,-130.0,97.8,441.0,,False,False,787,0,0,0,False,不可行-海上
Zr,18.0,-98.0,97.8,362.0,Mexico,True,False,200,4041,1,2190,False,高优先级-标准复查
Graphite,48.0,10.0,97.8,278.0,Germany,True,False,103,328,0,8735,False,高优先级-标准复查
Graphite,14.0,122.0,97.8,236.0,Philippines,True,False,129,867,0,646,False,高优先级-标准复查
Graphite,46.0,12.0,97.8,252.0,Italy,True,False,194,130,0,5669,False,高优先级-标准复查
Graphite,30.0,-118.0,97.8,322.0,,False,False,451,0,0,0,False,不可行-海上
Graphite,12.0,-86.0,97.8,247.0,Nicaragua,True,False,34,164,0,116,False,高优先级-标准复查
Graphite,34.0,16.0,97.8,308.0,,False,False,251,0,0,0,False,不可行-海上
Au,-42.0,-74.0,97.7,266.0,Chile,True,False,996,5527,4,1089,False,高优先级-标准复查
Au,42.0,138.0,97.7,260.0,,False,False,718,0,0,0,False,不可行-海上
Au,-10.0,150.0,97.7,316.0,Papua New Guinea,True,False,313,243,0,542,False,高优先级-标准复查
Au,-6.0,152.0,97.7,338.0,,False,False,655,0,0,0,False,不可行-海上
Au,-40.0,174.0,97.7,284.0,,False,False,158,0,0,0,False,不可行-海上
Au,18.0,-102.0,97.7,334.0,Mexico,True,False,342,4041,1,2190,False,高优先级-标准复查
Cu,-48.0,-72.0,97.7,232.0,Argentina,True,False,1623,2501,1,2435,False,高优先级-标准复查
Cu,2.0,126.0,97.7,316.0,,False,False,1134,0,0,0,False,不可行-海上
Cu,-6.0,104.0,97.7,314.0,,False,False,313,0,0,0,False,不可行-海上
Cu,52.0,-170.0,97.7,318.0,,False,False,3262,0,0,0,False,不可行-海上
Cu,-2.0,146.0,97.7,421.0,,False,False,840,0,0,0,False,不可行-海上
NiCo,52.0,-132.0,97.7,324.0,,False,False,695,0,0,0,False,不可行-海上
NiCo,30.0,-108.0,97.7,241.0,Mexico,True,False,894,4041,1,2190,False,高优先级-标准复查
NiCo,12.0,40.0,97.7,383.0,Ethiopia,True,False,346,71,0,320,False,高优先级-标准复查
REE,-4.0,34.0,97.7,376.0,Tanzania,True,False,311,103,1,360,False,高优先级-标准复查
U,32.0,-102.0,97.7,224.0,United States of America,True,False,683,199364,7,14245,False,高优先级-标准复查
Coal,28.0,-106.0,97.7,367.0,Mexico,True,False,619,4041,1,2190,False,高优先级-标准复查
Coal,46.0,20.0,97.7,292.0,Serbia,True,False,136,108,0,603,False,高优先级-标准复查
Coal,-32.0,-50.0,97.7,284.0,,False,False,658,0,0,0,False,不可行-海上
Coal,34.0,-122.0,97.7,391.0,,False,False,347,0,0,0,False,不可行-海上
Coal,26.0,-104.0,97.7,325.0,Mexico,True,False,369,4041,1,2190,False,高优先级-标准复查
Coal,34.0,122.0,97.7,286.0,,False,False,314,0,0,0,False,不可行-海上
Coal,20.0,-96.0,97.7,300.0,,False,False,334,0,0,0,False,不可行-海上
Coal,24.0,-102.0,97.7,317.0,Mexico,True,False,251,4041,1,2190,False,高优先级-标准复查
Cr,0.0,122.0,97.7,264.0,,False,False,954,0,0,0,False,不可行-海上
Cr,38.0,20.0,97.7,236.0,,False,False,327,0,0,0,False,不可行-海上
Cr,10.0,-82.0,97.7,252.0,,False,False,228,0,0,0,False,不可行-海上
Cr,54.0,-136.0,97.7,257.0,,False,False,1030,0,0,0,False,不可行-海上
Cr,26.0,-106.0,97.7,282.0,Mexico,True,False,568,4041,1,2190,False,高优先级-标准复查
Cr,32.0,-118.0,97.7,262.0,,False,False,229,0,0,0,False,不可行-海上
W,16.0,120.0,97.7,350.0,Philippines,True,False,77,867,0,646,False,高优先级-标准复查
W,46.0,146.0,97.7,326.0,,False,False,1261,0,0,0,False,不可行-海上
W,34.0,140.0,97.7,365.0,,False,False,189,0,0,0,False,不可行-海上
W,14.0,-94.0,97.7,286.0,,False,False,380,0,0,0,False,不可行-海上
W,26.0,120.0,97.7,322.0,,False,False,190,0,0,0,False,不可行-海上
W,10.0,-62.0,97.7,283.0,,False,False,90,0,0,0,False,不可行-海上
Sn,12.0,96.0,97.7,312.0,,False,False,527,0,0,0,False,不可行-海上
Sn,32.0,134.0,97.7,278.0,,False,False,330,0,0,0,False,不可行-海上
Sn,54.0,-136.0,97.7,345.0,,False,False,1030,0,0,0,False,不可行-海上
Sn,38.0,10.0,97.7,247.0,,False,False,134,0,0,0,False,不可行-海上
Sn,-2.0,100.0,97.7,370.0,,False,False,564,0,0,0,False,不可行-海上
Sn,26.0,-108.0,97.7,248.0,Mexico,True,False,768,4041,1,2190,False,高优先级-标准复查
Sn,34.0,128.0,97.7,359.0,,False,False,407,0,0,0,False,不可行-海上
Sn,-2.0,-76.0,97.7,318.0,Peru,True,False,342,4960,0,1044,False,高优先级-标准复查
Sb,44.0,14.0,97.7,255.0,,False,False,125,0,0,0,False,不可行-海上
Sb,58.0,-150.0,97.7,259.0,,False,False,2001,0,0,0,False,不可行-海上
Sb,38.0,136.0,97.7,277.0,,False,False,331,0,0,0,False,不可行-海上
V,38.0,-124.0,97.7,282.0,,False,False,142,0,0,0,False,不可行-海上
TaNb,10.0,40.0,97.7,360.0,Ethiopia,True,False,179,71,0,320,False,高优先级-标准复查
TaNb,-10.0,36.0,97.7,311.0,Tanzania,True,False,425,103,1,360,False,高优先级-标准复查
TaNb,12.0,46.0,97.7,252.0,,False,False,314,0,0,0,False,不可行-海上
Ag,8.0,124.0,97.7,279.0,Philippines,True,False,805,867,0,646,False,高优先级-标准复查
Ag,24.0,124.0,97.7,277.0,,False,False,272,0,0,0,False,不可行-海上
Ag,-4.0,148.0,97.7,369.0,,False,False,614,0,0,0,False,不可行-海上
Ag,2.0,-78.0,97.7,283.0,Colombia,True,False,252,1171,0,1349,False,高优先级-标准复查
Mo,14.0,-90.0,97.7,354.0,Guatemala,True,False,90,145,0,30,False,高优先级-标准复查
Mo,46.0,-126.0,97.7,295.0,,False,False,423,0,0,0,False,不可行-海上
Mo,-50.0,-74.0,97.7,356.0,Chile,True,False,1862,5527,4,1089,False,高优先级-标准复查
Mo,34.0,132.0,97.7,348.0,Japan,True,False,331,623,0,539,False,高优先级-标准复查
Mo,-4.0,156.0,97.7,263.0,,False,False,745,0,0,0,False,不可行-海上
Mo,4.0,-78.0,97.7,252.0,,False,False,439,0,0,0,False,不可行-海上
Mo,-46.0,-76.0,97.7,255.0,,False,False,1469,0,0,0,False,不可行-海上
Re,44.0,18.0,97.7,318.0,Bosnia and Herz.,True,False,35,4,0,0,False,高优先级-标准复查
Re,-38.0,-70.0,97.7,437.0,Argentina,True,False,510,2501,1,2435,False,高优先级-标准复查
Re,30.0,-116.0,97.7,450.0,,False,False,497,0,0,0,False,不可行-海上
Re,56.0,-156.0,97.7,436.0,,False,False,2315,0,0,0,False,不可行-海上
Re,60.0,-162.0,97.7,341.0,United States of America,True,False,2719,199364,7,14245,False,高优先级-标准复查
Bi,40.0,22.0,97.7,243.0,Greece,True,False,227,101,0,1207,False,高优先级-标准复查
Bi,60.0,-150.0,97.7,251.0,United States of America,True,False,2078,199364,7,14245,False,高优先级-标准复查
Bi,26.0,-110.0,97.7,262.0,,False,False,968,0,0,0,False,不可行-海上
As,38.0,-126.0,97.7,306.0,,False,False,317,0,0,0,False,不可行-海上
As,42.0,144.0,97.7,238.0,,False,False,792,0,0,0,False,不可行-海上
As,44.0,146.0,97.7,261.0,,False,False,1067,0,0,0,False,不可行-海上
As,10.0,-86.0,97.7,262.0,,False,False,211,0,0,0,False,不可行-海上
Be,44.0,6.0,97.7,290.0,France,True,False,116,439,0,4719,False,高优先级-标准复查
Be,44.0,2.0,97.7,254.0,France,True,False,170,439,0,4719,False,高优先级-标准复查
Zr,34.0,-102.0,97.7,306.0,United States of America,True,False,691,199364,7,14245,False,高优先级-标准复查
Zr,36.0,130.0,97.7,294.0,,False,False,319,0,0,0,False,不可行-海上
Zr,12.0,-84.0,97.7,309.0,Nicaragua,True,False,230,164,0,116,False,高优先级-标准复查
Zr,38.0,-102.0,97.7,266.0,United States of America,True,False,323,199364,7,14245,False,高优先级-标准复查
Zr,40.0,-102.0,97.7,284.0,United States of America,True,False,256,199364,7,14245,False,高优先级-标准复查
Graphite,12.0,42.0,97.7,299.0,Djibouti,True,False,133,3,0,11,False,高优先级-标准复查
Graphite,62.0,-156.0,97.7,236.0,United States of America,True,False,2460,199364,7,14245,False,高优先级-标准复查
Graphite,34.0,10.0,97.7,303.0,Tunisia,True,False,312,49,0,229,False,高优先级-标准复查
Graphite,30.0,-102.0,97.7,232.0,United States of America,True,False,508,199364,7,14245,False,高优先级-标准复查
Au,54.0,162.0,97.6,279.0,,False,False,2665,0,0,0,False,不可行-海上
Au,54.0,-136.0,97.6,244.0,,False,False,1030,0,0,0,False,不可行-海上
Au,12.0,-60.0,97.6,244.0,,False,False,129,0,0,0,False,不可行-海上
Au,-40.0,176.0,97.6,298.0,New Zealand,True,False,177,168,0,791,False,高优先级-标准复查
Au,46.0,-126.0,97.6,287.0,,False,False,423,0,0,0,False,不可行-海上
Cu,54.0,-166.0,97.6,345.0,,False,False,2958,0,0,0,False,不可行-海上
Cu,34.0,140.0,97.6,344.0,,False,False,189,0,0,0,False,不可行-海上
Cu,46.0,140.0,97.6,280.0,,False,False,1147,0,0,0,False,不可行-海上
Cu,18.0,-62.0,97.6,307.0,,False,False,99,0,0,0,False,不可行-海上
NiCo,34.0,-102.0,97.6,244.0,United States of America,True,False,691,199364,7,14245,False,高优先级-标准复查
NiCo,-22.0,172.0,97.6,514.0,,False,False,611,0,0,0,False,不可行-海上
NiCo,32.0,-120.0,97.6,269.0,,False,False,281,0,0,0,False,不可行-海上
PGE,52.0,-128.0,97.6,283.0,,False,False,458,0,0,0,False,不可行-海上
ZnPb,48.0,-128.0,97.6,346.0,,False,False,385,0,0,0,False,不可行-海上
Cr,-2.0,146.0,97.6,405.0,,False,False,840,0,0,0,False,不可行-海上
Cr,-34.0,-72.0,97.6,244.0,,False,False,112,0,0,0,False,不可行-海上
Cr,60.0,-156.0,97.6,250.0,United States of America,True,False,2393,199364,7,14245,False,高优先级-标准复查
Cr,12.0,-88.0,97.6,267.0,,False,False,189,0,0,0,False,不可行-海上
Cr,56.0,-164.0,97.6,271.0,,False,False,2812,0,0,0,False,不可行-海上
Cr,-8.0,146.0,97.6,287.0,Papua New Guinea,True,False,209,243,0,542,False,高优先级-标准复查
Mn,30.0,-118.0,97.6,259.0,,False,False,451,0,0,0,False,不可行-海上
Mn,38.0,12.0,97.6,320.0,,False,False,209,0,0,0,False,不可行-海上
W,42.0,138.0,97.6,346.0,,False,False,718,0,0,0,False,不可行-海上
W,-16.0,-74.0,97.6,349.0,Peru,True,False,549,4960,0,1044,False,高优先级-标准复查
W,-18.0,-72.0,97.6,320.0,,False,False,442,0,0,0,False,不可行-海上
W,20.0,-98.0,97.6,387.0,Mexico,True,False,134,4041,1,2190,False,高优先级-标准复查
W,32.0,128.0,97.6,360.0,,False,False,626,0,0,0,False,不可行-海上
W,38.0,136.0,97.6,313.0,,False,False,331,0,0,0,False,不可行-海上
W,18.0,-94.0,97.6,366.0,Mexico,True,False,527,4041,1,2190,False,高优先级-标准复查
Sn,2.0,98.0,97.6,373.0,,False,False,423,0,0,0,False,不可行-海上
Sn,46.0,140.0,97.6,381.0,,False,False,1147,0,0,0,False,不可行-海上
Sn,38.0,12.0,97.6,407.0,,False,False,209,0,0,0,False,不可行-海上
Sn,56.0,-138.0,97.6,284.0,,False,False,1247,0,0,0,False,不可行-海上
Sn,38.0,138.0,97.6,387.0,,False,False,301,0,0,0,False,不可行-海上
Sn,38.0,132.0,97.6,260.0,,False,False,442,0,0,0,False,不可行-海上
Sb,20.0,-96.0,97.6,340.0,,False,False,334,0,0,0,False,不可行-海上
Sb,-46.0,-76.0,97.6,265.0,,False,False,1469,0,0,0,False,不可行-海上
Sb,32.0,134.0,97.6,228.0,,False,False,330,0,0,0,False,不可行-海上
Sb,42.0,146.0,97.6,285.0,,False,False,886,0,0,0,False,不可行-海上
Sb,38.0,14.0,97.6,432.0,Italy,True,False,238,130,0,5669,False,高优先级-标准复查
V,46.0,8.0,97.6,242.0,Switzerland,True,False,110,7,0,1017,False,高优先级-标准复查
V,24.0,-104.0,97.6,226.0,Mexico,True,False,414,4041,1,2190,False,高优先级-标准复查
TaNb,8.0,44.0,97.6,240.0,Ethiopia,True,False,174,71,0,320,False,高优先级-标准复查
TaNb,60.0,-156.0,97.6,248.0,United States of America,True,False,2393,199364,7,14245,False,高优先级-标准复查
TaNb,-12.0,36.0,97.6,257.0,Mozambique,True,False,326,82,0,225,False,高优先级-标准复查
TaNb,32.0,-102.0,97.6,279.0,United States of America,True,False,683,199364,7,14245,False,高优先级-标准复查
Ag,50.0,158.0,97.6,242.0,,False,False,2167,0,0,0,False,不可行-海上
Ag,50.0,156.0,97.6,291.0,,False,False,2062,0,0,0,False,不可行-海上
Ag,14.0,120.0,97.6,273.0,,False,False,125,0,0,0,False,不可行-海上
Ag,-8.0,120.0,97.6,293.0,,False,False,617,0,0,0,False,不可行-海上
Ag,18.0,-94.0,97.6,287.0,Mexico,True,False,527,4041,1,2190,False,高优先级-标准复查
Mo,12.0,126.0,97.6,310.0,,False,False,616,0,0,0,False,不可行-海上
Mo,34.0,134.0,97.6,300.0,Japan,True,False,158,623,0,539,False,高优先级-标准复查
Mo,56.0,-168.0,97.6,263.0,,False,False,3060,0,0,0,False,不可行-海上
Mo,30.0,-116.0,97.6,294.0,,False,False,497,0,0,0,False,不可行-海上
Mo,-50.0,-72.0,97.6,333.0,Argentina,True,False,1845,2501,1,2435,False,高优先级-标准复查
Mo,-20.0,176.0,97.6,315.0,,False,False,330,0,0,0,False,不可行-海上
Mo,8.0,126.0,97.6,359.0,Philippines,True,False,916,867,0,646,False,高优先级-标准复查
Mo,2.0,-74.0,97.6,253.0,Colombia,True,False,289,1171,0,1349,False,高优先级-标准复查
Re,68.0,-150.0,97.6,323.0,United States of America,True,False,2555,199364,7,14245,False,高优先级-标准复查
Re,-32.0,-74.0,97.6,332.0,,False,False,252,0,0,0,False,不可行-海上
Re,34.0,138.0,97.6,446.0,,False,False,236,0,0,0,False,不可行-海上
Re,-38.0,-72.0,97.6,457.0,Chile,True,False,521,5527,4,1089,False,高优先级-标准复查
Re,44.0,-110.0,97.6,231.0,United States of America,True,False,630,199364,7,14245,False,高优先级-标准复查
Re,42.0,138.0,97.6,446.0,,False,False,718,0,0,0,False,不可行-海上
Bi,42.0,18.0,97.6,262.0,,False,False,116,0,0,0,False,不可行-海上
Bi,30.0,-116.0,97.6,368.0,,False,False,497,0,0,0,False,不可行-海上
As,54.0,-136.0,97.6,261.0,,False,False,1030,0,0,0,False,不可行-海上
As,18.0,-100.0,97.6,322.0,Mexico,True,False,185,4041,1,2190,False,高优先级-标准复查
As,54.0,-172.0,97.6,247.0,,False,False,3345,0,0,0,False,不可行-海上
Be,-34.0,-70.0,97.6,297.0,Chile,True,False,87,5527,4,1089,False,高优先级-标准复查
Be,64.0,-142.0,97.6,247.0,United States of America,True,False,1987,199364,7,14245,False,高优先级-标准复查
Be,62.0,-146.0,97.6,262.0,United States of America,True,False,1995,199364,7,14245,False,高优先级-标准复查
Zr,60.0,160.0,97.6,304.0,,False,False,3069,0,0,0,False,不可行-海上
Zr,0.0,40.0,97.6,347.0,Kenya,True,False,382,51,0,121,False,高优先级-标准复查
Zr,28.0,-118.0,97.6,383.0,,False,False,673,0,0,0,False,不可行-海上
Zr,46.0,-130.0,97.6,459.0,,False,False,631,0,0,0,False,不可行-海上
Zr,-2.0,34.0,97.6,362.0,Tanzania,True,False,302,103,1,360,False,高优先级-标准复查
Graphite,40.0,-128.0,97.6,379.0,,False,False,544,0,0,0,False,不可行-海上
Graphite,10.0,46.0,97.6,230.0,Somaliland,True,False,218,23,0,174,False,高优先级-标准复查
Graphite,60.0,-156.0,97.6,243.0,United States of America,True,False,2393,199364,7,14245,False,高优先级-标准复查
Au,26.0,120.0,97.5,251.0,,False,False,190,0,0,0,False,不可行-海上
Au,0.0,98.0,97.5,246.0,,False,False,524,0,0,0,False,不可行-海上
Au,52.0,-170.0,97.5,302.0,,False,False,3262,0,0,0,False,不可行-海上
Au,10.0,122.0,97.5,284.0,,False,False,524,0,0,0,False,不可行-海上
Au,30.0,132.0,97.5,256.0,,False,False,617,0,0,0,False,不可行-海上
Au,-6.0,144.0,97.5,289.0,Papua New Guinea,True,False,522,243,0,542,False,高优先级-标准复查
Au,4.0,100.0,97.5,251.0,,False,False,210,0,0,0,False,不可行-海上
Cu,42.0,16.0,97.5,309.0,,False,False,274,0,0,0,False,不可行-海上
Cu,-2.0,144.0,97.5,359.0,,False,False,902,0,0,0,False,不可行-海上
Cu,38.0,26.0,97.5,228.0,,False,False,199,0,0,0,False,不可行-海上
Cu,42.0,144.0,97.5,271.0,,False,False,792,0,0,0,False,不可行-海上
Cu,-4.0,154.0,97.5,276.0,,False,False,893,0,0,0,False,不可行-海上
Cu,30.0,128.0,97.5,263.0,,False,False,643,0,0,0,False,不可行-海上
Cu,40.0,-126.0,97.5,230.0,,False,False,397,0,0,0,False,不可行-海上
NiCo,38.0,12.0,97.5,533.0,,False,False,209,0,0,0,False,不可行-海上
NiCo,2.0,28.0,97.5,298.0,Dem. Rep. Congo,True,False,495,3,0,71,False,高优先级-标准复查
NiCo,48.0,-130.0,97.5,499.0,,False,False,525,0,0,0,False,不可行-海上
NiCo,-14.0,-172.0,97.5,495.0,,False,False,31,0,0,0,False,不可行-海上
NiCo,-6.0,32.0,97.5,242.0,Tanzania,True,False,413,103,1,360,False,高优先级-标准复查
REE,54.0,-136.0,97.5,270.0,,False,False,1030,0,0,0,False,不可行-海上
REE,-10.0,30.0,97.5,313.0,Zambia,True,False,605,285,1,222,False,高优先级-标准复查
REE,10.0,46.0,97.5,302.0,Somaliland,True,False,218,23,0,174,False,高优先级-标准复查
REE,34.0,-122.0,97.5,337.0,,False,False,347,0,0,0,False,不可行-海上
PGE,36.0,-124.0,97.5,231.0,,False,False,244,0,0,0,False,不可行-海上
ZnPb,42.0,-128.0,97.5,329.0,,False,False,669,0,0,0,False,不可行-海上
ZnPb,34.0,12.0,97.5,277.0,,False,False,165,0,0,0,False,不可行-海上
ZnPb,48.0,8.0,97.5,225.0,Germany,True,False,127,328,0,8735,False,高优先级-标准复查
Cr,-36.0,-68.0,97.5,265.0,Argentina,True,False,374,2501,1,2435,False,高优先级-标准复查
Cr,4.0,126.0,97.5,276.0,,False,False,1030,0,0,0,False,不可行-海上
Cr,52.0,-130.0,97.5,334.0,,False,False,571,0,0,0,False,不可行-海上
Cr,44.0,146.0,97.5,285.0,,False,False,1067,0,0,0,False,不可行-海上
Cr,52.0,-128.0,97.5,389.0,,False,False,458,0,0,0,False,不可行-海上
Cr,-40.0,176.0,97.5,281.0,New Zealand,True,False,177,168,0,791,False,高优先级-标准复查
Mn,44.0,-128.0,97.5,305.0,,False,False,694,0,0,0,False,不可行-海上
W,24.0,120.0,97.5,321.0,,False,False,196,0,0,0,False,不可行-海上
W,38.0,144.0,97.5,252.0,,False,False,457,0,0,0,False,不可行-海上
W,38.0,30.0,97.5,257.0,Turkey,True,False,327,549,0,4113,False,高优先级-标准复查
W,22.0,-106.0,97.5,395.0,,False,False,706,0,0,0,False,不可行-海上
W,12.0,-84.0,97.5,336.0,Nicaragua,True,False,230,164,0,116,False,高优先级-标准复查
W,44.0,144.0,97.5,379.0,Japan,True,False,993,623,0,539,False,高优先级-标准复查
W,44.0,140.0,97.5,358.0,,False,False,925,0,0,0,False,不可行-海上
Sn,58.0,-150.0,97.5,326.0,,False,False,2001,0,0,0,False,不可行-海上
Sn,-6.0,116.0,97.5,313.0,,False,False,1014,0,0,0,False,不可行-海上
Sn,34.0,140.0,97.5,406.0,,False,False,189,0,0,0,False,不可行-海上
Sn,36.0,140.0,97.5,399.0,Japan,True,False,41,623,0,539,False,高优先级-标准复查
Sb,54.0,-168.0,97.5,351.0,,False,False,3087,0,0,0,False,不可行-海上
Sb,44.0,138.0,97.5,264.0,,False,False,936,0,0,0,False,不可行-海上
Sb,56.0,-138.0,97.5,228.0,,False,False,1247,0,0,0,False,不可行-海上
Sb,38.0,-126.0,97.5,305.0,,False,False,317,0,0,0,False,不可行-海上
Sb,12.0,-90.0,97.5,298.0,,False,False,208,0,0,0,False,不可行-海上
Sb,6.0,-78.0,97.5,229.0,,False,False,371,0,0,0,False,不可行-海上
Sb,44.0,148.0,97.5,351.0,,False,False,1161,0,0,0,False,不可行-海上
V,48.0,-128.0,97.5,320.0,,False,False,385,0,0,0,False,不可行-海上
Ti,-20.0,176.0,97.5,255.0,,False,False,330,0,0,0,False,不可行-海上
Ti,48.0,4.0,97.5,230.0,France,True,False,154,439,0,4719,False,高优先级-标准复查
TaNb,44.0,-126.0,97.5,537.0,,False,False,626,0,0,0,False,不可行-海上
TaNb,34.0,-102.0,97.5,286.0,United States of America,True,False,691,199364,7,14245,False,高优先级-标准复查
TaNb,48.0,0.0,97.5,300.0,France,True,False,198,439,0,4719,False,高优先级-标准复查
TaNb,48.0,10.0,97.5,358.0,Germany,True,False,103,328,0,8735,False,高优先级-标准复查
TaNb,36.0,-124.0,97.5,399.0,,False,False,244,0,0,0,False,不可行-海上
TaNb,4.0,36.0,97.5,376.0,Kenya,True,False,499,51,0,121,False,高优先级-标准复查
TaNb,2.0,36.0,97.5,377.0,Kenya,True,False,376,51,0,121,False,高优先级-标准复查
Ag,-6.0,128.0,97.5,269.0,,False,False,390,0,0,0,False,不可行-海上
Ag,26.0,124.0,97.5,268.0,,False,False,267,0,0,0,False,不可行-海上
Ag,30.0,132.0,97.5,254.0,,False,False,617,0,0,0,False,不可行-海上
Ag,52.0,-172.0,97.5,317.0,,False,False,3395,0,0,0,False,不可行-海上
Mo,-6.0,152.0,97.5,389.0,,False,False,655,0,0,0,False,不可行-海上
Mo,16.0,124.0,97.5,232.0,,False,False,359,0,0,0,False,不可行-海上
Mo,16.0,-86.0,97.5,264.0,Honduras,True,False,248,464,0,25,False,高优先级-标准复查
Mo,-8.0,148.0,97.5,404.0,Papua New Guinea,True,False,185,243,0,542,False,高优先级-标准复查
Mo,38.0,136.0,97.5,292.0,,False,False,331,0,0,0,False,不可行-海上
Mo,-36.0,-74.0,97.5,254.0,,False,False,394,0,0,0,False,不可行-海上
Mo,46.0,138.0,97.5,245.0,,False,False,1156,0,0,0,False,不可行-海上
Re,46.0,-126.0,97.5,461.0,,False,False,423,0,0,0,False,不可行-海上
Re,28.0,-106.0,97.5,361.0,Mexico,True,False,619,4041,1,2190,False,高优先级-标准复查
Re,38.0,134.0,97.5,387.0,,False,False,365,0,0,0,False,不可行-海上
Re,42.0,18.0,97.5,408.0,,False,False,116,0,0,0,False,不可行-海上
Re,68.0,-142.0,97.5,304.0,United States of America,True,False,2329,199364,7,14245,False,高优先级-标准复查
Re,42.0,140.0,97.5,465.0,Japan,True,False,702,623,0,539,False,高优先级-标准复查
Bi,52.0,-130.0,97.5,345.0,,False,False,571,0,0,0,False,不可行-海上
Bi,0.0,-78.0,97.5,306.0,Ecuador,True,False,61,641,0,243,False,高优先级-标准复查
Bi,58.0,-162.0,97.5,247.0,,False,False,2695,0,0,0,False,不可行-海上
Bi,-16.0,-74.0,97.5,279.0,Peru,True,False,549,4960,0,1044,False,高优先级-标准复查
As,16.0,-60.0,97.5,251.0,,False,False,168,0,0,0,False,不可行-海上
As,12.0,-60.0,97.5,246.0,,False,False,129,0,0,0,False,不可行-海上
As,-18.0,180.0,97.5,234.0,,False,False,165,0,0,0,False,不可行-海上
As,28.0,-110.0,97.5,249.0,Mexico,True,False,993,4041,1,2190,False,高优先级-标准复查
Be,-14.0,-68.0,97.5,242.0,Bolivia,True,False,278,2738,1,439,False,高优先级-标准复查
Be,52.0,8.0,97.5,241.0,Germany,True,False,214,328,0,8735,False,高优先级-标准复查
Be,64.0,-158.0,97.5,243.0,United States of America,True,False,2633,199364,7,14245,False,高优先级-标准复查
Zr,-2.0,30.0,97.5,382.0,Rwanda,True,False,8,13,0,42,False,高优先级-标准复查
Zr,30.0,-106.0,97.5,364.0,Mexico,True,False,736,4041,1,2190,False,高优先级-标准复查
Zr,-4.0,36.0,97.5,382.0,Tanzania,True,False,244,103,1,360,False,高优先级-标准复查
Zr,-12.0,-70.0,97.5,302.0,Peru,True,False,538,4960,0,1044,False,高优先级-标准复查
Graphite,50.0,10.0,97.5,306.0,Germany,True,False,281,328,0,8735,False,高优先级-标准复查
Graphite,32.0,-120.0,97.5,294.0,,False,False,281,0,0,0,False,不可行-海上
Graphite,-38.0,-68.0,97.5,248.0,Argentina,True,False,561,2501,1,2435,False,高优先级-标准复查
Graphite,18.0,-100.0,97.5,340.0,Mexico,True,False,185,4041,1,2190,False,高优先级-标准复查
Graphite,34.0,128.0,97.5,252.0,,False,False,407,0,0,0,False,不可行-海上
Au,14.0,120.0,97.4,300.0,,False,False,125,0,0,0,False,不可行-海上
Au,-4.0,146.0,97.4,448.0,,False,False,622,0,0,0,False,不可行-海上
Au,-2.0,150.0,97.4,299.0,,False,False,886,0,0,0,False,不可行-海上
Au,36.0,142.0,97.4,226.0,,False,False,206,0,0,0,False,不可行-海上
Cu,54.0,-136.0,97.4,221.0,,False,False,1030,0,0,0,False,不可行-海上
Cu,12.0,-60.0,97.4,244.0,,False,False,129,0,0,0,False,不可行-海上
Cu,26.0,124.0,97.4,278.0,,False,False,267,0,0,0,False,不可行-海上
Cu,18.0,-106.0,97.4,223.0,,False,False,741,0,0,0,False,不可行-海上
Cu,54.0,-172.0,97.4,269.0,,False,False,3345,0,0,0,False,不可行-海上
Cu,18.0,-98.0,97.4,352.0,Mexico,True,False,200,4041,1,2190,False,高优先级-标准复查
Cu,4.0,100.0,97.4,243.0,,False,False,210,0,0,0,False,不可行-海上
Cu,34.0,138.0,97.4,333.0,,False,False,236,0,0,0,False,不可行-海上
NiCo,38.0,14.0,97.4,557.0,Italy,True,False,238,130,0,5669,False,高优先级-标准复查
NiCo,-6.0,150.0,97.4,419.0,Papua New Guinea,True,False,494,243,0,542,False,高优先级-标准复查
NiCo,46.0,10.0,97.4,242.0,Italy,True,False,131,130,0,5669,False,高优先级-标准复查
NiCo,38.0,18.0,97.4,347.0,,False,False,388,0,0,0,False,不可行-海上
NiCo,44.0,0.0,97.4,314.0,France,True,False,207,439,0,4719,False,高优先级-标准复查
NiCo,2.0,40.0,97.4,352.0,Kenya,True,False,508,51,0,121,False,高优先级-标准复查
REE,70.0,-28.0,97.4,254.0,Greenland,True,False,701,43,0,9,False,高优先级-标准复查
REE,0.0,26.0,97.4,326.0,Dem. Rep. Congo,True,False,501,3,0,71,False,高优先级-标准复查
REE,44.0,-126.0,97.4,537.0,,False,False,626,0,0,0,False,不可行-海上
PGE,42.0,-128.0,97.4,298.0,,False,False,669,0,0,0,False,不可行-海上
U,48.0,-126.0,97.4,304.0,,False,False,254,0,0,0,False,不可行-海上
Diamond,10.0,22.0,97.4,225.0,Central African Rep.,True,False,732,3,0,0,False,高优先级-标准复查
ZnPb,46.0,2.0,97.4,240.0,France,True,False,319,439,0,4719,False,高优先级-标准复查
ZnPb,42.0,14.0,97.4,285.0,Italy,True,False,126,130,0,5669,False,高优先级-标准复查
Cr,24.0,-106.0,97.4,327.0,Mexico,True,False,601,4041,1,2190,False,高优先级-标准复查
Cr,34.0,128.0,97.4,261.0,,False,False,407,0,0,0,False,不可行-海上
Cr,8.0,-84.0,97.4,289.0,,False,False,215,0,0,0,False,不可行-海上
Cr,-18.0,-68.0,97.4,278.0,Bolivia,True,False,168,2738,1,439,False,高优先级-标准复查
Cr,36.0,130.0,97.4,244.0,,False,False,319,0,0,0,False,不可行-海上
Cr,-24.0,170.0,97.4,378.0,,False,False,718,0,0,0,False,不可行-海上
Mn,50.0,12.0,97.4,236.0,Germany,True,False,173,328,0,8735,False,高优先级-标准复查
W,18.0,-98.0,97.4,382.0,Mexico,True,False,200,4041,1,2190,False,高优先级-标准复查
W,34.0,126.0,97.4,254.0,,False,False,407,0,0,0,False,不可行-海上
W,42.0,136.0,97.4,273.0,,False,False,773,0,0,0,False,不可行-海上
W,58.0,-164.0,97.4,265.0,,False,False,2813,0,0,0,False,不可行-海上
W,24.0,-102.0,97.4,316.0,Mexico,True,False,251,4041,1,2190,False,高优先级-标准复查
W,12.0,96.0,97.4,312.0,,False,False,527,0,0,0,False,不可行-海上
W,52.0,-130.0,97.4,361.0,,False,False,571,0,0,0,False,不可行-海上
Sn,-16.0,-74.0,97.4,390.0,Peru,True,False,549,4960,0,1044,False,高优先级-标准复查
Sn,16.0,-86.0,97.4,334.0,Honduras,True,False,248,464,0,25,False,高优先级-标准复查
Sn,28.0,130.0,97.4,391.0,,False,False,901,0,0,0,False,不可行-海上
Sn,24.0,-108.0,97.4,307.0,,False,False,796,0,0,0,False,不可行-海上
Sn,24.0,120.0,97.4,361.0,,False,False,196,0,0,0,False,不可行-海上
Sn,48.0,-128.0,97.4,306.0,,False,False,385,0,0,0,False,不可行-海上
Sn,-28.0,-72.0,97.4,265.0,,False,False,562,0,0,0,False,不可行-海上
Sb,-48.0,-76.0,97.4,300.0,,False,False,1680,0,0,0,False,不可行-海上
Sb,14.0,-94.0,97.4,286.0,,False,False,380,0,0,0,False,不可行-海上
Sb,-32.0,-72.0,97.4,271.0,,False,False,122,0,0,0,False,不可行-海上
Sb,-48.0,-70.0,97.4,257.0,Argentina,True,False,1620,2501,1,2435,False,高优先级-标准复查
Ti,40.0,14.0,97.4,349.0,,False,False,247,0,0,0,False,不可行-海上
TaNb,48.0,-128.0,97.4,523.0,,False,False,385,0,0,0,False,不可行-海上
TaNb,-38.0,172.0,97.4,251.0,,False,False,276,0,0,0,False,不可行-海上
TaNb,44.0,14.0,97.4,322.0,,False,False,125,0,0,0,False,不可行-海上
TaNb,62.0,-146.0,97.4,241.0,United States of America,True,False,1995,199364,7,14245,False,高优先级-标准复查
Ag,54.0,-176.0,97.4,235.0,,False,False,3600,0,0,0,False,不可行-海上
Ag,56.0,-154.0,97.4,225.0,,False,False,2192,0,0,0,False,不可行-海上
Ag,16.0,-64.0,97.4,242.0,,False,False,199,0,0,0,False,不可行-海上
Ag,50.0,-178.0,97.4,234.0,,False,False,3731,0,0,0,False,不可行-海上
Ag,46.0,-126.0,97.4,274.0,,False,False,423,0,0,0,False,不可行-海上
Ag,38.0,136.0,97.4,236.0,,False,False,331,0,0,0,False,不可行-海上
Ag,36.0,142.0,97.4,226.0,,False,False,206,0,0,0,False,不可行-海上
Mo,-20.0,180.0,97.4,285.0,,False,False,264,0,0,0,False,不可行-海上
Mo,16.0,-62.0,97.4,375.0,,False,False,102,0,0,0,False,不可行-海上
Mo,-2.0,146.0,97.4,428.0,,False,False,840,0,0,0,False,不可行-海上
Mo,36.0,-124.0,97.4,227.0,,False,False,244,0,0,0,False,不可行-海上
Mo,-2.0,144.0,97.4,389.0,,False,False,902,0,0,0,False,不可行-海上
Mo,-48.0,-76.0,97.4,297.0,,False,False,1680,0,0,0,False,不可行-海上
Mo,42.0,138.0,97.4,351.0,,False,False,718,0,0,0,False,不可行-海上
Mo,12.0,120.0,97.4,267.0,,False,False,309,0,0,0,False,不可行-海上
Re,32.0,-120.0,97.4,312.0,,False,False,281,0,0,0,False,不可行-海上
Bi,-32.0,-72.0,97.4,250.0,,False,False,122,0,0,0,False,不可行-海上
Bi,0.0,-80.0,97.4,324.0,Ecuador,True,False,168,641,0,243,False,高优先级-标准复查
Bi,46.0,10.0,97.4,239.0,Italy,True,False,131,130,0,5669,False,高优先级-标准复查
Bi,34.0,-120.0,97.4,232.0,,False,False,163,0,0,0,False,不可行-海上
Bi,58.0,-152.0,97.4,289.0,,False,False,2114,0,0,0,False,不可行-海上
As,52.0,-172.0,97.4,271.0,,False,False,3395,0,0,0,False,不可行-海上
As,20.0,-104.0,97.4,372.0,Mexico,True,False,513,4041,1,2190,False,高优先级-标准复查
As,-38.0,-68.0,97.4,248.0,Argentina,True,False,561,2501,1,2435,False,高优先级-标准复查
As,58.0,-150.0,97.4,239.0,,False,False,2001,0,0,0,False,不可行-海上
Be,52.0,10.0,97.4,230.0,Germany,True,False,239,328,0,8735,False,高优先级-标准复查
Be,34.0,132.0,97.4,303.0,Japan,True,False,331,623,0,539,False,高优先级-标准复查
Be,2.0,30.0,97.4,249.0,Dem. Rep. Congo,True,False,342,3,0,71,False,高优先级-标准复查
Be,58.0,-136.0,97.4,293.0,,False,False,1285,0,0,0,False,不可行-海上
Zr,32.0,28.0,97.4,235.0,,False,False,378,0,0,0,False,不可行-海上
Zr,60.0,-158.0,97.4,311.0,United States of America,True,False,2501,199364,7,14245,False,高优先级-标准复查
Zr,62.0,-160.0,97.4,269.0,United States of America,True,False,2659,199364,7,14245,False,高优先级-标准复查
Zr,44.0,-104.0,97.4,262.0,United States of America,True,False,481,199364,7,14245,False,高优先级-标准复查
Graphite,36.0,-102.0,97.4,245.0,United States of America,True,False,492,199364,7,14245,False,高优先级-标准复查
Graphite,34.0,-104.0,97.4,319.0,United States of America,True,False,644,199364,7,14245,False,高优先级-标准复查
Au,8.0,128.0,97.3,224.0,,False,False,732,0,0,0,False,不可行-海上
Au,-44.0,-72.0,97.3,326.0,Chile,True,False,1180,5527,4,1089,False,高优先级-标准复查
Au,-4.0,148.0,97.3,437.0,,False,False,614,0,0,0,False,不可行-海上
Au,38.0,-126.0,97.3,287.0,,False,False,317,0,0,0,False,不可行-海上
Cu,18.0,-92.0,97.3,300.0,Mexico,True,False,353,4041,1,2190,False,高优先级-标准复查
Cu,38.0,16.0,97.3,492.0,Italy,True,False,268,130,0,5669,False,高优先级-标准复查
Cu,0.0,98.0,97.3,246.0,,False,False,524,0,0,0,False,不可行-海上
Cu,18.0,-94.0,97.3,347.0,Mexico,True,False,527,4041,1,2190,False,高优先级-标准复查
Cu,-2.0,150.0,97.3,226.0,,False,False,886,0,0,0,False,不可行-海上
NiCo,-18.0,170.0,97.3,476.0,,False,False,181,0,0,0,False,不可行-海上
NiCo,20.0,-106.0,97.3,436.0,,False,False,721,0,0,0,False,不可行-海上
NiCo,38.0,16.0,97.3,493.0,Italy,True,False,268,130,0,5669,False,高优先级-标准复查
NiCo,-2.0,26.0,97.3,277.0,Dem. Rep. Congo,True,False,403,3,0,71,False,高优先级-标准复查
NiCo,-2.0,144.0,97.3,407.0,,False,False,902,0,0,0,False,不可行-海上
NiCo,8.0,44.0,97.3,233.0,Ethiopia,True,False,174,71,0,320,False,高优先级-标准复查
NiCo,44.0,-130.0,97.3,496.0,,False,False,787,0,0,0,False,不可行-海上
REE,8.0,32.0,97.3,247.0,S. Sudan,True,False,356,26,0,138,False,高优先级-标准复查
REE,68.0,-24.0,97.3,382.0,,False,False,439,0,0,0,False,不可行-海上
Diamond,-20.0,-40.0,97.3,229.0,,False,False,464,0,0,0,False,不可行-海上
Diamond,62.0,-90.0,97.3,227.0,,False,False,2059,0,0,0,False,不可行-海上
Diamond,20.0,80.0,97.3,231.0,India,True,False,754,804,0,4883,False,高优先级-标准复查
Diamond,-24.0,-44.0,97.3,232.0,,False,False,146,0,0,0,False,不可行-海上
ZnPb,36.0,16.0,97.3,356.0,,False,False,134,0,0,0,False,不可行-海上
Cr,-36.0,-70.0,97.3,297.0,Argentina,True,False,291,2501,1,2435,False,高优先级-标准复查
Cr,30.0,130.0,97.3,299.0,,False,False,734,0,0,0,False,不可行-海上
Cr,38.0,14.0,97.3,453.0,Italy,True,False,238,130,0,5669,False,高优先级-标准复查
Cr,16.0,124.0,97.3,225.0,,False,False,359,0,0,0,False,不可行-海上
W,38.0,10.0,97.3,247.0,,False,False,134,0,0,0,False,不可行-海上
W,-42.0,-68.0,97.3,241.0,Argentina,True,False,980,2501,1,2435,False,高优先级-标准复查
W,38.0,12.0,97.3,407.0,,False,False,209,0,0,0,False,不可行-海上
W,38.0,132.0,97.3,260.0,,False,False,442,0,0,0,False,不可行-海上
Sn,-36.0,-70.0,97.3,426.0,Argentina,True,False,291,2501,1,2435,False,高优先级-标准复查
Sn,36.0,10.0,97.3,228.0,Tunisia,True,False,91,49,0,229,False,高优先级-标准复查
Sn,58.0,154.0,97.3,310.0,,False,False,2695,0,0,0,False,不可行-海上
Sn,-4.0,110.0,97.3,254.0,,False,False,426,0,0,0,False,不可行-海上
Sn,-26.0,-64.0,97.3,231.0,Argentina,True,False,644,2501,1,2435,False,高优先级-标准复查
Sb,18.0,-96.0,97.3,365.0,Mexico,True,False,367,4041,1,2190,False,高优先级-标准复查
Sb,36.0,142.0,97.3,301.0,,False,False,206,0,0,0,False,不可行-海上
Sb,16.0,-100.0,97.3,253.0,,False,False,394,0,0,0,False,不可行-海上
Sb,36.0,-124.0,97.3,266.0,,False,False,244,0,0,0,False,不可行-海上
Sb,30.0,-116.0,97.3,335.0,,False,False,497,0,0,0,False,不可行-海上
Sb,40.0,144.0,97.3,280.0,,False,False,608,0,0,0,False,不可行-海上
Sb,18.0,-94.0,97.3,366.0,Mexico,True,False,527,4041,1,2190,False,高优先级-标准复查
Sb,32.0,130.0,97.3,373.0,,False,False,592,0,0,0,False,不可行-海上
Sb,36.0,30.0,97.3,280.0,,False,False,318,0,0,0,False,不可行-海上
Sb,52.0,-130.0,97.3,347.0,,False,False,571,0,0,0,False,不可行-海上
Sb,22.0,-108.0,97.3,289.0,,False,False,880,0,0,0,False,不可行-海上
V,-4.0,28.0,97.3,232.0,Dem. Rep. Congo,True,False,166,3,0,71,False,高优先级-标准复查
V,24.0,-110.0,97.3,283.0,Mexico,True,False,993,4041,1,2190,False,高优先级-标准复查
V,42.0,4.0,97.3,236.0,,False,False,211,0,0,0,False,不可行-海上
Ti,38.0,-126.0,97.3,320.0,,False,False,317,0,0,0,False,不可行-海上
Ti,50.0,10.0,97.3,242.0,Germany,True,False,281,328,0,8735,False,高优先级-标准复查
Ti,20.0,-100.0,97.3,267.0,Mexico,True,False,110,4041,1,2190,False,高优先级-标准复查
Ti,2.0,-82.0,97.3,257.0,,False,False,460,0,0,0,False,不可行-海上
TaNb,26.0,-104.0,97.3,337.0,Mexico,True,False,369,4041,1,2190,False,高优先级-标准复查
TaNb,-8.0,30.0,97.3,273.0,Dem. Rep. Congo,True,False,519,3,0,71,False,高优先级-标准复查
TaNb,-34.0,-70.0,97.3,297.0,Chile,True,False,87,5527,4,1089,False,高优先级-标准复查
TaNb,38.0,-126.0,97.3,488.0,,False,False,317,0,0,0,False,不可行-海上
TaNb,44.0,0.0,97.3,335.0,France,True,False,207,439,0,4719,False,高优先级-标准复查
Ag,12.0,126.0,97.3,273.0,,False,False,616,0,0,0,False,不可行-海上
Ag,42.0,10.0,97.3,294.0,,False,False,203,0,0,0,False,不可行-海上
Ag,-8.0,146.0,97.3,267.0,Papua New Guinea,True,False,209,243,0,542,False,高优先级-标准复查
Ag,38.0,12.0,97.3,337.0,,False,False,209,0,0,0,False,不可行-海上
Ag,42.0,12.0,97.3,395.0,Italy,True,False,39,130,0,5669,False,高优先级-标准复查
Ag,32.0,140.0,97.3,340.0,,False,False,411,0,0,0,False,不可行-海上
Mo,26.0,120.0,97.3,323.0,,False,False,190,0,0,0,False,不可行-海上
Mo,4.0,94.0,97.3,245.0,,False,False,859,0,0,0,False,不可行-海上
Mo,38.0,140.0,97.3,386.0,Japan,True,False,258,623,0,539,False,高优先级-标准复查
Mo,6.0,94.0,97.3,241.0,,False,False,910,0,0,0,False,不可行-海上
Mo,-38.0,-74.0,97.3,308.0,,False,False,590,0,0,0,False,不可行-海上
Mo,52.0,-164.0,97.3,250.0,,False,False,2860,0,0,0,False,不可行-海上
Mo,44.0,140.0,97.3,359.0,,False,False,925,0,0,0,False,不可行-海上
Bi,42.0,138.0,97.3,289.0,,False,False,718,0,0,0,False,不可行-海上
Bi,32.0,134.0,97.3,246.0,,False,False,330,0,0,0,False,不可行-海上
Bi,42.0,8.0,97.3,280.0,,False,False,199,0,0,0,False,不可行-海上
Bi,54.0,-164.0,97.3,295.0,,False,False,2828,0,0,0,False,不可行-海上
Bi,-34.0,-70.0,97.3,302.0,Chile,True,False,87,5527,4,1089,False,高优先级-标准复查
Bi,34.0,136.0,97.3,264.0,Japan,True,False,89,623,0,539,False,高优先级-标准复查
Bi,-26.0,-70.0,97.3,290.0,Chile,True,False,799,5527,4,1089,False,高优先级-标准复查
As,56.0,-168.0,97.3,245.0,,False,False,3060,0,0,0,False,不可行-海上
As,0.0,-76.0,97.3,267.0,Ecuador,True,False,279,641,0,243,False,高优先级-标准复查
As,14.0,120.0,97.3,279.0,,False,False,125,0,0,0,False,不可行-海上
As,46.0,144.0,97.3,249.0,,False,False,1201,0,0,0,False,不可行-海上
Be,-24.0,-64.0,97.3,251.0,Argentina,True,False,567,2501,1,2435,False,高优先级-标准复查
Be,60.0,-152.0,97.3,310.0,,False,False,2181,0,0,0,False,不可行-海上
Be,28.0,-108.0,97.3,307.0,Mexico,True,False,803,4041,1,2190,False,高优先级-标准复查
Be,4.0,-78.0,97.3,298.0,,False,False,439,0,0,0,False,不可行-海上
Zr,42.0,-102.0,97.3,280.0,United States of America,True,False,355,199364,7,14245,False,高优先级-标准复查
Zr,58.0,-152.0,97.3,339.0,,False,False,2114,0,0,0,False,不可行-海上
Graphite,32.0,-104.0,97.3,310.0,United States of America,True,False,789,199364,7,14245,False,高优先级-标准复查
Graphite,64.0,-152.0,97.3,259.0,United States of America,True,False,2370,199364,7,14245,False,高优先级-标准复查
Graphite,14.0,-84.0,97.3,239.0,Nicaragua,True,False,320,164,0,116,False,高优先级-标准复查
Graphite,-2.0,-76.0,97.3,260.0,Peru,True,False,342,4960,0,1044,False,高优先级-标准复查
Graphite,26.0,-106.0,97.3,332.0,Mexico,True,False,568,4041,1,2190,False,高优先级-标准复查
Au,-40.0,-74.0,97.2,284.0,,False,False,788,0,0,0,False,不可行-海上
Au,36.0,132.0,97.2,321.0,,False,False,350,0,0,0,False,不可行-海上
Au,46.0,146.0,97.2,297.0,,False,False,1261,0,0,0,False,不可行-海上
Cu,22.0,122.0,97.2,280.0,,False,False,340,0,0,0,False,不可行-海上
Cu,46.0,146.0,97.2,300.0,,False,False,1261,0,0,0,False,不可行-海上
Cu,-6.0,154.0,97.2,391.0,,False,False,759,0,0,0,False,不可行-海上
Cu,-40.0,-74.0,97.2,284.0,,False,False,788,0,0,0,False,不可行-海上
Cu,52.0,-180.0,97.2,367.0,,False,False,3638,0,0,0,False,不可行-海上
NiCo,38.0,20.0,97.2,239.0,,False,False,327,0,0,0,False,不可行-海上
NiCo,6.0,34.0,97.2,367.0,S. Sudan,True,False,298,26,0,138,False,高优先级-标准复查
NiCo,-4.0,142.0,97.2,247.0,Papua New Guinea,True,False,835,243,0,542,False,高优先级-标准复查
NiCo,0.0,-82.0,97.2,359.0,,False,False,390,0,0,0,False,不可行-海上
NiCo,46.0,-2.0,97.2,278.0,,False,False,456,0,0,0,False,不可行-海上
NiCo,24.0,-106.0,97.2,285.0,Mexico,True,False,601,4041,1,2190,False,高优先级-标准复查
REE,-10.0,38.0,97.2,289.0,Tanzania,True,False,382,103,1,360,False,高优先级-标准复查
PGE,-2.0,28.0,97.2,245.0,Dem. Rep. Congo,True,False,215,3,0,71,False,高优先级-标准复查
U,24.0,-106.0,97.2,239.0,Mexico,True,False,601,4041,1,2190,False,高优先级-标准复查
Diamond,32.0,-94.0,97.2,228.0,United States of America,True,False,282,199364,7,14245,False,高优先级-标准复查
Diamond,-10.0,30.0,97.2,233.0,Zambia,True,False,605,285,1,222,False,高优先级-标准复查
Diamond,4.0,14.0,97.2,233.0,Cameroon,True,False,276,13,0,382,False,高优先级-标准复查
Diamond,-20.0,30.0,97.2,235.0,Zimbabwe,True,False,266,477,1,396,False,高优先级-标准复查
Diamond,72.0,118.0,97.2,239.0,Russia,True,False,2737,2587,5,12232,False,低-极地冰盖
ZnPb,44.0,8.0,97.2,253.0,Italy,True,False,56,130,0,5669,False,高优先级-标准复查
Cr,20.0,122.0,97.2,306.0,,False,False,425,0,0,0,False,不可行-海上
Cr,22.0,-98.0,97.2,251.0,Mexico,True,False,308,4041,1,2190,False,高优先级-标准复查
Cr,44.0,-128.0,97.2,284.0,,False,False,694,0,0,0,False,不可行-海上
Cr,-28.0,-70.0,97.2,282.0,Chile,True,False,582,5527,4,1089,False,高优先级-标准复查
Cr,26.0,120.0,97.2,276.0,,False,False,190,0,0,0,False,不可行-海上
W,42.0,144.0,97.2,377.0,,False,False,792,0,0,0,False,不可行-海上
W,38.0,26.0,97.2,361.0,,False,False,199,0,0,0,False,不可行-海上
W,32.0,134.0,97.2,295.0,,False,False,330,0,0,0,False,不可行-海上
W,44.0,10.0,97.2,310.0,Italy,True,False,196,130,0,5669,False,高优先级-标准复查
W,14.0,-84.0,97.2,280.0,Nicaragua,True,False,320,164,0,116,False,高优先级-标准复查
Sn,54.0,-156.0,97.2,284.0,,False,False,2306,0,0,0,False,不可行-海上
Sn,42.0,140.0,97.2,425.0,Japan,True,False,702,623,0,539,False,高优先级-标准复查
Sn,58.0,166.0,97.2,324.0,,False,False,3143,0,0,0,False,不可行-海上
Sn,10.0,96.0,97.2,274.0,,False,False,644,0,0,0,False,不可行-海上
Sn,38.0,134.0,97.2,300.0,,False,False,365,0,0,0,False,不可行-海上
Sb,42.0,16.0,97.2,374.0,,False,False,274,0,0,0,False,不可行-海上
Sb,2.0,-74.0,97.2,300.0,Colombia,True,False,289,1171,0,1349,False,高优先级-标准复查
Sb,-32.0,-68.0,97.2,312.0,Argentina,True,False,295,2501,1,2435,False,高优先级-标准复查
Sb,-40.0,-76.0,97.2,239.0,,False,False,866,0,0,0,False,不可行-海上
Sb,36.0,130.0,97.2,324.0,,False,False,319,0,0,0,False,不可行-海上
Sb,32.0,138.0,97.2,346.0,,False,False,379,0,0,0,False,不可行-海上
Sb,40.0,24.0,97.2,296.0,Greece,True,False,225,101,0,1207,False,高优先级-标准复查
V,40.0,-126.0,97.2,336.0,,False,False,397,0,0,0,False,不可行-海上
Ti,-2.0,38.0,97.2,254.0,Kenya,True,False,154,51,0,121,False,高优先级-标准复查
Ti,26.0,-104.0,97.2,229.0,Mexico,True,False,369,4041,1,2190,False,高优先级-标准复查
TaNb,-38.0,178.0,97.2,297.0,New Zealand,True,False,313,168,0,791,False,高优先级-标准复查
TaNb,38.0,-102.0,97.2,251.0,United States of America,True,False,323,199364,7,14245,False,高优先级-标准复查
TaNb,40.0,-102.0,97.2,274.0,United States of America,True,False,256,199364,7,14245,False,高优先级-标准复查
TaNb,12.0,40.0,97.2,400.0,Ethiopia,True,False,346,71,0,320,False,高优先级-标准复查
Ag,36.0,16.0,97.2,356.0,,False,False,134,0,0,0,False,不可行-海上
Ag,46.0,146.0,97.2,297.0,,False,False,1261,0,0,0,False,不可行-海上
Ag,16.0,-94.0,97.2,289.0,Mexico,True,False,403,4041,1,2190,False,高优先级-标准复查
Ag,18.0,-106.0,97.2,302.0,,False,False,741,0,0,0,False,不可行-海上
Ag,30.0,-116.0,97.2,291.0,,False,False,497,0,0,0,False,不可行-海上
Ag,54.0,162.0,97.2,318.0,,False,False,2665,0,0,0,False,不可行-海上
Ag,30.0,128.0,97.2,294.0,,False,False,643,0,0,0,False,不可行-海上
Ag,20.0,-96.0,97.2,338.0,,False,False,334,0,0,0,False,不可行-海上
Mo,44.0,14.0,97.2,293.0,,False,False,125,0,0,0,False,不可行-海上
Mo,40.0,24.0,97.2,276.0,Greece,True,False,225,101,0,1207,False,高优先级-标准复查
Mo,32.0,138.0,97.2,346.0,,False,False,379,0,0,0,False,不可行-海上
Bi,60.0,160.0,97.2,282.0,,False,False,3069,0,0,0,False,不可行-海上
Bi,60.0,-146.0,97.2,224.0,,False,False,1878,0,0,0,False,不可行-海上
Bi,48.0,8.0,97.2,234.0,Germany,True,False,127,328,0,8735,False,高优先级-标准复查
As,32.0,134.0,97.2,228.0,,False,False,330,0,0,0,False,不可行-海上
As,24.0,-106.0,97.2,331.0,Mexico,True,False,601,4041,1,2190,False,高优先级-标准复查
As,52.0,-130.0,97.2,347.0,,False,False,571,0,0,0,False,不可行-海上
As,40.0,142.0,97.2,290.0,,False,False,519,0,0,0,False,不可行-海上
As,14.0,-84.0,97.2,223.0,Nicaragua,True,False,320,164,0,116,False,高优先级-标准复查
Be,-16.0,-66.0,97.2,244.0,Bolivia,True,False,236,2738,1,439,False,高优先级-标准复查
Be,8.0,96.0,97.2,264.0,,False,False,807,0,0,0,False,不可行-海上
Zr,58.0,-146.0,97.2,263.0,,False,False,1780,0,0,0,False,不可行-海上
Au,20.0,-106.0,97.1,415.0,,False,False,721,0,0,0,False,不可行-海上
Au,56.0,-168.0,97.1,246.0,,False,False,3060,0,0,0,False,不可行-海上
Au,20.0,-96.0,97.1,340.0,,False,False,334,0,0,0,False,不可行-海上
Au,-20.0,176.0,97.1,315.0,,False,False,330,0,0,0,False,不可行-海上
Au,12.0,122.0,97.1,264.0,,False,False,310,0,0,0,False,不可行-海上
Au,-2.0,144.0,97.1,389.0,,False,False,902,0,0,0,False,不可行-海上
Au,-8.0,152.0,97.1,309.0,,False,False,553,0,0,0,False,不可行-海上
Cu,4.0,124.0,97.1,299.0,,False,False,1010,0,0,0,False,不可行-海上
Cu,-8.0,152.0,97.1,281.0,,False,False,553,0,0,0,False,不可行-海上
Cu,54.0,-170.0,97.1,371.0,,False,False,3216,0,0,0,False,不可行-海上
Cu,-8.0,110.0,97.1,389.0,,False,False,405,0,0,0,False,不可行-海上
Cu,-20.0,176.0,97.1,287.0,,False,False,330,0,0,0,False,不可行-海上
Cu,36.0,28.0,97.1,371.0,,False,False,439,0,0,0,False,不可行-海上
NiCo,50.0,-130.0,97.1,556.0,,False,False,502,0,0,0,False,不可行-海上
NiCo,20.0,-108.0,97.1,472.0,,False,False,930,0,0,0,False,不可行-海上
NiCo,18.0,40.0,97.1,315.0,,False,False,318,0,0,0,False,不可行-海上
NiCo,44.0,8.0,97.1,355.0,Italy,True,False,56,130,0,5669,False,高优先级-标准复查
NiCo,48.0,12.0,97.1,289.0,Germany,True,False,210,328,0,8735,False,高优先级-标准复查
NiCo,-10.0,36.0,97.1,364.0,Tanzania,True,False,425,103,1,360,False,高优先级-标准复查
PGE,46.0,-128.0,97.1,305.0,,False,False,516,0,0,0,False,不可行-海上
Diamond,16.0,-12.0,97.1,240.0,Mauritania,True,False,482,28,0,203,False,高优先级-标准复查
Diamond,4.0,-50.0,97.1,241.0,,False,False,608,0,0,0,False,不可行-海上
Diamond,44.0,-88.0,97.1,242.0,United States of America,True,False,241,199364,7,14245,False,高优先级-标准复查
Diamond,4.0,112.0,97.1,229.0,,False,False,340,0,0,0,False,不可行-海上
Diamond,10.0,-2.0,97.1,243.0,Ghana,True,False,269,82,1,1359,False,高优先级-标准复查
Diamond,4.0,18.0,97.1,243.0,Central African Rep.,True,False,74,3,0,0,False,高优先级-标准复查
Diamond,4.0,0.0,97.1,244.0,,False,False,174,0,0,0,False,不可行-海上
ZnPb,44.0,-128.0,97.1,342.0,,False,False,694,0,0,0,False,不可行-海上
ZnPb,52.0,-130.0,97.1,335.0,,False,False,571,0,0,0,False,不可行-海上
ZnPb,22.0,-108.0,97.1,303.0,,False,False,880,0,0,0,False,不可行-海上
Cr,-18.0,166.0,97.1,329.0,,False,False,247,0,0,0,False,不可行-海上
Cr,2.0,-78.0,97.1,323.0,Colombia,True,False,252,1171,0,1349,False,高优先级-标准复查
Cr,28.0,-110.0,97.1,233.0,Mexico,True,False,993,4041,1,2190,False,高优先级-标准复查
Cr,32.0,128.0,97.1,303.0,,False,False,626,0,0,0,False,不可行-海上
Cr,40.0,10.0,97.1,344.0,,False,False,295,0,0,0,False,不可行-海上
Cr,4.0,-74.0,97.1,290.0,Colombia,True,False,67,1171,0,1349,False,高优先级-标准复查
W,-42.0,-70.0,97.1,374.0,Argentina,True,False,954,2501,1,2435,False,高优先级-标准复查
W,-38.0,-66.0,97.1,265.0,Argentina,True,False,658,2501,1,2435,False,高优先级-标准复查
W,18.0,122.0,97.1,419.0,Philippines,True,False,231,867,0,646,False,高优先级-标准复查
W,8.0,96.0,97.1,257.0,,False,False,807,0,0,0,False,不可行-海上
W,-2.0,-82.0,97.1,301.0,,False,False,437,0,0,0,False,不可行-海上
W,44.0,12.0,97.1,358.0,Italy,True,False,36,130,0,5669,False,高优先级-标准复查
W,40.0,26.0,97.1,262.0,,False,False,276,0,0,0,False,不可行-海上
Sn,14.0,94.0,97.1,386.0,,False,False,387,0,0,0,False,不可行-海上
Sn,32.0,138.0,97.1,396.0,,False,False,379,0,0,0,False,不可行-海上
Sn,-6.0,110.0,97.1,419.0,,False,False,351,0,0,0,False,不可行-海上
Sb,-50.0,-74.0,97.1,396.0,Chile,True,False,1862,5527,4,1089,False,高优先级-标准复查
Sb,-42.0,-70.0,97.1,353.0,Argentina,True,False,954,2501,1,2435,False,高优先级-标准复查
Sb,2.0,-80.0,97.1,339.0,,False,False,297,0,0,0,False,不可行-海上
V,46.0,4.0,97.1,286.0,France,True,False,167,439,0,4719,False,高优先级-标准复查
V,30.0,-116.0,97.1,338.0,,False,False,497,0,0,0,False,不可行-海上
TaNb,46.0,8.0,97.1,391.0,Switzerland,True,False,110,7,0,1017,False,高优先级-标准复查
TaNb,-40.0,174.0,97.1,301.0,,False,False,158,0,0,0,False,不可行-海上
TaNb,4.0,42.0,97.1,277.0,Somalia,True,False,431,191,0,340,False,高优先级-标准复查
TaNb,46.0,10.0,97.1,356.0,Italy,True,False,131,130,0,5669,False,高优先级-标准复查
Ag,52.0,154.0,97.1,296.0,,False,False,2135,0,0,0,False,不可行-海上
Ag,60.0,160.0,97.1,271.0,,False,False,3069,0,0,0,False,不可行-海上
Ag,42.0,16.0,97.1,338.0,,False,False,274,0,0,0,False,不可行-海上
Ag,54.0,-174.0,97.1,290.0,,False,False,3473,0,0,0,False,不可行-海上
Ag,54.0,-178.0,97.1,249.0,,False,False,3727,0,0,0,False,不可行-海上
Ag,2.0,-74.0,97.1,237.0,Colombia,True,False,289,1171,0,1349,False,高优先级-标准复查
Mo,24.0,-102.0,97.1,304.0,Mexico,True,False,251,4041,1,2190,False,高优先级-标准复查
Mo,52.0,-174.0,97.1,397.0,,False,False,3527,0,0,0,False,不可行-海上
Mo,6.0,124.0,97.1,388.0,,False,False,1011,0,0,0,False,不可行-海上
Mo,-6.0,158.0,97.1,279.0,,False,False,439,0,0,0,False,不可行-海上
Mo,22.0,-100.0,97.1,312.0,Mexico,True,False,298,4041,1,2190,False,高优先级-标准复查
Mo,-44.0,-76.0,97.1,298.0,,False,False,1262,0,0,0,False,不可行-海上
Mo,46.0,140.0,97.1,379.0,,False,False,1147,0,0,0,False,不可行-海上
Mo,-4.0,152.0,97.1,465.0,,False,False,807,0,0,0,False,不可行-海上
Mo,16.0,-92.0,97.1,391.0,Mexico,True,False,220,4041,1,2190,False,高优先级-标准复查
Mo,32.0,140.0,97.1,409.0,,False,False,411,0,0,0,False,不可行-海上
Bi,40.0,24.0,97.1,279.0,Greece,True,False,225,101,0,1207,False,高优先级-标准复查
Bi,54.0,-136.0,97.1,315.0,,False,False,1030,0,0,0,False,不可行-海上
Bi,42.0,12.0,97.1,384.0,Italy,True,False,39,130,0,5669,False,高优先级-标准复查
As,26.0,-110.0,97.1,254.0,,False,False,968,0,0,0,False,不可行-海上
As,22.0,-106.0,97.1,346.0,,False,False,706,0,0,0,False,不可行-海上
As,16.0,-86.0,97.1,257.0,Honduras,True,False,248,464,0,25,False,高优先级-标准复查
As,38.0,12.0,97.1,398.0,,False,False,209,0,0,0,False,不可行-海上
As,2.0,-80.0,97.1,302.0,,False,False,297,0,0,0,False,不可行-海上
Be,-18.0,-66.0,97.1,281.0,Bolivia,True,False,140,2738,1,439,False,高优先级-标准复查
Be,60.0,-150.0,97.1,307.0,United States of America,True,False,2078,199364,7,14245,False,高优先级-标准复查
Be,44.0,12.0,97.1,322.0,Italy,True,False,36,130,0,5669,False,高优先级-标准复查
Zr,58.0,-148.0,97.1,296.0,,False,False,1889,0,0,0,False,不可行-海上
Graphite,42.0,18.0,97.1,300.0,,False,False,116,0,0,0,False,不可行-海上
Graphite,8.0,42.0,97.1,299.0,Ethiopia,True,False,286,71,0,320,False,高优先级-标准复查
Au,14.0,-92.0,97.0,339.0,,False,False,173,0,0,0,False,不可行-海上
Au,12.0,-90.0,97.0,280.0,,False,False,208,0,0,0,False,不可行-海上
Au,50.0,156.0,97.0,353.0,,False,False,2062,0,0,0,False,不可行-海上
Au,52.0,154.0,97.0,304.0,,False,False,2135,0,0,0,False,不可行-海上
Au,2.0,-74.0,97.0,241.0,Colombia,True,False,289,1171,0,1349,False,高优先级-标准复查
Au,-6.0,154.0,97.0,373.0,,False,False,759,0,0,0,False,不可行-海上
Au,18.0,-104.0,97.0,440.0,,False,False,537,0,0,0,False,不可行-海上
Au,50.0,158.0,97.0,316.0,,False,False,2167,0,0,0,False,不可行-海上
Cu,50.0,156.0,97.0,401.0,,False,False,2062,0,0,0,False,不可行-海上
Cu,40.0,18.0,97.0,228.0,,False,False,213,0,0,0,False,不可行-海上
Cu,0.0,124.0,97.0,382.0,,False,False,968,0,0,0,False,不可行-海上
Cu,6.0,96.0,97.0,358.0,,False,False,706,0,0,0,False,不可行-海上
Cu,52.0,154.0,97.0,310.0,,False,False,2135,0,0,0,False,不可行-海上
NiCo,38.0,-128.0,97.0,424.0,,False,False,492,0,0,0,False,不可行-海上
NiCo,48.0,-2.0,97.0,238.0,France,True,False,335,439,0,4719,False,高优先级-标准复查
NiCo,12.0,38.0,97.0,386.0,Ethiopia,True,False,338,71,0,320,False,高优先级-标准复查
NiCo,36.0,-102.0,97.0,263.0,United States of America,True,False,492,199364,7,14245,False,高优先级-标准复查
NiCo,-2.0,-82.0,97.0,313.0,,False,False,437,0,0,0,False,不可行-海上
PGE,44.0,2.0,97.0,253.0,France,True,False,170,439,0,4719,False,高优先级-标准复查
PGE,12.0,44.0,97.0,247.0,,False,False,103,0,0,0,False,不可行-海上
U,22.0,-110.0,97.0,284.0,,False,False,1064,0,0,0,False,不可行-海上
U,38.0,-124.0,97.0,286.0,,False,False,142,0,0,0,False,不可行-海上
Diamond,48.0,-90.0,97.0,246.0,United States of America,True,False,709,199364,7,14245,False,高优先级-标准复查
Diamond,-4.0,24.0,97.0,245.0,Dem. Rep. Congo,True,False,599,3,0,71,False,高优先级-标准复查
Diamond,-36.0,152.0,97.0,247.0,,False,False,247,0,0,0,False,不可行-海上
Diamond,72.0,104.0,97.0,249.0,Russia,True,False,2682,2587,5,12232,False,低-极地冰盖
Diamond,68.0,22.0,97.0,245.0,Sweden,True,False,883,272,0,2258,False,高优先级-标准复查
Diamond,18.0,82.0,97.0,246.0,India,True,False,734,804,0,4883,False,高优先级-标准复查
Diamond,74.0,112.0,97.0,252.0,,False,False,2911,0,0,0,False,不可行-海上
Diamond,-20.0,-58.0,97.0,229.0,Bolivia,True,False,590,2738,1,439,False,高优先级-标准复查
Cr,42.0,-128.0,97.0,295.0,,False,False,669,0,0,0,False,不可行-海上
Cr,46.0,-128.0,97.0,312.0,,False,False,516,0,0,0,False,不可行-海上
Cr,18.0,-64.0,97.0,314.0,,False,False,157,0,0,0,False,不可行-海上
Cr,14.0,118.0,97.0,236.0,,False,False,328,0,0,0,False,不可行-海上
Cr,30.0,132.0,97.0,289.0,,False,False,617,0,0,0,False,不可行-海上
W,36.0,10.0,97.0,228.0,Tunisia,True,False,91,49,0,229,False,高优先级-标准复查
W,28.0,-114.0,97.0,298.0,Mexico,True,False,784,4041,1,2190,False,高优先级-标准复查
W,10.0,-86.0,97.0,415.0,,False,False,211,0,0,0,False,不可行-海上
W,6.0,100.0,97.0,267.0,,False,False,369,0,0,0,False,不可行-海上
W,58.0,-148.0,97.0,276.0,,False,False,1889,0,0,0,False,不可行-海上
W,54.0,-156.0,97.0,284.0,,False,False,2306,0,0,0,False,不可行-海上
Sn,22.0,-96.0,97.0,346.0,,False,False,432,0,0,0,False,不可行-海上
Sn,36.0,12.0,97.0,399.0,,False,False,186,0,0,0,False,不可行-海上
Sn,16.0,-64.0,97.0,394.0,,False,False,199,0,0,0,False,不可行-海上
Sn,22.0,-108.0,97.0,359.0,,False,False,880,0,0,0,False,不可行-海上
Sb,42.0,18.0,97.0,291.0,,False,False,116,0,0,0,False,不可行-海上
Sb,56.0,-152.0,97.0,280.0,,False,False,2068,0,0,0,False,不可行-海上
Sb,32.0,140.0,97.0,409.0,,False,False,411,0,0,0,False,不可行-海上
Ti,0.0,-78.0,97.0,238.0,Ecuador,True,False,61,641,0,243,False,高优先级-标准复查
TaNb,2.0,38.0,97.0,407.0,Kenya,True,False,388,51,0,121,False,高优先级-标准复查
TaNb,50.0,-130.0,97.0,564.0,,False,False,502,0,0,0,False,不可行-海上
TaNb,-40.0,176.0,97.0,314.0,New Zealand,True,False,177,168,0,791,False,高优先级-标准复查
Ag,12.0,-90.0,97.0,280.0,,False,False,208,0,0,0,False,不可行-海上
Ag,46.0,140.0,97.0,329.0,,False,False,1147,0,0,0,False,不可行-海上
Ag,-40.0,-74.0,97.0,307.0,,False,False,788,0,0,0,False,不可行-海上
Ag,-2.0,146.0,97.0,427.0,,False,False,840,0,0,0,False,不可行-海上
Ag,-8.0,148.0,97.0,401.0,Papua New Guinea,True,False,185,243,0,542,False,高优先级-标准复查
Ag,2.0,-80.0,97.0,283.0,,False,False,297,0,0,0,False,不可行-海上
Mo,16.0,118.0,97.0,280.0,,False,False,279,0,0,0,False,不可行-海上
Mo,-20.0,-66.0,97.0,279.0,Bolivia,True,False,132,2738,1,439,False,高优先级-标准复查
Mo,20.0,122.0,97.0,411.0,,False,False,425,0,0,0,False,不可行-海上
Mo,58.0,-164.0,97.0,264.0,,False,False,2813,0,0,0,False,不可行-海上
Mo,12.0,-82.0,97.0,273.0,,False,False,323,0,0,0,False,不可行-海上
Mo,-2.0,-76.0,97.0,321.0,Peru,True,False,342,4960,0,1044,False,高优先级-标准复查
Bi,38.0,132.0,97.0,260.0,,False,False,442,0,0,0,False,不可行-海上
Bi,40.0,144.0,97.0,280.0,,False,False,608,0,0,0,False,不可行-海上
Bi,-22.0,-64.0,97.0,238.0,Bolivia,True,False,354,2738,1,439,False,高优先级-标准复查
Bi,42.0,-128.0,97.0,357.0,,False,False,669,0,0,0,False,不可行-海上
Bi,-20.0,-70.0,97.0,312.0,Chile,True,False,436,5527,4,1089,False,高优先级-标准复查
As,28.0,-112.0,97.0,332.0,,False,False,897,0,0,0,False,不可行-海上
As,14.0,122.0,97.0,305.0,Philippines,True,False,129,867,0,646,False,高优先级-标准复查
As,44.0,138.0,97.0,264.0,,False,False,936,0,0,0,False,不可行-海上
As,-12.0,-70.0,97.0,251.0,Peru,True,False,538,4960,0,1044,False,高优先级-标准复查
As,38.0,136.0,97.0,277.0,,False,False,331,0,0,0,False,不可行-海上
As,40.0,138.0,97.0,292.0,,False,False,504,0,0,0,False,不可行-海上
Be,8.0,-76.0,97.0,279.0,Colombia,True,False,403,1171,0,1349,False,高优先级-标准复查
Be,-26.0,-64.0,97.0,262.0,Argentina,True,False,644,2501,1,2435,False,高优先级-标准复查
Zr,-12.0,128.0,97.0,235.0,,False,False,465,0,0,0,False,不可行-海上
Zr,44.0,20.0,97.0,257.0,Serbia,True,False,98,108,0,603,False,高优先级-标准复查
Zr,18.0,-104.0,97.0,559.0,,False,False,537,0,0,0,False,不可行-海上
Graphite,42.0,20.0,97.0,252.0,Albania,True,False,76,61,0,235,False,高优先级-标准复查
Graphite,64.0,-142.0,97.0,246.0,United States of America,True,False,1987,199364,7,14245,False,高优先级-标准复查
Au,48.0,-128.0,96.9,239.0,,False,False,385,0,0,0,False,不可行-海上
Au,44.0,138.0,96.9,257.0,,False,False,936,0,0,0,False,不可行-海上
Au,16.0,124.0,96.9,235.0,,False,False,359,0,0,0,False,不可行-海上
Au,18.0,-96.0,96.9,365.0,Mexico,True,False,367,4041,1,2190,False,高优先级-标准复查
Au,60.0,158.0,96.9,255.0,,False,False,3004,0,0,0,False,不可行-海上
Cu,56.0,-166.0,96.9,299.0,,False,False,2936,0,0,0,False,不可行-海上
Cu,-4.0,130.0,96.9,405.0,,False,False,704,0,0,0,False,不可行-海上
Cu,38.0,14.0,96.9,569.0,Italy,True,False,238,130,0,5669,False,高优先级-标准复查
Cu,6.0,98.0,96.9,290.0,,False,False,518,0,0,0,False,不可行-海上
Cu,-8.0,146.0,96.9,267.0,Papua New Guinea,True,False,209,243,0,542,False,高优先级-标准复查
Cu,28.0,130.0,96.9,365.0,,False,False,901,0,0,0,False,不可行-海上
Cu,16.0,-64.0,96.9,283.0,,False,False,199,0,0,0,False,不可行-海上
Cu,28.0,128.0,96.9,427.0,,False,False,720,0,0,0,False,不可行-海上
NiCo,20.0,-112.0,96.9,468.0,,False,False,1348,0,0,0,False,不可行-海上
PGE,12.0,42.0,96.9,264.0,Djibouti,True,False,133,3,0,11,False,高优先级-标准复查
PGE,4.0,36.0,96.9,265.0,Kenya,True,False,499,51,0,121,False,高优先级-标准复查
Diamond,-14.0,16.0,96.9,254.0,Angola,True,False,649,78,1,385,False,高优先级-标准复查
Diamond,74.0,110.0,96.9,254.0,Russia,True,False,2904,2587,5,12232,False,低-极地冰盖
Diamond,6.0,14.0,96.9,255.0,Cameroon,True,False,363,13,0,382,False,高优先级-标准复查
Diamond,-24.0,32.0,96.9,256.0,Mozambique,True,False,225,82,0,225,False,高优先级-标准复查
Diamond,12.0,-14.0,96.9,257.0,Guinea-Bissau,True,False,175,19,0,477,False,高优先级-标准复查
Diamond,10.0,-16.0,96.9,258.0,,False,False,212,0,0,0,False,不可行-海上
ZnPb,26.0,-112.0,96.9,316.0,Mexico,True,False,1077,4041,1,2190,False,高优先级-标准复查
ZnPb,42.0,8.0,96.9,238.0,,False,False,199,0,0,0,False,不可行-海上
Cr,-10.0,152.0,96.9,331.0,,False,False,530,0,0,0,False,不可行-海上
Cr,46.0,146.0,96.9,301.0,,False,False,1261,0,0,0,False,不可行-海上
Cr,4.0,100.0,96.9,290.0,,False,False,210,0,0,0,False,不可行-海上
Cr,54.0,-160.0,96.9,286.0,,False,False,2568,0,0,0,False,不可行-海上
Cr,26.0,-110.0,96.9,222.0,,False,False,968,0,0,0,False,不可行-海上
Cr,38.0,16.0,96.9,453.0,Italy,True,False,268,130,0,5669,False,高优先级-标准复查
Cr,-12.0,148.0,96.9,255.0,,False,False,295,0,0,0,False,不可行-海上
Cr,16.0,-100.0,96.9,294.0,,False,False,394,0,0,0,False,不可行-海上
W,10.0,96.0,96.9,274.0,,False,False,644,0,0,0,False,不可行-海上
W,14.0,94.0,96.9,386.0,,False,False,387,0,0,0,False,不可行-海上
W,14.0,126.0,96.9,352.0,,False,False,545,0,0,0,False,不可行-海上
W,32.0,138.0,96.9,396.0,,False,False,379,0,0,0,False,不可行-海上
W,18.0,-90.0,96.9,278.0,Mexico,True,False,155,4041,1,2190,False,高优先级-标准复查
Sb,-50.0,-72.0,96.9,387.0,Argentina,True,False,1845,2501,1,2435,False,高优先级-标准复查
Sb,-2.0,-82.0,96.9,287.0,,False,False,437,0,0,0,False,不可行-海上
Sb,18.0,-104.0,96.9,458.0,,False,False,537,0,0,0,False,不可行-海上
Sb,-44.0,-70.0,96.9,351.0,Argentina,True,False,1176,2501,1,2435,False,高优先级-标准复查
Sb,56.0,-168.0,96.9,343.0,,False,False,3060,0,0,0,False,不可行-海上
Sb,6.0,100.0,96.9,248.0,,False,False,369,0,0,0,False,不可行-海上
Sb,-34.0,-74.0,96.9,252.0,,False,False,245,0,0,0,False,不可行-海上
Sb,18.0,-90.0,96.9,252.0,Mexico,True,False,155,4041,1,2190,False,高优先级-标准复查
TaNb,-24.0,-64.0,96.9,246.0,Argentina,True,False,567,2501,1,2435,False,高优先级-标准复查
TaNb,-12.0,30.0,96.9,250.0,Zambia,True,False,423,285,1,222,False,高优先级-标准复查
Ag,16.0,124.0,96.9,232.0,,False,False,359,0,0,0,False,不可行-海上
Ag,56.0,-168.0,96.9,271.0,,False,False,3060,0,0,0,False,不可行-海上
Ag,38.0,-126.0,96.9,303.0,,False,False,317,0,0,0,False,不可行-海上
Ag,58.0,164.0,96.9,317.0,,False,False,3056,0,0,0,False,不可行-海上
Ag,-2.0,-76.0,96.9,266.0,Peru,True,False,342,4960,0,1044,False,高优先级-标准复查
Mo,32.0,130.0,96.9,417.0,,False,False,592,0,0,0,False,不可行-海上
Mo,20.0,-106.0,96.9,464.0,,False,False,721,0,0,0,False,不可行-海上
Mo,32.0,128.0,96.9,406.0,,False,False,626,0,0,0,False,不可行-海上
Mo,-16.0,178.0,96.9,228.0,,False,False,242,0,0,0,False,不可行-海上
Mo,22.0,-98.0,96.9,318.0,Mexico,True,False,308,4041,1,2190,False,高优先级-标准复查
Mo,56.0,-170.0,96.9,314.0,,False,False,3184,0,0,0,False,不可行-海上
Mo,42.0,136.0,96.9,292.0,,False,False,773,0,0,0,False,不可行-海上
Mo,54.0,-174.0,96.9,376.0,,False,False,3473,0,0,0,False,不可行-海上
Bi,56.0,-138.0,96.9,287.0,,False,False,1247,0,0,0,False,不可行-海上
Bi,18.0,-104.0,96.9,439.0,,False,False,537,0,0,0,False,不可行-海上
Bi,-2.0,-82.0,96.9,332.0,,False,False,437,0,0,0,False,不可行-海上
As,42.0,-128.0,96.9,323.0,,False,False,669,0,0,0,False,不可行-海上
As,38.0,142.0,96.9,301.0,,False,False,326,0,0,0,False,不可行-海上
As,40.0,24.0,96.9,278.0,Greece,True,False,225,101,0,1207,False,高优先级-标准复查
As,-20.0,176.0,96.9,339.0,,False,False,330,0,0,0,False,不可行-海上
As,8.0,-74.0,96.9,236.0,Colombia,True,False,378,1171,0,1349,False,高优先级-标准复查
As,34.0,126.0,96.9,254.0,,False,False,407,0,0,0,False,不可行-海上
As,44.0,-128.0,96.9,335.0,,False,False,694,0,0,0,False,不可行-海上
Be,30.0,-118.0,96.9,345.0,,False,False,451,0,0,0,False,不可行-海上
Be,32.0,-120.0,96.9,295.0,,False,False,281,0,0,0,False,不可行-海上
Be,8.0,-74.0,96.9,275.0,Colombia,True,False,378,1171,0,1349,False,高优先级-标准复查
Zr,66.0,-160.0,96.9,228.0,United States of America,True,False,2805,199364,7,14245,False,高优先级-标准复查
Graphite,-12.0,32.0,96.9,278.0,Zambia,True,False,293,285,1,222,False,高优先级-标准复查
Au,20.0,122.0,96.8,376.0,,False,False,425,0,0,0,False,不可行-海上
Au,-2.0,-82.0,96.8,227.0,,False,False,437,0,0,0,False,不可行-海上
Au,-2.0,148.0,96.8,512.0,,False,False,835,0,0,0,False,不可行-海上
Au,6.0,-82.0,96.8,243.0,,False,False,428,0,0,0,False,不可行-海上
Cu,44.0,148.0,96.8,400.0,,False,False,1161,0,0,0,False,不可行-海上
Cu,38.0,-126.0,96.8,254.0,,False,False,317,0,0,0,False,不可行-海上
Cu,38.0,136.0,96.8,277.0,,False,False,331,0,0,0,False,不可行-海上
Cu,14.0,-94.0,96.8,232.0,,False,False,380,0,0,0,False,不可行-海上
Cu,50.0,-176.0,96.8,259.0,,False,False,3728,0,0,0,False,不可行-海上
Cu,56.0,154.0,96.8,266.0,,False,False,2503,0,0,0,False,不可行-海上
U,30.0,-116.0,96.8,325.0,,False,False,497,0,0,0,False,不可行-海上
U,52.0,10.0,96.8,276.0,Germany,True,False,239,328,0,8735,False,高优先级-标准复查
U,24.0,-108.0,96.8,276.0,,False,False,796,0,0,0,False,不可行-海上
Diamond,-8.0,28.0,96.8,260.0,Dem. Rep. Congo,True,False,536,3,0,71,False,高优先级-标准复查
Diamond,70.0,22.0,96.8,266.0,Norway,True,False,1102,259,1,5023,False,高优先级-标准复查
Diamond,4.0,-2.0,96.8,262.0,,False,False,262,0,0,0,False,不可行-海上
Diamond,-24.0,-46.0,96.8,263.0,,False,False,81,0,0,0,False,不可行-海上
Diamond,16.0,-14.0,96.8,263.0,Senegal,True,False,313,13,0,222,False,高优先级-标准复查
Diamond,10.0,0.0,96.8,263.0,Ghana,True,False,312,82,1,1359,False,高优先级-标准复查
ZnPb,2.0,-80.0,96.8,246.0,,False,False,297,0,0,0,False,不可行-海上
Cr,-12.0,150.0,96.8,263.0,,False,False,417,0,0,0,False,不可行-海上
Cr,-2.0,144.0,96.8,406.0,,False,False,902,0,0,0,False,不可行-海上
Cr,14.0,126.0,96.8,269.0,,False,False,545,0,0,0,False,不可行-海上
Cr,10.0,-88.0,96.8,255.0,,False,False,305,0,0,0,False,不可行-海上
Cr,20.0,120.0,96.8,291.0,,False,False,402,0,0,0,False,不可行-海上
Cr,-42.0,176.0,96.8,241.0,,False,False,129,0,0,0,False,不可行-海上
Cr,-6.0,150.0,96.8,444.0,Papua New Guinea,True,False,494,243,0,542,False,高优先级-标准复查
Mn,46.0,-128.0,96.8,320.0,,False,False,516,0,0,0,False,不可行-海上
W,-38.0,-74.0,96.8,380.0,,False,False,590,0,0,0,False,不可行-海上
W,42.0,12.0,96.8,479.0,Italy,True,False,39,130,0,5669,False,高优先级-标准复查
W,54.0,-164.0,96.8,429.0,,False,False,2828,0,0,0,False,不可行-海上
W,10.0,-60.0,96.8,323.0,,False,False,181,0,0,0,False,不可行-海上
W,20.0,-106.0,96.8,484.0,,False,False,721,0,0,0,False,不可行-海上
W,34.0,142.0,96.8,377.0,,False,False,278,0,0,0,False,不可行-海上
W,36.0,12.0,96.8,399.0,,False,False,186,0,0,0,False,不可行-海上
Sb,-26.0,-72.0,96.8,254.0,,False,False,785,0,0,0,False,不可行-海上
Sb,44.0,16.0,96.8,264.0,Croatia,True,False,192,6,0,430,False,高优先级-标准复查
Sb,6.0,96.0,96.8,399.0,,False,False,706,0,0,0,False,不可行-海上
Sb,48.0,-128.0,96.8,306.0,,False,False,385,0,0,0,False,不可行-海上
Sb,54.0,-156.0,96.8,274.0,,False,False,2306,0,0,0,False,不可行-海上
Sb,46.0,148.0,96.8,418.0,,False,False,1339,0,0,0,False,不可行-海上
Sb,58.0,154.0,96.8,310.0,,False,False,2695,0,0,0,False,不可行-海上
Sb,58.0,-148.0,96.8,269.0,,False,False,1889,0,0,0,False,不可行-海上
V,12.0,-62.0,96.8,224.0,,False,False,29,0,0,0,False,不可行-海上
Ti,42.0,8.0,96.8,255.0,,False,False,199,0,0,0,False,不可行-海上
Ti,56.0,-136.0,96.8,230.0,,False,False,1143,0,0,0,False,不可行-海上
Ag,36.0,-124.0,96.8,234.0,,False,False,244,0,0,0,False,不可行-海上
Ag,20.0,122.0,96.8,372.0,,False,False,425,0,0,0,False,不可行-海上
Ag,44.0,138.0,96.8,264.0,,False,False,936,0,0,0,False,不可行-海上
Ag,8.0,126.0,96.8,368.0,Philippines,True,False,916,867,0,646,False,高优先级-标准复查
Ag,52.0,162.0,96.8,251.0,,False,False,2525,0,0,0,False,不可行-海上
Ag,18.0,-92.0,96.8,338.0,Mexico,True,False,353,4041,1,2190,False,高优先级-标准复查
Ag,42.0,14.0,96.8,418.0,Italy,True,False,126,130,0,5669,False,高优先级-标准复查
Ag,38.0,26.0,96.8,319.0,,False,False,199,0,0,0,False,不可行-海上
Mo,-2.0,148.0,96.8,525.0,,False,False,835,0,0,0,False,不可行-海上
Mo,56.0,-152.0,96.8,280.0,,False,False,2068,0,0,0,False,不可行-海上
Mo,18.0,-92.0,96.8,402.0,Mexico,True,False,353,4041,1,2190,False,高优先级-标准复查
Mo,38.0,132.0,96.8,260.0,,False,False,442,0,0,0,False,不可行-海上
Mo,20.0,-104.0,96.8,501.0,Mexico,True,False,513,4041,1,2190,False,高优先级-标准复查
Mo,2.0,98.0,96.8,407.0,,False,False,423,0,0,0,False,不可行-海上
Bi,60.0,158.0,96.8,296.0,,False,False,3004,0,0,0,False,不可行-海上
Bi,44.0,6.0,96.8,306.0,France,True,False,116,439,0,4719,False,高优先级-标准复查
Bi,42.0,144.0,96.8,324.0,,False,False,792,0,0,0,False,不可行-海上
Bi,62.0,164.0,96.8,228.0,,False,False,3378,0,0,0,False,不可行-海上
Bi,34.0,126.0,96.8,283.0,,False,False,407,0,0,0,False,不可行-海上
Bi,20.0,-96.0,96.8,340.0,,False,False,334,0,0,0,False,不可行-海上
As,46.0,140.0,96.8,314.0,,False,False,1147,0,0,0,False,不可行-海上
As,-40.0,-70.0,96.8,311.0,Argentina,True,False,732,2501,1,2435,False,高优先级-标准复查
As,-40.0,-72.0,96.8,327.0,Chile,True,False,739,5527,4,1089,False,高优先级-标准复查
As,36.0,12.0,96.8,398.0,,False,False,186,0,0,0,False,不可行-海上
Be,44.0,14.0,96.8,325.0,,False,False,125,0,0,0,False,不可行-海上
Be,6.0,100.0,96.8,275.0,,False,False,369,0,0,0,False,不可行-海上
Zr,34.0,30.0,96.8,289.0,,False,False,334,0,0,0,False,不可行-海上
Graphite,62.0,-152.0,96.8,285.0,United States of America,True,False,2267,199364,7,14245,False,高优先级-标准复查
Graphite,6.0,36.0,96.8,332.0,Ethiopia,True,False,450,71,0,320,False,高优先级-标准复查
Au,-38.0,-74.0,96.7,308.0,,False,False,590,0,0,0,False,不可行-海上
Au,16.0,-92.0,96.7,373.0,Mexico,True,False,220,4041,1,2190,False,高优先级-标准复查
Au,22.0,-108.0,96.7,289.0,,False,False,880,0,0,0,False,不可行-海上
Au,-40.0,-68.0,96.7,224.0,Argentina,True,False,767,2501,1,2435,False,高优先级-标准复查
Au,54.0,-172.0,96.7,342.0,,False,False,3345,0,0,0,False,不可行-海上
Au,52.0,162.0,96.7,270.0,,False,False,2525,0,0,0,False,不可行-海上
Au,30.0,128.0,96.7,343.0,,False,False,643,0,0,0,False,不可行-海上
Cu,54.0,154.0,96.7,242.0,,False,False,2316,0,0,0,False,不可行-海上
Cu,18.0,124.0,96.7,310.0,,False,False,404,0,0,0,False,不可行-海上
Cu,-8.0,156.0,96.7,450.0,,False,False,463,0,0,0,False,不可行-海上
Cu,12.0,120.0,96.7,225.0,,False,False,309,0,0,0,False,不可行-海上
Cu,36.0,26.0,96.7,443.0,,False,False,299,0,0,0,False,不可行-海上
Cu,-38.0,-74.0,96.7,303.0,,False,False,590,0,0,0,False,不可行-海上
Cu,46.0,148.0,96.7,434.0,,False,False,1339,0,0,0,False,不可行-海上
PGE,30.0,-116.0,96.7,328.0,,False,False,497,0,0,0,False,不可行-海上
U,48.0,14.0,96.7,230.0,Austria,True,False,177,52,0,3214,False,高优先级-标准复查
Diamond,6.0,18.0,96.7,264.0,Central African Rep.,True,False,192,3,0,0,False,高优先级-标准复查
Diamond,68.0,42.0,96.7,266.0,,False,False,1195,0,0,0,False,不可行-海上
Diamond,36.0,-92.0,96.7,266.0,United States of America,True,False,740,199364,7,14245,False,高优先级-标准复查
Diamond,-4.0,36.0,96.7,266.0,Tanzania,True,False,244,103,1,360,False,高优先级-标准复查
Diamond,74.0,114.0,96.7,268.0,,False,False,2920,0,0,0,False,不可行-海上
Diamond,-6.0,26.0,96.7,268.0,Dem. Rep. Congo,True,False,473,3,0,71,False,高优先级-标准复查
Diamond,-12.0,20.0,96.7,268.0,Angola,True,False,819,78,1,385,False,高优先级-标准复查
Cr,54.0,-162.0,96.7,320.0,,False,False,2698,0,0,0,False,不可行-海上
Cr,32.0,134.0,96.7,255.0,,False,False,330,0,0,0,False,不可行-海上
Cr,42.0,8.0,96.7,270.0,,False,False,199,0,0,0,False,不可行-海上
Cr,52.0,-132.0,96.7,326.0,,False,False,695,0,0,0,False,不可行-海上
Cr,36.0,22.0,96.7,327.0,,False,False,269,0,0,0,False,不可行-海上
Cr,-20.0,-72.0,96.7,230.0,,False,False,563,0,0,0,False,不可行-海上
Cr,10.0,128.0,96.7,250.0,,False,False,780,0,0,0,False,不可行-海上
Mn,-8.0,34.0,96.7,301.0,Tanzania,True,False,279,103,1,360,False,高优先级-标准复查
Mn,34.0,10.0,96.7,274.0,Tunisia,True,False,312,49,0,229,False,高优先级-标准复查
W,38.0,134.0,96.7,315.0,,False,False,365,0,0,0,False,不可行-海上
Sb,-4.0,132.0,96.7,347.0,,False,False,872,0,0,0,False,不可行-海上
Sb,60.0,156.0,96.7,279.0,,False,False,2945,0,0,0,False,不可行-海上
Sb,40.0,16.0,96.7,471.0,Italy,True,False,354,130,0,5669,False,高优先级-标准复查
Sb,38.0,144.0,96.7,313.0,,False,False,457,0,0,0,False,不可行-海上
Sb,-42.0,-76.0,96.7,328.0,,False,False,1061,0,0,0,False,不可行-海上
Sb,42.0,8.0,96.7,280.0,,False,False,199,0,0,0,False,不可行-海上
Ti,30.0,-108.0,96.7,257.0,Mexico,True,False,894,4041,1,2190,False,高优先级-标准复查
Ti,18.0,-96.0,96.7,235.0,Mexico,True,False,367,4041,1,2190,False,高优先级-标准复查
Ag,4.0,-78.0,96.7,279.0,,False,False,439,0,0,0,False,不可行-海上
Ag,-38.0,-74.0,96.7,304.0,,False,False,590,0,0,0,False,不可行-海上
Ag,58.0,-162.0,96.7,271.0,,False,False,2695,0,0,0,False,不可行-海上
Ag,-10.0,126.0,96.7,256.0,,False,False,167,0,0,0,False,不可行-海上
Ag,54.0,-172.0,96.7,336.0,,False,False,3345,0,0,0,False,不可行-海上
Ag,32.0,138.0,96.7,331.0,,False,False,379,0,0,0,False,不可行-海上
Ag,-48.0,-72.0,96.7,342.0,Argentina,True,False,1623,2501,1,2435,False,高优先级-标准复查
Mo,34.0,126.0,96.7,283.0,,False,False,407,0,0,0,False,不可行-海上
Mo,-20.0,-72.0,96.7,247.0,,False,False,563,0,0,0,False,不可行-海上
Mo,54.0,-156.0,96.7,257.0,,False,False,2306,0,0,0,False,不可行-海上
Mo,16.0,-66.0,96.7,236.0,,False,False,379,0,0,0,False,不可行-海上
Mo,-2.0,-82.0,96.7,283.0,,False,False,437,0,0,0,False,不可行-海上
Mo,18.0,124.0,96.7,378.0,,False,False,404,0,0,0,False,不可行-海上
Mo,-2.0,142.0,96.7,299.0,,False,False,1009,0,0,0,False,不可行-海上
Bi,-18.0,-74.0,96.7,284.0,,False,False,643,0,0,0,False,不可行-海上
Bi,38.0,144.0,96.7,287.0,,False,False,457,0,0,0,False,不可行-海上
Bi,54.0,-156.0,96.7,276.0,,False,False,2306,0,0,0,False,不可行-海上
Bi,60.0,-148.0,96.7,294.0,,False,False,1976,0,0,0,False,不可行-海上
Bi,40.0,6.0,96.7,244.0,,False,False,432,0,0,0,False,不可行-海上
As,28.0,-114.0,96.7,366.0,Mexico,True,False,784,4041,1,2190,False,高优先级-标准复查
As,24.0,-108.0,96.7,338.0,,False,False,796,0,0,0,False,不可行-海上
As,52.0,-164.0,96.7,278.0,,False,False,2860,0,0,0,False,不可行-海上
As,26.0,-102.0,96.7,280.0,Mexico,True,False,171,4041,1,2190,False,高优先级-标准复查
As,26.0,-104.0,96.7,333.0,Mexico,True,False,369,4041,1,2190,False,高优先级-标准复查
As,-34.0,-74.0,96.7,252.0,,False,False,245,0,0,0,False,不可行-海上
As,-26.0,-72.0,96.7,254.0,,False,False,785,0,0,0,False,不可行-海上
As,-38.0,-74.0,96.7,307.0,,False,False,590,0,0,0,False,不可行-海上
Be,2.0,34.0,96.7,254.0,Uganda,True,False,245,71,0,219,False,高优先级-标准复查
Zr,36.0,-102.0,96.7,323.0,United States of America,True,False,492,199364,7,14245,False,高优先级-标准复查
Zr,40.0,130.0,96.7,230.0,,False,False,375,0,0,0,False,不可行-海上
Graphite,54.0,-134.0,96.7,341.0,,False,False,915,0,0,0,False,不可行-海上
Graphite,20.0,-98.0,96.7,320.0,Mexico,True,False,134,4041,1,2190,False,高优先级-标准复查
Graphite,38.0,-102.0,96.7,257.0,United States of America,True,False,323,199364,7,14245,False,高优先级-标准复查
Graphite,-10.0,36.0,96.7,310.0,Tanzania,True,False,425,103,1,360,False,高优先级-标准复查
Au,26.0,124.0,96.6,347.0,,False,False,267,0,0,0,False,不可行-海上
Au,44.0,148.0,96.6,378.0,,False,False,1161,0,0,0,False,不可行-海上
Au,4.0,126.0,96.6,392.0,,False,False,1030,0,0,0,False,不可行-海上
Au,-44.0,-70.0,96.6,326.0,Argentina,True,False,1176,2501,1,2435,False,高优先级-标准复查
Au,42.0,146.0,96.6,320.0,,False,False,886,0,0,0,False,不可行-海上
Cu,44.0,138.0,96.6,243.0,,False,False,936,0,0,0,False,不可行-海上
Cu,50.0,158.0,96.6,376.0,,False,False,2167,0,0,0,False,不可行-海上
Cu,38.0,12.0,96.6,412.0,,False,False,209,0,0,0,False,不可行-海上
Cu,54.0,-168.0,96.6,461.0,,False,False,3087,0,0,0,False,不可行-海上
Cu,-6.0,110.0,96.6,403.0,,False,False,351,0,0,0,False,不可行-海上
Cu,36.0,24.0,96.6,454.0,,False,False,222,0,0,0,False,不可行-海上
Cu,44.0,14.0,96.6,254.0,,False,False,125,0,0,0,False,不可行-海上
Cu,20.0,120.0,96.6,314.0,,False,False,402,0,0,0,False,不可行-海上
PGE,50.0,-130.0,96.6,335.0,,False,False,502,0,0,0,False,不可行-海上
Diamond,6.0,-10.0,96.6,268.0,Liberia,True,False,95,30,0,307,False,高优先级-标准复查
Diamond,6.0,-12.0,96.6,268.0,,False,False,137,0,0,0,False,不可行-海上
Diamond,74.0,108.0,96.6,271.0,Russia,True,False,2901,2587,5,12232,False,低-极地冰盖
Diamond,44.0,-106.0,96.6,263.0,United States of America,True,False,481,199364,7,14245,False,高优先级-标准复查
ZnPb,52.0,-128.0,96.6,381.0,,False,False,458,0,0,0,False,不可行-海上
ZnPb,54.0,-136.0,96.6,247.0,,False,False,1030,0,0,0,False,不可行-海上
Cr,-28.0,-68.0,96.6,337.0,Argentina,True,False,656,2501,1,2435,False,高优先级-标准复查
Cr,-18.0,-72.0,96.6,307.0,,False,False,442,0,0,0,False,不可行-海上
Cr,12.0,-90.0,96.6,307.0,,False,False,208,0,0,0,False,不可行-海上
Cr,38.0,18.0,96.6,376.0,,False,False,388,0,0,0,False,不可行-海上
Cr,18.0,-106.0,96.6,416.0,,False,False,741,0,0,0,False,不可行-海上
Cr,36.0,24.0,96.6,353.0,,False,False,222,0,0,0,False,不可行-海上
Cr,-6.0,116.0,96.6,281.0,,False,False,1014,0,0,0,False,不可行-海上
Sb,36.0,12.0,96.6,392.0,,False,False,186,0,0,0,False,不可行-海上
Sb,18.0,-88.0,96.6,288.0,,False,False,116,0,0,0,False,不可行-海上
V,-2.0,28.0,96.6,271.0,Dem. Rep. Congo,True,False,215,3,0,71,False,高优先级-标准复查
Ti,40.0,10.0,96.6,334.0,,False,False,295,0,0,0,False,不可行-海上
Ti,28.0,-114.0,96.6,370.0,Mexico,True,False,784,4041,1,2190,False,高优先级-标准复查
Ag,52.0,-164.0,96.6,248.0,,False,False,2860,0,0,0,False,不可行-海上
Ag,38.0,20.0,96.6,278.0,,False,False,327,0,0,0,False,不可行-海上
Ag,42.0,146.0,96.6,308.0,,False,False,886,0,0,0,False,不可行-海上
Ag,6.0,-78.0,96.6,227.0,,False,False,371,0,0,0,False,不可行-海上
Ag,50.0,160.0,96.6,268.0,,False,False,2279,0,0,0,False,不可行-海上
Ag,0.0,-76.0,96.6,336.0,Ecuador,True,False,279,641,0,243,False,高优先级-标准复查
Ag,-6.0,124.0,96.6,317.0,,False,False,334,0,0,0,False,不可行-海上
Mo,14.0,-84.0,96.6,280.0,Nicaragua,True,False,320,164,0,116,False,高优先级-标准复查
Mo,40.0,22.0,96.6,326.0,Greece,True,False,227,101,0,1207,False,高优先级-标准复查
Mo,-18.0,-74.0,96.6,287.0,,False,False,643,0,0,0,False,不可行-海上
Mo,22.0,-108.0,96.6,328.0,,False,False,880,0,0,0,False,不可行-海上
Mo,-24.0,-72.0,96.6,248.0,,False,False,889,0,0,0,False,不可行-海上
Mo,20.0,-62.0,96.6,308.0,,False,False,309,0,0,0,False,不可行-海上
Mo,14.0,126.0,96.6,352.0,,False,False,545,0,0,0,False,不可行-海上
Bi,60.0,-164.0,96.6,229.0,United States of America,True,False,2830,199364,7,14245,False,高优先级-标准复查
Bi,-2.0,-76.0,96.6,316.0,Peru,True,False,342,4960,0,1044,False,高优先级-标准复查
Bi,36.0,142.0,96.6,316.0,,False,False,206,0,0,0,False,不可行-海上
Bi,40.0,14.0,96.6,448.0,,False,False,247,0,0,0,False,不可行-海上
Bi,22.0,-98.0,96.6,321.0,Mexico,True,False,308,4041,1,2190,False,高优先级-标准复查
Bi,34.0,140.0,96.6,343.0,,False,False,189,0,0,0,False,不可行-海上
Bi,40.0,20.0,96.6,310.0,Albania,True,False,148,61,0,235,False,高优先级-标准复查
As,38.0,26.0,96.6,315.0,,False,False,199,0,0,0,False,不可行-海上
As,36.0,142.0,96.6,301.0,,False,False,206,0,0,0,False,不可行-海上
As,16.0,-88.0,96.6,329.0,,False,False,161,0,0,0,False,不可行-海上
As,-42.0,-72.0,96.6,337.0,Chile,True,False,959,5527,4,1089,False,高优先级-标准复查
As,12.0,-82.0,96.6,281.0,,False,False,323,0,0,0,False,不可行-海上
As,-16.0,176.0,96.6,258.0,,False,False,352,0,0,0,False,不可行-海上
As,18.0,-102.0,96.6,405.0,Mexico,True,False,342,4041,1,2190,False,高优先级-标准复查
As,10.0,-62.0,96.6,298.0,,False,False,90,0,0,0,False,不可行-海上
Be,36.0,132.0,96.6,324.0,,False,False,350,0,0,0,False,不可行-海上
Be,12.0,46.0,96.6,231.0,,False,False,314,0,0,0,False,不可行-海上
Zr,-10.0,128.0,96.6,310.0,,False,False,310,0,0,0,False,不可行-海上
Zr,10.0,-88.0,96.6,335.0,,False,False,305,0,0,0,False,不可行-海上
Graphite,46.0,-108.0,96.6,272.0,United States of America,True,False,738,199364,7,14245,False,高优先级-标准复查
Graphite,42.0,8.0,96.6,325.0,,False,False,199,0,0,0,False,不可行-海上
Graphite,48.0,-128.0,96.6,420.0,,False,False,385,0,0,0,False,不可行-海上
Graphite,40.0,-102.0,96.6,269.0,United States of America,True,False,256,199364,7,14245,False,高优先级-标准复查
Au,10.0,-60.0,96.5,241.0,,False,False,181,0,0,0,False,不可行-海上
Au,52.0,-164.0,96.5,269.0,,False,False,2860,0,0,0,False,不可行-海上
Au,-8.0,154.0,96.5,323.0,,False,False,673,0,0,0,False,不可行-海上
Au,0.0,-82.0,96.5,283.0,,False,False,390,0,0,0,False,不可行-海上
Au,54.0,154.0,96.5,311.0,,False,False,2316,0,0,0,False,不可行-海上
Au,-10.0,156.0,96.5,357.0,,False,False,437,0,0,0,False,不可行-海上
Au,-44.0,-74.0,96.5,400.0,,False,False,1209,0,0,0,False,不可行-海上
Au,40.0,144.0,96.5,293.0,,False,False,608,0,0,0,False,不可行-海上
Au,8.0,-86.0,96.5,275.0,,False,False,301,0,0,0,False,不可行-海上
Au,6.0,128.0,96.5,287.0,,False,False,750,0,0,0,False,不可行-海上
Cu,12.0,-90.0,96.5,328.0,,False,False,208,0,0,0,False,不可行-海上
Cu,-50.0,-74.0,96.5,474.0,Chile,True,False,1862,5527,4,1089,False,高优先级-标准复查
Cu,36.0,142.0,96.5,301.0,,False,False,206,0,0,0,False,不可行-海上
Cu,-20.0,180.0,96.5,299.0,,False,False,264,0,0,0,False,不可行-海上
Cu,14.0,126.0,96.5,254.0,,False,False,545,0,0,0,False,不可行-海上
PGE,-2.0,146.0,96.5,339.0,,False,False,840,0,0,0,False,不可行-海上
Diamond,22.0,84.0,96.5,274.0,India,True,False,454,804,0,4883,False,高优先级-标准复查
Diamond,6.0,-8.0,96.5,274.0,Liberia,True,False,311,30,0,307,False,高优先级-标准复查
Diamond,-32.0,18.0,96.5,277.0,,False,False,217,0,0,0,False,不可行-海上
Diamond,42.0,-102.0,96.5,277.0,United States of America,True,False,355,199364,7,14245,False,高优先级-标准复查
Diamond,32.0,-92.0,96.5,274.0,United States of America,True,False,406,199364,7,14245,False,高优先级-标准复查
Diamond,-12.0,26.0,96.5,278.0,Zambia,True,False,453,285,1,222,False,高优先级-标准复查
Cr,-10.0,146.0,96.5,316.0,,False,False,144,0,0,0,False,不可行-海上
Cr,-2.0,148.0,96.5,504.0,,False,False,835,0,0,0,False,不可行-海上
Cr,2.0,-80.0,96.5,337.0,,False,False,297,0,0,0,False,不可行-海上
Cr,34.0,-108.0,96.5,283.0,United States of America,True,False,692,199364,7,14245,False,高优先级-标准复查
Cr,-32.0,-72.0,96.5,280.0,,False,False,122,0,0,0,False,不可行-海上
Mn,-8.0,38.0,96.5,223.0,Tanzania,True,False,193,103,1,360,False,高优先级-标准复查
Mn,48.0,0.0,96.5,266.0,France,True,False,198,439,0,4719,False,高优先级-标准复查
Mn,20.0,-104.0,96.5,293.0,Mexico,True,False,513,4041,1,2190,False,高优先级-标准复查
V,0.0,32.0,96.5,267.0,Uganda,True,False,74,71,0,219,False,高优先级-标准复查
Ti,6.0,-82.0,96.5,247.0,,False,False,428,0,0,0,False,不可行-海上
Ti,28.0,-116.0,96.5,346.0,,False,False,705,0,0,0,False,不可行-海上
Ti,12.0,42.0,96.5,285.0,Djibouti,True,False,133,3,0,11,False,高优先级-标准复查
Ti,0.0,32.0,96.5,267.0,Uganda,True,False,74,71,0,219,False,高优先级-标准复查
Ag,16.0,-100.0,96.5,242.0,,False,False,394,0,0,0,False,不可行-海上
Ag,-36.0,-74.0,96.5,277.0,,False,False,394,0,0,0,False,不可行-海上
Ag,44.0,148.0,96.5,378.0,,False,False,1161,0,0,0,False,不可行-海上
Ag,40.0,144.0,96.5,279.0,,False,False,608,0,0,0,False,不可行-海上
Ag,34.0,142.0,96.5,308.0,,False,False,278,0,0,0,False,不可行-海上
Ag,22.0,122.0,96.5,346.0,,False,False,340,0,0,0,False,不可行-海上
Ag,50.0,154.0,96.5,387.0,,False,False,1963,0,0,0,False,不可行-海上
Bi,-22.0,-70.0,96.5,324.0,Chile,True,False,593,5527,4,1089,False,高优先级-标准复查
Bi,44.0,-128.0,96.5,382.0,,False,False,694,0,0,0,False,不可行-海上
Bi,-4.0,-82.0,96.5,291.0,,False,False,573,0,0,0,False,不可行-海上
Bi,-20.0,-72.0,96.5,287.0,,False,False,563,0,0,0,False,不可行-海上
Bi,56.0,-152.0,96.5,298.0,,False,False,2068,0,0,0,False,不可行-海上
Bi,52.0,-132.0,96.5,373.0,,False,False,695,0,0,0,False,不可行-海上
As,16.0,118.0,96.5,289.0,,False,False,279,0,0,0,False,不可行-海上
As,18.0,-60.0,96.5,289.0,,False,False,219,0,0,0,False,不可行-海上
As,18.0,-98.0,96.5,362.0,Mexico,True,False,200,4041,1,2190,False,高优先级-标准复查
Be,52.0,-134.0,96.5,346.0,,False,False,824,0,0,0,False,不可行-海上
Be,24.0,-102.0,96.5,323.0,Mexico,True,False,251,4041,1,2190,False,高优先级-标准复查
Be,42.0,-128.0,96.5,382.0,,False,False,669,0,0,0,False,不可行-海上
Graphite,18.0,120.0,96.5,278.0,,False,False,185,0,0,0,False,不可行-海上
Au,4.0,96.0,96.4,396.0,,False,False,639,0,0,0,False,不可行-海上
Au,32.0,140.0,96.4,417.0,,False,False,411,0,0,0,False,不可行-海上
Au,52.0,-172.0,96.4,408.0,,False,False,3395,0,0,0,False,不可行-海上
Au,18.0,-60.0,96.4,291.0,,False,False,219,0,0,0,False,不可行-海上
Cu,60.0,158.0,96.4,262.0,,False,False,3004,0,0,0,False,不可行-海上
Cu,-10.0,162.0,96.4,246.0,,False,False,233,0,0,0,False,不可行-海上
Cu,50.0,-174.0,96.4,245.0,,False,False,3593,0,0,0,False,不可行-海上
Cu,50.0,154.0,96.4,466.0,,False,False,1963,0,0,0,False,不可行-海上
PGE,50.0,-132.0,96.4,301.0,,False,False,644,0,0,0,False,不可行-海上
U,-2.0,-80.0,96.4,248.0,Ecuador,True,False,259,641,0,243,False,高优先级-标准复查
U,32.0,-120.0,96.4,277.0,,False,False,281,0,0,0,False,不可行-海上
U,48.0,10.0,96.4,287.0,Germany,True,False,103,328,0,8735,False,高优先级-标准复查
U,42.0,-128.0,96.4,334.0,,False,False,669,0,0,0,False,不可行-海上
Diamond,-32.0,16.0,96.4,280.0,,False,False,311,0,0,0,False,不可行-海上
Diamond,-6.0,34.0,96.4,280.0,Tanzania,True,False,195,103,1,360,False,高优先级-标准复查
Diamond,44.0,-90.0,96.4,280.0,United States of America,True,False,307,199364,7,14245,False,高优先级-标准复查
Diamond,70.0,34.0,96.4,288.0,,False,False,1170,0,0,0,False,不可行-海上
ZnPb,42.0,18.0,96.4,243.0,,False,False,116,0,0,0,False,不可行-海上
ZnPb,44.0,14.0,96.4,239.0,,False,False,125,0,0,0,False,不可行-海上
ZnPb,26.0,-114.0,96.4,316.0,,False,False,983,0,0,0,False,不可行-海上
Mn,22.0,-112.0,96.4,281.0,,False,False,1254,0,0,0,False,不可行-海上
V,-40.0,-70.0,96.4,223.0,Argentina,True,False,732,2501,1,2435,False,高优先级-标准复查
Ti,46.0,4.0,96.4,310.0,France,True,False,167,439,0,4719,False,高优先级-标准复查
Ti,-4.0,-82.0,96.4,231.0,,False,False,573,0,0,0,False,不可行-海上
Ti,32.0,132.0,96.4,230.0,,False,False,442,0,0,0,False,不可行-海上
Ti,6.0,-84.0,96.4,275.0,,False,False,437,0,0,0,False,不可行-海上
Ag,20.0,-64.0,96.4,265.0,,False,False,329,0,0,0,False,不可行-海上
Ag,42.0,18.0,96.4,258.0,,False,False,116,0,0,0,False,不可行-海上
Ag,50.0,-174.0,96.4,281.0,,False,False,3593,0,0,0,False,不可行-海上
Ag,22.0,-108.0,96.4,289.0,,False,False,880,0,0,0,False,不可行-海上
Ag,50.0,-180.0,96.4,319.0,,False,False,3591,0,0,0,False,不可行-海上
Ag,20.0,-62.0,96.4,252.0,,False,False,309,0,0,0,False,不可行-海上
Bi,50.0,12.0,96.4,238.0,Germany,True,False,173,328,0,8735,False,高优先级-标准复查
Bi,56.0,-166.0,96.4,344.0,,False,False,2936,0,0,0,False,不可行-海上
Bi,18.0,-96.0,96.4,365.0,Mexico,True,False,367,4041,1,2190,False,高优先级-标准复查
Bi,38.0,14.0,96.4,483.0,Italy,True,False,238,130,0,5669,False,高优先级-标准复查
As,52.0,-132.0,96.4,353.0,,False,False,695,0,0,0,False,不可行-海上
As,-48.0,-72.0,96.4,330.0,Argentina,True,False,1623,2501,1,2435,False,高优先级-标准复查
As,-34.0,-66.0,96.4,264.0,Argentina,True,False,435,2501,1,2435,False,高优先级-标准复查
As,48.0,8.0,96.4,234.0,Germany,True,False,127,328,0,8735,False,高优先级-标准复查
As,-36.0,-74.0,96.4,306.0,,False,False,394,0,0,0,False,不可行-海上
As,54.0,-156.0,96.4,274.0,,False,False,2306,0,0,0,False,不可行-海上
Be,2.0,-74.0,96.4,305.0,Colombia,True,False,289,1171,0,1349,False,高优先级-标准复查
Be,-34.0,-64.0,96.4,226.0,Argentina,True,False,516,2501,1,2435,False,高优先级-标准复查
Zr,68.0,-150.0,96.4,282.0,United States of America,True,False,2555,199364,7,14245,False,高优先级-标准复查
Graphite,-14.0,36.0,96.4,228.0,Mozambique,True,False,239,82,0,225,False,高优先级-标准复查
Graphite,66.0,-158.0,96.4,223.0,United States of America,True,False,2723,199364,7,14245,False,高优先级-标准复查
Graphite,16.0,118.0,96.4,272.0,,False,False,279,0,0,0,False,不可行-海上
Graphite,0.0,-76.0,96.4,294.0,Ecuador,True,False,279,641,0,243,False,高优先级-标准复查
Au,10.0,128.0,96.3,257.0,,False,False,780,0,0,0,False,不可行-海上
Au,34.0,142.0,96.3,338.0,,False,False,278,0,0,0,False,不可行-海上
Au,-18.0,-74.0,96.3,257.0,,False,False,643,0,0,0,False,不可行-海上
Au,56.0,-170.0,96.3,311.0,,False,False,3184,0,0,0,False,不可行-海上
Au,6.0,-84.0,96.3,278.0,,False,False,437,0,0,0,False,不可行-海上
Au,60.0,160.0,96.3,353.0,,False,False,3069,0,0,0,False,不可行-海上
Au,22.0,-98.0,96.3,321.0,Mexico,True,False,308,4041,1,2190,False,高优先级-标准复查
Au,12.0,-82.0,96.3,281.0,,False,False,323,0,0,0,False,不可行-海上
Cu,50.0,-178.0,96.3,337.0,,False,False,3731,0,0,0,False,不可行-海上
Cu,6.0,128.0,96.3,239.0,,False,False,750,0,0,0,False,不可行-海上
Cu,38.0,18.0,96.3,364.0,,False,False,388,0,0,0,False,不可行-海上
PGE,-10.0,32.0,96.3,261.0,Zambia,True,False,484,285,1,222,False,高优先级-标准复查
PGE,8.0,42.0,96.3,251.0,Ethiopia,True,False,286,71,0,320,False,高优先级-标准复查
PGE,2.0,38.0,96.3,280.0,Kenya,True,False,388,51,0,121,False,高优先级-标准复查
ZnPb,40.0,-128.0,96.3,380.0,,False,False,544,0,0,0,False,不可行-海上
ZnPb,42.0,16.0,96.3,307.0,,False,False,274,0,0,0,False,不可行-海上
Ti,20.0,-96.0,96.3,247.0,,False,False,334,0,0,0,False,不可行-海上
Ti,50.0,152.0,96.3,226.0,,False,False,1874,0,0,0,False,不可行-海上
Ti,46.0,12.0,96.3,253.0,Italy,True,False,194,130,0,5669,False,高优先级-标准复查
Ti,-34.0,-68.0,96.3,227.0,Argentina,True,False,253,2501,1,2435,False,高优先级-标准复查
Ag,36.0,14.0,96.3,439.0,,False,False,48,0,0,0,False,不可行-海上
Ag,-40.0,-68.0,96.3,249.0,Argentina,True,False,767,2501,1,2435,False,高优先级-标准复查
Ag,16.0,-60.0,96.3,368.0,,False,False,168,0,0,0,False,不可行-海上
Ag,6.0,-82.0,96.3,272.0,,False,False,428,0,0,0,False,不可行-海上
Ag,8.0,-86.0,96.3,274.0,,False,False,301,0,0,0,False,不可行-海上
Ag,-2.0,148.0,96.3,522.0,,False,False,835,0,0,0,False,不可行-海上
Ag,16.0,118.0,96.3,288.0,,False,False,279,0,0,0,False,不可行-海上
Bi,36.0,-124.0,96.3,377.0,,False,False,244,0,0,0,False,不可行-海上
Bi,48.0,-110.0,96.3,225.0,United States of America,True,False,973,199364,7,14245,False,高优先级-标准复查
As,60.0,156.0,96.3,279.0,,False,False,2945,0,0,0,False,不可行-海上
As,30.0,-118.0,96.3,333.0,,False,False,451,0,0,0,False,不可行-海上
As,56.0,-170.0,96.3,313.0,,False,False,3184,0,0,0,False,不可行-海上
Be,22.0,118.0,96.3,253.0,,False,False,395,0,0,0,False,不可行-海上
Be,-22.0,-66.0,96.3,316.0,Argentina,True,False,338,2501,1,2435,False,高优先级-标准复查
Zr,38.0,132.0,96.3,315.0,,False,False,442,0,0,0,False,不可行-海上
Graphite,-4.0,-82.0,96.3,296.0,,False,False,573,0,0,0,False,不可行-海上
Graphite,0.0,34.0,96.3,344.0,Kenya,True,False,162,51,0,121,False,高优先级-标准复查
Graphite,58.0,-156.0,96.3,295.0,United States of America,True,False,2344,199364,7,14245,False,高优先级-标准复查
Au,34.0,136.0,96.2,319.0,Japan,True,False,89,623,0,539,False,高优先级-标准复查
Au,34.0,134.0,96.2,377.0,Japan,True,False,158,623,0,539,False,高优先级-标准复查
Au,18.0,124.0,96.2,364.0,,False,False,404,0,0,0,False,不可行-海上
Au,-38.0,172.0,96.2,341.0,,False,False,276,0,0,0,False,不可行-海上
PGE,-2.0,34.0,96.2,267.0,Tanzania,True,False,302,103,1,360,False,高优先级-标准复查
ZnPb,16.0,-100.0,96.2,285.0,,False,False,394,0,0,0,False,不可行-海上
Mn,-4.0,36.0,96.2,309.0,Tanzania,True,False,244,103,1,360,False,高优先级-标准复查
V,-4.0,32.0,96.2,232.0,Tanzania,True,False,301,103,1,360,False,高优先级-标准复查
Ti,-20.0,-68.0,96.2,236.0,Bolivia,True,False,306,2738,1,439,False,高优先级-标准复查
Ti,56.0,-166.0,96.2,227.0,,False,False,2936,0,0,0,False,不可行-海上
Ti,28.0,-108.0,96.2,301.0,Mexico,True,False,803,4041,1,2190,False,高优先级-标准复查
Ti,8.0,-86.0,96.2,249.0,,False,False,301,0,0,0,False,不可行-海上
Ti,-12.0,34.0,96.2,249.0,Malawi,True,False,222,24,0,31,False,高优先级-标准复查
Ti,36.0,132.0,96.2,236.0,,False,False,350,0,0,0,False,不可行-海上
Bi,44.0,12.0,96.2,369.0,Italy,True,False,36,130,0,5669,False,高优先级-标准复查
Bi,58.0,-164.0,96.2,319.0,,False,False,2813,0,0,0,False,不可行-海上
Bi,38.0,-126.0,96.2,421.0,,False,False,317,0,0,0,False,不可行-海上
Bi,32.0,-120.0,96.2,314.0,,False,False,281,0,0,0,False,不可行-海上
As,36.0,126.0,96.2,229.0,,False,False,196,0,0,0,False,不可行-海上
As,2.0,-76.0,96.2,360.0,Colombia,True,False,359,1171,0,1349,False,高优先级-标准复查
As,46.0,146.0,96.2,343.0,,False,False,1261,0,0,0,False,不可行-海上
As,40.0,10.0,96.2,397.0,,False,False,295,0,0,0,False,不可行-海上
As,-36.0,-66.0,96.2,301.0,Argentina,True,False,511,2501,1,2435,False,高优先级-标准复查
As,58.0,-164.0,96.2,299.0,,False,False,2813,0,0,0,False,不可行-海上
As,4.0,-72.0,96.2,270.0,Colombia,True,False,241,1171,0,1349,False,高优先级-标准复查
As,-24.0,-72.0,96.2,283.0,,False,False,889,0,0,0,False,不可行-海上
Be,-12.0,-72.0,96.2,306.0,Peru,True,False,549,4960,0,1044,False,高优先级-标准复查
Be,-18.0,-64.0,96.2,242.0,Bolivia,True,False,176,2738,1,439,False,高优先级-标准复查
Be,46.0,-126.0,96.2,404.0,,False,False,423,0,0,0,False,不可行-海上
Zr,36.0,124.0,96.2,240.0,,False,False,319,0,0,0,False,不可行-海上
Zr,32.0,-102.0,96.2,350.0,United States of America,True,False,683,199364,7,14245,False,高优先级-标准复查
Graphite,-6.0,40.0,96.2,274.0,,False,False,120,0,0,0,False,不可行-海上
Graphite,34.0,130.0,96.2,293.0,,False,False,480,0,0,0,False,不可行-海上
Graphite,48.0,8.0,96.2,350.0,Germany,True,False,127,328,0,8735,False,高优先级-标准复查
Graphite,20.0,-96.0,96.2,310.0,,False,False,334,0,0,0,False,不可行-海上
Graphite,-34.0,-72.0,96.2,293.0,,False,False,112,0,0,0,False,不可行-海上
Graphite,-34.0,-66.0,96.2,261.0,Argentina,True,False,435,2501,1,2435,False,高优先级-标准复查
PGE,-8.0,36.0,96.1,248.0,Tanzania,True,False,204,103,1,360,False,高优先级-标准复查
ZnPb,-2.0,38.0,96.1,275.0,Kenya,True,False,154,51,0,121,False,高优先级-标准复查
V,-28.0,-70.0,96.1,225.0,Chile,True,False,582,5527,4,1089,False,高优先级-标准复查
V,36.0,-122.0,96.1,325.0,,False,False,202,0,0,0,False,不可行-海上
Ti,34.0,-104.0,96.1,303.0,United States of America,True,False,644,199364,7,14245,False,高优先级-标准复查
Ti,42.0,142.0,96.1,242.0,,False,False,728,0,0,0,False,不可行-海上
Ti,2.0,-78.0,96.1,267.0,Colombia,True,False,252,1171,0,1349,False,高优先级-标准复查
Ti,40.0,-128.0,96.1,376.0,,False,False,544,0,0,0,False,不可行-海上
Ti,-2.0,-78.0,96.1,267.0,Ecuador,True,False,206,641,0,243,False,高优先级-标准复查
Bi,28.0,-102.0,96.1,305.0,Mexico,True,False,307,4041,1,2190,False,高优先级-标准复查
Bi,16.0,-100.0,96.1,381.0,,False,False,394,0,0,0,False,不可行-海上
Bi,46.0,2.0,96.1,307.0,France,True,False,319,439,0,4719,False,高优先级-标准复查
Bi,30.0,132.0,96.1,364.0,,False,False,617,0,0,0,False,不可行-海上
Bi,42.0,6.0,96.1,328.0,,False,False,225,0,0,0,False,不可行-海上
Bi,24.0,-110.0,96.1,364.0,Mexico,True,False,993,4041,1,2190,False,高优先级-标准复查
Bi,-28.0,-64.0,96.1,306.0,Argentina,True,False,701,2501,1,2435,False,高优先级-标准复查
Bi,54.0,6.0,96.1,223.0,,False,False,197,0,0,0,False,不可行-海上
As,58.0,152.0,96.1,265.0,,False,False,2641,0,0,0,False,不可行-海上
As,40.0,22.0,96.1,328.0,Greece,True,False,227,101,0,1207,False,高优先级-标准复查
As,44.0,6.0,96.1,306.0,France,True,False,116,439,0,4719,False,高优先级-标准复查
As,-2.0,-76.0,96.1,329.0,Peru,True,False,342,4960,0,1044,False,高优先级-标准复查
As,-2.0,-82.0,96.1,350.0,,False,False,437,0,0,0,False,不可行-海上
As,40.0,26.0,96.1,291.0,,False,False,276,0,0,0,False,不可行-海上
As,4.0,-78.0,96.1,337.0,,False,False,439,0,0,0,False,不可行-海上
As,-46.0,-76.0,96.1,332.0,,False,False,1469,0,0,0,False,不可行-海上
As,32.0,138.0,96.1,346.0,,False,False,379,0,0,0,False,不可行-海上
Be,24.0,-100.0,96.1,268.0,Mexico,True,False,189,4041,1,2190,False,高优先级-标准复查
Graphite,62.0,-150.0,96.1,299.0,United States of America,True,False,2174,199364,7,14245,False,高优先级-标准复查
Graphite,-12.0,36.0,96.1,291.0,Mozambique,True,False,326,82,0,225,False,高优先级-标准复查
Graphite,12.0,-90.0,96.1,295.0,,False,False,208,0,0,0,False,不可行-海上
Graphite,66.0,-142.0,96.1,269.0,United States of America,True,False,2153,199364,7,14245,False,高优先级-标准复查
Graphite,-26.0,-68.0,96.1,305.0,Argentina,True,False,823,2501,1,2435,False,高优先级-标准复查
PGE,2.0,28.0,96.0,248.0,Dem. Rep. Congo,True,False,495,3,0,71,False,高优先级-标准复查
U,26.0,-102.0,96.0,226.0,Mexico,True,False,171,4041,1,2190,False,高优先级-标准复查
U,8.0,42.0,96.0,299.0,Ethiopia,True,False,286,71,0,320,False,高优先级-标准复查
ZnPb,48.0,6.0,96.0,277.0,France,True,False,163,439,0,4719,False,高优先级-标准复查
ZnPb,38.0,20.0,96.0,278.0,,False,False,327,0,0,0,False,不可行-海上
ZnPb,42.0,6.0,96.0,263.0,,False,False,225,0,0,0,False,不可行-海上
V,-12.0,34.0,96.0,253.0,Malawi,True,False,222,24,0,31,False,高优先级-标准复查
Ti,18.0,-98.0,96.0,286.0,Mexico,True,False,200,4041,1,2190,False,高优先级-标准复查
Ti,-32.0,-70.0,96.0,236.0,Argentina,True,False,171,2501,1,2435,False,高优先级-标准复查
Ti,14.0,124.0,96.0,247.0,,False,False,332,0,0,0,False,不可行-海上
As,-4.0,-82.0,96.0,291.0,,False,False,573,0,0,0,False,不可行-海上
As,32.0,128.0,96.0,360.0,,False,False,626,0,0,0,False,不可行-海上
Zr,58.0,-150.0,96.0,345.0,,False,False,2001,0,0,0,False,不可行-海上
Graphite,58.0,-148.0,96.0,266.0,,False,False,1889,0,0,0,False,不可行-海上
Graphite,52.0,16.0,96.0,228.0,Poland,True,False,186,130,0,2600,False,高优先级-标准复查
PGE,-6.0,150.0,95.9,314.0,Papua New Guinea,True,False,494,243,0,542,False,高优先级-标准复查
PGE,-4.0,148.0,95.9,365.0,,False,False,614,0,0,0,False,不可行-海上
PGE,68.0,-26.0,95.9,236.0,,False,False,466,0,0,0,False,不可行-海上
PGE,-4.0,28.0,95.9,248.0,Dem. Rep. Congo,True,False,166,3,0,71,False,高优先级-标准复查
U,42.0,-2.0,95.9,240.0,Spain,True,False,227,290,0,3668,False,高优先级-标准复查
U,-2.0,-78.0,95.9,242.0,Ecuador,True,False,206,641,0,243,False,高优先级-标准复查
U,52.0,-132.0,95.9,306.0,,False,False,695,0,0,0,False,不可行-海上
ZnPb,52.0,-132.0,95.9,337.0,,False,False,695,0,0,0,False,不可行-海上
ZnPb,36.0,14.0,95.9,439.0,,False,False,48,0,0,0,False,不可行-海上
ZnPb,-20.0,178.0,95.9,278.0,,False,False,213,0,0,0,False,不可行-海上
ZnPb,18.0,122.0,95.9,234.0,Philippines,True,False,231,867,0,646,False,高优先级-标准复查
V,42.0,16.0,95.9,290.0,,False,False,274,0,0,0,False,不可行-海上
Ti,8.0,42.0,95.9,272.0,Ethiopia,True,False,286,71,0,320,False,高优先级-标准复查
Ti,32.0,130.0,95.9,248.0,,False,False,592,0,0,0,False,不可行-海上
Zr,30.0,-104.0,95.9,385.0,United States of America,True,False,601,199364,7,14245,False,高优先级-标准复查
Graphite,18.0,-94.0,95.9,312.0,Mexico,True,False,527,4041,1,2190,False,高优先级-标准复查
Graphite,-2.0,-82.0,95.9,357.0,,False,False,437,0,0,0,False,不可行-海上
Graphite,-32.0,-72.0,95.9,287.0,,False,False,122,0,0,0,False,不可行-海上
Graphite,62.0,-154.0,95.9,311.0,United States of America,True,False,2362,199364,7,14245,False,高优先级-标准复查
Graphite,42.0,6.0,95.9,337.0,,False,False,225,0,0,0,False,不可行-海上
PGE,46.0,10.0,95.8,242.0,Italy,True,False,131,130,0,5669,False,高优先级-标准复查
PGE,66.0,-32.0,95.8,227.0,,False,False,514,0,0,0,False,不可行-海上
U,8.0,44.0,95.8,277.0,Ethiopia,True,False,174,71,0,320,False,高优先级-标准复查
U,54.0,-136.0,95.8,259.0,,False,False,1030,0,0,0,False,不可行-海上
U,28.0,-114.0,95.8,351.0,Mexico,True,False,784,4041,1,2190,False,高优先级-标准复查
U,56.0,-154.0,95.8,223.0,,False,False,2192,0,0,0,False,不可行-海上
ZnPb,-2.0,-82.0,95.8,306.0,,False,False,437,0,0,0,False,不可行-海上
ZnPb,48.0,4.0,95.8,278.0,France,True,False,154,439,0,4719,False,高优先级-标准复查
ZnPb,30.0,-118.0,95.8,344.0,,False,False,451,0,0,0,False,不可行-海上
ZnPb,10.0,-86.0,95.8,257.0,,False,False,211,0,0,0,False,不可行-海上
Mn,46.0,6.0,95.8,308.0,France,True,False,26,439,0,4719,False,高优先级-标准复查
V,62.0,-148.0,95.8,226.0,United States of America,True,False,2083,199364,7,14245,False,高优先级-标准复查
Ti,18.0,124.0,95.8,235.0,,False,False,404,0,0,0,False,不可行-海上
Ti,2.0,32.0,95.8,278.0,Uganda,True,False,198,71,0,219,False,高优先级-标准复查
Ti,-10.0,32.0,95.8,288.0,Zambia,True,False,484,285,1,222,False,高优先级-标准复查
Ti,-28.0,-68.0,95.8,251.0,Argentina,True,False,656,2501,1,2435,False,高优先级-标准复查
Ti,26.0,-106.0,95.8,317.0,Mexico,True,False,568,4041,1,2190,False,高优先级-标准复查
Graphite,18.0,122.0,95.8,316.0,Philippines,True,False,231,867,0,646,False,高优先级-标准复查
PGE,0.0,-82.0,95.7,283.0,,False,False,390,0,0,0,False,不可行-海上
PGE,66.0,-30.0,95.7,254.0,,False,False,430,0,0,0,False,不可行-海上
U,0.0,42.0,95.7,271.0,Somalia,True,False,439,191,0,340,False,高优先级-标准复查
U,22.0,-112.0,95.7,307.0,,False,False,1254,0,0,0,False,不可行-海上
U,58.0,-160.0,95.7,230.0,,False,False,2578,0,0,0,False,不可行-海上
U,26.0,-108.0,95.7,317.0,Mexico,True,False,768,4041,1,2190,False,高优先级-标准复查
ZnPb,34.0,138.0,95.7,236.0,,False,False,236,0,0,0,False,不可行-海上
ZnPb,56.0,-166.0,95.7,227.0,,False,False,2936,0,0,0,False,不可行-海上
ZnPb,24.0,-110.0,95.7,342.0,Mexico,True,False,993,4041,1,2190,False,高优先级-标准复查
Mn,32.0,14.0,95.7,228.0,Libya,True,False,126,13,0,147,False,高优先级-标准复查
Mn,40.0,-128.0,95.7,338.0,,False,False,544,0,0,0,False,不可行-海上
Mn,2.0,38.0,95.7,319.0,Kenya,True,False,388,51,0,121,False,高优先级-标准复查
V,-40.0,174.0,95.7,239.0,,False,False,158,0,0,0,False,不可行-海上
V,-40.0,176.0,95.7,239.0,New Zealand,True,False,177,168,0,791,False,高优先级-标准复查
Ti,54.0,-136.0,95.7,286.0,,False,False,1030,0,0,0,False,不可行-海上
Ti,48.0,154.0,95.7,256.0,,False,False,1802,0,0,0,False,不可行-海上
Ti,-18.0,-68.0,95.7,251.0,Bolivia,True,False,168,2738,1,439,False,高优先级-标准复查
Ti,46.0,144.0,95.7,239.0,,False,False,1201,0,0,0,False,不可行-海上
Ti,44.0,16.0,95.7,255.0,Croatia,True,False,192,6,0,430,False,高优先级-标准复查
Ti,42.0,140.0,95.7,259.0,Japan,True,False,702,623,0,539,False,高优先级-标准复查
Ti,26.0,124.0,95.7,251.0,,False,False,267,0,0,0,False,不可行-海上
Ti,48.0,156.0,95.7,249.0,,False,False,1912,0,0,0,False,不可行-海上
Be,62.0,-158.0,95.7,298.0,United States of America,True,False,2559,199364,7,14245,False,高优先级-标准复查
Graphite,-14.0,-70.0,95.7,309.0,Peru,True,False,341,4960,0,1044,False,高优先级-标准复查
Graphite,60.0,-164.0,95.7,249.0,United States of America,True,False,2830,199364,7,14245,False,高优先级-标准复查
PGE,48.0,-130.0,95.6,341.0,,False,False,525,0,0,0,False,不可行-海上
U,36.0,130.0,95.6,232.0,,False,False,319,0,0,0,False,不可行-海上
ZnPb,32.0,-102.0,95.6,234.0,United States of America,True,False,683,199364,7,14245,False,高优先级-标准复查
ZnPb,36.0,26.0,95.6,256.0,,False,False,299,0,0,0,False,不可行-海上
ZnPb,-18.0,180.0,95.6,234.0,,False,False,165,0,0,0,False,不可行-海上
ZnPb,48.0,2.0,95.6,279.0,France,True,False,99,439,0,4719,False,高优先级-标准复查
ZnPb,-50.0,-74.0,95.6,254.0,Chile,True,False,1862,5527,4,1089,False,高优先级-标准复查
V,22.0,-108.0,95.6,313.0,,False,False,880,0,0,0,False,不可行-海上
Ti,52.0,12.0,95.6,245.0,Germany,True,False,112,328,0,8735,False,高优先级-标准复查
Ti,-32.0,-72.0,95.6,235.0,,False,False,122,0,0,0,False,不可行-海上
Ti,40.0,26.0,95.6,223.0,,False,False,276,0,0,0,False,不可行-海上
Be,52.0,-128.0,95.6,423.0,,False,False,458,0,0,0,False,不可行-海上
PGE,26.0,-110.0,95.5,321.0,,False,False,968,0,0,0,False,不可行-海上
PGE,-8.0,30.0,95.5,231.0,Dem. Rep. Congo,True,False,519,3,0,71,False,高优先级-标准复查
U,50.0,8.0,95.5,337.0,Germany,True,False,141,328,0,8735,False,高优先级-标准复查
U,-14.0,-70.0,95.5,239.0,Peru,True,False,341,4960,0,1044,False,高优先级-标准复查
U,52.0,-130.0,95.5,333.0,,False,False,571,0,0,0,False,不可行-海上
ZnPb,44.0,142.0,95.5,253.0,Japan,True,False,944,623,0,539,False,高优先级-标准复查
ZnPb,46.0,0.0,95.5,288.0,France,True,False,364,439,0,4719,False,高优先级-标准复查
ZnPb,40.0,20.0,95.5,267.0,Albania,True,False,148,61,0,235,False,高优先级-标准复查
ZnPb,0.0,-82.0,95.5,348.0,,False,False,390,0,0,0,False,不可行-海上
ZnPb,54.0,-176.0,95.5,234.0,,False,False,3600,0,0,0,False,不可行-海上
ZnPb,54.0,-178.0,95.5,227.0,,False,False,3727,0,0,0,False,不可行-海上
Mn,54.0,8.0,95.5,252.0,,False,False,275,0,0,0,False,不可行-海上
Ti,56.0,-168.0,95.5,243.0,,False,False,3060,0,0,0,False,不可行-海上
Ti,10.0,-88.0,95.5,245.0,,False,False,305,0,0,0,False,不可行-海上
Ti,12.0,46.0,95.5,252.0,,False,False,314,0,0,0,False,不可行-海上
Ti,48.0,-130.0,95.5,395.0,,False,False,525,0,0,0,False,不可行-海上
Ti,34.0,128.0,95.5,253.0,,False,False,407,0,0,0,False,不可行-海上
Be,8.0,42.0,95.5,273.0,Ethiopia,True,False,286,71,0,320,False,高优先级-标准复查
Be,-36.0,-68.0,95.5,338.0,Argentina,True,False,374,2501,1,2435,False,高优先级-标准复查
PGE,16.0,-102.0,95.4,308.0,,False,False,489,0,0,0,False,不可行-海上
PGE,48.0,2.0,95.4,281.0,France,True,False,99,439,0,4719,False,高优先级-标准复查
U,30.0,-118.0,95.4,327.0,,False,False,451,0,0,0,False,不可行-海上
U,-38.0,-68.0,95.4,239.0,Argentina,True,False,561,2501,1,2435,False,高优先级-标准复查
U,24.0,-102.0,95.4,258.0,Mexico,True,False,251,4041,1,2190,False,高优先级-标准复查
ZnPb,16.0,38.0,95.4,278.0,Eritrea,True,False,124,7,0,12,False,高优先级-标准复查
ZnPb,26.0,122.0,95.4,256.0,,False,False,116,0,0,0,False,不可行-海上
ZnPb,36.0,18.0,95.4,351.0,,False,False,314,0,0,0,False,不可行-海上
ZnPb,-40.0,-74.0,95.4,248.0,,False,False,788,0,0,0,False,不可行-海上
ZnPb,58.0,-162.0,95.4,227.0,,False,False,2695,0,0,0,False,不可行-海上
ZnPb,54.0,-172.0,95.4,250.0,,False,False,3345,0,0,0,False,不可行-海上
V,46.0,-128.0,95.4,343.0,,False,False,516,0,0,0,False,不可行-海上
V,-36.0,176.0,95.4,239.0,,False,False,145,0,0,0,False,不可行-海上
Ti,34.0,126.0,95.4,231.0,,False,False,407,0,0,0,False,不可行-海上
Ti,-38.0,172.0,95.4,247.0,,False,False,276,0,0,0,False,不可行-海上
Ti,42.0,16.0,95.4,334.0,,False,False,274,0,0,0,False,不可行-海上
Be,22.0,-104.0,95.4,392.0,Mexico,True,False,553,4041,1,2190,False,高优先级-标准复查
Be,6.0,96.0,95.4,338.0,,False,False,706,0,0,0,False,不可行-海上
PGE,8.0,44.0,95.3,233.0,Ethiopia,True,False,174,71,0,320,False,高优先级-标准复查
U,-44.0,-70.0,95.3,242.0,Argentina,True,False,1176,2501,1,2435,False,高优先级-标准复查
U,-48.0,-74.0,95.3,248.0,Chile,True,False,1643,5527,4,1089,False,高优先级-标准复查
U,-32.0,-66.0,95.3,233.0,Argentina,True,False,464,2501,1,2435,False,高优先级-标准复查
ZnPb,-44.0,-70.0,95.3,242.0,Argentina,True,False,1176,2501,1,2435,False,高优先级-标准复查
ZnPb,-20.0,176.0,95.3,339.0,,False,False,330,0,0,0,False,不可行-海上
Mn,-14.0,34.0,95.3,223.0,Malawi,True,False,23,24,0,31,False,高优先级-标准复查
V,18.0,-102.0,95.3,337.0,Mexico,True,False,342,4041,1,2190,False,高优先级-标准复查
V,2.0,32.0,95.3,278.0,Uganda,True,False,198,71,0,219,False,高优先级-标准复查
V,42.0,-102.0,95.3,229.0,United States of America,True,False,355,199364,7,14245,False,高优先级-标准复查
V,20.0,-104.0,95.3,344.0,Mexico,True,False,513,4041,1,2190,False,高优先级-标准复查
Ti,64.0,-142.0,95.3,229.0,United States of America,True,False,1987,199364,7,14245,False,高优先级-标准复查
Ti,48.0,-2.0,95.3,238.0,France,True,False,335,439,0,4719,False,高优先级-标准复查
Ti,-4.0,42.0,95.3,228.0,,False,False,434,0,0,0,False,不可行-海上
Ti,-16.0,178.0,95.3,245.0,,False,False,242,0,0,0,False,不可行-海上
Ti,24.0,124.0,95.3,270.0,,False,False,272,0,0,0,False,不可行-海上
Be,20.0,-104.0,95.3,430.0,Mexico,True,False,513,4041,1,2190,False,高优先级-标准复查
PGE,42.0,18.0,95.2,240.0,,False,False,116,0,0,0,False,不可行-海上
PGE,40.0,-128.0,95.2,348.0,,False,False,544,0,0,0,False,不可行-海上
U,60.0,-140.0,95.2,226.0,United States of America,True,False,1604,199364,7,14245,False,高优先级-标准复查
U,-12.0,-74.0,95.2,238.0,Peru,True,False,332,4960,0,1044,False,高优先级-标准复查
U,58.0,-152.0,95.2,251.0,,False,False,2114,0,0,0,False,不可行-海上
ZnPb,36.0,132.0,95.2,262.0,,False,False,350,0,0,0,False,不可行-海上
ZnPb,16.0,-64.0,95.2,247.0,,False,False,199,0,0,0,False,不可行-海上
ZnPb,36.0,142.0,95.2,242.0,,False,False,206,0,0,0,False,不可行-海上
ZnPb,-12.0,-70.0,95.2,229.0,Peru,True,False,538,4960,0,1044,False,高优先级-标准复查
ZnPb,50.0,-180.0,95.2,247.0,,False,False,3591,0,0,0,False,不可行-海上
ZnPb,16.0,-102.0,95.2,380.0,,False,False,489,0,0,0,False,不可行-海上
V,-2.0,32.0,95.2,271.0,Tanzania,True,False,216,103,1,360,False,高优先级-标准复查
V,34.0,138.0,95.2,245.0,,False,False,236,0,0,0,False,不可行-海上
V,18.0,122.0,95.2,250.0,Philippines,True,False,231,867,0,646,False,高优先级-标准复查
Ti,-40.0,170.0,95.2,225.0,,False,False,428,0,0,0,False,不可行-海上
Ti,0.0,40.0,95.2,298.0,Kenya,True,False,382,51,0,121,False,高优先级-标准复查
PGE,48.0,4.0,95.1,288.0,France,True,False,154,439,0,4719,False,高优先级-标准复查
U,60.0,-162.0,95.1,235.0,United States of America,True,False,2719,199364,7,14245,False,高优先级-标准复查
U,38.0,-100.0,95.1,258.0,United States of America,True,False,473,199364,7,14245,False,高优先级-标准复查
U,34.0,128.0,95.1,252.0,,False,False,407,0,0,0,False,不可行-海上
U,0.0,44.0,95.1,252.0,,False,False,276,0,0,0,False,不可行-海上
ZnPb,-50.0,-72.0,95.1,268.0,Argentina,True,False,1845,2501,1,2435,False,高优先级-标准复查
ZnPb,14.0,120.0,95.1,271.0,,False,False,125,0,0,0,False,不可行-海上
V,-10.0,32.0,95.1,288.0,Zambia,True,False,484,285,1,222,False,高优先级-标准复查
Ti,24.0,-102.0,95.1,281.0,Mexico,True,False,251,4041,1,2190,False,高优先级-标准复查
Ti,-12.0,36.0,95.1,261.0,Mozambique,True,False,326,82,0,225,False,高优先级-标准复查
Ti,14.0,-94.0,95.1,260.0,,False,False,380,0,0,0,False,不可行-海上
Ti,14.0,-86.0,95.1,266.0,Honduras,True,False,132,464,0,25,False,高优先级-标准复查
Ti,-14.0,-72.0,95.1,277.0,Peru,True,False,497,4960,0,1044,False,高优先级-标准复查
Ti,16.0,118.0,95.1,252.0,,False,False,279,0,0,0,False,不可行-海上
Be,42.0,20.0,95.1,293.0,Albania,True,False,76,61,0,235,False,高优先级-标准复查
Be,44.0,16.0,95.1,325.0,Croatia,True,False,192,6,0,430,False,高优先级-标准复查
U,10.0,46.0,95.0,301.0,Somaliland,True,False,218,23,0,174,False,高优先级-标准复查
U,2.0,40.0,95.0,336.0,Kenya,True,False,508,51,0,121,False,高优先级-标准复查
ZnPb,4.0,-78.0,95.0,272.0,,False,False,439,0,0,0,False,不可行-海上
ZnPb,52.0,-172.0,95.0,275.0,,False,False,3395,0,0,0,False,不可行-海上
ZnPb,-48.0,-70.0,95.0,239.0,Argentina,True,False,1620,2501,1,2435,False,高优先级-标准复查
Ti,50.0,-134.0,95.0,324.0,,False,False,787,0,0,0,False,不可行-海上
Ti,54.0,4.0,95.0,244.0,,False,False,193,0,0,0,False,不可行-海上
Ti,42.0,144.0,95.0,271.0,,False,False,792,0,0,0,False,不可行-海上
Ti,20.0,120.0,95.0,265.0,,False,False,402,0,0,0,False,不可行-海上
Ti,-2.0,34.0,95.0,316.0,Tanzania,True,False,302,103,1,360,False,高优先级-标准复查
Ti,16.0,-66.0,95.0,238.0,,False,False,379,0,0,0,False,不可行-海上
Ti,46.0,140.0,95.0,277.0,,False,False,1147,0,0,0,False,不可行-海上
Be,60.0,-154.0,95.0,347.0,United States of America,True,False,2286,199364,7,14245,False,高优先级-标准复查
Be,18.0,-100.0,95.0,401.0,Mexico,True,False,185,4041,1,2190,False,高优先级-标准复查
PGE,54.0,10.0,94.9,226.0,Germany,True,False,249,328,0,8735,False,高优先级-标准复查
U,70.0,-152.0,94.9,229.0,United States of America,True,False,2761,199364,7,14245,False,高优先级-标准复查
U,34.0,-96.0,94.9,231.0,United States of America,True,False,478,199364,7,14245,False,高优先级-标准复查
U,-6.0,-78.0,94.9,250.0,Peru,True,False,646,4960,0,1044,False,高优先级-标准复查
ZnPb,54.0,-180.0,94.9,251.0,,False,False,3697,0,0,0,False,不可行-海上
ZnPb,12.0,-90.0,94.9,267.0,,False,False,208,0,0,0,False,不可行-海上
Mn,-6.0,34.0,94.9,280.0,Tanzania,True,False,195,103,1,360,False,高优先级-标准复查
V,36.0,6.0,94.9,241.0,Algeria,True,False,278,278,0,3532,False,高优先级-标准复查
Ti,-36.0,-68.0,94.9,278.0,Argentina,True,False,374,2501,1,2435,False,高优先级-标准复查
Be,32.0,-102.0,94.9,279.0,United States of America,True,False,683,199364,7,14245,False,高优先级-标准复查
Be,32.0,134.0,94.9,319.0,,False,False,330,0,0,0,False,不可行-海上
PGE,30.0,-108.0,94.8,274.0,Mexico,True,False,894,4041,1,2190,False,高优先级-标准复查
U,-6.0,-80.0,94.8,255.0,Peru,True,False,665,4960,0,1044,False,高优先级-标准复查
U,38.0,126.0,94.8,236.0,North Korea,True,False,100,6,0,344,False,高优先级-标准复查
U,-16.0,-68.0,94.8,260.0,Bolivia,True,False,57,2738,1,439,False,高优先级-标准复查
U,10.0,40.0,94.8,360.0,Ethiopia,True,False,179,71,0,320,False,高优先级-标准复查
ZnPb,18.0,-94.0,94.8,287.0,Mexico,True,False,527,4041,1,2190,False,高优先级-标准复查
ZnPb,-16.0,176.0,94.8,258.0,,False,False,352,0,0,0,False,不可行-海上
ZnPb,16.0,-94.0,94.8,278.0,Mexico,True,False,403,4041,1,2190,False,高优先级-标准复查
ZnPb,-46.0,-76.0,94.8,257.0,,False,False,1469,0,0,0,False,不可行-海上
ZnPb,48.0,0.0,94.8,282.0,France,True,False,198,439,0,4719,False,高优先级-标准复查
ZnPb,-42.0,-72.0,94.8,289.0,Chile,True,False,959,5527,4,1089,False,高优先级-标准复查
ZnPb,-36.0,-74.0,94.8,256.0,,False,False,394,0,0,0,False,不可行-海上
Mn,0.0,28.0,94.8,308.0,Dem. Rep. Congo,True,False,315,3,0,71,False,高优先级-标准复查
Mn,8.0,42.0,94.8,299.0,Ethiopia,True,False,286,71,0,320,False,高优先级-标准复查
Mn,54.0,12.0,94.8,227.0,Germany,True,False,189,328,0,8735,False,高优先级-标准复查
Mn,22.0,-108.0,94.8,295.0,,False,False,880,0,0,0,False,不可行-海上
Ti,34.0,-102.0,94.8,284.0,United States of America,True,False,691,199364,7,14245,False,高优先级-标准复查
Ti,50.0,14.0,94.8,255.0,Czechia,True,False,32,3,0,1076,False,高优先级-标准复查
Be,-26.0,-70.0,94.8,343.0,Chile,True,False,799,5527,4,1089,False,高优先级-标准复查
PGE,66.0,-34.0,94.7,227.0,,False,False,601,0,0,0,False,不可行-海上
PGE,48.0,12.0,94.7,266.0,Germany,True,False,210,328,0,8735,False,高优先级-标准复查
U,38.0,38.0,94.7,226.0,Turkey,True,False,493,549,0,4113,False,高优先级-标准复查
U,-18.0,-72.0,94.7,268.0,,False,False,442,0,0,0,False,不可行-海上
U,48.0,-96.0,94.7,225.0,United States of America,True,False,948,199364,7,14245,False,高优先级-标准复查
U,24.0,-114.0,94.7,342.0,,False,False,1190,0,0,0,False,不可行-海上
U,44.0,-98.0,94.7,246.0,United States of America,True,False,747,199364,7,14245,False,高优先级-标准复查
U,38.0,-82.0,94.7,223.0,United States of America,True,False,446,199364,7,14245,False,高优先级-标准复查
U,48.0,-98.0,94.7,230.0,United States of America,True,False,1063,199364,7,14245,False,高优先级-标准复查
U,44.0,-128.0,94.7,385.0,,False,False,694,0,0,0,False,不可行-海上
ZnPb,42.0,0.0,94.7,233.0,Spain,True,False,138,290,0,3668,False,高优先级-标准复查
ZnPb,46.0,-128.0,94.7,443.0,,False,False,516,0,0,0,False,不可行-海上
ZnPb,20.0,-62.0,94.7,248.0,,False,False,309,0,0,0,False,不可行-海上
ZnPb,-40.0,-68.0,94.7,248.0,Argentina,True,False,767,2501,1,2435,False,高优先级-标准复查
ZnPb,-6.0,40.0,94.7,242.0,,False,False,120,0,0,0,False,不可行-海上
Mn,-4.0,42.0,94.7,244.0,,False,False,434,0,0,0,False,不可行-海上
V,-36.0,174.0,94.7,239.0,New Zealand,True,False,116,168,0,791,False,高优先级-标准复查
Ti,56.0,-138.0,94.7,270.0,,False,False,1247,0,0,0,False,不可行-海上
Ti,44.0,146.0,94.7,286.0,,False,False,1067,0,0,0,False,不可行-海上
Ti,-4.0,-78.0,94.7,281.0,Peru,True,False,425,4960,0,1044,False,高优先级-标准复查
Be,36.0,-102.0,94.7,263.0,United States of America,True,False,492,199364,7,14245,False,高优先级-标准复查
U,52.0,16.0,94.6,281.0,Poland,True,False,186,130,0,2600,False,高优先级-标准复查
U,44.0,-68.0,94.6,225.0,,False,False,613,0,0,0,False,不可行-海上
U,52.0,-134.0,94.6,333.0,,False,False,824,0,0,0,False,不可行-海上
U,38.0,-92.0,94.6,231.0,United States of America,True,False,567,199364,7,14245,False,高优先级-标准复查
U,-14.0,-76.0,94.6,267.0,Peru,True,False,245,4960,0,1044,False,高优先级-标准复查
U,-18.0,-62.0,94.6,244.0,Bolivia,True,False,363,2738,1,439,False,高优先级-标准复查
ZnPb,32.0,10.0,94.6,241.0,Tunisia,True,False,314,49,0,229,False,高优先级-标准复查
ZnPb,32.0,134.0,94.6,254.0,,False,False,330,0,0,0,False,不可行-海上
ZnPb,24.0,118.0,94.6,225.0,,False,False,379,0,0,0,False,不可行-海上
ZnPb,8.0,-86.0,94.6,303.0,,False,False,301,0,0,0,False,不可行-海上
V,60.0,-150.0,94.6,250.0,United States of America,True,False,2078,199364,7,14245,False,高优先级-标准复查
V,-12.0,36.0,94.6,261.0,Mozambique,True,False,326,82,0,225,False,高优先级-标准复查
U,-14.0,126.0,94.5,247.0,,False,False,607,0,0,0,False,不可行-海上
U,44.0,-96.0,94.5,241.0,United States of America,True,False,722,199364,7,14245,False,高优先级-标准复查
U,-4.0,14.0,94.5,229.0,Congo,True,False,145,467,0,1065,False,高优先级-标准复查
U,0.0,14.0,94.5,229.0,Congo,True,False,494,467,0,1065,False,高优先级-标准复查
U,42.0,-70.0,94.5,228.0,United States of America,True,False,362,199364,7,14245,False,高优先级-标准复查
U,70.0,-138.0,94.5,245.0,,False,False,2436,0,0,0,False,不可行-海上
U,40.0,-100.0,94.5,290.0,United States of America,True,False,426,199364,7,14245,False,高优先级-标准复查
U,62.0,-164.0,94.5,254.0,United States of America,True,False,2863,199364,7,14245,False,高优先级-标准复查
U,-24.0,-46.0,94.5,231.0,,False,False,81,0,0,0,False,不可行-海上
ZnPb,44.0,138.0,94.5,268.0,,False,False,936,0,0,0,False,不可行-海上
ZnPb,-22.0,-72.0,94.5,227.0,,False,False,733,0,0,0,False,不可行-海上
ZnPb,2.0,-74.0,94.5,270.0,Colombia,True,False,289,1171,0,1349,False,高优先级-标准复查
ZnPb,52.0,-134.0,94.5,368.0,,False,False,824,0,0,0,False,不可行-海上
ZnPb,12.0,-62.0,94.5,298.0,,False,False,29,0,0,0,False,不可行-海上
ZnPb,-4.0,106.0,94.5,271.0,,False,False,258,0,0,0,False,不可行-海上
ZnPb,34.0,140.0,94.5,299.0,,False,False,189,0,0,0,False,不可行-海上
V,38.0,140.0,94.5,260.0,Japan,True,False,258,623,0,539,False,高优先级-标准复查
V,58.0,-158.0,94.5,256.0,,False,False,2461,0,0,0,False,不可行-海上
Be,46.0,18.0,94.5,249.0,Hungary,True,False,156,37,0,774,False,高优先级-标准复查
PGE,12.0,36.0,94.4,240.0,Ethiopia,True,False,442,71,0,320,False,高优先级-标准复查
U,36.0,-74.0,94.4,234.0,,False,False,418,0,0,0,False,不可行-海上
U,26.0,-114.0,94.4,375.0,,False,False,983,0,0,0,False,不可行-海上
U,-48.0,-70.0,94.4,277.0,Argentina,True,False,1620,2501,1,2435,False,高优先级-标准复查
U,-22.0,32.0,94.4,234.0,Mozambique,True,False,444,82,0,225,False,高优先级-标准复查
U,-26.0,32.0,94.4,234.0,Mozambique,True,False,59,82,0,225,False,高优先级-标准复查
U,-14.0,128.0,94.4,247.0,,False,False,660,0,0,0,False,不可行-海上
U,22.0,2.0,94.4,235.0,Algeria,True,False,943,278,0,3532,False,高优先级-标准复查
U,56.0,-138.0,94.4,286.0,,False,False,1247,0,0,0,False,不可行-海上
U,68.0,-168.0,94.4,242.0,,False,False,3208,0,0,0,False,不可行-海上
ZnPb,20.0,-64.0,94.4,263.0,,False,False,329,0,0,0,False,不可行-海上
ZnPb,18.0,-108.0,94.4,410.0,,False,False,947,0,0,0,False,不可行-海上
ZnPb,36.0,20.0,94.4,328.0,,False,False,398,0,0,0,False,不可行-海上
ZnPb,40.0,144.0,94.4,270.0,,False,False,608,0,0,0,False,不可行-海上
ZnPb,32.0,128.0,94.4,297.0,,False,False,626,0,0,0,False,不可行-海上
V,52.0,-134.0,94.4,307.0,,False,False,824,0,0,0,False,不可行-海上
Ti,-18.0,180.0,94.4,275.0,,False,False,165,0,0,0,False,不可行-海上
Be,32.0,136.0,94.4,308.0,,False,False,303,0,0,0,False,不可行-海上
Be,40.0,26.0,94.4,314.0,,False,False,276,0,0,0,False,不可行-海上
U,42.0,-100.0,94.3,288.0,United States of America,True,False,489,199364,7,14245,False,高优先级-标准复查
U,20.0,2.0,94.3,236.0,Mali,True,False,721,191,0,340,False,高优先级-标准复查
U,38.0,-96.0,94.3,252.0,United States of America,True,False,801,199364,7,14245,False,高优先级-标准复查
V,-42.0,-70.0,94.3,255.0,Argentina,True,False,954,2501,1,2435,False,高优先级-标准复查
V,46.0,2.0,94.3,320.0,France,True,False,319,439,0,4719,False,高优先级-标准复查
V,64.0,-150.0,94.3,265.0,United States of America,True,False,2287,199364,7,14245,False,高优先级-标准复查
Ti,34.0,-122.0,94.3,317.0,,False,False,347,0,0,0,False,不可行-海上
Be,-22.0,-68.0,94.3,358.0,Bolivia,True,False,436,2738,1,439,False,高优先级-标准复查
Be,44.0,-128.0,94.3,413.0,,False,False,694,0,0,0,False,不可行-海上
Be,24.0,120.0,94.3,343.0,,False,False,196,0,0,0,False,不可行-海上
Be,36.0,-124.0,94.3,385.0,,False,False,244,0,0,0,False,不可行-海上
Mn,-6.0,40.0,94.2,261.0,,False,False,120,0,0,0,False,不可行-海上
V,54.0,-136.0,94.2,285.0,,False,False,1030,0,0,0,False,不可行-海上
V,-38.0,178.0,94.2,263.0,New Zealand,True,False,313,168,0,791,False,高优先级-标准复查
PGE,66.0,-28.0,94.1,290.0,,False,False,351,0,0,0,False,不可行-海上
Mn,-2.0,34.0,94.1,319.0,Tanzania,True,False,302,103,1,360,False,高优先级-标准复查
V,24.0,-112.0,94.1,321.0,,False,False,1192,0,0,0,False,不可行-海上
V,42.0,-128.0,94.0,365.0,,False,False,669,0,0,0,False,不可行-海上
Mn,42.0,-2.0,93.9,225.0,Spain,True,False,227,290,0,3668,False,高优先级-标准复查
V,52.0,14.0,93.9,246.0,Germany,True,False,71,328,0,8735,False,高优先级-标准复查
V,16.0,118.0,93.9,252.0,,False,False,279,0,0,0,False,不可行-海上
V,40.0,6.0,93.9,264.0,,False,False,432,0,0,0,False,不可行-海上
V,-14.0,34.0,93.9,242.0,Malawi,True,False,23,24,0,31,False,高优先级-标准复查
V,50.0,14.0,93.9,259.0,Czechia,True,False,32,3,0,1076,False,高优先级-标准复查
Mn,52.0,0.0,93.8,248.0,United Kingdom,True,False,56,151,0,10045,False,高优先级-标准复查
Mn,0.0,32.0,93.8,321.0,Uganda,True,False,74,71,0,219,False,高优先级-标准复查
V,36.0,128.0,93.8,243.0,South Korea,True,False,196,11,0,189,False,高优先级-标准复查
PGE,-12.0,34.0,93.7,280.0,Malawi,True,False,222,24,0,31,False,高优先级-标准复查
PGE,24.0,-110.0,93.7,323.0,Mexico,True,False,993,4041,1,2190,False,高优先级-标准复查
V,32.0,-120.0,93.7,305.0,,False,False,281,0,0,0,False,不可行-海上
Mn,52.0,14.0,93.6,246.0,Germany,True,False,71,328,0,8735,False,高优先级-标准复查
Mn,28.0,-116.0,93.6,345.0,,False,False,705,0,0,0,False,不可行-海上
V,-38.0,172.0,93.6,263.0,,False,False,276,0,0,0,False,不可行-海上
V,38.0,-100.0,93.6,226.0,United States of America,True,False,473,199364,7,14245,False,高优先级-标准复查
Mn,8.0,-84.0,93.5,225.0,,False,False,215,0,0,0,False,不可行-海上
V,50.0,-130.0,93.5,386.0,,False,False,502,0,0,0,False,不可行-海上
V,56.0,6.0,93.5,224.0,,False,False,411,0,0,0,False,不可行-海上
Mn,8.0,46.0,93.4,238.0,Ethiopia,True,False,274,71,0,320,False,高优先级-标准复查
Mn,22.0,-104.0,93.4,273.0,Mexico,True,False,553,4041,1,2190,False,高优先级-标准复查
V,40.0,16.0,93.4,361.0,Italy,True,False,354,130,0,5669,False,高优先级-标准复查
V,-14.0,-72.0,93.4,277.0,Peru,True,False,497,4960,0,1044,False,高优先级-标准复查
V,22.0,-106.0,93.4,335.0,,False,False,706,0,0,0,False,不可行-海上
PGE,4.0,28.0,93.3,248.0,Dem. Rep. Congo,True,False,407,3,0,71,False,高优先级-标准复查
Mn,34.0,14.0,93.3,323.0,,False,False,145,0,0,0,False,不可行-海上
V,54.0,8.0,93.3,276.0,,False,False,275,0,0,0,False,不可行-海上
V,-2.0,34.0,93.3,316.0,Tanzania,True,False,302,103,1,360,False,高优先级-标准复查
V,54.0,10.0,93.3,265.0,Germany,True,False,249,328,0,8735,False,高优先级-标准复查
Mn,8.0,-86.0,93.2,227.0,,False,False,301,0,0,0,False,不可行-海上
V,-34.0,-64.0,93.2,225.0,Argentina,True,False,516,2501,1,2435,False,高优先级-标准复查
V,60.0,-160.0,93.2,260.0,United States of America,True,False,2610,199364,7,14245,False,高优先级-标准复查
PGE,-50.0,-74.0,93.1,226.0,Chile,True,False,1862,5527,4,1089,False,高优先级-标准复查
Mn,46.0,4.0,93.1,347.0,France,True,False,167,439,0,4719,False,高优先级-标准复查
V,34.0,12.0,93.1,349.0,,False,False,165,0,0,0,False,不可行-海上
PGE,24.0,-102.0,93.0,241.0,Mexico,True,False,251,4041,1,2190,False,高优先级-标准复查
Mn,-10.0,32.0,93.0,328.0,Zambia,True,False,484,285,1,222,False,高优先级-标准复查
Mn,-4.0,28.0,93.0,308.0,Dem. Rep. Congo,True,False,166,3,0,71,False,高优先级-标准复查
V,26.0,-100.0,93.0,246.0,Mexico,True,False,49,4041,1,2190,False,高优先级-标准复查
PGE,0.0,38.0,92.9,325.0,Kenya,True,False,194,51,0,121,False,高优先级-标准复查
V,-32.0,-74.0,92.9,248.0,,False,False,252,0,0,0,False,不可行-海上
V,26.0,-102.0,92.9,281.0,Mexico,True,False,171,4041,1,2190,False,高优先级-标准复查
V,58.0,-152.0,92.9,281.0,,False,False,2114,0,0,0,False,不可行-海上
PGE,42.0,6.0,92.8,286.0,,False,False,225,0,0,0,False,不可行-海上
Mn,2.0,-78.0,92.8,226.0,Colombia,True,False,252,1171,0,1349,False,高优先级-标准复查
V,34.0,142.0,92.8,277.0,,False,False,278,0,0,0,False,不可行-海上
V,54.0,2.0,92.8,266.0,,False,False,262,0,0,0,False,不可行-海上
PGE,40.0,138.0,92.7,225.0,,False,False,504,0,0,0,False,不可行-海上
PGE,2.0,-76.0,92.7,239.0,Colombia,True,False,359,1171,0,1349,False,高优先级-标准复查
Mn,32.0,-120.0,92.7,298.0,,False,False,281,0,0,0,False,不可行-海上
Mn,34.0,-102.0,92.7,301.0,United States of America,True,False,691,199364,7,14245,False,高优先级-标准复查
V,56.0,-138.0,92.7,282.0,,False,False,1247,0,0,0,False,不可行-海上
V,44.0,16.0,92.7,292.0,Croatia,True,False,192,6,0,430,False,高优先级-标准复查
V,56.0,8.0,92.7,240.0,,False,False,287,0,0,0,False,不可行-海上
PGE,16.0,-90.0,92.6,224.0,Guatemala,True,False,163,145,0,30,False,高优先级-标准复查
PGE,6.0,36.0,92.6,324.0,Ethiopia,True,False,450,71,0,320,False,高优先级-标准复查
V,64.0,-158.0,92.6,267.0,United States of America,True,False,2633,199364,7,14245,False,高优先级-标准复查
V,62.0,-142.0,92.6,264.0,United States of America,True,False,1831,199364,7,14245,False,高优先级-标准复查
Fe,-22.0,168.0,92.5,242.0,,False,False,476,0,0,0,False,不可行-海上
Mn,16.0,-98.0,92.5,238.0,,False,False,401,0,0,0,False,不可行-海上
Mn,-8.0,30.0,92.5,291.0,Dem. Rep. Congo,True,False,519,3,0,71,False,高优先级-标准复查
V,36.0,124.0,92.5,236.0,,False,False,319,0,0,0,False,不可行-海上
V,-34.0,-74.0,92.5,272.0,,False,False,245,0,0,0,False,不可行-海上
V,4.0,34.0,92.5,327.0,Uganda,True,False,284,71,0,219,False,高优先级-标准复查
PGE,4.0,34.0,92.4,308.0,Uganda,True,False,284,71,0,219,False,高优先级-标准复查
V,-40.0,-72.0,92.4,299.0,Chile,True,False,739,5527,4,1089,False,高优先级-标准复查
V,-8.0,32.0,92.4,331.0,Tanzania,True,False,460,103,1,360,False,高优先级-标准复查
V,-18.0,-70.0,92.4,298.0,Peru,True,False,258,4960,0,1044,False,高优先级-标准复查
PGE,54.0,-136.0,92.3,269.0,,False,False,1030,0,0,0,False,不可行-海上
PGE,44.0,-2.0,92.3,261.0,,False,False,330,0,0,0,False,不可行-海上
PGE,-14.0,34.0,92.3,233.0,Malawi,True,False,23,24,0,31,False,高优先级-标准复查
Fe,22.0,-104.0,92.1,228.0,Mexico,True,False,553,4041,1,2190,False,高优先级-标准复查
PGE,8.0,128.0,92.1,224.0,,False,False,732,0,0,0,False,不可行-海上
PGE,60.0,-156.0,92.1,232.0,United States of America,True,False,2393,199364,7,14245,False,高优先级-标准复查
Fe,18.0,-106.0,92.0,251.0,,False,False,741,0,0,0,False,不可行-海上
PGE,54.0,12.0,92.0,235.0,Germany,True,False,189,328,0,8735,False,高优先级-标准复查
Mn,44.0,6.0,92.0,336.0,France,True,False,116,439,0,4719,False,高优先级-标准复查
Mn,-4.0,-82.0,92.0,256.0,,False,False,573,0,0,0,False,不可行-海上
Fe,48.0,-128.0,91.9,248.0,,False,False,385,0,0,0,False,不可行-海上
PGE,-2.0,122.0,91.8,229.0,,False,False,830,0,0,0,False,不可行-海上
Mn,36.0,-100.0,91.8,256.0,United States of America,True,False,604,199364,7,14245,False,高优先级-标准复查
Mn,16.0,-96.0,91.8,226.0,Mexico,True,False,507,4041,1,2190,False,高优先级-标准复查
Mn,38.0,14.0,91.8,393.0,Italy,True,False,238,130,0,5669,False,高优先级-标准复查
PGE,30.0,-110.0,91.7,348.0,Mexico,True,False,897,4041,1,2190,False,高优先级-标准复查
PGE,16.0,118.0,91.6,224.0,,False,False,279,0,0,0,False,不可行-海上
PGE,46.0,-4.0,91.6,237.0,,False,False,574,0,0,0,False,不可行-海上
PGE,-38.0,-74.0,91.6,231.0,,False,False,590,0,0,0,False,不可行-海上
Mn,24.0,-106.0,91.6,291.0,Mexico,True,False,601,4041,1,2190,False,高优先级-标准复查
Mn,2.0,-80.0,91.6,275.0,,False,False,297,0,0,0,False,不可行-海上
Fe,34.0,12.0,91.5,233.0,,False,False,165,0,0,0,False,不可行-海上
PGE,70.0,-28.0,91.5,248.0,Greenland,True,False,701,43,0,9,False,高优先级-标准复查
PGE,52.0,-136.0,91.5,283.0,,False,False,956,0,0,0,False,不可行-海上
PGE,32.0,-120.0,91.5,304.0,,False,False,281,0,0,0,False,不可行-海上
PGE,30.0,-104.0,91.5,293.0,United States of America,True,False,601,199364,7,14245,False,高优先级-标准复查
PGE,34.0,-102.0,91.4,291.0,United States of America,True,False,691,199364,7,14245,False,高优先级-标准复查
PGE,-40.0,-72.0,91.4,245.0,Chile,True,False,739,5527,4,1089,False,高优先级-标准复查
PGE,56.0,-138.0,91.3,240.0,,False,False,1247,0,0,0,False,不可行-海上
PGE,-12.0,152.0,91.3,235.0,,False,False,596,0,0,0,False,不可行-海上
PGE,-12.0,148.0,91.3,241.0,,False,False,295,0,0,0,False,不可行-海上
Mn,16.0,-88.0,91.3,228.0,,False,False,161,0,0,0,False,不可行-海上
Mn,58.0,-156.0,91.2,233.0,United States of America,True,False,2344,199364,7,14245,False,高优先级-标准复查
PGE,-36.0,178.0,91.1,247.0,,False,False,305,0,0,0,False,不可行-海上
Mn,24.0,124.0,91.1,231.0,,False,False,272,0,0,0,False,不可行-海上
PGE,10.0,-82.0,91.0,252.0,,False,False,228,0,0,0,False,不可行-海上
PGE,56.0,-158.0,91.0,245.0,,False,False,2439,0,0,0,False,不可行-海上
Mn,10.0,-88.0,91.0,237.0,,False,False,305,0,0,0,False,不可行-海上
Mn,24.0,-102.0,91.0,254.0,Mexico,True,False,251,4041,1,2190,False,高优先级-标准复查
PGE,-34.0,176.0,90.9,230.0,,False,False,336,0,0,0,False,不可行-海上
Mn,36.0,134.0,90.9,233.0,,False,False,191,0,0,0,False,不可行-海上
Mn,14.0,-84.0,90.9,226.0,Nicaragua,True,False,320,164,0,116,False,高优先级-标准复查
Mn,-42.0,-74.0,90.9,236.0,Chile,True,False,996,5527,4,1089,False,高优先级-标准复查
PGE,42.0,4.0,90.8,302.0,,False,False,211,0,0,0,False,不可行-海上
Mn,50.0,-2.0,90.8,271.0,,False,False,213,0,0,0,False,不可行-海上
Mn,24.0,-100.0,90.8,234.0,Mexico,True,False,189,4041,1,2190,False,高优先级-标准复查
Mn,10.0,48.0,90.8,261.0,Somaliland,True,False,434,23,0,174,False,高优先级-标准复查
Mn,42.0,-98.0,90.8,228.0,United States of America,True,False,639,199364,7,14245,False,高优先级-标准复查
Mn,40.0,140.0,90.8,238.0,Japan,True,False,480,623,0,539,False,高优先级-标准复查
Fe,38.0,-126.0,90.7,253.0,,False,False,317,0,0,0,False,不可行-海上
Mn,-2.0,42.0,90.7,304.0,,False,False,582,0,0,0,False,不可行-海上
Mn,12.0,-60.0,90.7,235.0,,False,False,129,0,0,0,False,不可行-海上
Mn,-4.0,32.0,90.7,321.0,Tanzania,True,False,301,103,1,360,False,高优先级-标准复查
Mn,-2.0,-76.0,90.7,239.0,Peru,True,False,342,4960,0,1044,False,高优先级-标准复查
Mn,18.0,-102.0,90.7,362.0,Mexico,True,False,342,4041,1,2190,False,高优先级-标准复查
Mn,46.0,-102.0,90.7,230.0,United States of America,True,False,737,199364,7,14245,False,高优先级-标准复查
PGE,36.0,132.0,90.6,251.0,,False,False,350,0,0,0,False,不可行-海上
PGE,22.0,-108.0,90.6,349.0,,False,False,880,0,0,0,False,不可行-海上
Mn,-22.0,-64.0,90.6,224.0,Bolivia,True,False,354,2738,1,439,False,高优先级-标准复查
Mn,-36.0,-74.0,90.6,234.0,,False,False,394,0,0,0,False,不可行-海上
Mn,48.0,-106.0,90.6,255.0,United States of America,True,False,922,199364,7,14245,False,高优先级-标准复查
Fe,54.0,-170.0,90.5,226.0,,False,False,3216,0,0,0,False,不可行-海上
PGE,-2.0,36.0,90.5,344.0,Kenya,True,False,121,51,0,121,False,高优先级-标准复查
PGE,4.0,94.0,90.5,237.0,,False,False,859,0,0,0,False,不可行-海上
PGE,0.0,98.0,90.5,246.0,,False,False,524,0,0,0,False,不可行-海上
PGE,-42.0,176.0,90.4,233.0,,False,False,129,0,0,0,False,不可行-海上
PGE,38.0,144.0,90.4,235.0,,False,False,457,0,0,0,False,不可行-海上
PGE,56.0,-150.0,90.4,223.0,,False,False,1946,0,0,0,False,不可行-海上
Mn,-40.0,-76.0,90.4,231.0,,False,False,866,0,0,0,False,不可行-海上
Mn,56.0,6.0,90.4,263.0,,False,False,411,0,0,0,False,不可行-海上
Mn,20.0,-96.0,90.4,256.0,,False,False,334,0,0,0,False,不可行-海上
Mn,56.0,8.0,90.4,263.0,,False,False,287,0,0,0,False,不可行-海上
PGE,10.0,40.0,90.3,348.0,Ethiopia,True,False,179,71,0,320,False,高优先级-标准复查
Mn,10.0,-82.0,90.3,252.0,,False,False,228,0,0,0,False,不可行-海上
Mn,10.0,120.0,90.3,232.0,,False,False,523,0,0,0,False,不可行-海上
Mn,42.0,10.0,90.3,321.0,,False,False,203,0,0,0,False,不可行-海上
Fe,44.0,14.0,90.2,231.0,,False,False,125,0,0,0,False,不可行-海上
PGE,-38.0,172.0,90.2,244.0,,False,False,276,0,0,0,False,不可行-海上
PGE,44.0,-106.0,90.2,269.0,United States of America,True,False,481,199364,7,14245,False,高优先级-标准复查
PGE,68.0,-24.0,90.2,318.0,,False,False,439,0,0,0,False,不可行-海上
Mn,-12.0,32.0,90.2,334.0,Zambia,True,False,293,285,1,222,False,高优先级-标准复查
Mn,16.0,-66.0,90.2,233.0,,False,False,379,0,0,0,False,不可行-海上
Mn,0.0,104.0,90.2,233.0,,False,False,145,0,0,0,False,不可行-海上
Mn,4.0,-78.0,90.2,259.0,,False,False,439,0,0,0,False,不可行-海上
Mn,34.0,4.0,90.2,241.0,Algeria,True,False,319,278,0,3532,False,高优先级-标准复查
Fe,22.0,-100.0,90.1,234.0,Mexico,True,False,298,4041,1,2190,False,高优先级-标准复查
Fe,56.0,-166.0,90.1,228.0,,False,False,2936,0,0,0,False,不可行-海上
PGE,-6.0,34.0,90.1,306.0,Tanzania,True,False,195,103,1,360,False,高优先级-标准复查
PGE,-12.0,-74.0,90.1,230.0,Peru,True,False,332,4960,0,1044,False,高优先级-标准复查
Mn,-42.0,-72.0,90.1,249.0,Chile,True,False,959,5527,4,1089,False,高优先级-标准复查
Mn,34.0,130.0,90.1,247.0,,False,False,480,0,0,0,False,不可行-海上
Fe,24.0,120.0,90.0,225.0,,False,False,196,0,0,0,False,不可行-海上
