family,lat,lon,country,commodity
Ba,-41.774,145.539,Australia,"Rosebery [Barite; Gallium|Bedded-volcanic; Ga in Volcanogenic Massive Sulfide, Kuroko type]"
Ba,-37.0,-70.0,Argentina,Neuquen-Mendoza [Barite|Bedded-sedimentary]
Ba,-31.344,138.692,Australia,"Flinders Range [Barite|Vein, cavity-fill, metasomatic]"
Ba,-29.9,-66.999,Argentina,La Helvecia [Barite|Bedded-sedimentary]
Ba,-29.25,18.79,South Africa,Aggeneys-Gamsberg [Barite|Bedded-sedimentary]
Ba,-19.6667,-46.95,Brazil,"Araxá [Niobium and Tantalum; Barite; Rare-Earth Elements|Carbonatite; Vein, cavity-fill, metasomatic]"
Ba,-13.924,-39.008,Brazil,Camamu [Barite|Bedded-sedimentary]
Ba,14.02,79.32,India,Cuddapah [Barite|Bedded-sedimentary]
Ba,18.605,99.009,Thailand,Northern Thailand [Barite|Bedded-sedimentary]
Ba,19.353,105.403,Vietnam,"Nghe An [Barite|Vein, cavity-fill, metasomatic]"
Ba,21.983,103.975,Vietnam,"Mau Xe [Barite|Vein, cavity-fill, metasomatic]"
Ba,22.485,-83.779,Cuba,Gertrudas-Jugua [Barite|Bedded-sedimentary]
Ba,27.059,66.665,Pakistan,Lasbela-Khuzdar [Barite|Bedded-sedimentary]
Ba,27.15,109.167,China,Jiangnan [Barite|Bedded-sedimentary]
Ba,28.833,-110.133,Mexico,Sonora [Barite|Bedded-sedimentary]
Ba,30.0,110.0,China,Qinling [Barite|Bedded-sedimentary]
Ba,31.576,-9.022,Morocco,"Jebel Irhoud [Barite|Vein, cavity-fill, metasomatic]"
Ba,32.2,-2.8,Morocco,"Zelmou [Barite|Vein, cavity-fill, metasomatic]"
Ba,32.842,51.767,Iran,Dorreh Kashan [Barite|Bedded-volcanic]
Ba,33.875,-82.28,United States of America,Barite Hill [Barite|Bedded-volcanic]
Ba,34.161,-84.798,United States of America,Cartersville [Barite|Residual]
Ba,34.471,-92.816,United States of America,Ouachita Mountains [Barite|Bedded-sedimentary]
Ba,35.4809,-115.534,United States of America,"Mountain Pass [Barite; Rare-Earth Elements|Vein, cavity-fill, metasomatic; Carbonatite]"
Ba,35.6014,-84.4611,United States of America,Sweetwater district [Fluorite; Barite|Mississippi Valley-type F; Residual]
Ba,38.0121,-90.7242,United States of America,Southeast Missouri Barite district [Barite|Residual]
Ba,38.076,31.368,Turkey,"Isparta [Barite|Vein, cavity-fill, metasomatic]"
Ba,38.5958,-92.8603,United States of America,"Central Missouri [Gallium; Barite|Ga in Mississippi Valley-type; Vein, cavity-fill, metasomatic]"
Ba,40.229,9.03,Italy,Sardinia [Barite|Bedded-sedimentary]
Ba,40.58,-116.696,United States of America,Nevada [Barite|Bedded-sedimentary]
Ba,41.738,140.976,Japan,Kuroko [Barite|Bedded-volcanic]
Ba,42.5,43.6833,Georgia,"Chordi [Barite|Vein, cavity-fill, metasomatic]"
Ba,44.284,72.946,Kazakhstan,Chiganak [Barite|Bedded-sedimentary]
Ba,44.4917,41.3617,Russia,Madneuli [Barite|Bedded-volcanic]
Ba,46.435,1.297,France,"Chaillac [Barite|Vein, cavity-fill, metasomatic]"
Ba,48.27,70.242,Kazakhstan,Zhayrem district [Barite|Bedded-volcanic]
Ba,48.908,-117.868,United States of America,Flagstaff Mountain [Barite|Bedded-sedimentary]
Ba,51.129,8.063,Germany,Meggen [Barite; Gallium|Bedded-sedimentary; Ga in Clastic-dominated Pb-Zn]
Ba,51.8906,10.4194,Germany,Rammelsberg [Gallium; Barite|Ga in Clastic-dominated Pb-Zn; Bedded-sedimentary]
Ba,63.0,-130.0,Canada,Selwyn Basin [Barite|Bedded-sedimentary]
Ba,68.0613,-162.8567,United States of America,Red Dog [Barite; Gallium; Germanium|Bedded-sedimentary; Ga in Clastic-dominated Pb-Zn; Sedimentary exhalative Pb-Zn]
Ba,68.15,-157.454,United States of America,Cutaway basin [Barite|Bedded-sedimentary]
Be,-41.75,145.36,Australia,Mount Lindsay [Beryllium; Tin|Non-pegmatite; Hydrothermal]
Be,-41.4862,146.0687,Australia,Moina [Fluorite; Beryllium|Tin-granite-related; Non-pegmatite]
Be,-41.4128,145.5153,Australia,Mount Bischoff [Tin; Beryllium|Hydrothermal; Non-pegmatite]
Be,-36.0833,143.2333,Australia,Wycheproof [Beryllium|Pegmatite]
Be,-33.8667,116.0625,Australia,Greenbushes [Beryllium; Lithium; Niobium and Tantalum; Tin|Pegmatite; Li-Cs-Ta type pegmatite; Hydrothermal]
Be,-33.56,120.04,Australia,Mount Cattlin [Beryllium; Niobium and Tantalum|Pegmatite; Lithium-Cesium-Tantalum type pegmatite]
Be,-32.0,-65.0,Argentina,Sierras Pampeanas [Beryllium|Non-pegmatite]
Be,-30.95,121.15,Australia,Londonderry [Beryllium|Pegmatite]
Be,-30.5143,151.667,Australia,Mole Granite [Beryllium|Non-pegmatite]
Be,-29.9433,121.1261,Australia,Menzies [Beryllium|Non-pegmatite]
Be,-29.8167,22.55,South Africa,Noumas [Beryllium|Pegmatite]
Be,-29.3333,151.65,Australia,Emmaville-Torrington District [Beryllium|Felsic and intermediate intrusion-associated; Non-pegmatite]
Be,-29.3131,151.6819,Australia,Torrington [Beryllium|Non-pegmatite]
Be,-26.9667,117.4667,Australia,Poona [Beryllium|Non-pegmatite]
Be,-23.95,30.6167,South Africa,Gravelotte [Beryllium; Titanium|Non-pegmatite; Sedimentary related]
Be,-23.6333,15.9667,Namibia,Donkerhoek [Beryllium|Pegmatite]
Be,-22.4273,117.3413,Australia,Brockman [Beryllium|Volcanogenic-hosted Be]
Be,-21.7697,-43.4903,Brazil,Humaitá [Beryllium|Pegmatite]
Be,-21.4536,47.0858,Madagascar,Bemasoandrao pegmatite [Beryllium|Pegmatite]
Be,-21.18,118.68,Australia,Wodgina [Beryllium; Lithium; Niobium and Tantalum|Pegmatite; Li-Cs-Ta type pegmatite]
Be,-21.1714,119.7435,Australia,Curlew [Beryllium|Non-pegmatite]
Be,-21.15,45.95,Madagascar,Bemokto [Beryllium|Pegmatite]
Be,-21.0833,-44.5833,Brazil,Volta Grande [Niobium and Tantalum; Beryllium; Lithium|Li-Cs-Ta type pegmatite]
Be,-21.0719,-48.4103,Brazil,Taquaral [Beryllium|Pegmatite]
Be,-21.071,118.902,Australia,Pilgangoora [Beryllium; Lithium|Pegmatite]
Be,-20.9167,29.9333,Zimbabwe,Mweza [Beryllium|Non-pegmatite]
Be,-20.8483,45.8739,Madagascar,Ampandramaika pegmatite [Beryllium|Pegmatite]
Be,-20.7467,46.075,Madagascar,Ambatovita [Beryllium|Pegmatite]
Be,-20.5398,29.2828,Zimbabwe,Filabusi [Beryllium|Non-pegmatite]
Be,-20.0744,30.8328,Zimbabwe,Fort Victoria [Beryllium|Non-pegmatite]
Be,-19.9786,46.9511,Madagascar,Ambatonapetraka (Miandrarivo) [Beryllium|Pegmatite]
Be,-19.9609,31.428,Zimbabwe,Bikita [Lithium; Beryllium|Be Type Rare-Metal Pegmatite]
Be,-19.9167,46.5333,Madagascar,Anjanabonoina [Beryllium|Rare-metal pegmatite]
Be,-19.8167,-43.95,Brazil,Minas Gerais [Beryllium|Be Type Rare-Metal Pegmatite]
Be,-19.5258,-42.6411,Brazil,Jaguaraçú [Beryllium|Pegmatite]
Be,-19.0231,-41.46,Brazil,Lavra do Urucum [Beryllium|Pegmatite]
Be,-18.9963,-41.5348,Brazil,Galiléia [Beryllium|Pegmatite]
Be,-18.9008,-41.4844,Brazil,Sapucaia [Beryllium|Pegmatite]
Be,-18.6667,47.2,Madagascar,Malakialina [Beryllium|Pegmatite]
Be,-18.3714,47.5424,Madagascar,Madagascar [Beryllium|Non-pegmatite]
Be,-18.329,27.069,Zimbabwe,Kamativi [Beryllium; Tin; Lithium|Pegmatite; Hydrothermal]
Be,-18.1667,48.0,Madagascar,Marivolanitra [Beryllium|Pegmatite]
Be,-17.8639,31.0297,Zimbabwe,Harare [Beryllium|Pegmatite]
Be,-16.8036,-41.89,Brazil,Maxixe [Beryllium|Pegmatite]
Be,-16.7786,-41.9106,Brazil,Aracuai [Beryllium|Pegmatite]
Be,-16.3231,34.0942,Mozambique,Muambe [Beryllium|Non-pegmatite]
Be,-14.4333,-49.6956,Brazil,Santa Terezinha de Goiás [Beryllium|Non-pegmatite]
Be,-14.2333,-41.6667,Brazil,Brumado [Beryllium|Non-pegmatite]
Be,-14.1453,-70.236,Peru,Macusani [Beryllium|Non-pegmatite]
Be,-13.1585,48.8551,Madagascar,Ambodibonara pegmatite [Beryllium|Pegmatite]
Be,-12.95,130.45,Australia,Finniss River [Beryllium|Pegmatite]
Be,-12.8281,28.1933,Zambia,Kafubu [Beryllium|Non-pegmatite]
Be,-11.0,-63.0,Brazil,Rondonia [Beryllium|Non-pegmatite]
Be,-10.3978,-40.5823,Brazil,Carnaiba [Beryllium|Non-pegmatite]
Be,-10.3101,-40.8108,Brazil,Socotó [Beryllium|Non-pegmatite]
Be,-7.2775,27.4508,Democratic Republic of the Congo,Manono-Kitolo Mine [Lithium; Beryllium|Pegmatite]
Be,4.6992,-73.5228,Colombia,Gachalá [Beryllium|Non-pegmatite]
Be,4.9036,-73.3689,Colombia,Chivor [Beryllium|Non-pegmatite]
Be,4.9833,-73.4281,Colombia,Somondoco [Beryllium|Non-pegmatite]
Be,5.5014,-75.7764,Colombia,Peñas Blancas [Beryllium|Non-pegmatite]
Be,5.5314,-74.1039,Colombia,Muzo [Beryllium|Non-pegmatite]
Be,6.6667,80.4,Sri Lanka,Ratnapura [Beryllium|Non-pegmatite]
Be,7.5653,80.4303,Sri Lanka,Sri Lanka [Beryllium|Pegmatite]
Be,7.715,80.7847,Sri Lanka,Elahera [Beryllium|Non-pegmatite]
Be,7.89,98.3983,Thailand,Phuket Island [Beryllium|Non-pegmatite]
Be,8.4833,76.9833,India,Trivandrum [Beryllium|Pegmatite]
Be,8.5294,7.7242,Nigeria,Nasarawa Eggon [Beryllium|Pegmatite]
Be,8.5833,98.5,Thailand,Khao Kata Kwham [Beryllium|Non-pegmatite]
Be,9.1667,9.75,Nigeria,Sabon Wana [Beryllium|Pegmatite]
Be,9.2333,8.5167,Nigeria,Nandu [Beryllium|Pegmatite]
Be,10.3098,9.8452,Nigeria,Bauchi [Beryllium|Pegmatite]
Be,10.3833,8.9333,Nigeria,Saiya-Shokobo [Beryllium|Non-pegmatite]
Be,10.44,8.44,Nigeria,Ririwai [Beryllium|Non-pegmatite]
Be,17.1617,8.5108,Niger,Taghouaji [Beryllium|Non-pegmatite]
Be,22.533,113.9305,China,Nanshan [Beryllium|Pegmatite]
Be,22.9333,111.9583,China,Jiuquling [Beryllium|Pegmatite]
Be,23.2833,5.5167,Algeria,Tuareg massif [Beryllium|Non-pegmatite]
Be,23.8911,116.6264,China,Wanfengshan [Beryllium|Non-pegmatite]
Be,24.0167,115.5333,China,Baishizhang [Beryllium|Pegmatite]
Be,24.7,34.775,Egypt,Sekeit [Beryllium|Non-pegmatite]
Be,24.8,114.225,China,Shirenzhang-Meiziwo [Beryllium|Pegmatite]
Be,25.15,42.6917,Saudi Arabia,Baid al Jimalah [Beryllium|Non-pegmatite]
Be,29.2582,-102.5424,Mexico,Aguachile [Fluorite; Beryllium|Alkaline-Volcanic-Related Epithermal F; Carbonate-hosted Be]
Be,30.289,101.284,China,Jiajika [Beryllium; Lithium|Pegmatite]
Be,30.45,114.8,China,Huanggang [Beryllium|Pegmatite]
Be,30.4667,116.15,China,Huangzhen-Zhujiachong [Beryllium|Pegmatite]
Be,30.5833,119.875,China,Shixi [Beryllium|Non-pegmatite]
Be,30.7062,-98.5554,United States of America,Barringer Hill [Beryllium|Pegmatite]
Be,30.7581,-98.2281,United States of America,Llano County [Beryllium|Pegmatite]
Be,31.0,88.0,China,Indus Suture [Beryllium|Non-pegmatite]
Be,31.2875,-105.4517,United States of America,Sierra Blanca [Beryllium|Carbonate-hosted Be]
Be,31.9053,102.2128,China,Barkam [Beryllium|Pegmatite]
Be,32.0253,-105.5153,United States of America,Wind Mountain [Beryllium|Pegmatite]
Be,32.0494,-105.525,United States of America,Cornudas Mountain [Beryllium|Non-pegmatite]
Be,32.1878,-108.0857,United States of America,Victorio Mountains [Beryllium|Carbonate-hosted epithermal Be]
Be,33.1308,71.7393,Pakistan,Makhad [Beryllium|Non-pegmatite]
Be,33.2119,-116.7978,United States of America,Himalaya [Beryllium|Pegmatite]
Be,33.2578,-116.9378,United States of America,Clark Extension [Beryllium|Pegmatite]
Be,33.2931,-116.9647,United States of America,Mesa Mountain [Beryllium|Pegmatite]
Be,33.3875,-117.0514,United States of America,Pala Chief Mine [Beryllium|Pegmatite]
Be,33.4697,-107.6369,United States of America,Iron Mountain [Beryllium|Carbonate-hosted Be]
Be,33.4798,-107.7456,United States of America,Black Mountains [Beryllium|Non-pegmatite]
Be,33.5619,-107.5956,United States of America,Apache Warm Springs [Beryllium|Volcanogenic-hosted Be]
Be,33.9629,-112.5717,United States of America,White Picacho [Beryllium; Lithium|Pegmatite]
Be,34.6294,-113.1542,United States of America,Tungstona mine [Beryllium|Non-pegmatite]
Be,34.6872,-113.0344,United States of America,Black Pearl mine [Beryllium|Non-pegmatite]
Be,34.6911,135.1973,Japan,Kobe [Beryllium|Pegmatite]
Be,34.7833,72.3667,Pakistan,Mingora [Beryllium|Non-pegmatite]
Be,34.7933,72.2889,Pakistan,Swat [Beryllium|Non-pegmatite]
Be,34.8333,72.4417,Pakistan,Charbagh [Beryllium|Non-pegmatite]
Be,34.8833,-113.95,United States of America,Magnet Cove [Beryllium|Pegmatite]
Be,35.2202,-81.3543,United States of America,Kings Mountain [Lithium; Beryllium|Be Type Rare-Metal Pegmatite]
Be,35.3167,71.8333,Pakistan,Gujar Kili [Beryllium|Non-pegmatite]
Be,35.3379,-81.3101,United States of America,Bessemer City [Beryllium|Pegmatite]
Be,35.6029,-115.1801,United States of America,McCullough Butte [Beryllium|Carbonate-hosted Be]
Be,35.7,74.0667,Pakistan,Stak Nala [Beryllium|Pegmatite]
Be,35.8053,-82.2131,United States of America,South Toe River [Beryllium|Pegmatite]
Be,35.8167,74.8167,Pakistan,Shengus [Beryllium|Pegmatite]
Be,35.8356,-82.1736,United States of America,Gaston McDowell [Beryllium|Pegmatite]
Be,35.8822,-82.0569,United States of America,Brush Creek Mountain [Beryllium|Pegmatite]
Be,35.8858,-82.2789,United States of America,Hurricane Mountain [Beryllium|Pegmatite]
Be,35.9,-81.0833,United States of America,Hiddenite [Beryllium|Non-pegmatite]
Be,35.9167,-82.0667,United States of America,McKinney [Beryllium|Pegmatite]
Be,35.9429,-82.0827,United States of America,Spruce Pine [Beryllium; Lithium|Non-pegmatite; Li-Cs-Ta type pegmatite]
Be,35.952,74.5932,Pakistan,Gilgit [Beryllium|Non-pegmatite]
Be,35.9867,-104.9191,United States of America,Pidlite [Beryllium|Pegmatite]
Be,36.0597,-82.0108,United States of America,Plumtree [Beryllium|Pegmatite]
Be,36.1926,-105.7948,United States of America,Harding [Beryllium; Lithium|Pegmatite]
Be,36.1978,74.0852,Pakistan,Khaltaro [Beryllium|Pegmatite]
Be,37.3744,-118.1361,United States of America,Birch Creek [Beryllium|Non-pegmatite]
Be,37.521,-88.354,United States of America,Hicks Dome [Fluorite; Beryllium|Carbonatite-Related F; Pegmatite]
Be,37.8119,-107.6645,United States of America,Silverton [Beryllium|Non-pegmatite]
Be,38.4394,-112.7158,United States of America,Wah-Wah [Beryllium|Non-pegmatite]
Be,38.4731,74.2539,Tajikistan,Rangkul' [Beryllium|Pegmatite]
Be,38.5417,-106.6256,United States of America,Brown Derby [Beryllium|Pegmatite]
Be,38.5889,-119.3778,United States of America,Steamboat Springs [Beryllium|Pegmatite]
Be,38.6739,-106.2469,United States of America,Mount Antero [Beryllium|Non-pegmatite]
Be,38.6777,-119.1168,United States of America,Mount Wheeler [Beryllium|Veins]
Be,38.7475,-104.9111,United States of America,St. Peter's Dome [Beryllium|Pegmatite]
Be,38.7931,-105.5953,United States of America,Meyers Ranch [Beryllium|Pegmatite]
Be,38.8175,-104.9142,United States of America,Pikes Peak [Beryllium|Pegmatite]
Be,38.865,-119.4772,United States of America,Oreana [Beryllium|Non-pegmatite]
Be,39.0764,-105.4483,United States of America,Boomer mine [Beryllium|Skarn and Greisen-Hosted Be-F]
Be,39.0992,-105.4178,United States of America,Redskin Granite [Beryllium|Non-pegmatite]
Be,39.3369,-105.2175,United States of America,Big Bertha [Beryllium|Pegmatite]
Be,39.3814,-105.2114,United States of America,Twin Cedars [Beryllium|Pegmatite]
Be,39.7058,-113.5869,United States of America,Honeycomb Hills [Beryllium|Non-pegmatite]
Be,39.7216,-113.1971,United States of America,Spor Mountain [Beryllium; Fluorite|Volcanogenic-hosted Be; Peralkaline to Alkaline-Intrusion-Related F]
Be,39.9378,-112.5086,United States of America,Sheeprock [Beryllium|Skarn and Greisen-Hosted Be-F]
Be,40.1183,-113.7983,United States of America,Rodenhouse Wash [Beryllium|Pegmatite/granite Be]
Be,40.1614,-113.79,United States of America,Gold Hill [Beryllium|Veins]
Be,40.5464,-105.3733,United States of America,Crystal Mountain [Lithium; Beryllium|Pegmatite]
Be,40.95,-117.4833,United States of America,Golconda [Beryllium|Pegmatite]
Be,41.1157,-74.5874,United States of America,Franklin [Beryllium; Gallium|Pegmatite; Ga in Clastic-dominated Pb-Zn]
Be,41.2931,-73.5164,United States of America,Ridgefield [Beryllium|Pegmatite]
Be,41.3542,-73.3506,United States of America,Biermann [Beryllium|Pegmatite]
Be,41.3658,-73.1847,United States of America,East Village pegmatite [Beryllium|Pegmatite]
Be,41.4511,-73.395,United States of America,Danbury line [Beryllium|Pegmatite]
Be,41.4825,-73.4094,United States of America,Brookfield [Beryllium|Pegmatite]
Be,41.7636,-6.735,Portugal,Western Iberia [Beryllium|Non-pegmatite]
Be,42.1333,23.55,Bulgaria,Rila Mountains [Beryllium|Pegmatite]
Be,42.1822,-8.3599,Spain,Franqueira [Beryllium|Non-pegmatite]
Be,42.5751,-8.1339,Spain,Galicia [Beryllium|Non-pegmatite]
Be,42.5923,-8.3509,Spain,Forcarei [Beryllium|Pegmatite]
Be,42.6556,-70.6208,United States of America,Rockport [Beryllium|Pegmatite]
Be,43.6115,-71.7929,United States of America,Smith-Bullock [Beryllium|Pegmatite]
Be,43.7156,-103.6694,United States of America,Tip Top [Beryllium|Pegmatite]
Be,43.7275,-103.6125,United States of America,Roosevelt pegmatite [Beryllium|Pegmatite]
Be,43.7514,-71.8896,United States of America,Palermo [Lithium; Beryllium|Be Type Rare-Metal Pegmatite]
Be,43.8711,-103.425,United States of America,Hugo [Beryllium|Pegmatite]
Be,43.8806,-103.4189,United States of America,Etta [Beryllium|Pegmatite]
Be,43.8903,-103.4194,United States of America,Peerless [Beryllium|Pegmatite]
Be,43.8944,-103.4417,United States of America,Dan Patch [Beryllium|Pegmatite]
Be,43.9128,-115.8914,United States of America,Sawtooth [Beryllium|Pegmatite]
Be,43.9528,-114.9811,United States of America,Alphabet Group Prospect [Beryllium|Pegmatite]
Be,44.113,-103.8134,United States of America,Black Hills [Beryllium; Lithium; Tellurium|Be Type Rare-Metal Pegmatite; Te in Epithermal Au-Ag]
Be,44.1203,-69.24,United States of America,Peg Claims [Beryllium|Pegmatite]
Be,44.2692,-70.4733,United States of America,Mount Mica [Beryllium; Lithium|Pegmatite]
Be,44.5442,-70.7236,United States of America,Crooker pegmatite [Beryllium|Pegmatite]
Be,44.5598,41.034,Russia,Voznesenkoye [Beryllium|Skarn and Greisen-Hosted Be-F]
Be,44.5833,-76.4163,Canada,Matthews Yankee [Beryllium|Pegmatite]
Be,44.682,-63.7443,Canada,Nova Scotia [Beryllium|Non-pegmatite]
Be,45.3142,-77.3783,Canada,Beryl Pit [Beryllium|Pegmatite]
Be,45.4556,120.475,China,Baerzhe [Beryllium|Non-pegmatite]
Be,45.5628,-73.1417,Canada,Mont Saint-Hilaire [Beryllium|Non-pegmatite]
Be,45.8667,8.8667,Italy,Cuasso al Monte [Beryllium|Pegmatite]
Be,45.9,115.4,Mongolia,Yugozor mine [Beryllium|Pegmatite]
Be,45.9167,8.5,Italy,Baveno [Beryllium|Pegmatite]
Be,45.9812,127.8039,China,Dongshanwan [Beryllium|Pegmatite]
Be,46.02,-112.544,United States of America,Butte (Lexington Mine) [Beryllium|Pegmatite]
Be,46.1289,8.4139,Italy,Val Vigezzo [Beryllium|Pegmatite]
Be,46.1667,81.5833,Kazakhstan,Bota Burum [Beryllium|Pegmatite]
Be,46.1833,2.9333,France,Beauvoir-Echassieres [Niobium and Tantalum; Beryllium; Lithium|Rare-metal granite; Non-pegmatite; Li-Cs-Ta type pegmatite]
Be,46.2382,-63.1311,Canada,Prince Edward Island [Beryllium|Non-pegmatite]
Be,46.3167,9.4,Italy,Chiavenna Mountain [Beryllium|Pegmatite]
Be,46.3728,96.2572,Mongolia,Altai #3 [Beryllium|Pegmatite]
Be,46.5653,-66.4619,Canada,New Brunswick [Beryllium|Non-pegmatite]
Be,46.62,8.49,Switzerland,Blauberg [Beryllium|Non-pegmatite]
Be,46.7333,111.7167,Mongolia,Buren-Tsogto Mine [Beryllium|Pegmatite]
Be,46.7667,8.7333,Switzerland,Griesserental [Beryllium|Non-pegmatite]
Be,46.8392,14.9919,Austria,Weinebene [Beryllium|Pegmatite]
Be,47.0189,75.135,Kazakhstan,Kounrad [Beryllium|Non-pegmatite]
Be,47.2,12.3667,Austria,Habachtal [Beryllium|Non-pegmatite]
Be,47.2667,72.25,Kazakhstan,Qaraoba [Beryllium|Non-pegmatite]
Be,47.8667,110.1667,Mongolia,Undur Tsagaan [Beryllium|Pegmatite]
Be,47.9811,74.0561,Kazakhstan,Aqshatau [Beryllium|Skarn and Greisen-Hosted Be-F]
Be,48.1,81.45,Kazakhstan,Verkhnee Espe [Beryllium|Non-pegmatite]
Be,48.1363,8.2365,Germany,Triberg [Beryllium|Non-pegmatite]
Be,48.1502,107.576,Mongolia,Goricho [Beryllium|Pegmatite]
Be,48.3667,8.2167,Germany,Schwarzwald [Beryllium|Non-pegmatite]
Be,48.4086,91.9508,Mongolia,Khaldzan-Burgtey [Beryllium|Pegmatite]
Be,48.4108,-77.8092,Canada,Québec Lithium [Beryllium|Pegmatite]
Be,48.4269,-78.3453,Canada,Height of Land Mine [Beryllium|Pegmatite]
Be,48.5242,-120.6531,United States of America,Golden Horn batholith [Beryllium|Pegmatite]
Be,48.5389,92.925,Mongolia,Altai [Beryllium|Non-pegmatite]
Be,48.7224,14.0952,Czech Republic,Bližná [Beryllium|Pegmatite]
Be,48.7278,13.3811,Germany,Tittling [Beryllium|Pegmatite]
Be,49.0,-87.0,Canada,Nama Creek [Beryllium|Pegmatite]
Be,49.1078,15.4228,Czech Republic,Kostelní Vydrí [Beryllium|Pegmatite]
Be,49.1938,15.8403,Czech Republic,Kracovice [Beryllium|Pegmatite]
Be,49.2311,13.5202,Czech Republic,Sušice [Beryllium|Pegmatite]
Be,49.395,102.6933,Mongolia,Hutag Ull Ord [Beryllium|Pegmatite]
Be,49.4478,16.2747,Czech Republic,Vežná [Beryllium|Pegmatite]
Be,49.4865,12.8425,Czech Republic,Otov [Beryllium|Pegmatite]
Be,49.575,-116.1722,Canada,Hellroaring Creek [Beryllium|Deposit type unclassified]
Be,49.6503,12.4597,Germany,Hagendorf-Süd [Beryllium|Pegmatite]
Be,49.6851,82.1727,Kazakhstan,Zhanuzak [Beryllium|Pegmatite]
Be,49.9653,9.1842,Germany,Aschaffenburg [Beryllium|Pegmatite]
Be,50.0,12.0,Germany,Fichtelgebirge [Beryllium|Pegmatite]
Be,50.1,114.6667,Mongolia,Khukh-Del-Ula [Beryllium|Pegmatite]
Be,50.1308,-5.7014,England,Cornwall [Beryllium|Non-pegmatite]
Be,50.3506,-95.2686,Canada,Silver Leaf-Greer Lake [Beryllium|Pegmatite]
Be,50.3919,-95.5,Canada,Shatford Lake [Beryllium|Pegmatite]
Be,50.4173,-95.4362,Canada,Bernic Lake [Beryllium|Be Type Rare-Metal Pegmatite]
Be,50.4178,-95.385,Canada,Buck-Coe-Pegli pegmatite [Beryllium|Pegmatite]
Be,50.4333,-95.45,Canada,Tanco [Niobium and Tantalum; Beryllium; Lithium|Be Type Rare-Metal Pegmatite; Li-Cs-Ta type pegmatite]
Be,50.52,116.3,Russia,Sherlova Gora [Beryllium|Non-pegmatite]
Be,50.6486,12.9311,Germany,Greifenstein [Beryllium|Pegmatite]
Be,50.654,12.984,Germany,Ertzgebirge Region [Beryllium|Non-pegmatite; Felsic and intermediate intrusion-associated]
Be,50.7145,-4.0302,England,Meldon [Lithium; Beryllium|Pegmatite]
Be,50.727,13.769,Czech Republic,Krušné Hory [Beryllium|Felsic and intermediate intrusion-associated; Non-pegmatite]
Be,50.9667,12.8833,Germany,Königshein [Beryllium|Pegmatite]
Be,50.9833,16.3333,Poland,Strzegom [Beryllium|Pegmatite]
Be,51.0,28.5,Ukraine,Korosten pluton [Beryllium|Pegmatite]
Be,51.3981,27.8944,Ukraine,Perga [Beryllium|Non-pegmatite]
Be,51.7167,94.45,Russia,Kyzyl City [Beryllium|Non-pegmatite]
Be,51.7273,-91.8228,Canada,Yitt pegmatite [Beryllium|Pegmatite]
Be,52.2014,-78.5062,Canada,James Bay (Lithium One) [Beryllium|Be Type Rare-Metal Pegmatite]
Be,52.2333,27.8667,Belarus,Diabazovoe [Beryllium|Non-pegmatite]
Be,52.5035,92.5933,Russia,Ermakovskoe [Beryllium|Non-pegmatite]
Be,52.6883,76.4869,Kazakhstan,Qatpar [Beryllium|Non-pegmatite]
Be,53.2778,69.3889,Kazakhstan,Kokshetau [Beryllium|Non-pegmatite]
Be,53.3333,69.4167,Kazakhstan,Elenovsk Complex [Beryllium|Non-pegmatite]
Be,54.0833,61.5667,Russia,Troitsky [Beryllium|Non-pegmatite]
Be,54.2333,-62.3833,Canada,Mann #1 [Beryllium|Non-pegmatite]
Be,54.8331,112.4061,Russia,Buryatia [Beryllium|Non-pegmatite]
Be,54.8873,-100.0218,Canada,Violet [Beryllium|Pegmatite]
Be,55.22,97.75,Russia,Vishnyalovskoye [Niobium and Tantalum; Beryllium|Lithium-Cesium-Tantalum type pegmatite]
Be,56.2167,87.75,Russia,Marinksy [Beryllium|Non-pegmatite]
Be,56.3,-64.12,Canada,Strange Lake [Beryllium; Niobium and Tantalum; Rare-Earth Elements|Peralkaline intrusion Be]
Be,56.4167,62.0333,Russia,Boevskoe [Beryllium|Non-pegmatite]
Be,56.5222,-61.5281,Canada,Nain Complex [Beryllium|Non-pegmatite]
Be,56.6153,-95.8361,Canada,High Grade Dyke pegmatite [Beryllium|Pegmatite]
Be,57.0,61.4667,Russia,Mursink [Beryllium|Pegmatite]
Be,57.0536,61.8267,Russia,Reft River [Beryllium|Non-pegmatite]
Be,57.15,65.5333,Russia,Upper Tura River [Beryllium|Pegmatite]
Be,57.6636,11.9456,Sweden,Högsbo [Beryllium|Pegmatite]
Be,58.6,7.85,Norway,Evje-Iveland [Beryllium|Pegmatite]
Be,58.7346,5.7452,Norway,Skarsfjell [Beryllium|Pegmatite]
Be,58.9331,18.1831,Sweden,Rånö [Beryllium|Pegmatite]
Be,58.9333,17.8,Sweden,Stora Vika [Beryllium|Pegmatite]
Be,58.9667,18.3167,Sweden,Utö [Beryllium; Lithium|Pegmatite]
Be,58.9833,18.3333,Sweden,Nyköping [Beryllium|Pegmatite]
Be,59.0005,9.7473,Norway,Langesundsfjord [Beryllium|Pegmatite]
Be,59.14,9.266,Norway,Høydalen [Beryllium|Pegmatite]
Be,59.15,8.8,Norway,Tørdal district [Beryllium|Pegmatite]
Be,59.1833,8.75,Norway,Heftetjern [Beryllium|Pegmatite]
Be,59.3294,18.0686,Sweden,Stockholm area [Beryllium|Pegmatite]
Be,59.4267,18.3533,Sweden,Ytterby [Beryllium|Pegmatite]
Be,59.5,18.2667,Sweden,Norrö [Beryllium|Pegmatite]
Be,59.8536,14.2594,Sweden,Långban [Beryllium|Pegmatite]
Be,59.9833,13.9333,Sweden,Klintberget [Beryllium|Pegmatite]
Be,60.0,-131.6,Canada,Logtung [Beryllium|Non-pegmatite]
Be,60.1122,22.5744,Finland,Rosendal [Beryllium|Pegmatite]
Be,60.1639,22.7278,Finland,Kimito [Beryllium|Pegmatite]
Be,60.3167,11.2333,Norway,Eidsvoll [Beryllium|Non-pegmatite]
Be,60.3941,11.2208,Norway,Byrud Minnesund [Beryllium|Non-pegmatite]
Be,60.5811,26.8989,Finland,Kymi [Beryllium|Non-pegmatite]
Be,60.7263,23.6211,Finland,Hirvikallio [Beryllium|Pegmatite]
Be,60.975,-45.9917,Greenland,Kvanefjeld [Beryllium|Peralkaline intrusion Be]
Be,61.0108,-45.7058,Greenland,Ilimaussaq complex [Niobium and Tantalum; Rare-Earth Elements; Beryllium|Peralkaline intrusion Be]
Be,61.198,-44.996,Greenland,Motzfeldt [Beryllium; Niobium and Tantalum|Non-pegmatite; Alkaline granite and syenite]
Be,61.2024,21.734,Finland,Eujaroki [Beryllium|Non-pegmatite]
Be,61.2061,-48.1756,Greenland,Ivigtut [Beryllium|Non-pegmatite]
Be,61.3151,23.9769,Finland,Pyörönmaa [Beryllium|Pegmatite]
Be,61.4667,24.0667,Finland,Kangasala [Beryllium|Pegmatite]
Be,61.575,31.4778,Russia,Pitkäranta [Beryllium|Non-pegmatite]
Be,61.5844,24.6772,Finland,Viitaniemi [Beryllium|Pegmatite]
Be,61.6914,-130.7739,Canada,Finlayson Lake [Beryllium|Non-pegmatite]
Be,62.11,-112.6,Canada,Thor Lake [Beryllium; Niobium and Tantalum; Rare-Earth Elements|Peralkaline intrusion Be]
Be,62.4422,-114.3975,Canada,Yellowknife field [Beryllium|Pegmatite]
Be,62.5001,-113.0014,Canada,FI [Beryllium|Pegmatite]
Be,63.4256,23.7061,Finland,Ullava (Länttä) [Lithium; Beryllium|Pegmatite]
Be,64.8008,20.7411,Sweden,Varuträsk [Beryllium; Lithium|Pegmatite]
Be,65.4756,-167.155,United States of America,Lost River [Fluorite; Beryllium; Tin|Skarn and Greisen-Hosted Be-F]
Be,65.5369,-167.1433,United States of America,Seward Peninsula [Beryllium|Skarn and Greisen-Hosted Be-F]
Be,66.4042,13.8764,Norway,Høgtuva Mountain [Beryllium|Pegmatite]
Be,67.6167,33.8833,Russia,Khibiny [Beryllium|Pegmatite]
Be,67.6333,36.7,Russia,Western Keivy [Beryllium|Pegmatite]
Be,67.8917,34.6115,Russia,Lovozero Deposit [Rare-Earth Elements; Beryllium; Niobium and Tantalum|Peralkaline igneous; Non-pegmatite; Alkaline granite and syenite]
Be,68.15,33.2833,Russia,Orlinogorski [Beryllium|Non-pegmatite]
Be,68.9543,33.1076,Russia,Murmansk [Beryllium|Pegmatite]
F,-41.4862,146.0687,Australia,Moina [Fluorite; Beryllium|Tin-granite-related; Non-pegmatite]
F,-32.5019,-64.7945,Argentina,"Cerros Negros [Fluorite|Volcanics of ""normal"" evolution]"
F,-28.1333,31.9,South Africa,Hlabisa [Fluorite|Deposit type unclassified]
F,-26.6222,-49.2595,Brazil,"Santa Catarina district [Fluorite|Alkaline-intrusion-related veins, skarns, and carbonate replacements]"
F,-25.717,26.092,South Africa,Marico district [Fluorite|Mississippi Valley-type F]
F,-25.2553,28.5811,South Africa,Vergenoeg [Fluorite|Tin-granite-related]
F,-24.8577,28.1707,South Africa,Zwartkloof [Fluorite|Tin granite]
F,-24.7471,-49.181,Brazil,Mato Preto [Fluorite|Carbonatite-Related F]
F,-24.4815,28.6584,South Africa,Buffalo [Fluorite|Tin-granite-related]
F,-20.0667,16.7667,Namibia,Okorusu [Fluorite|Carbonatite-Related F]
F,-17.9333,34.2,Mozambique,Macossa [Fluorite|Deposit type unclassified]
F,-17.5779,34.3103,Mozambique,Canxixe area [Fluorite|Deposit type unclassified]
F,-16.4075,127.9839,Australia,Speewah [Fluorite|Carbonatite-Related F]
F,-16.4,32.5833,Mozambique,Chioco-Djanguire area [Fluorite|Deposit type unclassified]
F,-16.317,34.083,Mozambique,Mount Muambe [Fluorite|Carbonatite-Related F]
F,0.3334,35.627,Kenya,"Kimwarer [Fluorite|Alkaline-volcanic-related epithermal veins, breccia-fills, and carbonate replacements]"
F,12.7316,30.8371,Sudan,Jebel Semeih (J. Sumayh) [Fluorite|Deposit type unclassified]
F,13.3667,99.4667,Thailand,Yang Hak district [Fluorite|Deposit type unclassified]
F,17.8792,98.775,Thailand,Doi Tao district [Fluorite|Deposit type unclassified]
F,18.2127,98.8189,Thailand,Ban Hong [Fluorite|Subalkaline-Volcanic-Related Epithermal F]
F,18.589,-99.5446,Mexico,"La Azul deposit, Taxco district [Fluorite|Deposit type unclassified]"
F,21.5702,-100.1771,Mexico,"El Refugio mine [Fluorite|Related to volcanics of ""normal evolution""]"
F,21.6479,105.667,Vietnam,Nui Phao [Fluorite|Tin-granite-related]
F,21.9441,-100.5816,Mexico,"Las Cuevas [Fluorite|Related to volcanics of ""normal evolution""]"
F,21.9969,74.0628,India,Amba Dongar [Fluorite|Carbonatite-Related F]
F,25.66,113.17,China,Shizhuyuan District [Fluorite|Tin-granite-related; Felsic and intermediate intrusion-associated]
F,26.85,-105.8622,Mexico,Parral district [Fluorite|Deposit type unclassified]
F,26.95,112.8675,China,Shuangjiangkou [Fluorite|Deposit type unclassified]
F,27.3,100.0833,China,Mahuaping [Fluorite|Tin-granite-related]
F,28.025,118.9008,China,"Badu [Fluorite|Related to volcanics of ""normal evolution""]"
F,28.4567,101.9775,China,Maoniuping [Rare-Earth Elements; Fluorite|Carbonatite-Related F]
F,28.5424,-102.4964,Mexico,Encantada-Buenavista [Fluorite|Salt-Related Carbonate-Hosted F]
F,28.5853,109.4739,China,Huayuan district [Fluorite|Mississippi Valley-type F]
F,28.6667,118.9333,China,"Hushan [Fluorite|Related to volcanics of ""normal evolution""]"
F,28.9167,119.7,China,"Houshu [Fluorite|Related to volcanics of ""normal evolution""]"
F,28.9893,119.8893,China,"Yangjia-Wuyi [Fluorite|Related to volcanics of ""normal evolution""]"
F,29.1833,112.9833,China,"Donggangshan [Fluorite|Related to volcanics of ""normal evolution""]"
F,29.2582,-102.5424,Mexico,Aguachile [Fluorite; Beryllium|Alkaline-Volcanic-Related Epithermal F; Carbonate-hosted Be]
F,29.3667,113.45,China,Taolin [Fluorite|Tin granite]
F,29.4379,67.1485,Pakistan,Kalat district [Fluorite|Mississippi Valley-type F]
F,30.5333,118.7675,China,Zhuancum [Fluorite|Deposit type unclassified]
F,30.5833,119.8675,China,"Yinzishan [Fluorite|Related to volcanics of ""normal evolution""]"
F,31.4,114.5667,China,Huahe [Fluorite|Peralkaline to Alkaline-Intrusion-Related F]
F,32.5333,113.85,China,"Jianshan [Fluorite|Related to volcanics of ""normal evolution""]"
F,32.6123,-107.7541,United States of America,White Eagle [Fluorite|Alkaline-Volcanic-Related Epithermal F]
F,32.7255,-108.6763,United States of America,Great Eagle [Fluorite|Alkaline-Volcanic-Related Epithermal F]
F,33.3171,-108.8214,United States of America,Huckleberry mine [Fluorite|Alkaline-Volcanic-Related Epithermal F]
F,33.5578,-5.8081,Morocco,El Hammam [Fluorite|Tin-granite-related]
F,33.7667,112.0833,China,Chenlou [Fluorite|Deposit type unclassified]
F,34.4427,-2.997,Morocco,Jebel Tirremi [Fluorite|Peralkaline to Alkaline-Intrusion-Related F]
F,35.6014,-84.4611,United States of America,Sweetwater district [Fluorite; Barite|Mississippi Valley-type F; Residual]
F,36.3415,10.2044,Tunisia,Hammam Zriba [Fluorite|Salt-Related Carbonate-Hosted F]
F,36.8871,-2.6303,Spain,Bétic Cordillera region [Fluorite|Deposit type unclassified]
F,36.8896,-116.6811,United States of America,Daisy mine [Fluorite|Alkaline-Volcanic-Related Epithermal F]
F,36.9251,-2.5421,Spain,Sierra Gador district [Fluorite|Deposit type unclassified]
F,37.299,-88.235,United States of America,Illinois-Kentucky fluorspar district [Fluorite; Gallium|Mississippi Valley-type]
F,37.521,-88.354,United States of America,Hicks Dome [Fluorite; Beryllium|Carbonatite-Related F; Pegmatite]
F,38.2167,-113.8333,United States of America,Indian Peak district [Fluorite|Alkaline-Volcanic-Related Epithermal F]
F,38.6316,-106.0664,United States of America,Brown's Canyon district [Fluorite|Deposit type unclassified]
F,38.8371,68.9387,Tajikistan,Takob [Fluorite|Deposit type unclassified]
F,39.436,9.475,Italy,Bruncu Molentinu [Fluorite|Deposit type unclassified]
F,39.517,9.256,Italy,Muscadroxiu-GennaTres Montis-S'Acqua Frida (Silius mine) [Fluorite|Salt-Related Carbonate-Hosted F]
F,39.617,31.365,Turkey,Kizilcaören (a.k.a. Beylikahir) [Fluorite|Carbonatite-Related F]
F,39.7216,-113.1971,United States of America,Spor Mountain [Beryllium; Fluorite|Volcanogenic-hosted Be; Peralkaline to Alkaline-Intrusion-Related F]
F,40.128,-105.3987,United States of America,Jamestown district [Fluorite|Peralkaline to Alkaline-Intrusion-Related F]
F,40.9244,-106.2744,United States of America,"Northgate district [Fluorite|Alkaline-volcanic-related epithermal veins, breccia-fills, and carbonate replacements]"
F,41.2058,70.5331,Uzbekistan,Suppatash [Fluorite|Deposit type unclassified]
F,41.9497,2.593,Spain,Osor [Fluorite|Salt-Related Carbonate-Hosted F]
F,42.067,12.1441,Italy,Pianciano-Castel Giuliano [Fluorite|Tuffaceous Limy Lacustrine Sediment-hosted F]
F,42.5414,2.3148,France,Escaro [Fluorite|Salt-Related Carbonate-Hosted F]
F,42.5755,11.7469,Italy,Santo Maria di Sala [Fluorite|Tuffaceous Limy Lacustrine Sediment-hosted F]
F,42.808,-117.7199,United States of America,Rome occurrence [Fluorite|Tuffaceous Limy Lacustrine Sediment-hosted F]
F,43.1167,75.1167,Kazakhstan,Taskainar (Taskaynar) [Fluorite|Tin-granite-related]
F,43.1231,111.27,China,"Sumochagan Obo [Fluorite|Related to volcanics of ""normal evolution""]"
F,43.4277,-5.6219,Spain,Asturias region [Fluorite|Salt-Related Carbonate-Hosted F]
F,43.8211,2.3782,France,Montroc [Fluorite|Salt-Related Carbonate-Hosted F]
F,43.8731,2.406,France,Le Burc [Fluorite|Salt-Related Carbonate-Hosted F]
F,44.1662,132.1922,Russia,Voznesenka and Pogranichny [Fluorite|Tin-granite-related; Felsic and intermediate intrusion-associated]
F,44.1667,132.1833,Russia,Pogranichny [Fluorite|Tin-granite-related]
F,44.3729,104.1629,Mongolia,Mushugai-Khudag [Fluorite|Carbonatite-Related F]
F,44.7058,110.7389,Mongolia,Urgun (Örgön) [Fluorite|Alkaline-Volcanic-Related Epithermal F]
F,44.8541,-114.5036,United States of America,Meyers Cove [Fluorite|Subalkaline-volcanic-related epithermal veins and replacements]
F,45.0492,3.4951,France,Le Barlet [Fluorite|Salt-Related Carbonate-Hosted F]
F,45.06,-78.19,Canada,Fission (Richardson) mine [Fluorite|Carbonatite-Related F]
F,46.0062,-113.8881,United States of America,"Crystal Mountain [Fluorite|Skarns, greisens, veins, and replacements related to strongly differentiated granites]"
F,46.2681,109.4417,Mongolia,Bor Ondor [Fluorite|Alkaline-Volcanic-Related Epithermal F]
F,46.3671,110.0417,Mongolia,Zuum-Tsagaan-Del [Fluorite|Alkaline-Volcanic-Related Epithermal F]
F,46.4211,1.3081,France,Rossignol [Fluorite|Salt-Related Carbonate-Hosted F]
F,46.5,109.333,Mongolia,Adag [Fluorite|Alkaline-Volcanic-Related Epithermal F]
F,46.9159,-55.4072,Canada,St. Lawrence district [Fluorite|Peralkaline to Alkaline-Intrusion-Related F]
F,46.974,4.078,France,Argentolle [Fluorite|Salt-Related Carbonate-Hosted F]
F,47.218,18.505,Hungary,Pakozd [Fluorite|Tin granite]
F,47.7733,111.1693,Mongolia,Berkh [Fluorite|Alkaline-Volcanic-Related Epithermal F]
F,49.9819,78.7299,Kazakhstan,"Karadzhal [Fluorite|Skarns, greisens, veins, and replacements related to strongly differentiated granites]"
F,50.9167,105.6167,Russia,Naransky [Fluorite|Peralkaline to Alkaline-Intrusion-Related F]
F,51.0108,116.5294,Russia,"Kalangui [Fluorite|Related to volcanics of ""normal evolution""]"
F,51.3051,92.1325,Russia,Karasug [Fluorite|Carbonatite-Related F]
F,51.6737,109.5605,Russia,"Yermakovka (Yermakovsky, Ermakovsky) [Fluorite|Peralkaline to Alkaline-Intrusion-Related F]"
F,51.9097,92.3972,Russia,Chaakhol [Fluorite|Carbonatite-Related F]
F,53.2743,-1.6929,United Kingdom,Southern Pennine Orefield [Fluorite|Mississippi Valley-type F]
F,53.837,57.8089,Russia,Suran I & Suran II [Fluorite|Subalkaline-volcanic-related epithermal veins and replacements]
F,54.7946,-2.1734,United Kingdom,Northern Pennine Orefield [Fluorite|Mississippi Valley-type F]
F,54.9,113.1167,Russia,Auninsky [Fluorite|Peralkaline to Alkaline-Intrusion-Related F]
F,65.4756,-167.155,United States of America,Lost River [Fluorite; Beryllium; Tin|Skarn and Greisen-Hosted Be-F]
Ga,-42.4213,146.5263,Australia,Ouse-Saint Leonards [Gallium|Ga in Bauxite]
Ga,-41.8333,145.5333,Australia,"Mount Read [Gallium|Ga in Volcanogenic Massive Sulfide, Kuroko type]"
Ga,-41.774,145.539,Australia,"Rosebery [Barite; Gallium|Bedded-volcanic; Ga in Volcanogenic Massive Sulfide, Kuroko type]"
Ga,-34.535,150.367,Australia,Moss Vale [Gallium|Ga in Bauxite]
Ga,-33.0796,149.1652,Australia,"Woodlawn [Gallium|Ga in Volcanogenic Massive Sulfide, Kuroko type]"
Ga,-32.9397,116.4578,Australia,Mount Saddleback [Gallium|Ga in Bauxite]
Ga,-32.8946,115.9259,Australia,Willowdale [Gallium|Ga in Bauxite]
Ga,-32.8,116.467,Australia,Boddington [Gallium|Ga in Bauxite]
Ga,-32.5849,116.0557,Australia,Huntly [Gallium|Ga in Bauxite]
Ga,-32.5735,116.1651,Australia,Darling Range [Gallium|Ga in Bauxite]
Ga,-32.5476,115.9907,Australia,Del Park [Gallium|Ga in Bauxite]
Ga,-32.3244,116.0644,Australia,Jarrahdale [Gallium|Ga in Bauxite]
Ga,-32.037,115.8329,Australia,Alcoa [Gallium|Ga in Bauxite]
Ga,-31.9667,141.4667,Australia,Broken Hill [Gallium|Ga in Clastic-dominated Pb-Zn]
Ga,-31.1614,145.6567,Australia,Elura [Gallium|Ga in Clastic-dominated Pb-Zn]
Ga,-29.2572,18.8019,South Africa,Big Syncline [Gallium|Ga in Clastic-dominated Pb-Zn]
Ga,-29.2519,18.9811,South Africa,Gamsberg [Gallium|Ga in Clastic-dominated Pb-Zn]
Ga,-29.2325,18.7303,South Africa,Black Mountain [Gallium|Ga in Clastic-dominated Pb-Zn]
Ga,-28.7795,116.966,Australia,"Golden Grove [Gallium|Ga in Volcanogenic Massive Sulfide, Kuroko type]"
Ga,-28.4742,23.5969,South Africa,Bushy Park [Gallium|Ga in Mississippi Valley-type]
Ga,-27.9506,16.7644,Namibia,Rosh Pinah [Gallium|Ga in Clastic-dominated Pb-Zn]
Ga,-27.8564,153.1144,Australia,Tambourine [Gallium|Ga in Bauxite]
Ga,-27.8113,-50.3169,Brazil,Lages [Gallium|Ga in Bauxite]
Ga,-27.4306,24.2697,South Africa,Pering [Gallium|Ga in Mississippi Valley-type]
Ga,-21.87,140.92,Australia,Cannington [Gallium|Ga in Clastic-dominated Pb-Zn]
Ga,-21.8609,-46.5858,Brazil,Poço de Caldas [Gallium|Ga in Bauxite]
Ga,-21.4475,-42.8758,Brazil,Cataguases [Gallium|Ga in Bauxite]
Ga,-21.1145,-44.2095,Brazil,São João del Rei [Gallium|Ga in Bauxite]
Ga,-20.9966,117.9994,Australia,"Mons Cupri [Gallium|Ga in Volcanogenic Massive Sulfide, Kuroko type]"
Ga,-20.57,139.472,Australia,Mount Isa [Gallium; Cobalt|Ga and Co in Clastic-dominated Pb-Zn]
Ga,-20.5467,139.2822,Australia,Hilton [Gallium|Ga in Clastic-dominated Pb-Zn]
Ga,-20.25,140.15,Australia,Dugald River [Gallium|Ga in Clastic-dominated Pb-Zn]
Ga,-20.2,-43.4842,Brazil,Ouro Prêto [Gallium|Ga in Bauxite]
Ga,-19.7675,139.07,Australia,Lady Loretta [Gallium|Ga in Clastic-dominated Pb-Zn]
Ga,-19.4261,18.0219,Namibia,Khusib Springs [Gallium|Ga in Clastic-dominated Pb-Zn]
Ga,-19.2394,17.7161,Namibia,Tsumeb [Gallium|Ga in Clastic-dominated Pb-Zn]
Ga,-19.2269,122.28,Australia,Admiral Bay [Gallium|Ga in Mississippi Valley-type]
Ga,-18.75,138.63,Australia,Century [Gallium|Ga in Clastic-dominated Pb-Zn]
Ga,-18.3075,125.7722,Australia,Pillara [Gallium|Ga in Mississippi Valley-type]
Ga,-17.5039,-46.8208,Brazil,Morro Agudo [Gallium|Ga in Clastic-dominated Pb-Zn]
Ga,-16.5386,136.1497,Australia,Coxco [Gallium|Ga in Mississippi Valley-type]
Ga,-16.4328,136.9958,Australia,McArthur River [Gallium|Ga in Clastic-dominated Pb-Zn]
Ga,-15.4428,128.9589,Australia,Sorby Hills [Gallium|Ga in Mississippi Valley-type]
Ga,-15.2218,125.9908,Australia,Mitchell Plateau [Gallium|Ga in Bauxite]
Ga,-14.2065,28.2971,Zambia,Kabwe [Gallium; Germanium|Ga in Clastic-dominated Pb-Zn; Ge in Kipushi Zn-Pb-Cu]
Ga,-14.037,126.1259,Australia,Cape Bougainville [Gallium|Ga in Bauxite]
Ga,-12.6499,141.8667,Australia,Weipa [Gallium|Ga in Bauxite]
Ga,-12.5339,141.8369,Australia,Andoom [Gallium|Ga in Bauxite]
Ga,-12.2632,136.8404,Australia,Gove [Gallium|Ga in Bauxite]
Ga,-11.7694,27.2356,Democratic Republic of the Congo,Kipushi [Gallium; Germanium|Ga and Ge in Kipushi Zn-Pb-Cu]
Ga,-11.6903,-49.0774,Brazil,Paragominos [Gallium|Ga in Bauxite]
Ga,-11.2664,136.6224,Australia,Marchinbar Island [Gallium|Ga in Bauxite]
Ga,-11.167,132.5574,Australia,Croker Island [Gallium|Ga in Bauxite]
Ga,-4.9246,-47.5052,Brazil,Açailândia [Gallium|Ga in Bauxite]
Ga,-3.806,-49.6636,Brazil,Tucuruí [Gallium|Ga in Bauxite]
Ga,-3.7994,-49.6206,Brazil,João Bernardo [Gallium|Ga in Bauxite]
Ga,-2.9631,-51.8556,Brazil,Carajás [Gallium|Ga in Bauxite]
Ga,-1.6794,-56.4482,Brazil,Porto Trombetas [Gallium|Ga in Bauxite]
Ga,-1.054,-59.797,Brazil,Pitinga [Gallium|Ga in Bauxite]
Ga,-0.8989,-52.3775,Brazil,Almeirim [Gallium|Ga in Bauxite]
Ga,0.15,110.7984,Indonesia,Tayan [Gallium|Ga in Bauxite]
Ga,0.2416,101.7478,Indonesia,Riau Archipelago [Gallium|Ga in Bauxite]
Ga,0.4331,33.2182,Uganda,Jinja [Gallium|Ga in Bauxite]
Ga,0.7469,104.2292,Indonesia,Galang Island [Gallium|Ga in Bauxite]
Ga,0.7816,104.5463,Indonesia,Bintan Island [Gallium|Ga in Bauxite]
Ga,0.9599,104.4939,Indonesia,Kijang [Gallium|Ga in Bauxite]
Ga,1.4391,-52.022,Brazil,Amapá [Gallium|Ga in Bauxite]
Ga,4.3481,-56.7501,Suriname,Bakhuis Mountains [Gallium|Ga in Bauxite]
Ga,4.7261,-52.3093,French Guyana,Roura Mountains [Gallium|Ga in Bauxite]
Ga,4.8636,-54.6303,Suriname,Nassau Mountains [Gallium|Ga in Bauxite]
Ga,4.9234,-52.3271,French Guyana,Carriére Sophie [Gallium|Ga in Bauxite]
Ga,5.5708,-54.2785,Suriname,Moengo-Ricanau [Gallium|Ga in Bauxite]
Ga,5.592,-55.1103,Suriname,Onverdacht [Gallium|Ga in Bauxite]
Ga,5.6041,10.0803,Cameroon,Fongo-Tongo [Gallium|Ga in Bauxite]
Ga,5.6482,-55.2125,Suriname,Lelydorp [Gallium|Ga in Bauxite]
Ga,5.6807,10.2152,Cameroon,Bamboutos Mount [Gallium|Ga in Bauxite]
Ga,6.1621,-0.5923,Ghana,Kibi [Gallium|Ga in Bauxite]
Ga,6.2475,-2.2874,Ghana,Awaso [Gallium|Ga in Bauxite]
Ga,6.5665,-0.7666,Ghana,Mount Ejuanema [Gallium|Ga in Bauxite]
Ga,6.8942,13.0476,Cameroon,Martap [Gallium|Ga in Bauxite]
Ga,6.9681,12.8701,Cameroon,Minim [Gallium|Ga in Bauxite]
Ga,7.413,13.4371,Cameroon,Adamaoua [Gallium|Ga in Bauxite]
Ga,9.4751,-13.7488,Guinea,Los Islands [Gallium|Ga in Bauxite]
Ga,9.8897,-13.1111,Guinea,Kindia [Gallium|Ga in Bauxite]
Ga,10.1977,77.5014,India,Palni Hills [Gallium|Ga in Bauxite]
Ga,10.4038,-13.5733,Guinea,"Fria, Fria Kimbo [Gallium|Ga in Bauxite]"
Ga,10.7347,-13.0426,Guinea,Diandian-Ouroubé [Gallium|Ga in Bauxite]
Ga,11.0938,-13.7676,Guinea,Sangaredi [Gallium|Ga in Bauxite]
Ga,11.358,-12.4609,Guinea,Pita-Labé [Gallium|Ga in Bauxite]
Ga,11.43,76.88,India,Kotagiri [Gallium|Ga in Bauxite]
Ga,11.4915,-11.8048,Guinea,Tougué [Gallium|Ga in Bauxite]
Ga,11.6881,-12.2196,Guinea,"Dalaba, Dabola [Gallium|Ga in Bauxite]"
Ga,11.7032,78.122,India,Salem [Gallium|Ga in Bauxite]
Ga,11.7467,78.1445,India,Belgaum [Gallium|Ga in Bauxite]
Ga,11.7492,-14.217,Guinea-Bissau,Boé [Gallium|Ga in Bauxite]
Ga,11.8004,125.3825,Philippines,"Sulat [Gallium|Ga in Volcanogenic Massive Sulfide, Kuroko type]"
Ga,11.8163,78.2199,India,Yercaud II [Gallium|Ga in Bauxite]
Ga,11.8271,78.2278,India,Shevaroy Hills [Gallium|Ga in Bauxite]
Ga,12.0287,75.2072,India,Kannur [Gallium|Ga in Bauxite]
Ga,13.217,124.1492,Philippines,"Hixbar [Gallium|Ga in Volcanogenic Massive Sulfide, Kuroko type]"
Ga,16.6614,98.6619,Thailand,Paedang [Gallium|Ga in Mississippi Valley-type]
Ga,16.6905,74.2614,India,Kolhapur [Gallium|Ga in Bauxite]
Ga,17.8858,-77.1523,Jamaica,Cockpit [Gallium|Ga in Bauxite]
Ga,17.9069,83.2047,India,South Kottavalasa [Gallium|Ga in Bauxite]
Ga,17.9086,83.2322,India,North Kottavalasa [Gallium|Ga in Bauxite]
Ga,17.9639,-77.6208,Jamaica,Saint Elizabeth [Gallium|Ga in Bauxite]
Ga,17.9836,-77.6267,Jamaica,Essex Valley [Gallium|Ga in Bauxite]
Ga,18.0346,-77.056,Jamaica,Saint Catherine [Gallium|Ga in Bauxite]
Ga,18.0699,-77.5527,Jamaica,Manchester [Gallium|Ga in Bauxite]
Ga,18.073,-77.5011,Jamaica,Kendall Core [Gallium|Ga in Bauxite]
Ga,18.2939,82.9801,India,Galikonda [Gallium|Ga in Bauxite]
Ga,18.3276,-77.2404,Jamaica,Saint Ann [Gallium|Ga in Bauxite]
Ga,18.3446,82.8631,India,Anantagiri Hills [Gallium|Ga in Bauxite]
Ga,18.3555,-77.1231,Jamaica,Claremont-Moneague [Gallium|Ga in Bauxite]
Ga,18.5654,82.9645,India,Koraput [Gallium|Ga in Bauxite]
Ga,19.7113,83.3986,India,Lanjigarh [Gallium|Ga in Bauxite]
Ga,20.7134,-156.1896,United States of America,East Maui [Gallium|Ga in Bauxite]
Ga,21.0006,-156.5453,United States of America,West Maui [Gallium|Ga in Bauxite]
Ga,21.2493,81.6075,India,Surguja [Gallium|Ga in Bauxite]
Ga,21.4877,83.9804,India,Sambalpur [Gallium|Ga in Bauxite]
Ga,21.8625,70.2601,India,Jamnagar [Gallium|Ga in Bauxite]
Ga,21.875,106.7502,Vietnam,"Langshon, Lang Sen [Gallium|Ga in Bauxite]"
Ga,22.0592,-159.5023,United States of America,Kauai [Gallium|Ga in Bauxite]
Ga,22.0939,82.2025,India,Bilaspur [Gallium|Ga in Bauxite]
Ga,22.1221,69.2913,India,Nandana [Gallium|Ga in Bauxite]
Ga,22.3182,69.0428,India,Kalyanpur [Gallium|Ga in Bauxite]
Ga,22.5583,83.9214,India,Sargipali [Gallium|Ga in Clastic-dominated Pb-Zn]
Ga,22.6248,109.1843,China,Dajia [Gallium|Ga in Bauxite]
Ga,22.6428,-83.9558,Cuba,Santa Lucia [Gallium|Ga in Clastic-dominated Pb-Zn]
Ga,22.7065,81.7393,India,Amarkantak [Gallium|Ga in Bauxite]
Ga,22.7417,99.725,China,"Laochang [Gallium; Indium; Germanium|Ga, Ge, and In in Volcanogenic Massive Sulfide, Kuroko type]"
Ga,23.2044,106.3487,China,Xinxu [Gallium|Ga in Bauxite]
Ga,23.4457,84.6916,India,Lohardaga [Gallium|Ga in Bauxite]
Ga,23.6,104.24,China,"Bainiuchang [Gallium; Indium; Germanium|Ga, Ge, and In in Clastic-dominated Sedimentary exhalative Pb-Zn]"
Ga,23.6655,70.7319,India,Kutch-Kathiawar [Gallium|Ga in Bauxite]
Ga,23.8129,80.3865,India,Katni [Gallium|Ga in Bauxite]
Ga,23.8667,99.1833,China,Mengxing [Gallium|Ga in Mississippi Valley-type]
Ga,24.1285,84.1857,India,Palamau [Gallium|Ga in Bauxite]
Ga,24.36,73.72,India,Mochia [Gallium|Ga in Clastic-dominated Pb-Zn]
Ga,24.5542,113.7222,China,"Dabaoshan [Gallium; Indium; Germanium|Ga, Ge, and In in Clastic-dominated Sedimentary exhalative Pb-Zn]"
Ga,24.6553,84.5772,India,Ranchi [Gallium|Ga in Bauxite]
Ga,24.8776,102.8212,China,Kunmin [Gallium|Ga in Bauxite]
Ga,24.9503,74.1339,India,Rajpura-Dariba [Gallium|Ga in Clastic-dominated Pb-Zn]
Ga,25.0,74.13,India,Mokanpura North [Gallium|Ga in Clastic-dominated Pb-Zn]
Ga,25.0036,74.1456,India,Sindesar [Gallium|Ga in Clastic-dominated Pb-Zn]
Ga,25.11,113.6292,China,Fankou [Gallium; Germanium|Ga in Mississippi Valley-type; Sedimentary-exhalative Pb-Zn]
Ga,25.3786,86.5095,India,Monghyr [Gallium|Ga in Bauxite]
Ga,25.8322,74.7386,India,Rampura-Agucha [Gallium|Ga in Clastic-dominated Pb-Zn]
Ga,26.2333,64.6617,Pakistan,Duddar [Gallium|Ga in Clastic-dominated Pb-Zn]
Ga,26.2358,107.6653,China,Niujiaotang [Gallium|Ga in Mississippi Valley-type]
Ga,26.5816,99.4567,China,Jinding [Germanium; Gallium|Sandstone-hosted; Ga in Clastic-dominated Pb-Zn]
Ga,26.6339,103.7003,China,Huize [Gallium; Germanium|Ga and Ge in Mississippi Valley-type]
Ga,26.6592,106.5904,China,Queyang [Gallium|Ga in Bauxite]
Ga,27.65,75.53,India,Saladipura [Gallium|Ga in Clastic-dominated Pb-Zn]
Ga,29.1428,-103.6658,Mexico,Tres Marias [Gallium|Ga in Mississippi Valley-type]
Ga,31.0331,55.2806,Iran,Mehdiabad [Gallium|Ga in Mississippi Valley-type; Clastic-dominated]
Ga,31.7488,55.7677,Iran,Koushk [Gallium|Ga in Clastic-dominated Pb-Zn]
Ga,31.7517,-85.2892,United States of America,Eufaula [Gallium|Ga in Mississippi Valley-type]
Ga,32.7797,-83.3741,United States of America,"New Georgia Group [Gallium|Ga in Volcanogenic Massive Sulfide, Kuroko type]"
Ga,32.8236,-4.9375,Morocco,Touissit-Bou Beker-El Abed [Gallium|Ga in Mississippi Valley-type]
Ga,33.0,-85.9319,United States of America,"Hillabee [Gallium|Ga in Volcanogenic Massive Sulfide, Kuroko type]"
Ga,33.0856,-109.3606,United States of America,"Yavapai [Gallium|Ga in Volcanogenic Massive Sulfide, Kuroko type]"
Ga,33.1189,74.809,India,Jamu and Kashmir [Gallium|Ga in Bauxite]
Ga,33.2722,-85.9556,United States of America,"Ashland [Gallium|Ga in Volcanogenic Massive Sulfide, Kuroko type]"
Ga,33.8458,105.3603,China,Dengjiashan [Gallium|Ga in Clastic-dominated Pb-Zn]
Ga,33.95,106.8333,China,Bafangshan [Gallium|Ga in Clastic-dominated Pb-Zn]
Ga,33.9794,105.6911,China,Changba [Gallium|Ga in Clastic-dominated Pb-Zn]
Ga,34.2434,-83.797,United States of America,"Hall, Veneer [Gallium|Ga in Bauxite]"
Ga,34.2942,-83.9997,United States of America,"Chestatee [Gallium|Ga in Volcanogenic Massive Sulfide, Kuroko type]"
Ga,34.4558,-112.1939,United States of America,"Binghampton [Gallium|Ga in Volcanogenic Massive Sulfide, Kuroko type]"
Ga,34.545,-113.2303,United States of America,"Bruce [Gallium|Ga in Volcanogenic Massive Sulfide, Kuroko type]"
Ga,34.6791,-92.2758,United States of America,Pulaski-Saline [Gallium|Ga in Bauxite]
Ga,34.7053,-112.0904,United States of America,"Iron King [Gallium|Ga in Volcanogenic Massive Sulfide, Kuroko type]"
Ga,34.7508,-112.1094,United States of America,"Jerome [Gallium|Ga in Volcanogenic Massive Sulfide, Kuroko type]"
Ga,34.7909,33.2595,Cyprus,"Mousoulos [Gallium|Ga in Volcanogenic Massive Sulfide, Cypress type]"
Ga,34.9333,32.8667,Cyprus,"Mavrovouni [Gallium|Ga in Volcanogenic Massive Sulfide, Cypress type]"
Ga,35.0089,-84.3947,United States of America,"Ducktown [Gallium|Ga in Volcanogenic Massive Sulfide, Kuroko type]"
Ga,35.4678,-115.5133,United States of America,"Blue Moon [Gallium|Ga in Volcanogenic Massive Sulfide, Kuroko type]"
Ga,35.7592,-105.6689,United States of America,"Pecos [Gallium|Ga in Volcanogenic Massive Sulfide, Kuroko type]"
Ga,36.0767,-83.6131,United States of America,Eastern Tennessee [Gallium|Ga in Mississippi Valley-type]
Ga,36.1953,-85.9333,United States of America,Elmwood-Gordonsville district [Gallium; Germanium|Ga and Ge in Mississippi Valley-type]
Ga,36.3408,-92.8078,United States of America,Northern Arkansas [Gallium|Ga in Mississippi Valley-type]
Ga,36.5431,120.127,China,Nanting [Gallium|Ga in Bauxite]
Ga,36.5754,32.047,Turkey,Masatdagi [Gallium|Ga in Bauxite]
Ga,36.7257,-85.3932,United States of America,Central Kentucky-Tennessee [Gallium|Ga in Mississippi Valley-type]
Ga,36.8469,-80.9203,United States of America,Austinville [Gallium|Ga in Mississippi Valley-type]
Ga,37.0694,-113.8036,United States of America,Apex Mine [Gallium; Germanium; Indium|Ga and Ge in Kipushi Cu-Zn]
Ga,37.0833,-94.65,United States of America,Tri-State District [Gallium|Ga in Mississippi Valley-type]
Ga,37.2745,31.8863,Turkey,Dogankuzu [Gallium|Ga in Bauxite]
Ga,37.2861,31.8847,Turkey,Çatmakaya [Gallium|Ga in Bauxite]
Ga,37.299,-88.235,United States of America,Illinois-Kentucky fluorspar district [Fluorite; Gallium|Mississippi Valley-type]
Ga,37.3993,-6.5282,Spain,"Sotiel [Gallium|Ga in Volcanogenic Massive Sulfide, Kuroko type]"
Ga,37.4493,31.8782,Turkey,Seydisehir [Gallium|Ga in Bauxite]
Ga,37.51,-91.12,United States of America,West Fork [Gallium|Ga in Mississippi Valley-type]
Ga,37.58,-91.13,United States of America,Buick [Gallium|Ga in Mississippi Valley-type]
Ga,37.6067,-7.1206,Spain,"Iberian Pyrite Belt [Gallium|Ga in Volcanogenic Massive Sulfide, Kuroko type]"
Ga,37.6329,-90.7241,United States of America,Southeast Missouri Pb-Zn district [Gallium|Ga in Mississippi Valley-type]
Ga,37.6374,-91.1297,United States of America,Magmont-West [Gallium|Ga in Mississippi Valley-type]
Ga,37.6927,-6.5963,Spain,"Rio Tinto [Gallium|Ga in Volcanogenic Massive Sulfide, Kuroko type]"
Ga,37.6993,-6.8982,Spain,"La Zarza [Gallium|Ga in Volcanogenic Massive Sulfide, Kuroko type]"
Ga,37.7,-8.0833,Portugal,"Castro Verde [Gallium|Ga in Volcanogenic Massive Sulfide, Kuroko type]"
Ga,37.7048,-91.1097,United States of America,Viburnum Trend [Gallium|Ga in Mississippi Valley-type]
Ga,37.8594,-8.1582,Portugal,"Estação [Gallium|Ga in Volcanogenic Massive Sulfide, Kuroko type]"
Ga,37.8669,-8.1649,Portugal,"Moinho [Gallium|Ga in Volcanogenic Massive Sulfide, Kuroko type]"
Ga,37.8958,-90.5225,United States of America,Old Lead Belt [Gallium|Ga in Mississippi Valley-type]
Ga,37.9544,-120.7442,United States of America,"Gopher Ridge [Gallium|Ga in Volcanogenic Massive Sulfide, Kuroko type]"
Ga,37.9842,-120.6478,United States of America,"Keystone [Gallium|Ga in Volcanogenic Massive Sulfide, Kuroko type]"
Ga,37.9871,-120.6477,United States of America,"North Keystone [Gallium|Ga in Volcanogenic Massive Sulfide, Kuroko type]"
Ga,38.08,-90.88,United States of America,Indian Creek [Gallium|Ga in Mississippi Valley-type]
Ga,38.2302,-120.8749,United States of America,"Penn [Gallium|Ga in Volcanogenic Massive Sulfide, Kuroko type]"
Ga,38.3089,-7.7047,Portugal,Portel [Gallium|Ga in Clastic-dominated Pb-Zn]
Ga,38.3416,-120.8871,United States of America,"Newton [Gallium|Ga in Volcanogenic Massive Sulfide, Kuroko type]"
Ga,38.3539,22.8242,Greece,Helicon [Gallium|Ga in Bauxite]
Ga,38.5019,-120.9667,United States of America,"Copper Hill [Gallium|Ga in Volcanogenic Massive Sulfide, Kuroko type]"
Ga,38.5429,22.6087,Greece,Khiona [Gallium|Ga in Bauxite]
Ga,38.5958,-92.8603,United States of America,"Central Missouri [Gallium; Barite|Ga in Mississippi Valley-type; Vein, cavity-fill, metasomatic]"
Ga,39.175,-121.2917,United States of America,"Smartville [Gallium|Ga in Volcanogenic Massive Sulfide, Cypress type]"
Ga,39.5091,-120.8394,United States of America,"Bald Mountain [Gallium|Ga in Volcanogenic Massive Sulfide, Kuroko type]"
Ga,39.6917,-121.4314,United States of America,"Big Bend [Gallium|Ga in Volcanogenic Massive Sulfide, Kuroko type]"
Ga,39.91,-123.67,United States of America,Little Red Mountain [Gallium|Ga in Bauxite]
Ga,40.226,-3.6477,Spain,"Filon Sur [Gallium|Ga in Volcanogenic Massive Sulfide, Kuroko type]"
Ga,40.2985,140.5653,Japan,"Hanaoka [Gallium|Ga in Volcanogenic Massive Sulfide, Kuroko type]"
Ga,40.3285,140.7483,Japan,"Uchinotai-Uwamuki [Gallium|Ga in Volcanogenic Massive Sulfide, Kuroko type]"
Ga,40.3985,140.7153,Japan,"Furutobe-Ainai [Gallium|Ga in Volcanogenic Massive Sulfide, Kuroko type]"
Ga,40.5422,-117.5569,United States of America,"Big Mike [Gallium|Ga in Volcanogenic Massive Sulfide, Cypress type]"
Ga,40.5544,-75.405,United States of America,Friedensville [Gallium|Ga in Mississippi Valley-type]
Ga,40.7123,-122.5155,United States of America,"Stowell [Gallium|Ga in Volcanogenic Massive Sulfide, Kuroko type]"
Ga,40.7253,-122.4981,United States of America,"Balaklala [Gallium|Ga in Volcanogenic Massive Sulfide, Kuroko type]"
Ga,40.73,123.59,China,Qingchengzi [Gallium|Ga in Clastic-dominated Pb-Zn]
Ga,40.733,-122.5108,United States of America,"Early Bird [Gallium|Ga in Volcanogenic Massive Sulfide, Kuroko type]"
Ga,40.7333,-122.0833,United States of America,"Afterthought [Gallium|Ga in Volcanogenic Massive Sulfide, Kuroko type]"
Ga,40.7611,-122.4536,United States of America,"Mammoth [Gallium|Ga in Volcanogenic Massive Sulfide, Kuroko type]"
Ga,40.7694,-122.465,United States of America,"Iron Mountain [Gallium|Ga in Volcanogenic Massive Sulfide, Kuroko type]"
Ga,40.7812,-122.4644,United States of America,"Sutro [Gallium|Ga in Volcanogenic Massive Sulfide, Kuroko type]"
Ga,40.7992,-122.2028,United States of America,"Bully Hill-Rising Star [Gallium|Ga in Volcanogenic Massive Sulfide, Kuroko type]"
Ga,41.1157,-74.5874,United States of America,Franklin [Beryllium; Gallium|Pegmatite; Ga in Clastic-dominated Pb-Zn]
Ga,41.2306,109.32,China,Jiashengpan [Gallium|Ga in Clastic-dominated Pb-Zn]
Ga,41.3294,0.8728,Spain,"San Antonio [Gallium|Ga in Volcanogenic Massive Sulfide, Kuroko type]"
Ga,41.7172,46.4142,Azerbaijan,Filizchai [Gallium|Ga in Clastic-dominated Pb-Zn]
Ga,41.8633,-123.3711,United States of America,"Gray Eagle [Gallium|Ga in Volcanogenic Massive Sulfide, Kuroko type]"
Ga,41.95,-123.1167,United States of America,"Blue Ledge [Gallium|Ga in Volcanogenic Massive Sulfide, Kuroko type]"
Ga,42.0,-123.757,United States of America,Turner Albright [Cobalt; Gallium|Volcanogenic Cu(-Zn-Co-Ag-Au) massive sulfide]
Ga,42.2587,-123.6612,United States of America,Eight Dollar Mountain [Gallium|Ga in Bauxite]
Ga,42.264,63.9002,Uzbekistan,Kokpatas [Gallium|Ga in Bauxite]
Ga,42.2945,69.6183,Kazakhstan,Shimkent [Gallium|Ga in Bauxite]
Ga,42.3522,-124.2983,United States of America,Red Flats [Gallium|Ga in Bauxite]
Ga,42.4927,-89.0321,United States of America,Wisconsin-Illinois [Gallium|Ga in Mississippi Valley-type]
Ga,42.5644,-72.8783,United States of America,"Hawley-Bernard [Gallium|Ga in Volcanogenic Massive Sulfide, Kuroko type]"
Ga,42.8271,-90.0122,United States of America,Upper Mississippi Valley district [Gallium|Ga in Mississippi Valley-type]
Ga,42.8361,22.6501,Bulgaria,Tran [Gallium|Ga in Bauxite]
Ga,42.9389,20.9167,Serbia,Trepça [Gallium|Ga in Clastic-dominated Pb-Zn]
Ga,42.9651,-123.4399,United States of America,Nickel Mountain [Gallium|Ga in Bauxite]
Ga,43.0083,140.6583,Japan,"Kunitomi [Gallium|Ga in Volcanogenic Massive Sulfide, Kuroko type]"
Ga,43.1564,-72.2909,United States of America,"Standing Pond [Gallium|Ga in Volcanogenic Massive Sulfide, Kuroko type]"
Ga,43.17,-1.49,Spain,Arditurri [Gallium|Ga in Clastic-dominated Pb-Zn]
Ga,43.345,-4.0847,Spain,Reocin [Gallium|Ga in Mississippi Valley-type]
Ga,43.8425,19.8074,Serbia,Mackat [Gallium|Ga in Bauxite]
Ga,43.8833,-72.3537,United States of America,"Orange & Gove [Gallium|Ga in Volcanogenic Massive Sulfide, Kuroko type]"
Ga,43.9242,3.6228,France,Cevennes [Gallium|Ga in Mississippi Valley-type]
Ga,43.9275,142.736,Japan,"Motoyama [Gallium|Ga in Volcanogenic Massive Sulfide, Kuroko type]"
Ga,44.1298,-68.8741,United States of America,"North Haven [Gallium|Ga in Volcanogenic Massive Sulfide, Kuroko type]"
Ga,44.2385,19.7465,Serbia,Pocuta [Gallium|Ga in Bauxite]
Ga,44.2519,-75.3997,United States of America,Balmat-Edwards [Gallium|Ga in Clastic-dominated Pb-Zn]
Ga,44.2686,-71.6308,United States of America,"Ammonoosuc [Gallium|Ga in Volcanogenic Massive Sulfide, Kuroko type]"
Ga,44.3461,-68.8075,United States of America,"Callahan [Gallium|Ga in Volcanogenic Massive Sulfide, Kuroko type]"
Ga,44.3681,-68.7408,United States of America,"Tapley [Gallium|Ga in Volcanogenic Massive Sulfide, Kuroko type]"
Ga,44.3879,-68.7998,United States of America,"Castine [Gallium|Ga in Volcanogenic Massive Sulfide, Kuroko type]"
Ga,44.4099,-68.7733,United States of America,"Emerson [Gallium|Ga in Volcanogenic Massive Sulfide, Kuroko type]"
Ga,44.4644,-68.7111,United States of America,"Mount Chase [Gallium|Ga in Volcanogenic Massive Sulfide, Kuroko type]"
Ga,44.5652,-71.2536,United States of America,"Milan [Gallium|Ga in Volcanogenic Massive Sulfide, Kuroko type]"
Ga,44.7169,21.2469,Serbia,Biela Lipa [Gallium|Ga in Bauxite]
Ga,44.8108,78.8619,Kazakhstan,Tekeli [Gallium|Ga in Clastic-dominated Pb-Zn]
Ga,44.9295,-67.0303,United States of America,"Quoddy [Gallium|Ga in Volcanogenic Massive Sulfide, Kuroko type]"
Ga,44.9653,-67.2111,United States of America,"Big Hill [Gallium|Ga in Volcanogenic Massive Sulfide, Kuroko type]"
Ga,44.9656,-67.2219,United States of America,"Barrett [Gallium|Ga in Volcanogenic Massive Sulfide, Kuroko type]"
Ga,45.0268,-116.8585,United States of America,"Iron Dyke [Gallium|Ga in Volcanogenic Massive Sulfide, Kuroko type]"
Ga,45.0286,-63.3389,Canada,Gays River [Gallium|Ga in Mississippi Valley-type]
Ga,45.2056,-64.0417,Canada,Walton [Gallium|Ga in Clastic-dominated Pb-Zn]
Ga,45.3205,19.3498,Serbia,Obrovac [Gallium|Ga in Bauxite]
Ga,45.4708,-88.9194,United States of America,"Crandon [Gallium|Ga in Volcanogenic Massive Sulfide, Kuroko type]"
Ga,45.5078,-116.5617,United States of America,"Snake River [Gallium|Ga in Volcanogenic Massive Sulfide, Kuroko type]"
Ga,45.514,-91.14,United States of America,"Flambeau [Gallium|Ga in Volcanogenic Massive Sulfide, Kuroko type]"
Ga,45.5969,-89.295,United States of America,"Pelican [Gallium|Ga in Volcanogenic Massive Sulfide, Kuroko type]"
Ga,45.7006,-76.6778,Canada,Grand-Calumet [Gallium|Ga in Clastic-dominated Pb-Zn]
Ga,45.8636,9.8425,Italy,Gorno [Gallium|Ga in Mississippi Valley-type]
Ga,46.4411,13.5714,Italy,Raibl [Gallium|Ga in Mississippi Valley-type]
Ga,46.4667,14.8,Slovenia,Topla [Gallium|Ga in Mississippi Valley-type]
Ga,46.4907,14.2335,Austria,Windisch-Bleiberg [Gallium|Ga in Mississippi Valley-type]
Ga,46.5,14.4833,Austria,Hochobir [Gallium|Ga in Mississippi Valley-type]
Ga,46.5114,14.9515,Slovenia,Urslja Gora [Gallium|Ga in Mississippi Valley-type]
Ga,46.5144,14.8522,Slovenia,Mežica [Gallium|Ga in Mississippi Valley-type]
Ga,46.551,12.4436,Italy,Auronzo [Gallium|Ga in Mississippi Valley-type]
Ga,46.5669,12.5833,Italy,Salafossa [Gallium|Ga in Mississippi Valley-type]
Ga,46.592,33.0479,Ukraine,Vysokopl'ye [Gallium|Ga in Bauxite]
Ga,46.625,13.6517,Austria,Bleiberg [Gallium|Ga in Mississippi Valley-type]
Ga,46.6333,13.6667,Austria,Maxer Baenke [Gallium|Ga in Mississippi Valley-type]
Ga,46.729,13.5821,Austria,Bleiriese [Gallium|Ga in Mississippi Valley-type]
Ga,46.9159,22.5122,Romania,Padurea Craiului [Gallium|Ga in Bauxite]
Ga,46.9703,68.5717,Kazakhstan,"Winterville [Gallium|Ga in Volcanogenic Massive Sulfide, Kuroko type]"
Ga,47.1166,-66.2325,Canada,"Chester [Gallium|Ga in Volcanogenic Massive Sulfide, Kuroko type]"
Ga,47.2686,18.2928,Hungary,Iszkaszentgyörgy [Gallium|Ga in Bauxite]
Ga,47.2789,11.2577,Austria,Raibl Bed [Gallium|Ga in Mississippi Valley-type]
Ga,47.2833,-66.0826,Canada,"Heath Steele B-1 [Gallium|Ga in Volcanogenic Massive Sulfide, Kuroko type]"
Ga,47.3726,18.3918,Hungary,Gánt [Gallium|Ga in Bauxite]
Ga,47.4245,-120.2133,United States of America,Washington [Gallium|Ga in Bauxite]
Ga,47.4789,-65.8922,Canada,"New Brunswick No. 12 [Gallium|Ga in Volcanogenic Massive Sulfide, Kuroko type]"
Ga,47.5613,-66.2964,Canada,"Caribou [Gallium|Ga in Volcanogenic Massive Sulfide, Kuroko type]"
Ga,47.6401,38.051,Ukraine,Krasny Oktyabr [Gallium|Ga in Bauxite]
Ga,48.25,-79.0164,Canada,"Horne-Quemont [Gallium|Ga in Volcanogenic Massive Sulfide, Kuroko type]"
Ga,48.2764,70.2294,Kazakhstan,Zhairem [Gallium|Ga in Clastic-dominated Pb-Zn]
Ga,48.3181,-79.2014,Canada,"East Sullivan [Gallium|Ga in Volcanogenic Massive Sulfide, Kuroko type]"
Ga,48.69,-81.3667,Canada,"Kidd Creek [Gallium|Ga in Volcanogenic Massive Sulfide, Kuroko type]"
Ga,48.825,-56.8583,Canada,"Buchans [Gallium|Ga in Volcanogenic Massive Sulfide, Kuroko type]"
Ga,48.8822,-117.3608,United States of America,Metalline district [Gallium|Ga in Mississippi Valley-type]
Ga,49.0303,-117.3442,Canada,Reeves-MacDonald [Gallium|Ga in Clastic-dominated Pb-Zn]
Ga,49.1522,-117.1986,Canada,H.B. [Gallium|Ga in Clastic-dominated Pb-Zn]
Ga,49.1667,-121.0333,Canada,Giant [Gallium|Ga in Mississippi Valley-type]
Ga,49.5756,-125.5958,Canada,"Myra Falls [Gallium|Ga in Volcanogenic Massive Sulfide, Kuroko type]"
Ga,49.61,-123.1417,Canada,"Britannia [Gallium|Ga in Volcanogenic Massive Sulfide, Kuroko type]"
Ga,49.7083,-116.0056,Canada,Sullivan [Gallium|Ga in Clastic-dominated Pb-Zn]
Ga,49.8,-78.943,Canada,"Detour [Gallium|Ga in Volcanogenic Massive Sulfide, Kuroko type]"
Ga,49.8418,73.0184,Kazakhstan,Aqtas [Gallium|Ga in Bauxite]
Ga,49.8833,-55.6333,Canada,"Betts Cove [Gallium|Ga in Volcanogenic Massive Sulfide, Cypress type]"
Ga,50.2021,66.9193,Kazakhstan,Arqalyk [Gallium|Ga in Bauxite]
Ga,50.28,-57.47,Canada,Newfoundland Zinc [Gallium|Ga in Mississippi Valley-type]
Ga,50.35,18.9667,Poland,Silesia-Krakow [Gallium|Ga in Mississippi Valley-type]
Ga,50.4,81.3833,Kazakhstan,"Rudny-Altai Area [Gallium|Ga in Volcanogenic Massive Sulfide, Kuroko type]"
Ga,50.4898,-120.9813,Canada,Jersey [Gallium|Ga in Clastic-dominated Pb-Zn]
Ga,50.5172,-119.7999,Canada,Lake Monte [Gallium|Ga in Mississippi Valley-type]
Ga,50.6972,5.9864,Belgium,Schmalgraf [Gallium|Ga in Mississippi Valley-type]
Ga,50.874,36.4317,Russia,Yakovlevo [Gallium|Ga in Bauxite]
Ga,51.129,8.063,Germany,Meggen [Barite; Gallium|Bedded-sedimentary; Ga in Clastic-dominated Pb-Zn]
Ga,51.1335,11.2417,Germany,Voelsberg [Gallium|Ga in Bauxite]
Ga,51.19,58.65,Russia,"Orsk [Gallium|Ga in Volcanogenic Massive Sulfide, Kuroko type]"
Ga,51.2086,71.5133,Kazakhstan,Astana [Gallium|Ga in Bauxite]
Ga,51.2962,58.4473,Russia,Orsk [Gallium|Ga in Bauxite]
Ga,51.3404,29.9455,Ukraine,Pripyat [Gallium|Ga in Bauxite]
Ga,51.4239,-116.4472,Canada,Monarch-Kicking Horse [Gallium|Ga in Mississippi Valley-type]
Ga,51.516,64.517,Kazakhstan,Naurzum [Gallium|Ga in Bauxite]
Ga,51.6265,38.9715,Russia,Bokson [Gallium|Ga in Bauxite]
Ga,51.6816,75.3934,Kazakhstan,Ekibastoz-Pavlodar [Gallium|Ga in Bauxite]
Ga,51.8,-123.55,Canada,Nancy Island [Gallium|Ga in Mississippi Valley-type]
Ga,51.8906,10.4194,Germany,Rammelsberg [Gallium; Barite|Ga in Clastic-dominated Pb-Zn; Bedded-sedimentary]
Ga,52.2621,77.0804,Kazakhstan,Pavlodar [Gallium|Ga in Bauxite]
Ga,52.4601,103.9765,Russia,Angarsky [Gallium|Ga in Bauxite]
Ga,52.5,112.5,Russia,Ozernoe [Gallium|Ga in Clastic-dominated Pb-Zn]
Ga,52.51,-8.37,Ireland,Carrickittle [Gallium|Ga in Mississippi Valley-type]
Ga,52.6139,-9.0714,Ireland,Courtbrown [Gallium|Ga in Mississippi Valley-type]
Ga,52.7592,-7.7114,Ireland,Lisheen [Gallium; Germanium|Ga in Clastic-dominated Pb-Zn; Irish-type]
Ga,52.7897,-8.2544,Ireland,Silvermines [Gallium; Germanium|Ga in Clastic-dominated Pb-Zn; Mississippi Valley-type; Sedimentary exhalative Pb-Zn]
Ga,52.8,-7.59,Ireland,Galmoy [Gallium|Ga in Mississippi Valley-type Pb-Zn]
Ga,52.9247,70.1699,Kazakhstan,Shchuchinsky [Gallium|Ga in Bauxite]
Ga,53.0143,43.2098,Russia,Belinsky [Gallium|Ga in Bauxite]
Ga,53.165,-8.3764,Ireland,Tynagh [Gallium|Ga in Clastic-dominated Pb-Zn; Mississippi Valley-type]
Ga,53.3865,-4.3412,Great Britain,"Parys Mountain [Gallium|Ga in Volcanogenic Massive Sulfide, Kuroko type]"
Ga,53.417,59.1,Russia,Magnitogorsk [Cobalt; Gallium|Co in Fe-Cu-Co skarn; Ga in Kuroko Massive Sulfide]
Ga,53.45,-7.68,Ireland,Moyvoughly [Gallium|Ga in Mississippi Valley-type]
Ga,53.6359,-7.4628,Ireland,Ballinalack [Gallium|Ga in Mississippi Valley-type]
Ga,53.65,-7.73,Ireland,Keel [Gallium|Ga in Mississippi Valley-type]
Ga,53.65,-7.72,Ireland,Garrycam [Gallium|Ga in Mississippi Valley-type]
Ga,53.6544,-6.7153,Ireland,Navan [Gallium|Ga in Clastic-dominated Pb-Zn; Mississippi Valley-type]
Ga,53.6866,-6.7095,Ireland,Tatestown [Gallium|Ga in Mississippi Valley-type]
Ga,53.7732,-7.1642,Ireland,Oldcastle [Gallium|Ga in Mississippi Valley-type]
Ga,54.0999,-122.9863,Canada,Ruby Lake [Gallium|Ga in Mississippi Valley-type]
Ga,54.1709,37.716,Russia,Tula [Gallium|Ga in Bauxite]
Ga,54.22,-8.53,Ireland,Abbeytown [Gallium|Ga in Mississippi Valley-type]
Ga,54.247,85.7816,Russia,Obukhovo [Gallium|Ga in Bauxite]
Ga,54.3019,59.4184,Russia,"Uchalinskoe [Gallium|Ga in Volcanogenic Massive Sulfide, Kuroko type]"
Ga,54.3142,59.4342,Russia,"Zapadno-Ozernoye [Gallium|Ga in Volcanogenic Massive Sulfide, Kuroko type]"
Ga,54.3571,35.8173,Russia,Vislovo [Gallium|Ga in Bauxite]
Ga,54.4307,61.2029,Russia,Yuzhnoural'sk [Gallium|Ga in Bauxite]
Ga,54.4677,36.253,Russia,Kulga [Gallium|Ga in Bauxite]
Ga,54.6625,83.3429,Russia,Berdsk-Maisy [Gallium|Ga in Bauxite]
Ga,54.75,-102.0,Canada,"Flin Flon [Gallium|Ga in Volcanogenic Massive Sulfide, Kuroko type]"
Ga,55.543,86.0951,Russia,Barzas [Gallium|Ga in Bauxite]
Ga,55.8798,60.7546,Russia,Kasli [Gallium|Ga in Bauxite]
Ga,55.8802,109.7535,Russia,Kholodnina [Gallium|Ga in Clastic-dominated Pb-Zn]
Ga,56.0486,159.8815,Russia,Kozyreevsky [Gallium|Ga in Bauxite]
Ga,56.1902,37.4857,Russia,Iksa [Gallium|Ga in Bauxite]
Ga,56.4751,-99.6378,Canada,"Ruttan [Gallium|Ga in Volcanogenic Massive Sulfide, Kuroko type]"
Ga,56.6354,-101.6523,Canada,"Fox [Gallium|Ga in Volcanogenic Massive Sulfide, Kuroko type]"
Ga,56.6774,59.2827,Russia,Nizhnie Ser'gi [Gallium|Ga in Bauxite]
Ga,56.7126,60.088,Russia,"Degtyarskoe [Gallium|Ga in Volcanogenic Massive Sulfide, Kuroko type]"
Ga,56.93,-123.7131,Canada,Robb Lake [Gallium|Ga in Mississippi Valley-type]
Ga,57.2046,35.3307,Russia,Sokolovo [Gallium|Ga in Bauxite]
Ga,57.5097,-125.16,Canada,Cirque [Gallium|Ga in Clastic-dominated Pb-Zn]
Ga,57.7847,-133.4508,United States of America,"Sumdum [Gallium|Ga in Volcanogenic Massive Sulfide, Kuroko type]"
Ga,57.8442,61.6987,Russia,Alapaevsk [Gallium|Ga in Bauxite]
Ga,58.0082,56.1311,Russia,Zaostrovsk [Gallium|Ga in Bauxite]
Ga,58.0794,-134.6305,United States of America,"Greens Creek [Gallium|Ga in Volcanogenic Massive Sulfide, Kuroko type]"
Ga,58.2,-128.3667,Canada,"Kutcho Creek [Gallium|Ga in Volcanogenic Massive Sulfide, Kuroko type]"
Ga,58.24,93.19,Russia,Limonitovoye [Gallium|Ga in Clastic-dominated Pb-Zn]
Ga,58.82,15.1,Sweden,Zinkgruvan [Gallium|Ga in Clastic-dominated Pb-Zn]
Ga,58.9228,-137.0021,United States of America,"Orange Point [Gallium|Ga in Volcanogenic Massive Sulfide, Kuroko type]"
Ga,58.9414,-136.8174,United States of America,"Russell Cove [Gallium|Ga in Volcanogenic Massive Sulfide, Cypress type]"
Ga,59.1258,99.8605,Russia,Central [Gallium|Ga in Bauxite]
Ga,59.4465,62.3655,Russia,Loz'va [Gallium|Ga in Bauxite]
Ga,59.5385,33.6643,Russia,Tikhvin [Gallium|Ga in Bauxite]
Ga,59.7487,59.9577,Russia,Karpinsk [Gallium|Ga in Bauxite]
Ga,60.0583,-147.9033,United States of America,"Beatson [Gallium|Ga in Volcanogenic Massive Sulfide, Kuroko type]"
Ga,60.1351,59.953,Russia,Severoural'sk [Gallium|Ga in Bauxite]
Ga,60.1678,59.9912,Russia,Krasnaya Shapochka [Gallium|Ga in Bauxite]
Ga,60.1989,59.975,Russia,Novo-Kalinskaya [Gallium|Ga in Bauxite]
Ga,60.2173,60.0014,Russia,Kal'ya [Gallium|Ga in Bauxite]
Ga,60.344,59.9853,Russia,Cheremukhovo [Gallium|Ga in Bauxite]
Ga,60.4135,57.1375,Russia,Krasnovishersk [Gallium|Ga in Bauxite]
Ga,60.6979,60.4773,Russia,Ivdel [Gallium|Ga in Bauxite]
Ga,60.8322,-114.4489,Canada,Pine Point [Gallium|Ga in Mississippi Valley-type]
Ga,61.6473,50.853,Russia,Schugorsk [Gallium|Ga in Bauxite]
Ga,62.21,-133.03,Canada,Swim [Gallium|Ga in Clastic-dominated Pb-Zn]
Ga,62.2288,9.4831,Norway,"Tverrfjellet [Gallium|Ga in Volcanogenic Massive Sulfide, Kuroko type]"
Ga,62.23,-133.14,Canada,Dy [Gallium|Ga in Clastic-dominated Pb-Zn]
Ga,62.2383,55.1188,Russia,Timsher [Gallium|Ga in Bauxite]
Ga,62.25,-133.18,Canada,Vangorda [Gallium|Ga in Clastic-dominated Pb-Zn]
Ga,62.2693,-133.2244,Canada,Grum [Gallium|Ga in Clastic-dominated Pb-Zn]
Ga,62.3567,-133.3669,Canada,Faro [Gallium|Ga in Clastic-dominated Pb-Zn]
Ga,62.4294,54.6801,Russia,Puzla [Gallium|Ga in Bauxite]
Ga,62.5644,-129.5272,Canada,Howard's Pass [Gallium|Ga in Clastic-dominated Pb-Zn]
Ga,62.651,40.3931,Russia,Plesetsk [Gallium|Ga in Bauxite]
Ga,63.1333,9.7,Norway,"Lokken [Gallium|Ga in Volcanogenic Massive Sulfide, Cypress type]"
Ga,63.5573,53.9935,Russia,Ukhta [Gallium|Ga in Bauxite]
Ga,63.6486,62.1097,Russia,Kara [Gallium|Ga in Bauxite]
Ga,63.6577,25.0516,Finland,"Pyhäsalmi [Gallium|Ga in Volcanogenic Massive Sulfide, Kuroko type]"
Ga,63.8197,-148.96,United States of America,"Antler [Gallium|Ga in Volcanogenic Massive Sulfide, Kuroko type]"
Ga,63.92,-147.38,United States of America,"Bonnifield [Gallium|Ga in Volcanogenic Massive Sulfide, Kuroko type]"
Ga,63.9302,61.4675,Russia,Sos'va-Salekhard [Gallium|Ga in Bauxite]
Ga,63.9625,-135.1617,Canada,Silver Basin [Gallium|Ga in Mississippi Valley-type]
Ga,63.983,28.167,Finland,Talvivaara [Cobalt; Gallium|Black-Shale-Hosted Ni-Cu-Zn-Co; Ga in Clastic-dominated Pb-Zn]
Ga,64.7314,49.669,Russia,Vezhayu-Vorykva [Gallium|Ga in Bauxite]
Ga,64.8653,20.3365,Sweden,"Rakkejaur [Gallium|Ga in Volcanogenic Massive Sulfide, Kuroko type]"
Ga,64.9333,-130.6833,Canada,Gayna River [Gallium|Ga in Mississippi Valley-type]
Ga,64.9548,59.6181,Russia,Kozhim [Gallium|Ga in Bauxite]
Ga,65.9233,13.8797,Norway,Bleikvassli [Gallium|Ga in Clastic-dominated Pb-Zn]
Ga,66.2833,14.2,Norway,Mofjellet [Gallium|Ga in Clastic-dominated Pb-Zn]
Ga,67.0628,-156.9469,United States of America,Ruby Creek (Bornite) [Gallium|Ga in Kipushi Cu-Zn]
Ga,67.1097,-155.86,United States of America,"BT [Gallium|Ga in Volcanogenic Massive Sulfide, Kuroko type]"
Ga,67.1739,-156.3869,United States of America,"Arctic [Gallium|Ga in Volcanogenic Massive Sulfide, Kuroko type]"
Ga,67.8487,20.0036,Sweden,"Viscaria [Gallium|Ga in Volcanogenic Massive Sulfide, Kuroko type]"
Ga,68.0613,-162.8567,United States of America,Red Dog [Barite; Gallium; Germanium|Bedded-sedimentary; Ga in Clastic-dominated Pb-Zn; Sedimentary exhalative Pb-Zn]
Ga,68.5667,-158.6833,United States of America,Drenchwater [Gallium|Ga in Clastic-dominated Pb-Zn]
Ga,71.1328,-51.2828,Greenland,Black Angel [Gallium|Ga in Clastic-dominated Pb-Zn]
Ga,72.92,55.17,Russia,Pavolovskoye [Gallium|Ga in Mississippi Valley-type]
Ga,73.0617,-84.5083,Canada,Nanisivik [Gallium|Ga in Mississippi Valley-type]
Ga,75.3878,-96.9311,Canada,Polaris [Gallium|Ga in Mississippi Valley-type]
Ga,75.5694,-96.1939,Canada,Eclipse [Gallium|Ga in Mississippi Valley-type]
Ga,83.08,-28.25,Greenland,Citronen Fjord [Gallium|Ga in Clastic-dominated Pb-Zn]
Ge,-14.2065,28.2971,Zambia,Kabwe [Gallium; Germanium|Ga in Clastic-dominated Pb-Zn; Ge in Kipushi Zn-Pb-Cu]
Ge,-11.7694,27.2356,Democratic Republic of the Congo,Kipushi [Gallium; Germanium|Ga and Ge in Kipushi Zn-Pb-Cu]
Ge,22.7417,99.725,China,"Laochang [Gallium; Indium; Germanium|Ga, Ge, and In in Volcanogenic Massive Sulfide, Kuroko type]"
Ge,23.6,104.24,China,"Bainiuchang [Gallium; Indium; Germanium|Ga, Ge, and In in Clastic-dominated Sedimentary exhalative Pb-Zn]"
Ge,23.7728,99.9691,China,Lincang Mine [Germanium|Coal and Lignite]
Ge,23.8024,98.8666,China,Luziyuan [Germanium|Skarn]
Ge,24.5542,113.7222,China,"Dabaoshan [Gallium; Indium; Germanium|Ga, Ge, and In in Clastic-dominated Sedimentary exhalative Pb-Zn]"
Ge,25.11,113.6292,China,Fankou [Gallium; Germanium|Ga in Mississippi Valley-type; Sedimentary-exhalative Pb-Zn]
Ge,25.4204,99.1331,China,Hetaoping [Germanium|Skarn]
Ge,26.5816,99.4567,China,Jinding [Germanium; Gallium|Sandstone-hosted; Ga in Clastic-dominated Pb-Zn]
Ge,26.6339,103.7003,China,Huize [Gallium; Germanium|Ga and Ge in Mississippi Valley-type]
Ge,36.1953,-85.9333,United States of America,Elmwood-Gordonsville district [Gallium; Germanium|Ga and Ge in Mississippi Valley-type]
Ge,36.1969,-85.9344,United States of America,Gordonsvile Mine [Germanium|Mississippi Valley-type]
Ge,36.2243,-85.9066,United States of America,Elmwood Mine [Germanium|Mississippi Valley-type]
Ge,36.2581,-85.9331,United States of America,Cumberland Mine [Germanium|Mississippi Valley-type]
Ge,37.0694,-113.8036,United States of America,Apex Mine [Gallium; Germanium; Indium|Ga and Ge in Kipushi Cu-Zn]
Ge,52.7592,-7.7114,Ireland,Lisheen [Gallium; Germanium|Ga in Clastic-dominated Pb-Zn; Irish-type]
Ge,52.7897,-8.2544,Ireland,Silvermines [Gallium; Germanium|Ga in Clastic-dominated Pb-Zn; Mississippi Valley-type; Sedimentary exhalative Pb-Zn]
Ge,68.0613,-162.8567,United States of America,Red Dog [Barite; Gallium; Germanium|Bedded-sedimentary; Ga in Clastic-dominated Pb-Zn; Sedimentary exhalative Pb-Zn]
Ge,68.1157,-163.17,United States of America,Su-Lik deposit [Germanium|Sedimentary exhalative Pb-Zn]
Ge,68.1842,-163.0606,United States of America,Oak showing [Germanium|Sedimentary exhalative Pb-Zn]
Ge,68.1947,-163.0568,United States of America,Wulik prospect [Germanium|Sedimentary exhalative Pb-Zn]
Graphite,-34.8013,135.7117,Australia,Koppio-Uley mines [Graphite|Crystalline Graphite]
Graphite,-33.496,120.8492,Australia,Munglinup River [Graphite|Crystalline Graphite]
Graphite,-31.4307,-68.1327,Argentina,Quebrada Del Gato [Graphite|Crystalline Graphite]
Graphite,-28.6607,152.21,Australia,Undercliff [Graphite|Amorphous Graphite]
Graphite,-22.6485,30.8833,South Africa,Malonga Graphite Mine [Graphite|Amorphous Graphite]
Graphite,-22.3152,30.6667,South Africa,Gumbu Graphite Mine [Graphite|Crystalline Graphite]
Graphite,-20.6652,147.8667,Australia,Jack's Creek [Graphite|Amorphous Graphite]
Graphite,-20.4319,-45.1333,Brazil,Itapacerica [Graphite|Crystalline Graphite]
Graphite,-19.408,48.891,Madagascar,Ampangadiatany [Graphite|Crystalline Graphite]
Graphite,-19.341,48.945,Madagascar,Vatomandry-Area [Graphite|Crystalline Graphite]
Graphite,-18.9301,48.4511,Madagascar,Perinet-Ambatovy-Area [Graphite|Crystalline Graphite]
Graphite,-18.3469,49.101,Madagascar,Ambatomitamba Sahanovo Area [Graphite|Crystalline Graphite]
Graphite,-17.0988,-40.35,Brazil,Itanhem [Graphite|Crystalline Graphite]
Graphite,-16.4304,29.3013,Zimbabwe,Lynx Mine [Graphite|Crystalline Graphite]
Graphite,-15.8822,-45.1333,Brazil,Pedra Azul [Graphite|Crystalline Graphite]
Graphite,-8.4647,-78.1331,Peru,La Galgada-La Limena-San Carlos mines [Graphite|Amorphous Graphite]
Graphite,-3.4648,38.3845,Kenya,Chawia [Graphite|Crystalline Graphite]
Graphite,0.7499,37.0,Kenya,Oldoinyo-Nyiro [Graphite|Crystalline Graphite]
Graphite,7.5675,80.5336,Sri Lanka,Kahatagaha-Kolongaha [Graphite|Crystalline Graphite]
Graphite,10.0673,77.8337,India,Madurai [Graphite|Crystalline Graphite]
Graphite,17.3263,-96.865,Mexico,Telixtlahuaca [Graphite|Crystalline Graphite]
Graphite,17.3832,81.3336,India,Khammam [Graphite|Crystalline Graphite]
Graphite,17.3832,81.8503,India,East Godavari [Graphite|Crystalline Graphite]
Graphite,18.0165,82.9336,India,Visakhapatnam [Graphite|Crystalline Graphite]
Graphite,18.3331,83.1003,India,Srikakulam [Graphite|Crystalline Graphite]
Graphite,19.8329,83.6335,India,Tumdibandh-Phulbani Area [Graphite|Crystalline Graphite]
Graphite,20.0819,110.4167,China,Haikou [Graphite|Amorphous Graphite]
Graphite,20.1996,83.367,India,Titlagarh Area [Graphite|Crystalline Graphite]
Graphite,20.7995,84.6002,India,Dandatapa Area [Graphite|Crystalline Graphite]
Graphite,20.8995,83.0836,India,Sargipali Area [Graphite|Crystalline Graphite]
Graphite,23.616,74.5005,India,Tamatia Mines [Graphite|Crystalline Graphite]
Graphite,23.966,84.1335,India,Sokra [Graphite|Crystalline Graphite]
Graphite,23.966,84.2169,India,Khamdih [Graphite|Crystalline Graphite]
Graphite,25.9991,112.9995,China,Hunan [Graphite|Amorphous Graphite]
Graphite,28.5815,-109.5667,Mexico,Tonichi [Graphite|Amorphous Graphite]
Graphite,28.6002,-110.5006,Mexico,Lourdes area [Graphite|Amorphous Graphite]
Graphite,30.3981,-111.5333,Mexico,Las Trincheras [Graphite|Amorphous Graphite]
Graphite,30.7849,-98.3578,United States of America,Burnet-Llano District [Graphite|Crystalline Graphite]
Graphite,32.4987,113.8827,China,Honan Deposits [Graphite|Amorphous Graphite]
Graphite,32.8025,-115.9786,United States of America,Wedge [Graphite|Crystalline Graphite]
Graphite,33.28,-85.84,United States of America,Clay-Coosa-Chilton graphite district [Graphite|Flake and Crystalline Graphite]
Graphite,34.1191,-84.7425,United States of America,Unnamed Graphite Mine [Graphite|Crystalline Graphite]
Graphite,34.6538,-118.4689,United States of America,Southern California area [Graphite|Crystalline Graphite]
Graphite,35.8986,-82.1814,United States of America,Dillinger Mine & Mill [Graphite|Crystalline Graphite]
Graphite,36.278,-121.5552,United States of America,Unnamed [Graphite|Crystalline Graphite]
Graphite,36.4146,127.75,South Korea,Wolmyong-Kaerim-Pongmyong [Graphite|Amorphous Graphite]
Graphite,36.8987,-118.0744,United States of America,Black Lady Nos. 1 and 2 [Graphite|Crystalline Graphite]
Graphite,36.9146,127.6667,South Korea,Yongwon-GunJa-Pyongtack-Shihung [Graphite|Crystalline Graphite]
Graphite,37.0317,120.3159,China,Shandong Peninsula [Graphite|Crystalline Graphite]
Graphite,38.0177,-120.3799,United States of America,Eureka Plumbago-Morgan mines [Graphite|Crystalline Graphite]
Graphite,38.1904,-122.5919,United States of America,Skinner Ranch [Graphite|Crystalline Graphite]
Graphite,38.5898,-106.3778,United States of America,Graphite Basin [Graphite|Crystalline Graphite]
Graphite,38.6736,-105.9806,United States of America,Unnamed Graphite Deposit [Graphite|Crystalline Graphite]
Graphite,39.8316,127.4322,North Korea,Yonghung-Kaechon area [Graphite|Amorphous Graphite]
Graphite,40.665,129.1989,North Korea,Songjin Deposits [Graphite|Crystalline Graphite]
Graphite,40.6812,-74.8772,United States of America,Stone Mills Graphite Mine [Graphite|Crystalline Graphite]
Graphite,40.8145,63.3833,Uzbekistan,Taskazgan [Graphite|Crystalline Graphite]
Graphite,40.8149,111.6161,China,Hohot [Graphite|Crystalline Graphite]
Graphite,40.8833,113.8833,China,Xing He [Graphite|Crystalline Graphite]
Graphite,41.2121,-123.7675,United States of America,Unnamed Location [Graphite|Crystalline Graphite]
Graphite,41.7662,-71.4583,United States of America,Cranston-Penners Ledge Mines [Graphite|Amorphous Graphite]
Graphite,41.8554,-73.3678,United States of America,Graphite Mines [Graphite|Crystalline Graphite]
Graphite,41.9383,-72.1842,United States of America,Lead Hill Mine Graphite Deposits [Graphite|Crystalline Graphite]
Graphite,42.2082,-105.2317,United States of America,Rabbit Creek Area [Graphite|Crystalline Graphite]
Graphite,42.9312,125.9667,China,Panshi [Graphite|Amorphous Graphite]
Graphite,43.2735,-72.0986,United States of America,Boston-Goshen-Osgood Mines area [Graphite|Crystalline Graphite]
Graphite,43.5378,-73.4809,United States of America,Champlain Graphite Mine [Graphite|Crystalline Graphite]
Graphite,43.5535,-73.4983,United States of America,M. B. Hooper Graphite Mine [Graphite|Crystalline Graphite]
Graphite,43.5583,-73.4553,United States of America,Adirondack Mining & Milling Mine [Graphite|Crystalline Graphite]
Graphite,43.5915,-73.4331,United States of America,Silver Leaf Graphite Co.Mine [Graphite|Crystalline Graphite]
Graphite,43.6039,-73.9717,United States of America,Rowland Graphite Mine area [Graphite|Crystalline Graphite]
Graphite,43.899,-73.4694,United States of America,Essex-Warren area [Graphite|Crystalline Graphite]
Graphite,44.1213,-103.8353,United States of America,Copper Cliff Mine [Graphite|Crystalline Graphite]
Graphite,44.4708,-75.5546,United States of America,Pope Mills-Rossie Deposits [Graphite|Crystalline Graphite]
Graphite,44.5576,-76.5744,Canada,Kirkham-Portland-Timmins area [Graphite|Crystalline Graphite]
Graphite,45.1027,-112.5059,United States of America,Crystal Graphite Mine [Graphite|Crystalline Graphite]
Graphite,45.2312,23.75,Romania,Baia De Fier [Graphite|Amorphous Graphite]
Graphite,45.2812,131.0,China,Jixi (Liu Mao) [Graphite|Amorphous Graphite]
Graphite,45.2893,-77.9417,Canada,Coronation [Graphite|Crystalline Graphite]
Graphite,45.2979,131.0667,China,Liu Mao [Graphite|Amorphous Graphite]
Graphite,45.5166,-75.5496,Canada,North American Mine [Graphite|Crystalline Graphite]
Graphite,45.7298,-79.0778,Canada,Graphite Lake-Ryerson-Todd area [Graphite|Crystalline Graphite]
Graphite,46.1431,-75.5547,Canada,Graphex-Graphico-Orwell mines [Graphite|Crystalline Graphite]
Graphite,46.2312,-78.0667,Canada,Bisset Creek [Graphite|Crystalline Graphite]
Graphite,46.2479,-75.5333,Canada,St-Amime-Lac Des Iles [Graphite|Crystalline Graphite]
Graphite,46.3145,129.55,China,Heling [Graphite|Amorphous Graphite]
Graphite,46.3165,-111.6336,United States of America,Black Diamond Carbon Graphitic [Graphite|Crystalline Graphite]
Graphite,46.6347,-88.3472,United States of America,Detroit-Northern Graphite Quarries [Graphite|Amorphous Graphite]
Graphite,47.3479,15.0667,Austria,Kaisersberg-Trieben [Graphite|Amorphous Graphite]
Graphite,47.9145,130.9333,Russia,Soyusnoye [Graphite|Crystalline Graphite]
Graphite,48.1979,30.0333,Ukraine,Zaval'E [Graphite|Crystalline Graphite]
Graphite,48.382,15.4521,Austria,Doppl-Muehldorf-Zettlitz [Graphite|Crystalline Graphite]
Graphite,48.7987,14.3188,Czech Republic,Cesky Krumlov [Graphite|Crystalline Graphite]
Graphite,49.2154,14.4522,Czech Republic,Kolledeye [Graphite|Crystalline Graphite]
Graphite,50.1312,17.3333,Czech Republic,Velke Vbrno-Konstantin Vvk [Graphite|Amorphous Graphite]
Graphite,51.8478,106.0995,Russia,Boyarsk [Graphite|Crystalline Graphite]
Graphite,52.4646,100.75,Russia,Botogolsk [Graphite|Crystalline Graphite]
Graphite,52.55,-61.1833,Canada,Lac Knife [Graphite|Crystalline Graphite]
Graphite,55.6313,60.65,Russia,Tayginsk [Graphite|Crystalline Graphite]
Graphite,56.3814,-103.125,Canada,Pollon Lake area [Graphite|Crystalline Graphite]
Graphite,64.4983,91.25,Russia,Noginskoje [Graphite|Amorphous Graphite]
Graphite,65.0254,-165.6322,United States of America,Christophosen Creek [Graphite|Crystalline Graphite]
Graphite,65.0359,-165.5528,United States of America,Imuruk Basin Graphite [Graphite|Crystalline Graphite]
Graphite,65.0393,-165.5383,United States of America,Graphite Creek [Graphite|Crystalline Graphite]
Graphite,66.4818,87.1667,Russia,Kureyka [Graphite|Amorphous Graphite]
Graphite,69.4488,17.2873,Norway,Skaland-Senja [Graphite|Crystalline Graphite]
Hf,-37.1337,141.7786,Australia,Douglas [Zirconium and Hafnium|Coastal placer or paleoplacer]
Hf,-33.6421,115.6156,Australia,Tutunup South [Zirconium and Hafnium|Coastal placer or paleoplacer]
Hf,-32.469,115.9798,Australia,Keysbrook [Zirconium and Hafnium|Coastal placer or paleoplacer]
Hf,-31.282,17.9018,South Africa,Namakwa [Zirconium and Hafnium; Titanium|Coastal placer or paleoplacer; Sedimentary related]
Hf,-31.024,132.178,Australia,Jacinth-Ambrosia [Titanium; Zirconium and Hafnium|Coastal placer or paleoplacer]
Hf,-29.8727,115.2841,Australia,Eneabba [Zirconium and Hafnium; Titanium|Coastal placer or paleoplacer]
Hf,-28.581,32.347,South Africa,Richards Bay [Titanium; Zirconium and Hafnium|Coastal placer or paleoplacer]
Hf,-26.5447,114.0469,Australia,Coburn [Zirconium and Hafnium|Coastal placer or paleoplacer]
Hf,-22.95,43.669,Madagascar,Ranobe [Titanium; Zirconium and Hafnium|Coastal placer or paleoplacer]
Hf,-21.4111,-41.0052,Brazil,Buena [Zirconium and Hafnium|Coastal placer or paleoplacer]
Hf,-16.7,39.399,Mozambique,Moma [Titanium; Zirconium and Hafnium|Coastal placer or paleoplacer]
Hf,-11.8172,130.1505,Australia,Kilimiraka [Zirconium and Hafnium|Coastal placer or paleoplacer]
Hf,-11.3653,131.0131,Australia,Lethbridge Bay [Zirconium and Hafnium|Coastal placer or paleoplacer]
Hf,-6.5149,-34.9743,Brazil,Guaju [Zirconium and Hafnium|Coastal placer or paleoplacer]
Hf,-4.4191,39.4227,Kenya,Kwale [Zirconium and Hafnium; Titanium|Coastal placer or paleoplacer; Sedimentary related]
Hf,7.7833,-12.3,Sierra Leone,Sierra Rutile [Titanium; Zirconium and Hafnium|Coastal placer or paleoplacer]
Hf,8.9407,80.9853,Sri Lanka,Pulmoddai [Zirconium and Hafnium; Titanium|Coastal placer or paleoplacer]
Hf,15.129,-16.798,Senegal,Grande Côte [Titanium; Zirconium and Hafnium|Coastal placer or paleoplacer]
Hf,18.2819,84.0764,India,Srikurmam [Zirconium and Hafnium|Coastal placer or paleoplacer]
Hf,30.0136,-82.04,United States of America,Trail Ridge [Titanium; Zirconium and Hafnium|Beach (strandline) and (or) coastal dune; Coastal placer or paleoplacer]
Hf,31.0338,-81.9674,United States of America,Mission [Zirconium and Hafnium|Coastal placer or paleoplacer]
Hf,36.9442,-77.3995,United States of America,Stony Creek [Zirconium and Hafnium|Coastal placer or paleoplacer]
Hf,43.2553,-124.3632,United States of America,Seven Devils [Zirconium and Hafnium|Coastal placer or paleoplacer]
Hf,43.3587,-124.2033,United States of America,Coos Bay [Zirconium and Hafnium|Coastal placer or paleoplacer]
Hf,57.0326,-111.6161,Canada,Athabasca oil sands [Zirconium and Hafnium|Oil sands]
Hf,67.55,30.5,Russia,Kovdor [Zirconium and Hafnium|Igneous]
In,-24.01,30.42,South Africa,Maranda J [Indium|Volcanogenic Massive Sulfide]
In,-23.9877,30.5058,South Africa,Romotshidi [Indium|Volcanogenic Massive Sulfide]
In,-23.9309,30.2942,South Africa,Murchison greenstone belt [Indium|Volcanogenic Massive Sulfide]
In,-23.8899,30.6928,South Africa,Solomons [Indium|Volcanogenic Massive Sulfide]
In,-22.8945,-66.6118,Argentina,Pirquitas [Indium|Polymetallic Sn veins]
In,-21.2943,-66.2609,Bolivia,San Vincente [Indium|Polymetallic Sn veins]
In,-21.1991,-66.1122,Bolivia,Tatasi [Indium|Polymetallic Sn veins]
In,-20.9254,-66.0051,Bolivia,Chorolque [Indium|Polymetallic Sn veins]
In,-20.9195,-66.2906,Bolivia,Siete Suyos-Animas [Indium|Polymetallic Sn veins]
In,-20.3841,-66.6416,Bolivia,Pulacayo [Indium|Polymetallic Sn veins]
In,-19.7055,-65.9768,Bolivia,Porco deposit [Indium|Polymetallic Sn veins]
In,-19.6822,-65.547,Bolivia,Reserva [Indium|Polymetallic Sn veins]
In,-19.6579,-65.727,Bolivia,San Lorenzo deposit [Indium|Polymetallic Sn veins]
In,-19.533,-65.727,Bolivia,Potosi deposit [Indium|Polymetallic Sn veins]
In,-19.5132,-66.6059,Bolivia,Carguaicollo [Indium|Polymetallic Sn veins]
In,-19.2951,-65.6437,Bolivia,Huari Huari deposit [Indium|Polymetallic Sn veins]
In,-18.6769,-66.0765,Bolivia,Colquechaca [Indium|Polymetallic Sn veins]
In,-18.4028,-66.7561,Bolivia,Bolivar deposit [Indium|Polymetallic Sn veins]
In,-17.3503,-67.0223,Bolivia,Colquiri [Indium|Polymetallic Sn veins]
In,-17.2075,-69.14,Bolivia,Comanche [Indium|Polymetallic Sn veins]
In,22.7417,99.725,China,"Laochang [Gallium; Indium; Germanium|Ga, Ge, and In in Volcanogenic Massive Sulfide, Kuroko type]"
In,23.6,104.24,China,"Bainiuchang [Gallium; Indium; Germanium|Ga, Ge, and In in Clastic-dominated Sedimentary exhalative Pb-Zn]"
In,24.5542,113.7222,China,"Dabaoshan [Gallium; Indium; Germanium|Ga, Ge, and In in Clastic-dominated Sedimentary exhalative Pb-Zn]"
In,36.2725,-114.1865,United States of America,Gold Butte area [Indium|Kipushi Zn-Pb-Cu]
In,36.3519,-114.1734,United States of America,Tramp Ridge area [Indium|Kipushi Zn-Pb-Cu]
In,37.0694,-113.8036,United States of America,Apex Mine [Gallium; Germanium; Indium|Ga and Ge in Kipushi Cu-Zn]
In,39.8582,-113.4646,United States of America,Crypto Project [Indium|]
In,42.9815,141.042,Japan,Toyoha Mine [Indium|Pb-Zn-Ag-In Vein]
Li,-33.8667,116.0625,Australia,Greenbushes [Beryllium; Lithium; Niobium and Tantalum; Tin|Pegmatite; Li-Cs-Ta type pegmatite; Hydrothermal]
Li,-33.5639,120.0397,Australia,Cattlin [Lithium|Pegmatite]
Li,-32.9833,-65.9833,Argentina,San Luis [Lithium|Pegmatite]
Li,-32.3861,-65.7069,Argentina,Las Cuevas [Lithium|Pegmatite]
Li,-32.3069,121.785,Australia,Deans [Lithium|Pegmatite]
Li,-31.5156,122.1794,Australia,Bald [Lithium|Pegmatite]
Li,-31.0972,121.0753,Australia,Tantalite [Lithium|Pegmatite]
Li,-31.0781,121.4667,Australia,Marion [Lithium|Pegmatite]
Li,-29.3072,117.6833,Australia,Edon [Lithium|Pegmatite]
Li,-28.7691,18.4957,Namibia,Homestead [Lithium|Pegmatite]
Li,-27.7072,117.2669,Australia,Niobe [Lithium|Pegmatite]
Li,-26.936,-69.0694,Chile,Salar de Maricunga [Lithium|Li Basin Brines]
Li,-25.3906,-67.1081,Argentina,Salar de Hombre Muerto [Lithium|Li Basin Brines]
Li,-24.7971,-68.3013,Argentina,Salar de Llullaillaco [Lithium|Li Basin Brines]
Li,-24.117,30.894,South Africa,Union [Lithium|Pegmatite]
Li,-24.1037,-67.1058,Argentina,Salar del Rincon [Lithium|Li Basin Brines]
Li,-23.4812,-68.3147,Chile,Salar de Atacama [Lithium|Li Basin Brines]
Li,-23.4712,-66.7418,Argentina,Salar de Cuachari and Salar de Olaroz [Lithium|Li Basin Brines]
Li,-22.1031,15.9939,Namibia,Rubicon [Lithium|Pegmatite]
Li,-21.6524,-67.7812,Bolivia,Salar de Pastos Grandes [Lithium|Li Basin Brines]
Li,-21.18,118.68,Australia,Wodgina [Beryllium; Lithium; Niobium and Tantalum|Pegmatite; Li-Cs-Ta type pegmatite]
Li,-21.0833,-44.5833,Brazil,Volta Grande [Niobium and Tantalum; Beryllium; Lithium|Li-Cs-Ta type pegmatite]
Li,-21.071,118.902,Australia,Pilgangoora [Beryllium; Lithium|Pegmatite]
Li,-20.6666,118.9231,Australia,Tabba [Lithium|Pegmatite]
Li,-20.2013,-67.41,Bolivia,Salar de Uyuni [Lithium|Li Basin Brines]
Li,-19.9609,31.428,Zimbabwe,Bikita [Lithium; Beryllium|Be Type Rare-Metal Pegmatite]
Li,-19.9167,46.5333,Madagascar,Betafo [Lithium|Pegmatite]
Li,-19.2217,-68.0901,Bolivia,Salar de Copaisa [Lithium|Li Basin Brines]
Li,-19.023,-41.46,Brazil,Urucum Pegmatite [Lithium|Pegmatite]
Li,-18.8374,-69.0053,Chile,Salar de Surire [Lithium|Li Basin Brines]
Li,-18.329,27.069,Zimbabwe,Kamativi [Beryllium; Tin; Lithium|Pegmatite; Hydrothermal]
Li,-15.7374,38.2537,Mozambique,Alto Ligonha [Lithium|Pegmatite]
Li,-7.2775,27.4508,Democratic Republic of the Congo,Manono-Kitolo Mine [Lithium; Beryllium|Pegmatite]
Li,-6.9184,-36.7235,Brazil,Mamoes [Lithium|Pegmatite]
Li,-2.8341,29.53,Burundi,Kivuvu [Lithium|Pegmatite]
Li,-2.7608,29.308,Burundi,Ruhembe [Lithium|Pegmatite]
Li,-1.9919,29.6169,Rwanda,Bijyojyo [Lithium|Pegmatite]
Li,5.5167,39.0333,Ethiopia,Kenticha [Niobium and Tantalum; Lithium|Li-Cs-Ta type pegmatite]
Li,6.0,-1.0,Ghana,Kokobin [Lithium|Pegmatite]
Li,8.3167,3.025,Nigeria,Igbeti [Lithium|Pegmatite]
Li,20.7939,-15.5706,Mauritania,Khnefissat [Lithium|Pegmatite]
Li,26.2,111.8,China,Maoantan [Lithium|Pegmatite]
Li,26.67,118.1,China,Nanping [Lithium; Niobium and Tantalum|Li-Cs-Ta type pegmatite]
Li,27.6495,114.5178,China,Yichun [Niobium and Tantalum; Lithium|Rare-metal granite; Li-Cs-Ta type pegmatite]
Li,30.289,101.284,China,Jiajika [Beryllium; Lithium|Pegmatite]
Li,31.4165,35.4269,Israel,Dead Sea [Lithium|Li Basin Brines]
Li,31.4259,84.0519,Tibet,Zhabuye Lake [Lithium|Li Basin Brines]
Li,31.5812,86.748,Tibet,DXC [Lithium|Li Basin Brines]
Li,32.8852,-86.248,United States of America,McAllister [Lithium|Pegmatite]
Li,33.2117,-116.7983,United States of America,San Diego [Lithium|Pegmatite]
Li,33.3638,-115.8692,United States of America,Salton Sea [Lithium|Li Basin Brines]
Li,33.7,110.8,China,Guanpo [Lithium|Pegmatite]
Li,33.708,66.325,Afghanistan,Taghawlor [Lithium|Pegmatite]
Li,33.9629,-112.5717,United States of America,White Picacho [Beryllium; Lithium|Pegmatite]
Li,34.435,70.256,Afghanistan,Surkh-Rod [Lithium|Pegmatite]
Li,34.525,69.904,Afghanistan,Shahidan [Lithium|Pegmatite]
Li,34.617,70.75,Afghanistan,Darrahe-Nur [Lithium|Pegmatite]
Li,34.672,70.782,Afghanistan,Darra-i-Pech [Lithium|Pegmatite]
Li,34.878,70.28,Afghanistan,Alinghar [Lithium|Pegmatite]
Li,34.909,70.871,Afghanistan,Parun [Lithium|Pegmatite]
Li,35.068,70.306,Afghanistan,Kurghal [Lithium|Pegmatite]
Li,35.208,70.354,Afghanistan,Nilaw-Kolum [Lithium|Pegmatite]
Li,35.2202,-81.3543,United States of America,Kings Mountain [Lithium; Beryllium|Be Type Rare-Metal Pegmatite]
Li,35.233,71.333,Afghanistan,Marid [Lithium|Pegmatite]
Li,35.333,69.333,Afghanistan,Panjsher [Lithium|Pegmatite]
Li,35.436,70.772,Afghanistan,Kantiway [Lithium|Pegmatite]
Li,35.528,71.0,Afghanistan,Pachighram [Lithium|Pegmatite]
Li,35.7362,-117.3312,United States of America,Searles Lake [Lithium|Li Basin Brines]
Li,35.9429,-82.0827,United States of America,Spruce Pine [Beryllium; Lithium|Non-pegmatite; Li-Cs-Ta type pegmatite]
Li,36.1926,-105.7948,United States of America,Harding [Beryllium; Lithium|Pegmatite]
Li,36.455,71.606,Afghanistan,Eshkashim [Lithium|Pegmatite]
Li,37.202,70.56,Afghanistan,Talbuzanak [Lithium|Pegmatite]
Li,37.498,93.9395,China,Taijanier Lake [Lithium|Li Basin Brines]
Li,37.7762,-117.5681,United States of America,Clayton Valley [Lithium|Li Basin Brines]
Li,38.5417,-106.6256,United States of America,Quartz Cr [Lithium|Pegmatite]
Li,40.5464,-105.3733,United States of America,Crystal Mountain [Lithium; Beryllium|Pegmatite]
Li,41.2531,-112.7051,United States of America,Great Salt Lake [Lithium|Li Basin Brines]
Li,41.5922,-72.5916,United States of America,Anderson [Lithium|Pegmatite]
Li,41.6347,-7.7838,Portugal,Covas de Barroso [Lithium|Pegmatite]
Li,41.8855,-118.1419,United States of America,Kings Valley [Lithium|Li-Clay]
Li,42.4195,-72.8726,United States of America,Clark [Lithium|Pegmatite]
Li,42.7512,10.205,Italy,Elba [Lithium|Pegmatite]
Li,42.768,-107.4421,United States of America,Black Mountain [Lithium|Pegmatite]
Li,43.1811,-72.2942,United States of America,Beryl Mountain [Lithium|Pegmatite]
Li,43.7514,-71.8896,United States of America,Palermo [Lithium; Beryllium|Be Type Rare-Metal Pegmatite]
Li,44.0092,-65.9967,Canada,Brazil Lake [Lithium|Pegmatite]
Li,44.113,-103.8134,United States of America,Black Hills [Beryllium; Lithium; Tellurium|Be Type Rare-Metal Pegmatite; Te in Epithermal Au-Ag]
Li,44.2692,-70.4733,United States of America,Mount Mica [Beryllium; Lithium|Pegmatite]
Li,45.8506,-88.3528,United States of America,Animikie [Lithium|Pegmatite]
Li,45.9792,1.3861,France,Chedeville [Lithium|Pegmatite]
Li,46.0042,8.7089,Italy,Brissago [Lithium|Pegmatite]
Li,46.1833,2.9333,France,Beauvoir-Echassieres [Niobium and Tantalum; Beryllium; Lithium|Rare-metal granite; Non-pegmatite; Li-Cs-Ta type pegmatite]
Li,46.8674,14.9316,Austria,Koralpe [Lithium|Pegmatite]
Li,47.1899,88.8126,China,Altai [Lithium|Pegmatite]
Li,48.4108,-77.8082,Canada,Lacorne [Lithium|Pegmatite]
Li,49.4208,16.0028,Czech Republic,Oldrich [Lithium|Pegmatite]
Li,49.8214,-92.6563,Canada,Mavis [Lithium|Pegmatite]
Li,49.8633,-92.5311,Canada,Gullwing Lake [Lithium|Pegmatite]
Li,50.25,-94.06,Canada,Big Whopper [Lithium|Pegmatite]
Li,50.344,-95.317,Canada,Greer [Lithium|Pegmatite]
Li,50.4218,12.7896,Czech Republic,Podlesi [Lithium|Pegmatite]
Li,50.4333,-95.45,Canada,Tanco [Niobium and Tantalum; Beryllium; Lithium|Be Type Rare-Metal Pegmatite; Li-Cs-Ta type pegmatite]
Li,50.6515,109.8798,Russia,Malkhan [Lithium|Pegmatite]
Li,50.7145,-4.0302,England,Meldon [Lithium; Beryllium|Pegmatite]
Li,50.8,-91.7,Canada,Root [Lithium|Pegmatite]
Li,51.0572,114.8342,Russia,Orlovka [Lithium|Pegmatite]
Li,51.6833,-75.8458,Canada,Whabouchi [Lithium|Pegmatite]
Li,52.5983,-93.3788,Canada,Favourable Lake [Lithium|Pegmatite]
Li,52.7853,-6.5374,Ireland,Leinster [Lithium|Pegmatite]
Li,57.5667,61.3167,Russia,Lipovy Log [Lithium|Pegmatite]
Li,58.1694,11.6789,Sweden,Borkenas-Orust [Lithium|Pegmatite]
Li,58.9667,18.3167,Sweden,Utö [Beryllium; Lithium|Pegmatite]
Li,62.2,-128.833,Canada,Little Nahanni [Lithium|Pegmatite]
Li,62.7794,22.8155,Finland,Seinajoki [Lithium|Pegmatite]
Li,63.4256,23.7061,Finland,Ullava (Länttä) [Lithium; Beryllium|Pegmatite]
Li,63.5083,22.9825,Finland,Haapaluoma [Lithium|Pegmatite]
Li,64.2,20.7692,Sweden,Orrvik [Lithium|Pegmatite]
Li,64.8008,20.7411,Sweden,Varuträsk [Beryllium; Lithium|Pegmatite]
Mn,-28.05,23.05,South Africa,Postmasburg [Manganese|Secondary enrichment]
Mn,-27.1833,22.95,South Africa,Kalahari [Manganese|Marine sedimentary Mn]
Mn,-26.25,27.0167,South Africa,Western Transval [Manganese|Secondary enrichment]
Mn,-20.5833,-43.8333,Brazil,Morro da Mina [Manganese|Secondary enrichment]
Mn,-19.1333,-57.55,Brazil,Urucum [Manganese|Marine sedimentary Mn]
Mn,-14.0,136.5,Australia,Groote Eylandt [Manganese|Marine sedimentary Mn]
Mn,-6.1333,-50.35,Brazil,Azul [Manganese|Secondary enrichment]
Mn,-1.5667,13.2833,Gabon,Moanda [Manganese|Secondary enrichment]
Mn,1.0,-52.0,Brazil,Serro do Navio [Manganese|Secondary enrichment]
Mn,5.28,-1.95,Ghana,Nsuta [Manganese|Secondary enrichment]
Mn,10.0,-140.0,Pacific Ocean,Clarion-Clipperton zone [Cobalt; Manganese|Sea-floor Fe-Mn(-Ni-Cu-Co-Mo) nodules and crusts]
Mn,13.9333,75.5167,India,Karnataka [Manganese|Marine sedimentary Mn]
Mn,14.7833,-0.0667,Burkina Fasso,Tambao [Manganese|Secondary enrichment]
Mn,15.5,73.9167,India,Goa [Manganese|Secondary enrichment]
Mn,18.3667,83.45,India,Andhra Pradesh Vizianagaram-Visakhapatnam Manganese Belt [Manganese|Secondary enrichment]
Mn,20.8333,-98.7333,Mexico,Molango [Manganese|Marine sedimentary Mn]
Mn,21.6333,85.6667,India,Orissa [Manganese|Secondary enrichment]
Mn,21.8333,80.3,India,Madhya Pradesh [Manganese|Marine sedimentary Mn]
Mn,23.0,72.5,India,Gujarat [Manganese|Marine sedimentary Mn]
Mn,23.33,109.5,China,Leiping [Manganese|Marine sedimentary]
Mn,27.5,106.5,China,Tsun-i [Manganese|Marine sedimentary]
Mn,27.83,112.92,China,Hsiang-tan [Manganese|Marine sedimentary]
Mn,30.7333,-6.9,Morocco,Imini [Manganese|Marine sedimentary Mn]
Mn,31.4571,-110.7122,United States of America,Hardshell Mine [Manganese|Deposit type unclassified]
Mn,34.2092,-111.3756,United States of America,Maggie Mine [Manganese|Deposit type unclassified]
Mn,36.0815,-114.9115,United States of America,Three Kids Mine [Manganese|Deposit type unclassified]
Mn,37.9031,-107.6114,United States of America,Sunnyside Mine [Manganese|Deposit type unclassified]
Mn,39.5833,122.0,China,Wafangtzu [Manganese|Marine sedimentary Mn]
Mn,42.3167,43.3,Georgia,Tchiatura [Manganese|Marine sedimentary Mn]
Mn,43.2167,27.9167,Bulgaria,Varna [Manganese|Marine sedimentary Mn]
Mn,46.3778,-94.0276,United States of America,Cuyuna Range [Manganese|Deposit type unclassified]
Mn,46.3913,-68.04,United States of America,Maple Mountain-Hovey Mountain [Manganese|Deposit type unclassified]
Mn,46.712,-68.1544,United States of America,Aroostook County [Manganese|Deposit type unclassified]
Mn,47.0833,17.6667,Hungary,Urkut [Manganese|Marine sedimentary Mn]
Mn,47.25,35.7,Ukraine,Bolshe Tokmak [Manganese|Marine sedimentary Mn]
Mn,47.5667,34.4167,Ukraine,Nikopol [Manganese|Marine sedimentary Mn]
NiCo,-35.767,148.817,Australia,Young [Cobalt|Ni-Co laterite]
NiCo,-33.6464,120.3947,Australia,Ravensthorpe [Cobalt|Ni-Co laterite]
NiCo,-32.117,141.2,Australia,Pyrite Hill-Big Hill [Cobalt|Stratiform sediment-hosted Cu-Co]
NiCo,-31.636,121.649,Australia,Kambalda [Cobalt|Magmatic Ni-Cu(-Co-PGE) sulfide]
NiCo,-31.546,147.165,Australia,Summervale/Westlynn [Cobalt|Ni-Co laterite]
NiCo,-31.45,137.25,Australia,Mount Gunson [Cobalt|Stratiform sediment-hosted Cu-Co]
NiCo,-31.3,137.16,Australia,Windabout [Cobalt|Stratiform sediment-hosted Cu-Co]
NiCo,-31.1,137.167,Australia,Emmie Bluff [Cobalt|Stratiform sediment-hosted Cu-Co]
NiCo,-30.433,136.878,Australia,Olympic Dam [Cobalt; Tellurium|Iron oxide-Cu-Au(Ag-U-REE-Co-Ni)]
NiCo,-30.3778,121.1539,Australia,Cawse [Cobalt|Ni-Co laterite]
NiCo,-30.2397,120.9956,Australia,Ora Banda [Cobalt|Ni-Co laterite]
NiCo,-30.1,121.05,Australia,Kalgoorlie Nickel [Cobalt|Ni-Co laterite]
NiCo,-29.726,122.036,Australia,Yerilla [Cobalt|Ni-Co laterite]
NiCo,-28.7678,121.8911,Australia,Murrin Murrin [Cobalt|Ni-Co laterite]
NiCo,-27.713,120.533,Australia,Mount Keith [Cobalt|Magmatic Ni-Cu(-Co-PGE) sulfide]
NiCo,-26.82,117.75,Australia,Weld Range [Cobalt|Ni-Co laterite]
NiCo,-26.0644,128.9692,Australia,Wingellina [Cobalt|Ni-Co laterite]
NiCo,-26.0,129.3,Australia,Claude Hills [Cobalt|Ni-Co laterite]
NiCo,-25.667,30.5,South Africa,Nkomati [Cobalt|Magmatic Ni-Cu(-Co-PGE) sulfide]
NiCo,-23.0083,149.8917,Australia,Marlborough [Cobalt|Ni-Co laterite]
NiCo,-22.3047,166.9322,New Caledonia,Goro [Cobalt|Ni-Co laterite]
NiCo,-22.067,135.55,Australia,Basil [Cobalt|Iron oxide-Cu-Au(Ag-U-REE-Co-Ni)]
NiCo,-21.6153,166.1819,New Caledonia,Thio [Cobalt|Ni-Co laterite]
NiCo,-21.5139,166.0522,New Caledonia,Nakety [Cobalt|Ni-Co laterite]
NiCo,-21.4153,165.7386,New Caledonia,Kouaoua [Cobalt|Ni-Co laterite]
NiCo,-21.2217,165.0417,New Caledonia,Nepoui [Cobalt|Ni-Co laterite]
NiCo,-21.033,140.533,Australia,Greenmount [Cobalt|Iron oxide-Cu-Au(Ag-U-REE-Co-Ni)]
NiCo,-20.997,-48.499,Brazil,Fortaleza de Minas [Cobalt|Magmatic Ni-Cu(-Co-PGE) sulfide]
NiCo,-20.57,139.472,Australia,Mount Isa [Gallium; Cobalt|Ga and Co in Clastic-dominated Pb-Zn]
NiCo,-20.4447,164.2172,New Caledonia,Tiébaghi [Cobalt|Ni-Co laterite]
NiCo,-20.433,140.7,Australia,Ernest Henry [Cobalt|Iron oxide-Cu-Au(Ag-U-REE-Co-Ni)]
NiCo,-20.002,133.658,Australia,Rover 1 [Cobalt|Iron oxide-Cu-Au(Ag-U-REE-Co-Ni)]
NiCo,-19.483,139.467,Australia,Mount Oxide [Cobalt|Iron oxide-Cu-Au(Ag-U-REE-Co-Ni)]
NiCo,-18.9703,144.9347,Australia,Greenvale-Kokomo-Lucknow [Cobalt|Ni-Co laterite]
NiCo,-18.8678,48.3531,Madagascar,Ambatovy [Cobalt|Ni-Co laterite]
NiCo,-18.8456,48.3708,Madagascar,Analamay [Cobalt|Ni-Co laterite]
NiCo,-18.137,144.789,Australia,Bell Creek-Neck-Minnamoolka [Cobalt|Ni-Co laterite]
NiCo,-17.353,128.022,Australia,Savannah [Cobalt|Magmatic Ni-Cu(-Co-PGE) sulfide]
NiCo,-16.103,-50.075,Brazil,Americano do Brasil [Cobalt|Magmatic Ni-Cu(-Co-PGE) sulfide]
NiCo,-15.997,28.001,Zambia,Munali [Cobalt|Magmatic Ni-Cu(-Co-PGE) sulfide]
NiCo,-15.6689,-51.12,Brazil,Santa Fe [Cobalt|Ni-Co laterite]
NiCo,-14.3533,-48.3958,Brazil,Niquelandia [Cobalt|Ni-Co laterite]
NiCo,-14.185,-39.725,Brazil,Santa Rita [Cobalt|Magmatic Ni-Cu(-Co-PGE) sulfide]
NiCo,-14.0,74.0,Indian Ocean,Pioneer [Cobalt|Sea-floor Fe-Mn(-Ni-Cu-Co-Mo) nodules]
NiCo,-13.5,28.378,Zambia,Baluba-Muliashi-Luanshya [Cobalt|Stratiform sediment-hosted Cu-Co]
NiCo,-13.068,131.079,Australia,Browns [Cobalt|Stratiform sediment-hosted Cu-Co]
NiCo,-12.915,28.082,Zambia,Chibuluma-Chibuluma West [Cobalt|Stratiform sediment-hosted Cu-Co]
NiCo,-12.796,28.182,Zambia,Mindola-Nkana N-S [Cobalt|Stratiform sediment-hosted Cu-Co]
NiCo,-12.66,28.048,Zambia,Chambishi Southeast [Cobalt|Stratiform sediment-hosted Cu-Co]
NiCo,-12.507,27.867,Zambia,Chingola-Nchanga [Cobalt|Stratiform sediment-hosted Cu-Co]
NiCo,-12.257,27.621,Zambia,Nama [Cobalt|Stratiform sediment-hosted Cu-Co]
NiCo,-12.21,25.345,Zambia,Kalumbila [Cobalt|Stratiform sediment-hosted Cu-Co]
NiCo,-12.179,25.851,Zambia,Chimiwungo [Cobalt|Stratiform sediment-hosted Cu-Co]
NiCo,-12.162,25.754,Zambia,Malundwe [Cobalt|Stratiform sediment-hosted Cu-Co]
NiCo,-12.016,27.901,Democratic Republic of the Congo,Kipapila [Cobalt|Stratiform sediment-hosted Cu-Co]
NiCo,-11.634,27.581,Democratic Republic of the Congo,Etoile [Cobalt|Stratiform sediment-hosted Cu-Co]
NiCo,-11.599,27.263,Democratic Republic of the Congo,Lupoto [Cobalt|Stratiform sediment-hosted Cu-Co]
NiCo,-11.514,27.417,Democratic Republic of the Congo,Luiswishi [Cobalt|Stratiform sediment-hosted Cu-Co]
NiCo,-11.256,27.099,Democratic Republic of the Congo,Kipoi Central [Cobalt|Stratiform sediment-hosted Cu-Co]
NiCo,-11.167,27.008,Democratic Republic of the Congo,Luishia [Cobalt|Stratiform sediment-hosted Cu-Co]
NiCo,-10.851,26.611,Democratic Republic of the Congo,Kambove [Cobalt|Stratiform sediment-hosted Cu-Co]
NiCo,-10.85,26.583,Democratic Republic of the Congo,M'Sesa [Cobalt|Stratiform sediment-hosted Cu-Co]
NiCo,-10.833,26.567,Democratic Republic of the Congo,Kazibizi [Cobalt|Stratiform sediment-hosted Cu-Co]
NiCo,-10.813,26.586,Democratic Republic of the Congo,Kamfundwa [Cobalt|Stratiform sediment-hosted Cu-Co]
NiCo,-10.8,25.692,Democratic Republic of the Congo,Tilwezembe [Cobalt|Stratiform sediment-hosted Cu-Co]
NiCo,-10.786,25.813,Democratic Republic of the Congo,Mutanda [Cobalt|Stratiform sediment-hosted Cu-Co]
NiCo,-10.775,25.768,Democratic Republic of the Congo,Deziwa [Cobalt|Stratiform sediment-hosted Cu-Co]
NiCo,-10.774,25.975,Democratic Republic of the Congo,Kisanfu [Cobalt|Stratiform sediment-hosted Cu-Co]
NiCo,-10.76,26.115,Democratic Republic of the Congo,Écaille C [Cobalt|Stratiform sediment-hosted Cu-Co]
NiCo,-10.754,26.254,Democratic Republic of the Congo,Disele [Cobalt|Stratiform sediment-hosted Cu-Co]
NiCo,-10.741,25.375,Democratic Republic of the Congo,DIMA [Cobalt|Stratiform sediment-hosted Cu-Co]
NiCo,-10.739,26.398,Democratic Republic of the Congo,Kakanda [Cobalt|Stratiform sediment-hosted Cu-Co]
NiCo,-10.733,26.423,Democratic Republic of the Congo,Kababankola [Cobalt|Stratiform sediment-hosted Cu-Co]
NiCo,-10.725,26.348,Democratic Republic of the Congo,Mukondo [Cobalt|Stratiform sediment-hosted Cu-Co]
NiCo,-10.72,25.401,Democratic Republic of the Congo,Kamoto-KOV-Musonie-Mupine [Cobalt|Stratiform sediment-hosted Cu-Co]
NiCo,-10.7,25.467,Democratic Republic of the Congo,Dilala East [Cobalt|Stratiform sediment-hosted Cu-Co]
NiCo,-10.69,26.45,Democratic Republic of the Congo,Kabolela [Cobalt|Stratiform sediment-hosted Cu-Co]
NiCo,-10.677,25.477,Democratic Republic of the Congo,Kananga [Cobalt|Stratiform sediment-hosted Cu-Co]
NiCo,-10.65,25.505,Democratic Republic of the Congo,Mutoshi [Cobalt|Stratiform sediment-hosted Cu-Co]
NiCo,-10.624,25.909,Democratic Republic of the Congo,Kalukundi-Kii [Cobalt|Stratiform sediment-hosted Cu-Co]
NiCo,-10.58,26.19,Democratic Republic of the Congo,Tenke Fungurume [Cobalt|Stratiform sediment-hosted Cu-Co]
NiCo,-10.0,-170.0,Pacific Ocean,Cook Islands EEZ [Cobalt|Sea-floor Fe-Mn(-Ni-Cu-Co-Mo) nodules]
NiCo,-9.6828,148.9606,Papua New Guinea,Wowo Gap [Cobalt|Ni-Co laterite]
NiCo,-9.0,147.7,Papua New Guinea,Mambare [Cobalt|Ni-Co laterite]
NiCo,-8.3869,159.7139,Solomon Islands,Isabela Island [Cobalt|Ni-Co laterite]
NiCo,-7.7875,-49.3511,Brazil,Vila Oito [Cobalt|Ni-Co laterite]
NiCo,-6.9689,-49.2594,Brazil,Vale dos Sonhos [Cobalt|Ni-Co laterite]
NiCo,-6.8461,-49.325,Brazil,Serra do Tapa [Cobalt|Ni-Co laterite]
NiCo,-6.2364,-49.7503,Brazil,Vermelho [Cobalt|Ni-Co laterite]
NiCo,-6.2131,-52.8631,Brazil,Jacaré [Cobalt|Ni-Co laterite]
NiCo,-5.5256,145.1875,Papua New Guinea,Ramu [Cobalt|Ni-Co laterite]
NiCo,-3.7872,30.1878,Burundi,Musongati [Cobalt|Ni-Co laterite]
NiCo,-3.665,33.421,Tanzania,Dutwa [Cobalt|Ni-Co laterite]
NiCo,-3.5619,29.9108,Burundi,Waga [Cobalt|Ni-Co laterite]
NiCo,-3.2764,30.09,Burundi,Nyabikere [Cobalt|Ni-Co laterite]
NiCo,-3.0,83.0,Indian Ocean,Afanasiy-Nikitin seamount [Cobalt|Sea-floor Fe-Mn(-Co-Mo-REE) crusts]
NiCo,-2.867,30.583,Tanzania,Kabanga [Cobalt; Platinum-Group Elements|Magmatic Ni-Cu(-Co-PGE) sulfide; Conduit]
NiCo,-2.7039,121.9278,Indonesia,La Sampala [Cobalt|Ni-Co laterite]
NiCo,-0.4947,127.9422,Indonesia,Halmahera/Weda Bay [Cobalt|Ni-Co laterite]
NiCo,-0.4522,129.8822,Indonesia,Gag Island [Cobalt|Ni-Co laterite]
NiCo,0.217,30.05,Uganda,Kilembe [Cobalt|Stratiform sediment-hosted Cu-Co]
NiCo,3.2664,13.8131,Cameroon,Nkamouna [Cobalt|Ni-Co laterite]
NiCo,5.584,117.333,Malaysia,Tavai [Cobalt|Ni-Co laterite]
NiCo,7.7439,-7.6156,Côte d’Ivoire,Tiuba-Biankouma [Cobalt|Ni-Co laterite]
NiCo,8.587,117.405,Philippines,Rio Tuba [Cobalt|Ni-Co laterite]
NiCo,8.9675,117.975,Philippines,Ipilan [Cobalt|Ni-Co laterite]
NiCo,9.2842,125.5228,Philippines,Agata/Bolobolo/Karihatag [Cobalt|Ni-Co laterite]
NiCo,9.3911,118.1433,Philippines,Berong [Cobalt|Ni-Co laterite]
NiCo,9.5289,125.8275,Philippines,Taganito/Adlay [Cobalt|Ni-Co laterite]
NiCo,9.775,125.717,Philippines,Taganaan [Cobalt|Ni-Co laterite]
NiCo,9.8428,125.6194,Philippines,Nonoc [Cobalt|Ni-Co laterite]
NiCo,9.9181,125.6647,Philippines,Cagdianao [Cobalt|Ni-Co laterite]
NiCo,10.0,-140.0,Pacific Ocean,Clarion-Clipperton zone [Cobalt; Manganese|Sea-floor Fe-Mn(-Ni-Cu-Co-Mo) nodules and crusts]
NiCo,12.9422,121.0661,Philippines,Mindoro [Cobalt|Ni-Co laterite]
NiCo,15.0,160.0,Pacific Ocean,Prime crust zone [Cobalt|Sea-floor Fe-Mn(-Co-Mo-REE) crusts]
NiCo,15.4331,-89.6644,Guatemala,Sechol [Cobalt|Ni-Co laterite]
NiCo,15.7242,120.0414,Philippines,Acoje/Zambales [Cobalt|Ni-Co laterite]
NiCo,18.1264,-67.1578,Puerto Rico,Guanajibo [Cobalt|Ni-Co laterite]
NiCo,18.1919,-67.1006,Puerto Rico,Las Mesas [Cobalt|Ni-Co laterite]
NiCo,19.75,-14.383,Mauritania,Guelb Moghrein [Cobalt|Iron oxide-Cu-Au(Ag-U-REE-Co-Ni)]
NiCo,20.5392,-75.7186,Cuba,Pinares de Mayari [Cobalt|Ni-Co laterite]
NiCo,20.6025,-74.955,Cuba,Moa [Cobalt|Ni-Co laterite]
NiCo,20.6258,-74.8922,Cuba,Punta Gorda [Cobalt|Ni-Co laterite]
NiCo,20.6261,-75.5428,Cuba,Nicaro [Cobalt|Ni-Co laterite]
NiCo,21.0133,85.7394,India,Bhimatangar [Cobalt|Ni-Co laterite]
NiCo,21.0547,85.8169,India,Saruabil [Cobalt|Ni-Co laterite]
NiCo,21.0586,85.8564,India,Kansa [Cobalt|Ni-Co laterite]
NiCo,26.1,101.9,China,Lala [Cobalt|Iron oxide-Cu-Au(Ag-U-REE-Co-Ni)]
NiCo,26.117,103.167,China,Tangdan [Cobalt|Stratiform sediment-hosted Cu-Co]
NiCo,27.333,-112.3,Mexico,Boleo [Cobalt|Stratiform sediment-hosted Cu-Co]
NiCo,30.53,-6.91,Morocco,Bou Azzer [Cobalt|Polymetallic (Ag-Ni-Co-As-Bi)]
NiCo,30.667,102.0,China,Yangliuping [Cobalt; Platinum-Group Elements|Magmatic Ni-Cu(-Co-PGE) sulfide; Conduit]
NiCo,34.334,100.238,China,Dur'ngoi [Cobalt|Volcanogenic Cu(-Zn-Co-Ag-Au) massive sulfide]
NiCo,34.395,100.131,China,Deerni [Cobalt|Volcanogenic Cu(-Zn-Co-Ag-Au) massive sulfide]
NiCo,34.6,-14.5,Atlantic Ocean,Unicorn [Cobalt|Sea-floor Fe-Mn(-Co-Mo-REE) crusts]
NiCo,35.2,-15.0,Atlantic Ocean,Nameless [Cobalt|Sea-floor Fe-Mn(-Co-Mo-REE) crusts]
NiCo,36.0,-15.0,Atlantic Ocean,MTR [Cobalt|Sea-floor Fe-Mn(-Co-Mo-REE) crusts]
NiCo,37.85,-6.183,Spain,Aguablanca [Cobalt; Platinum-Group Elements|Magmatic Ni-Cu(-Co-PGE) sulfide; Synorogenic]
NiCo,38.467,102.167,China,Jinchuan [Cobalt; Platinum-Group Elements|Magmatic Ni-Cu(-Co-PGE) sulfide; Conduit]
NiCo,38.6164,27.7692,Turkey,Çaldag [Cobalt|Ni-Co laterite]
NiCo,40.267,-76.4,United States of America,Cornwall [Cobalt|Co in Fe-Cu-Co skarn]
NiCo,41.1706,21.9878,Macedonia,Ržanovo [Cobalt|Ni-Co laterite]
NiCo,41.808,33.692,Turkey,Kure [Cobalt|Volcanogenic Cu(-Zn-Co-Ag-Au) massive sulfide]
NiCo,42.0,-123.757,United States of America,Turner Albright [Cobalt; Gallium|Volcanogenic Cu(-Zn-Co-Ag-Au) massive sulfide]
NiCo,42.2236,21.2558,Kosovo,Cikatova [Cobalt|Ni-Co laterite]
NiCo,42.5436,21.0097,Kosovo,Glavica [Cobalt|Ni-Co laterite]
NiCo,43.5867,20.8403,Serbia,Rudjinci [Cobalt|Ni-Co laterite]
NiCo,45.123,-114.349,United States of America,Blackbird [Cobalt|Metasedimentary-rock-hosted Co-Cu-Au]
NiCo,45.499,-73.57,Canada,Voisey's Bay [Cobalt|Magmatic Ni-Cu(-Co-PGE) sulfide]
NiCo,46.35,-81.833,Canada,Shakespeare [Cobalt; Platinum-Group Elements|Magmatic Ni-Cu(-Co-PGE) sulfide; Conduit]
NiCo,46.633,-81.383,Canada,Sudbury Complex [Cobalt; Platinum-Group Elements|Magmatic Ni-Cu(-Co-PGE) sulfide; Sudbury]
NiCo,46.725,-110.895,United States of America,Sheep Creek [Cobalt|Stratiform sediment-hosted Cu-Co]
NiCo,46.748,-87.895,United States of America,Eagle [Cobalt|Magmatic Ni-Cu(-Co-PGE) sulfide]
NiCo,47.396,-79.686,Canada,Cobalt-Gowganda [Cobalt|Polymetallic (Ag-Ni-Co-As-Bi)]
NiCo,47.6,-91.967,United States of America,Northmet [Cobalt|Magmatic Ni-Cu(-Co-PGE) sulfide]
NiCo,47.632,-91.883,United States of America,Mesaba [Cobalt|Magmatic Ni-Cu(-Co-PGE) sulfide]
NiCo,47.801,-91.756,United States of America,Twin Metals [Cobalt|Magmatic Ni-Cu(-Co-PGE) sulfide]
NiCo,48.649,-78.442,Canada,Dumont [Cobalt|Magmatic Ni-Cu(-Co-PGE) sulfide]
NiCo,49.91,89.55,Russia,Karakul [Cobalt|Polymetallic (Ag-Ni-Co-As-Bi)]
NiCo,50.3367,58.2803,Kazakhstan,Kempirsai [Cobalt|Ni-Co laterite]
NiCo,50.467,-95.433,Canada,Makwa [Cobalt|Magmatic Ni-Cu(-Co-PGE) sulfide]
NiCo,50.469,-94.971,Canada,Werner Lake [Cobalt|Metasedimentary-rock-hosted Co-Cu-Au]
NiCo,50.6122,78.7553,Kazakhstan,Gornostai [Cobalt|Ni-Co laterite]
NiCo,50.8469,60.8344,Russia,Buruktal [Cobalt|Ni-Co laterite]
NiCo,51.06,59.37,Russia,Letneye [Cobalt|Volcanogenic Cu(-Zn-Co-Ag-Au) massive sulfide]
NiCo,51.2069,58.23,Russia,Akkermanov [Cobalt|Ni-Co laterite]
NiCo,51.23,56.97,Russia,Komsomolskoye [Cobalt|Volcanogenic Cu(-Zn-Co-Ag-Au) massive sulfide]
NiCo,51.381,-120.062,Canada,Chu Chu [Cobalt|Volcanogenic Cu(-Zn-Co-Ag-Au) massive sulfide]
NiCo,51.45,58.283,Russia,Ishkinino [Cobalt|Volcanogenic Cu(-Zn-Co-Ag-Au) massive sulfide]
NiCo,51.463,58.488,Russia,Gaiskoye [Cobalt|Volcanogenic Cu(-Zn-Co-Ag-Au) massive sulfide]
NiCo,52.45,57.917,Russia,Ivanovskoe [Cobalt|Volcanogenic Cu(-Zn-Co-Ag-Au) massive sulfide]
NiCo,52.7,58.63,Russia,Sibaiskoye [Cobalt|Volcanogenic Cu(-Zn-Co-Ag-Au) massive sulfide]
NiCo,53.417,59.1,Russia,Magnitogorsk [Cobalt; Gallium|Co in Fe-Cu-Co skarn; Ga in Kuroko Massive Sulfide]
NiCo,53.761,-98.814,Canada,Thompson [Cobalt|Magmatic Ni-Cu(-Co-PGE) sulfide]
NiCo,56.0686,60.3961,Russia,Sinarskoe [Cobalt|Ni-Co laterite]
NiCo,56.1236,60.2964,Russia,Cheremshanskoe [Cobalt|Ni-Co laterite]
NiCo,56.1692,60.2636,Russia,Rogozhinskoe [Cobalt|Ni-Co laterite]
NiCo,57.4339,61.11,Russia,Lipovskoe [Cobalt|Ni-Co laterite]
NiCo,58.32,-69.87,Canada,Soucy No. 1 [Cobalt|Volcanogenic Cu(-Zn-Co-Ag-Au) massive sulfide]
NiCo,58.476,-128.828,Canada,Turnagain [Cobalt|Magmatic Ni-Cu(-Co-PGE) sulfide]
NiCo,58.598,7.871,Norway,Flåt [Cobalt|Magmatic Ni-Cu(-Co-PGE) sulfide]
NiCo,59.7139,60.5589,Russia,Serovskoe [Cobalt|Ni-Co laterite]
NiCo,59.733,-137.733,Canada,Windy Craggy [Cobalt|Volcanogenic Cu(-Zn-Co-Ag-Au) massive sulfide]
NiCo,59.913,9.888,Norway,Skuterud [Cobalt|Metasedimentary-rock-hosted Co-Cu-Au]
NiCo,60.07,10.046,Norway,Ertelien [Cobalt|Magmatic Ni-Cu(-Co-PGE) sulfide]
NiCo,60.75,-139.502,Canada,Wellgreen [Cobalt|Magmatic Ni-Cu(-Co-PGE) sulfide]
NiCo,61.332,24.903,Finland,Stormi [Cobalt|Magmatic Ni-Cu(-Co-PGE) sulfide]
NiCo,61.344,9.658,Norway,Stormyra [Cobalt|Magmatic Ni-Cu(-Co-PGE) sulfide]
NiCo,61.417,60.5,Russia,Goroblagodat [Cobalt|Co in Fe-Cu-Co skarn]
NiCo,61.574,-73.26,Canada,Nunavik [Cobalt|Magmatic Ni-Cu(-Co-PGE) sulfide]
NiCo,61.593,-74.291,Canada,Raglan [Cobalt|Magmatic Ni-Cu(-Co-PGE) sulfide]
NiCo,62.045,28.77,Finland,Laukunkangas [Cobalt|Magmatic Ni-Cu(-Co-PGE) sulfide]
NiCo,62.522,27.681,Finland,Kotalahti [Cobalt|Magmatic Ni-Cu(-Co-PGE) sulfide]
NiCo,62.73,29.01,Finland,Outokumpu [Cobalt|Volcanogenic Cu(-Zn-Co-Ag-Au) massive sulfide]
NiCo,62.917,-96.967,Canada,Ferguson Lake [Cobalt|Magmatic Ni-Cu(-Co-PGE) sulfide]
NiCo,62.923,28.672,Finland,Luikonlahti [Cobalt|Volcanogenic Cu(-Zn-Co-Ag-Au) massive sulfide]
NiCo,63.548,-116.751,Canada,NICO [Cobalt|Metasedimentary-rock-hosted Co-Cu-Au]
NiCo,63.842,25.051,Finland,Hitura [Cobalt; Platinum-Group Elements|Magmatic Ni-Cu(-Co-PGE) sulfide; Synorogenic]
NiCo,63.983,28.167,Finland,Talvivaara [Cobalt; Gallium|Black-Shale-Hosted Ni-Cu-Zn-Co; Ga in Clastic-dominated Pb-Zn]
NiCo,66.112,25.279,Finland,Vähäjoki [Cobalt|Metasedimentary-rock-hosted Co-Cu-Au]
NiCo,66.131,28.819,Finland,Kouvervaara [Cobalt|Metasedimentary-rock-hosted Co-Cu-Au]
NiCo,66.289,29.2,Finland,Juomasuo [Cobalt|Metasedimentary-rock-hosted Co-Cu-Au]
NiCo,66.424,28.574,Finland,Haarakumpu [Cobalt|Metasedimentary-rock-hosted Co-Cu-Au]
NiCo,67.7,29.967,Finland,Kevitsa [Cobalt; Platinum-Group Elements|Magmatic Ni-Cu(-Co-PGE) sulfide; Atypical; pipe-like ore bodies]
NiCo,67.88,32.82,Russia,Sopchuaivench [Cobalt|Magmatic Ni-Cu(-Co-PGE) sulfide]
NiCo,67.94,32.82,Russia,NKT [Cobalt|Magmatic Ni-Cu(-Co-PGE) sulfide]
NiCo,68.332,16.944,Norway,Bruvann [Cobalt|Magmatic Ni-Cu(-Co-PGE) sulfide]
NiCo,69.332,29.737,Russia,Pechenga [Cobalt|Magmatic Ni-Cu(-Co-PGE) sulfide]
NiCo,69.357,88.3112,Russia,Noril'sk Talnakh area [Cobalt; Platinum-Group Elements; Tellurium|Magmatic Ni-Cu(-Co-PGE) sulfide; Conduit]
PGE,-33.111,-66.128,Argentina,Las Aguilas [Platinum-Group Elements|Conduit]
PGE,-32.9002,147.1993,Australia,Fifield district [Platinum-Group Elements|Deposit type unclassified]
PGE,-32.7659,147.4245,Australia,Syerston [Platinum-Group Elements|Laterite]
PGE,-32.694,147.461,Australia,"Owendale (includes Owendale North, Cincinnati, and Milverton) [Platinum-Group Elements|Alaskan-Uralian]"
PGE,-26.84,117.75,Australia,"Parks Reef [Platinum-Group Elements|Reef, sulfide]"
PGE,-26.314,24.863,South Africa,"Stella Intrusion [Platinum-Group Elements|Reef, Ti-V layers]"
PGE,-26.104,127.711,Australia,Nebo-Babel [Platinum-Group Elements|Conduit]
PGE,-25.725,30.6,South Africa,Nkomati Mine (MMZ and PCMZ) [Platinum-Group Elements|Conduit]
PGE,-25.32,29.36,South Africa,Sheba’s Ridge [Platinum-Group Elements|Contact]
PGE,-25.3,27.3,South Africa,"Merensky Reef [Platinum-Group Elements|Reef, sulfide]"
PGE,-25.18,26.97,South Africa,"Lower Pseudo Reef [Platinum-Group Elements|Reef, sulfide]"
PGE,-24.7368,28.5151,South Africa,Bushveld Complex [Platinum-Group Elements; Tellurium|Contact and Reef; Te in Magmatic Cu-Ni-PGM sulfide]
PGE,-24.6,30.0,South Africa,"UG2 [Platinum-Group Elements|Reef, chromitite]"
PGE,-24.35,28.95,South Africa,Volspruit project - North Pit Mines [Platinum-Group Elements|Contact]
PGE,-24.27,29.01,South Africa,Rooiport [Platinum-Group Elements|Contact]
PGE,-24.22,29.05,South Africa,War Springs [Platinum-Group Elements|Contact]
PGE,-24.14,29.0,South Africa,Mokopane [Platinum-Group Elements|Contact]
PGE,-24.1,28.98,South Africa,"Ivanhoe (Turfspruit, Rietfontein, Macalacaskop) [Platinum-Group Elements|Contact]"
PGE,-24.0,28.95,South Africa,Mogalakwena Mine [Platinum-Group Elements|Contact]
PGE,-23.97,28.85,South Africa,Akanani (P1  and P2) [Platinum-Group Elements|Contact]
PGE,-23.9,28.88,South Africa,Boikgantsho Project [Platinum-Group Elements|Contact]
PGE,-23.5,28.9,South Africa,Northern Limb projects -  Aurora and Hacra [Platinum-Group Elements|Contact]
PGE,-22.033,27.741,Botswana,Dikolati Nickel project [Platinum-Group Elements|Contact]
PGE,-21.2135,27.7708,Botswana,Selkirk [Platinum-Group Elements|Contact]
PGE,-21.14,116.84,Australia,"Main sulfide layer (Ferguson Reef) [Platinum-Group Elements|Reef, sulfide]"
PGE,-20.3,29.81,Zimbabwe,"Mimosa (Main Sulphide Zone) [Platinum-Group Elements|Reef, sulfide]"
PGE,-19.74,30.04,Zimbabwe,"Great Dyke [Platinum-Group Elements; Tellurium|Reef, sulfide; Tellurium in Magmatic Cu-Ni-PGM Sulfide]"
PGE,-18.42,30.41,Zimbabwe,"Zimplats Ngezi Mine (Main Sulphide Zone) [Platinum-Group Elements|Reef, sulfide]"
PGE,-17.99,30.45,Zimbabwe,"Zimplats Hartley Mine (Main Sulphide Zone) [Platinum-Group Elements|Reef, sulfide]"
PGE,-17.77,127.83,Australia,"Top and Middle Reefs [Platinum-Group Elements|Reef, chromitite]"
PGE,-5.598,-39.962,Brazil,"Pedra Branca [Platinum-Group Elements|Reef, chromitite]"
PGE,-2.867,30.583,Tanzania,Kabanga [Cobalt; Platinum-Group Elements|Magmatic Ni-Cu(-Co-PGE) sulfide; Conduit]
PGE,5.7013,-76.6497,Colombia,San Juan and Atrato Rivers districts [Platinum-Group Elements|Deposit type unclassified]
PGE,8.9452,35.454,Ethiopia,Yubdo [Platinum-Group Elements|Deposit type unclassified]
PGE,25.013,100.76,China,Jinbasoshan [Platinum-Group Elements|Conduit]
PGE,30.667,102.0,China,Yangliuping [Cobalt; Platinum-Group Elements|Magmatic Ni-Cu(-Co-PGE) sulfide; Conduit]
PGE,37.85,-6.183,Spain,Aguablanca [Cobalt; Platinum-Group Elements|Magmatic Ni-Cu(-Co-PGE) sulfide; Synorogenic]
PGE,38.467,102.167,China,Jinchuan [Cobalt; Platinum-Group Elements|Magmatic Ni-Cu(-Co-PGE) sulfide; Conduit]
PGE,45.35,-109.8,United States of America,Rocky Claim Group (Chrome Lake) [Platinum-Group Elements|Contact]
PGE,45.36,-109.81,United States of America,Benbow [Platinum-Group Elements|Contact]
PGE,45.37,-109.84,United States of America,Nye Basin [Platinum-Group Elements|Contact]
PGE,45.38,-110.01,United States of America,"A–B chromitite, West Fork area [Platinum-Group Elements|Reef]"
PGE,45.38,-109.9,United States of America,Mouat [Platinum-Group Elements|Contact]
PGE,45.3894,-109.8753,United States of America,"Stillwater Complex [Tellurium; Platinum-Group Elements|Magmatic Cu-Ni-PGM Sulfide; Reef, sulfide]"
PGE,45.41,-110.08,United States of America,Camp deposit [Platinum-Group Elements|Contact]
PGE,46.35,-81.833,Canada,Shakespeare [Cobalt; Platinum-Group Elements|Magmatic Ni-Cu(-Co-PGE) sulfide; Conduit]
PGE,46.633,-81.383,Canada,Sudbury Complex [Cobalt; Platinum-Group Elements|Magmatic Ni-Cu(-Co-PGE) sulfide; Sudbury]
PGE,46.691,-80.259,Canada,River Valley [Platinum-Group Elements|Contact]
PGE,46.748,-87.889,United States of America,Eagle Nickel [Platinum-Group Elements|Conduit]
PGE,46.77,-81.04,Canada,Broken Hammer [Platinum-Group Elements|Offset type]
PGE,46.83,-80.85,Canada,Parkin [Platinum-Group Elements|Offset type]
PGE,47.62,-91.97,United States of America,Northmet (Polymet) [Platinum-Group Elements|Contact]
PGE,47.73,-91.8,United States of America,Duluth Complex [Platinum-Group Elements|Contact]
PGE,47.81,-91.73,United States of America,Maturi (Nokomis) (Twin Metals) [Platinum-Group Elements|Contact]
PGE,48.079,-89.625,Canada,Great Lakes Nickel [Platinum-Group Elements|Contact]
PGE,48.754,-88.901,Canada,Thunder Bay North Project [Platinum-Group Elements|Contact]
PGE,48.793,-86.316,Canada,Marathon [Platinum-Group Elements|Contact]
PGE,48.818,-86.485,Canada,Geordie Lake [Platinum-Group Elements|Contact]
PGE,49.167,-89.617,Canada,Lac des Iles [Platinum-Group Elements|Atypical; pipe-like ore bodies]
PGE,50.482,-95.507,Canada,Bird River (Page Zone and Ore Fault Zone) [Platinum-Group Elements|Contact]
PGE,52.737,-86.306,Canada,Eagle's Nest [Platinum-Group Elements|Conduit]
PGE,54.918,95.355,Russia,Kingashskoe and Verkhnekingashskoye [Platinum-Group Elements|Komatiitic]
PGE,55.3275,132.5342,Russia,Ikenskoe [Platinum-Group Elements|Conduit]
PGE,55.3478,132.4425,Russia,Vodorazdelny [Platinum-Group Elements|Conduit]
PGE,56.478,118.575,Russia,Chinei intrusion. all deposits (reserves only) [Platinum-Group Elements|Contact]
PGE,57.55,134.6333,Russia,Kondyor [Platinum-Group Elements|Placer]
PGE,58.554,-136.925,United States of America,Nunatak-Brady Glacier [Platinum-Group Elements|Contact]
PGE,59.0667,-161.8667,United States of America,Goodnews Bay [Platinum-Group Elements|Placer]
PGE,59.5409,58.9667,Russia,Kytlym [Platinum-Group Elements|Placer]
PGE,60.1987,162.721,Russia,Kamchatka [Platinum-Group Elements|Deposit type unclassified]
PGE,61.443,-77.166,Canada,Ivakkak [Platinum-Group Elements|Komatiitic]
PGE,61.466,-139.521,Canada,Wellgreen Intrusion [Platinum-Group Elements|Conduit]
PGE,61.514,-73.753,Canada,Mequillon [Platinum-Group Elements|Komatiitic]
PGE,61.557,-73.449,Canada,Expo [Platinum-Group Elements|Komatiitic]
PGE,61.575,-73.257,Canada,Mesamax [Platinum-Group Elements|Komatiitic]
PGE,62.07,36.45,Russia,"Platinometal horizon ""A"" [Platinum-Group Elements|Reef, chromitite]"
PGE,62.1,36.4739,Russia,"Burakovskaya Intrusion [Platinum-Group Elements|Reef, chromitite]"
PGE,62.2,36.52,Russia,"Aganozero [Platinum-Group Elements|Reef, chromitite]"
PGE,62.2833,35.9,Russia,"Onega Intrusion [Platinum-Group Elements|Reef, Ti-V layers]"
PGE,62.7125,35.7577,Russia,"Pazhskoe [Platinum-Group Elements|Hydrothermal, vein swarm]"
PGE,63.842,25.051,Finland,Hitura [Cobalt; Platinum-Group Elements|Magmatic Ni-Cu(-Co-PGE) sulfide; Synorogenic]
PGE,63.9384,12.3389,Norway,Brattbakken [Platinum-Group Elements|Hydrothermal or remobilized (stockwork)]
PGE,64.7763,13.4744,Norway,Stormyrplutten [Platinum-Group Elements|Synvolcanic gabbroic body]
PGE,65.1491,29.0788,Finland,Hietaharju [Platinum-Group Elements|Komatiitic]
PGE,65.1968,29.1167,Finland,Peura-aho [Platinum-Group Elements|Komatiitic]
PGE,65.2794,29.2906,Finland,Vaara [Platinum-Group Elements|Komatiitic]
PGE,65.7767,27.9547,Finland,Rusamo [Platinum-Group Elements|Contact]
PGE,65.7974,28.1391,Finland,Lavotta [Platinum-Group Elements|Contact]
PGE,65.8114,24.977,Finland,"Paasivaara Reef (PV Reef) [Platinum-Group Elements|Reef, sulfide]"
PGE,65.8187,25.0059,Finland,Ala-Penikkavaara (AP Reef) [Platinum-Group Elements|Reef]
PGE,65.8508,28.0615,Finland,Haukiaho [Platinum-Group Elements|Contact]
PGE,65.9419,28.1822,Finland,Kaukua [Platinum-Group Elements|Contact]
PGE,65.9421,25.1387,Finland,"Sompujärvi (SJ Reef) [Platinum-Group Elements|Reef, sulfide]"
PGE,66.1,26.04,Finland,Ahmavaara [Platinum-Group Elements|Contact]
PGE,66.1,26.09,Finland,Suhanko [Platinum-Group Elements|Contact]
PGE,66.1,26.18,Finland,Vaaralampi [Platinum-Group Elements|Contact]
PGE,66.1,26.2,Finland,Niittylampi [Platinum-Group Elements|Contact]
PGE,66.12,25.98,Finland,Konttijärvi [Platinum-Group Elements|Contact]
PGE,66.1325,26.1659,Finland,Portimo Igneous Complex [Platinum-Group Elements|Contact]
PGE,66.22,26.48,Finland,"Siika-Kämä (SK Reef) [Platinum-Group Elements|Reef, sulfide]"
PGE,66.24,26.17,Finland,Kilvenjärvi [Platinum-Group Elements|Contact]
PGE,66.25,26.2,Finland,Koivukivalonaapa [Platinum-Group Elements|Reef]
PGE,66.25,26.27,Finland,Kilvenlatvalampi [Platinum-Group Elements|Contact]
PGE,66.26,26.17,Finland,Kilvenjoki [Platinum-Group Elements|Offset type contact]
PGE,66.26,26.31,Finland,Nutturalampi [Platinum-Group Elements|Contact]
PGE,66.318,30.866,Russia,Lukkulaisvaara - total resources [Platinum-Group Elements|Contacts of macrodike and reef]
PGE,66.32,30.9,Russia,Vostochnoe-critical zone [Platinum-Group Elements|Reef]
PGE,67.1759,28.1969,Finland,"Akanvaara UC [Platinum-Group Elements|Reef, chromitite]"
PGE,67.1956,28.1978,Finland,"Akanvaara LC [Platinum-Group Elements|Reef, chromitite]"
PGE,67.2903,24.4795,Finland,"Karhunjupukka [Platinum-Group Elements|Reef, Ti-V layers]"
PGE,67.51,35.0,Russia,Fedorovo [Platinum-Group Elements|Contact]
PGE,67.53,35.27,Russia,"Fedorov-Pana Intrusion [Platinum-Group Elements|Reef, sulfide]"
PGE,67.7,29.967,Finland,Kevitsa [Cobalt; Platinum-Group Elements|Magmatic Ni-Cu(-Co-PGE) sulfide; Atypical; pipe-like ore bodies]
PGE,67.7981,27.1049,Finland,"Koitelainen LC [Platinum-Group Elements|Reef, chromitite]"
PGE,67.8274,27.3163,Finland,"Koitelainen UC [Platinum-Group Elements|Reef, chromitite]"
PGE,67.88,32.75,Russia,Monchetundorvskoe [Platinum-Group Elements|Contact]
PGE,67.905,26.915,Finland,Lomalampi [Platinum-Group Elements|Komatiitic]
PGE,68.186,-31.665,Greenland,"Skaergaard Intrusion [Platinum-Group Elements|Reef, sulfide]"
PGE,68.19,-31.67,Greenland,"Gold zone [Platinum-Group Elements|Reef, sulfide]"
PGE,69.15,88.27,Russia,Chernogorskoye deposit [Platinum-Group Elements|Conduit]
PGE,69.2,88.04,Russia,Maslovskoe deposit [Platinum-Group Elements|Conduit]
PGE,69.2754,88.3147,Russia,Noril-sk II deposit [Platinum-Group Elements|Ni-Cu-PGE]
PGE,69.2778,88.1705,Russia,Medvezhy Creek open pit [Platinum-Group Elements|Ni-Cu-PGE]
PGE,69.2787,88.1324,Russia,Zopolyarny Mine [Platinum-Group Elements|Ni-Cu-PGE]
PGE,69.3,31.43,Russia,Karikjavr [Platinum-Group Elements|Conduit]
PGE,69.357,88.3112,Russia,Noril'sk Talnakh area [Cobalt; Platinum-Group Elements; Tellurium|Magmatic Ni-Cu(-Co-PGE) sulfide; Conduit]
PGE,69.38,30.33,Russia,Semiletka [Platinum-Group Elements|Conduit]
PGE,69.4,30.33,Russia,Kootsel'vaara-Kammikivi [Platinum-Group Elements|Conduit]
PGE,69.4,30.63,Russia,Verkhnee [Platinum-Group Elements|Conduit]
PGE,69.4,30.67,Russia,Tundrovskoe [Platinum-Group Elements|Conduit]
PGE,69.4,30.73,Russia,Bystrinskoe [Platinum-Group Elements|Conduit]
PGE,69.4,30.75,Russia,Zapolyarnoe [Platinum-Group Elements|Conduit]
PGE,69.42,31.08,Russia,Mount General'skaya [Platinum-Group Elements|Contact]
PGE,69.442,30.668,Russia,Zhdanovskoe [Platinum-Group Elements|Conduit]
PGE,69.4855,88.4182,Russia,Mayak Mine [Platinum-Group Elements|Ni-Cu-PGE]
PGE,69.5062,88.3694,Russia,Komsolmosk Mine [Platinum-Group Elements|Ni-Cu-PGE]
PGE,69.5241,88.337,Russia,Oktyabr-sk [Platinum-Group Elements|Ni-Cu-PGE]
PGE,69.53,88.45,Russia,Talnakh ore field [Platinum-Group Elements|Conduit]
PGE,69.5357,88.4684,Russia,Skalisty Mine [Platinum-Group Elements|Ni-Cu-PGE]
PGE,69.5414,88.3839,Russia,Taimyrsky Mine [Platinum-Group Elements|Ni-Cu-PGE]
PGE,70.0334,25.2213,Norway,Karenhaugen [Platinum-Group Elements|Hydrothermal or remobilized]
Re,-34.0876,-70.4581,Chile,El Teniente [Rhenium; Titanium|Porphyry Cu-(Mo-Au)]
Re,-33.1333,-70.2667,Chile,Los Bronces-Rio Blanco [Rhenium|Porphyry Cu-(Mo-Au)]
Re,-31.7083,-70.5,Chile,Los Pelambres [Rhenium|Porphyry Cu-(Mo-Au)]
Re,-26.2542,-69.5506,Chile,El Salvador [Rhenium|Porphyry Cu-(Mo-Au)]
Re,-24.265,-69.0717,Chile,La Escondida [Rhenium|Porphyry Cu-(Mo-Au)]
Re,-22.275,-68.9,Chile,Chuquicamata-Radomiro Tomic [Rhenium|Porphyry Cu-(Mo-Au)]
Re,-21.65,140.5,Australia,Merlin [Rhenium|Deposit type unclassified]
Re,-20.9631,-68.7083,Chile,Collahuasi [Rhenium|Porphyry Cu-Mo]
Re,-17.245,-70.6139,Peru,Toquepala [Rhenium|Porphyry Cu-(Mo-Au)]
Re,-17.0456,-70.7072,Peru,Cuajone [Rhenium|Porphyry Cu]
Re,-16.5353,-71.5917,Peru,Cerro Verde [Rhenium|Porphyry Cu-(Mo-Au)]
Re,-9.616,-76.95,Peru,Antamina [Rhenium|Cu-Zn-Mo skarn]
Re,25.6667,100.5,China,Machangqing [Rhenium|Porphyry Cu-Au]
Re,28.3861,-109.6569,Mexico,Cuatro Hermanos [Rhenium|Porphyry Cu]
Re,29.6,91.5833,China,Qulong [Rhenium|Porphyry Cu-Mo]
Re,29.8725,-109.9619,Mexico,Cumobabi [Rhenium|Porphyry Cu-Mo]
Re,29.945,55.8619,Iran,Sar Cheshmeh [Rhenium|Porphyry Cu]
Re,30.1667,114.8,China,Tongchankou [Rhenium|Porphyry Cu]
Re,30.3181,-109.5567,Mexico,La Caridad [Rhenium|Porphyry Cu-(Mo-Au)]
Re,30.9542,-110.3167,Mexico,Cananea [Rhenium|Porphyry Cu]
Re,31.4,97.7333,China,Yulong [Rhenium|Porphyry Cu-Au]
Re,31.55,115.49,China,Shapinggou [Rhenium|Porphyry Mo]
Re,31.8028,114.0002,China,Donggou [Rhenium|Porphyry Mo]
Re,31.8694,-111.12,United States of America,Sierrita [Rhenium|Porphyry Cu-(Mo-Au)]
Re,31.8928,-111.0353,United States of America,Twin Buttes [Rhenium|Porphyry Cu-Mo]
Re,32.4,-111.5,United States of America,Silver Bell [Rhenium|Porphyry Cu-Mo]
Re,32.75,-110.48,United States of America,Copper Creek [Rhenium|Porphyry Cu]
Re,32.7903,-108.0728,United States of America,Santa Rita [Rhenium|Porphyry Cu-(Mo-Au)]
Re,33.1036,-109.3611,United States of America,Morenci [Rhenium|Porphyry Cu-(Mo-Au)]
Re,33.1636,-110.9831,United States of America,Ray [Rhenium|Porphyry Cu]
Re,33.4,-110.95,United States of America,Castle Dome (Pinto Valley) [Rhenium|Porphyry Cu-Au]
Re,33.42,-110.74,United States of America,Miami [Rhenium|Porphyry Cu-Mo]
Re,34.33,100.95,China,Jinduicheng [Rhenium|Porphyry Mo]
Re,34.5858,-113.2119,United States of America,Bagdad [Rhenium|Porphyry Cu-(Mo-Au)]
Re,35.3667,-114.15,United States of America,Mineral Park (Ithaca Peak) [Rhenium|Porphyry Cu]
Re,36.7,-105.51,United States of America,Questa [Rhenium|Porphyry Mo]
Re,38.9219,46.1883,Armenia,Agarak [Rhenium|Porphyry Cu]
Re,39.1439,46.1378,Armenia,Kadjaran [Rhenium|Porphyry Cu-(Mo-Au)]
Re,39.37,-106.17,United States of America,Climax [Rhenium|Porphyry Mo]
Re,39.375,46.0228,Armenia,Dastakert [Rhenium|Porphyry Cu]
Re,39.57,-105.35,United States of America,Urad-Henderson [Rhenium|Porphyry Mo]
Re,40.5283,-112.1365,United States of America,Bingham [Rhenium; Titanium; Tellurium|Porphyry Cu-(Mo-Au)]
Re,40.8139,69.6464,Uzbekistan,Kalmakyr (Almalyk) [Rhenium|Porphyry Cu-(Mo-Au)]
Re,41.6442,64.1443,Uzbekistan,Sugraly [Rhenium|Roll-front sandstone U]
Re,42.72,24.0853,Bulgaria,Medet [Rhenium|Porphyry Cu]
Re,43.01,117.3,China,Xiaodonggou [Rhenium|Porphyry Mo]
Re,43.6497,80.4134,Kazakhstan,Suluchekinskoye [Rhenium|Roll-front sandstone U]
Re,43.8667,108.3333,Mongolia,Tsagaan-Suvarga [Rhenium|Porphyry Cu]
Re,43.98,99.22,Mongolia,Zuun Mod Molybdenum [Rhenium|Porphyry Cu-(Mo-Au)]
Re,44.1311,22.0969,Serbia,Veliki Krivelj [Rhenium|Porphyry Cu]
Re,44.3169,-114.5358,United States of America,Thompson Creek [Rhenium|Porphyry Mo]
Re,44.3833,21.95,Serbia,Majdanpek [Rhenium|Porphyry Cu-Au]
Re,46.0172,-112.5111,United States of America,Butte [Rhenium|Porphyry Cu-(Mo-Au)]
Re,46.9333,79.9667,Kazakhstan,Aktogai (Aktogay) [Rhenium|Porphyry Cu-Mo]
Re,47.5019,74.0833,Kazakhstan,Borly [Rhenium|Porphyry Cu]
Re,48.0569,-118.6922,United States of America,Mt. Tolman [Rhenium|Porphyry Cu-Mo]
Re,48.122,67.392,Kazakhstan,Dzhezkazgan [Rhenium|Sandstone stratabound Cu]
Re,49.0,104.1333,Mongolia,Erdenet (Erdenetuin-Obo) [Rhenium|Porphyry Cu]
Re,49.3394,-120.5561,Canada,Ingerbelle (or Similco) [Rhenium|Porphyry Cu-Au]
Re,49.39,117.4333,China,Wunugetushan [Rhenium|Porphyry Cu-Mo]
Re,49.5181,-119.1678,Canada,Carmi [Rhenium|Porphyry Mo]
Re,49.8778,-120.0056,Canada,Brenda [Rhenium|Porphyry Cu-Mo]
Re,50.0467,-124.645,Canada,OK [Rhenium|Porphyry Cu]
Re,50.1667,125.6922,China,Duobaoshan [Rhenium|Porphyry Cu]
Re,50.4328,-120.9206,Canada,Highmont West Pit [Rhenium|Porphyry Cu-Mo]
Re,50.4503,-121.0431,Canada,Lomex [Rhenium|Porphyry Cu-Mo]
Re,50.4856,-121.0483,Canada,Valley Copper [Rhenium|Porphyry Cu-Au]
Re,50.4942,-120.9967,Canada,Bethlehem [Rhenium|Porphyry Cu-Mo]
Re,50.6,-127.4778,Canada,Island Copper [Rhenium|Porphyry Cu]
Re,50.6142,-120.5308,Canada,Ajax West [Rhenium|Porphyry Cu]
Re,50.6364,-117.6028,Canada,Trout Lake (Max) [Rhenium|Porphyry Mo]
Re,50.6753,-127.8581,Canada,Hushamu [Rhenium|Porphyry Cu-Au]
Re,50.9239,-121.4211,Canada,Maggie [Rhenium|Porphyry Cu-Mo]
Re,51.4,16.133,Poland,Lubin-Sieroszowice [Rhenium|Reduced-facies stratabound Cu]
Re,51.6,11.466,Germany,Mansfeld-Sangerhausen [Rhenium|Reduced-facies stratabound Cu]
Re,51.8167,74.1833,Kazakhstan,Boschekul [Rhenium|Porphyry Cu-Mo]
Re,52.0967,-120.9075,Canada,Boss Mountain [Rhenium|Porphyry Mo]
Re,52.5181,-122.2875,Canada,Gibraltar [Rhenium|Porphyry Cu]
Re,53.2992,-127.0103,Canada,Red Bird [Rhenium|Porphyry Mo]
Re,53.4333,96.6667,Russia,Aksug [Rhenium|Porphyry Cu]
Re,53.5167,90.15,Russia,Sora (Sorsk) [Rhenium|Porphyry Cu]
Re,53.8036,-127.435,Canada,Berg [Rhenium|Porphyry Cu-Mo]
Re,53.9667,-124.8333,Canada,Nithi Mountain [Rhenium|Porphyry Mo]
Re,54.0244,-127.4781,Canada,Lucky Ship [Rhenium|Porphyry Mo]
Re,54.0361,-125.11,Canada,Endako [Rhenium|Porphyry Mo]
Re,54.8167,-127.3,Canada,Glacier Gulch (Davidson) [Rhenium|Porphyry Mo]
Re,54.9331,61.2672,Russia,Tominskoe [Rhenium|Porphyry Cu]
Re,54.9464,-126.1567,Canada,Granisle (or Bell) [Rhenium|Porphyry Cu]
Re,55.403,-130.483,United States of America,Quartz Hill [Rhenium|Porphyry Mo]
Re,55.4219,-129.4194,Canada,Kitsault (Lime Creek) [Rhenium|Porphyry Mo]
Re,56.483,-130.2,Canada,Snowfields [Rhenium|Porphyry Cu-Au]
Re,56.5044,-130.2628,Canada,Mitchell  (Sulphurets) [Rhenium|Porphyry Cu-Au]
Re,56.6667,-131.0925,Canada,Bronson Slope [Rhenium|Porphyry Cu-Au]
Re,57.0058,-126.7508,Canada,Kemess South [Rhenium|Cu-Au]
Re,57.3642,-130.9903,Canada,Schaft Creek [Rhenium|Porphyry Cu]
Re,59.2469,-129.8683,Canada,Storie Moly [Rhenium|Porphyry Mo]
Re,59.3167,-129.4583,Canada,Mount Haskin [Rhenium|Porphyry Mo]
Re,59.7,-133.4,Canada,Adanac (Ruby Creek) [Rhenium|Porphyry Mo]
Re,59.8988,-155.2854,United States of America,Pebble [Tellurium; Rhenium|Porphyry Cu-(Mo-Au)]
Re,60.9892,-133.7494,Canada,Red Mountain [Rhenium|Porphyry Mo]
Re,62.7361,-138.8292,Canada,Casino [Rhenium|Porphyry Cu]
Sb,-36.8846,144.7911,Australia,Costerfield [Antimony|Simple Sb]
Sb,-30.5714,151.9069,Australia,Hillgrove [Antimony|Au-Sb]
Sb,-23.8967,30.5314,South Africa,Antimony Line (Consolidated Murchison) [Antimony|Simple Quartz-Stibnite]
Sb,-22.7559,-66.0828,Argentina,Tupiza area [Antimony|Deposit type unclassified]
Sb,-21.9005,-65.9927,Bolivia,Bolivian antimony belt [Antimony|Au-Sb]
Sb,-21.8299,120.2493,Australia,Blue Spec [Antimony|Au-Sb]
Sb,-21.3309,-66.0161,Bolivia,"Jijikrut, Chulboi [Antimony|Deposit type unclassified]"
Sb,-19.7623,-65.8425,Bolivia,"Kharma, Chilcobija [Antimony|Au-Sb]"
Sb,-18.6807,-66.5535,Bolivia,Bolivian antimony belt [Antimony|Au-Sb]
Sb,2.5943,113.3032,Malaysia,Bau [Antimony|Deposit type unclassified]
Sb,18.2507,-99.667,Mexico,La Cruz Mine Zone [Antimony|Disseminated Sb]
Sb,23.066,97.4332,Myanmar,Bawdin [Antimony|Deposit type unclassified]
Sb,23.0864,107.115,China,South China belt [Antimony|Deposit type unclassified]
Sb,23.55,-100.95,Mexico,San Jose mines [Antimony|Simple Sb]
Sb,27.7833,111.4833,China,Xikuangshan [Antimony|Simple Quartz-Stibnite]
Sb,35.3134,103.3176,China,Quinling-Kunlurshan belt [Antimony|Deposit type unclassified]
Sb,38.837,-122.3613,United States of America,McLaughlin [Antimony|Deposit type unclassified]
Sb,39.726,73.9103,China,Tianshan belt [Antimony|Deposit type unclassified]
Sb,39.9986,36.0016,Turkey,Turhal [Antimony|Deposit type unclassified]
Sb,40.1315,71.7174,Kyrgyzstan,Kadamzhai [Antimony|Sb-Hg]
Sb,41.0741,-8.4337,Portugal,Alto do Sobrido [Antimony|Au-Sb]
Sb,41.3732,70.9357,Kyrgyzstan,Chatkal Range [Antimony|Deposit type unclassified]
Sb,41.4527,110.2058,China,Yinshan belt [Antimony|Deposit type unclassified]
Sb,44.4487,19.2519,Serbia,Krupanj-Zajaca [Antimony|Deposit type unclassified]
Sb,44.9268,-115.3326,United States of America,Yellow Pine [Antimony|Deposit type unclassified]
Sb,45.2061,3.1875,France,Brioude-Massiac [Antimony|Simple Sb]
Sb,45.8666,-67.0326,Canada,Lake George [Antimony|Disseminated Sb]
Sb,47.3451,16.2785,Austria,Stadtschlaining [Antimony|Deposit type unclassified]
Sb,47.5341,-116.2485,United States of America,Coeur d'Alene district [Antimony|Simple Sb]
Sb,48.4166,0.95,France,La Lucette [Antimony|Au-Sb]
Sb,48.7014,-55.2339,Canada,Beaver Brook (Hunan) [Antimony|Simple Sb]
Sb,49.582,14.3355,Czech Republic,Krasna Gora [Antimony|Au-Sb]
Sb,58.3061,-134.4664,United States of America,Eagle Creek [Antimony|Deposit type unclassified]
Sb,59.8699,92.918,Russia,Olympiada [Antimony|Au-Sb]
Sb,60.1833,-135.2167,Canada,Becker Cochrane [Antimony|Simple Sb]
Sb,64.3489,142.5291,Russia,Sarylakh [Antimony|Au-Sb]
Sb,66.4617,136.9251,Russia,Sentachan [Antimony|Au-Sb]
Sb,67.4689,-150.2241,United States of America,Workman’s Bench [Antimony|Deposit type unclassified]
Sn,-41.8822,145.3231,Australia,Heemskirk (Queen Hill) (Zeehan tin project) [Tin|Hydrothermal]
Sn,-41.7833,145.7833,Australia,Renison-Bell [Tin|Hydrothermal]
Sn,-41.75,145.36,Australia,Mount Lindsay [Beryllium; Tin|Non-pegmatite; Hydrothermal]
Sn,-41.66,147.7506,Australia,Cleveland (Aberfoyle and Rossarden) [Tin|Hydrothermal]
Sn,-41.4128,145.5153,Australia,Mount Bischoff [Tin; Beryllium|Hydrothermal; Non-pegmatite]
Sn,-34.3333,146.85,Australia,Ardlethan [Tin|Hydrothermal]
Sn,-33.9333,18.7333,South Africa,Kuils River [Tin|Hydrothermal]
Sn,-33.8667,116.0625,Australia,Greenbushes [Beryllium; Lithium; Niobium and Tantalum; Tin|Pegmatite; Li-Cs-Ta type pegmatite; Hydrothermal]
Sn,-30.3333,146.35,Australia,Doradilla [Tin|Hydrothermal]
Sn,-29.45,151.5333,Australia,Taronga [Tin|Hydrothermal]
Sn,-28.5,20.8833,South Africa,Van Rooi’s Vley [Tin|Hydrothermal]
Sn,-24.75,27.75,South Africa,Rooiberg tin mines [Tin|Hydrothermal]
Sn,-24.4833,28.5,South Africa,Union tin mine [Tin|Hydrothermal]
Sn,-24.05,28.75,South Africa,Zaaiplaats tin mine [Tin|Hydrothermal]
Sn,-22.72,-66.48,Argentina,Pirquitas Mine [Tin|Hydrothermal]
Sn,-21.2167,14.8667,Namibia,Uis tin mine [Tin|Hydrothermal]
Sn,-19.0,-66.0,Bolivia,"Southern (Cerro Rico, Chorolque) [Tin|Hydrothermal]"
Sn,-18.4333,-66.5667,Bolivia,Catavi tailings [Tin|Tailings]
Sn,-18.329,27.069,Zimbabwe,Kamativi [Beryllium; Tin; Lithium|Pegmatite; Hydrothermal]
Sn,-18.0,-67.0,Bolivia,"Central (Llallagua, (San Jose/Oruro, Huanuni) [Tin|Hydrothermal]"
Sn,-18.0,-65.0,Bolivia,Bolivian placers [Tin|Placer/alluvial]
Sn,-17.7167,145.05,Australia,Gillian (Herberton area) [Tin|Hydrothermal]
Sn,-17.5833,145.1667,Australia,Mount Garnet [Tin|Hydrothermal]
Sn,-17.3833,-67.1167,Bolivia,Colquiri tailings [Tin|Tailings]
Sn,-16.0,-67.0,Bolivia,"Northern (Chojlla, Colquiri) [Tin|Hydrothermal]"
Sn,-15.7667,145.25,Australia,Collingwood [Tin|Hydrothermal]
Sn,-14.5303,132.7856,Australia,Maranboy/Yeuralba [Tin|Hydrothermal]
Sn,-14.1978,-70.4664,Peru,San Rafael [Tin|Hydrothermal]
Sn,-13.6167,-48.0667,Brazil,Serra Branca [Tin|Hydrothermal and placer/alluvial]
Sn,-13.5061,131.7203,Australia,Mount Wells [Tin|Hydrothermal and placer/alluvial]
Sn,-9.9,-63.4333,Brazil,C–75 Garimpo [Tin|Hydrothermal and placer/alluvial]
Sn,-9.55,-62.4167,Brazil,Brumadinho Group [Tin|Hydrothermal and placer/alluvial]
Sn,-9.45,-65.1333,Brazil,Best Group [Tin|Placer/alluvial]
Sn,-9.0,-63.0,Brazil,Brascan Group (Rondonia tin province) [Tin|Hydrothermal and placer/alluvial]
Sn,-6.8333,-51.95,Brazil,Mocambo [Tin|Hydrothermal and placer/alluvial]
Sn,-6.5,27.5,Democratic Republic of the Congo,Kivu mines [Tin|Placer/alluvial]
Sn,-6.0333,-53.7167,Brazil,Rhodia-Espeng [Tin|Placer/alluvial]
Sn,-2.75,108.0833,Indonesia,Kelapa Kampit [Tin|Tailings]
Sn,-2.6667,107.8333,Indonesia,P.T. Tambang Belitun [Tin|Placer/alluvial]
Sn,-2.5833,106.4,Indonesia,P.T. Koba Tin [Tin|Placer/alluvial]
Sn,-2.0,106.0,Indonesia,P.T. Tambang Tamah [Tin|Placer/alluvial]
Sn,-2.0,114.0,Indonesia,Pt Timah Singkep Mine [Tin|Placer/alluvial]
Sn,-0.75,-60.1167,Brazil,Mapuero tin district [Tin|Placer/alluvial]
Sn,2.8181,101.6164,Malaysia,Kuala Langat Mining Sdn Bhd [Tin|Placer/alluvial]
Sn,3.8667,103.0833,Malaysia,Sungai Lembing [Tin|Hydrothermal]
Sn,4.0,103.0,Malaysia,Malaysian dredges [Tin|Placer/alluvial]
Sn,4.28,101.17,Malaysia,Kinta tin field [Tin|Hydrothermal and placer/alluvial]
Sn,8.0,99.0,Thailand,"Thai gravel pump operations, Southeast Asian tin belt [Tin|Placer/alluvial]"
Sn,9.0,99.0,Thailand,"Thai dredging operations, Southeast Asian tin belt [Tin|Placer/alluvial]"
Sn,9.75,8.8667,Nigeria,"Jos Plateau deposits (Bauchi, Benue, Kano, and Zaria States) [Tin|Placer/alluvial]"
Sn,12.0,99.0,Myanmar,"Tenasserim Valley, Southeast Asian tin belt [Tin|Placer/alluvial]"
Sn,13.8667,99.1167,Thailand,"Thai hard-rock and open pit operations, Southeast Asian tin belt [Tin|Hydrothermal]"
Sn,18.8167,97.1667,Myanmar,Mawchi Mine [Tin|Hydrothermal]
Sn,23.3333,103.3333,China,Gejiu District [Tin|Hydrothermal; Felsic and intermediate intrusion-associated]
Sn,24.8333,107.8333,China,Dachang [Tin|Hydrothermal]
Sn,24.9167,98.2667,China,Lailishan [Tin|Hydrothermal]
Sn,25.0,98.3667,China,Laopingshan [Tin|Hydrothermal]
Sn,25.3403,34.5431,Egypt,Abu Dabbab [Tin; Niobium and Tantalum|Hydrothermal and placer/alluvial; Rare-metal granite]
Sn,25.45,98.4333,China,Xiaolonghe [Tin|Hydrothermal]
Sn,25.5333,98.7333,China,Datongchang [Tin|Hydrothermal]
Sn,25.65,98.4333,China,Diantan [Tin|Hydrothermal]
Sn,30.5,99.3667,China,Cuomolong [Tin|Hydrothermal]
Sn,31.5,130.4333,Japan,Suzuyama [Tin|Hydrothermal]
Sn,33.2844,-5.4803,Morocco,Bou El Jaj [Tin|Hydrothermal]
Sn,33.3226,-5.4546,Morocco,Achmmach [Tin|Hydrothermal]
Sn,35.2167,134.6833,Japan,Akenobe [Tin|Hydrothermal]
Sn,37.6,-7.9667,Portugal,"Neves-Corvo District. Four principal individual deposits: Graca, Corvo [Tin|Hydrothermal]"
Sn,38.0,-5.4833,Spain,Oropesa [Tin|Hydrothermal]
Sn,44.1,-65.6833,Canada,East Kemptville [Tin|Hydrothermal]
Sn,45.4333,-66.8167,Canada,Mount Pleasant [Tin|Hydrothermal]
Sn,45.5667,108.1,Mongolia,Oortsog Ovoo [Tin|Hydrothermal]
Sn,48.7408,112.5264,Mongolia,Narsiin Khundlen (Amerilangui Ujin) [Tin|Hydrothermal]
Sn,50.15,-5.6833,United Kingdom,Geevor [Tin|Hydrothermal]
Sn,50.2322,-5.2811,United Kingdom,South Crofty [Tin|Hydrothermal]
Sn,50.2333,-5.1167,United Kingdom,Wheal Jane [Tin|Hydrothermal]
Sn,50.4131,12.4539,Germany,Muhlleithen district in the West-erzgebirge (Western Ore Mountains) [Tin|Hydrothermal]
Sn,50.4167,12.4833,Germany,Gottesberg [Tin|Hydrothermal]
Sn,50.4333,134.25,Russia,Pravourmiyskoe [Tin|Hydrothermal]
Sn,50.4411,12.6619,Germany,"Sauschwemme, West-erzgebirge (Western Ore Mountains) [Tin|Placer/alluvial]"
Sn,50.4531,12.8711,Germany,Hammerlein-Tellerhauser district in the West-erzgebirge (Western Ore M [Tin|Hydrothermal]
Sn,50.4561,12.6389,Germany,Auersberg-Wildenthal district in the West-erzgebirge (Western Ore Moun [Tin|Hydrothermal]
Sn,50.48,12.77,Germany,Breitbrunn district in the Westerzgebirge (Western Ore Mountains) [Tin|Hydrothermal]
Sn,50.4942,12.6331,Germany,Elbenstock-Sosa district in the Westerzgebirge (Western Ore Mountains) [Tin|Hydrothermal]
Sn,50.4992,-4.3144,United Kingdom,Redmoor [Tin|Hydrothermal]
Sn,50.5119,12.7431,Germany,Antonsthal district in the Westerzgebirge (Western Ore Mountains) [Tin|Hydrothermal]
Sn,50.6167,12.9,Germany,Geyer-Southwest [Tin|Hydrothermal]
Sn,50.7319,13.7689,Czech Republic,Cinovec (Zinnwald) [Tin|Hydrothermal]
Sn,53.0,124.0,Russia,Southern mining regions of the former Soviet Union [Tin|Hydrothermal]
Sn,53.4833,67.9833,Kazakhstan,Syrymbet [Tin|Hydrothermal]
Sn,56.5137,-132.0649,United States of America,Groundhog Basin [Tin|Banded Ag-Cu-Sn-Pb-Zn tabular replacement bodies]
Sn,59.33,92.85,Russia,Lendakhskaya [Tin|Hydrothermal]
Sn,60.05,-157.08,United States of America,Sleitat Mountain [Tin|Sn greisen]
Sn,62.4226,-157.027,United States of America,Bismarck Creek [Tin|Sn-polymetallic vein or polymetallic vein]
Sn,62.9128,-149.888,United States of America,Coal Creek [Tin|Deposit type unclassified]
Sn,63.2004,-155.8834,United States of America,Win [Tin|Sn polymetallic]
Sn,63.4814,-155.7194,United States of America,Won - South; Prospect Pit; Dog Day; Gash; Tin Ridge [Tin|Sn polymetallic]
Sn,63.5034,-155.6984,United States of America,Won - North; Stockwork Zone; Standoff Ridge [Tin|Sn polymetallic]
Sn,63.5605,-147.6767,United States of America,Sheep Creek [Tin|Deposit type unclassified]
Sn,64.5085,-151.9994,United States of America,Cosna Dome [Tin|Plutonic related mesothermal sn veins]
Sn,64.8591,-150.3432,United States of America,Tofty [Tin|Deposit type unclassified]
Sn,65.2779,-144.5469,United States of America,Circle Hot Springs [Tin|Deposit type unclassified]
Sn,65.2822,175.78,Russia,Pyrkakay [Tin|Hydrothermal]
Sn,65.4756,-167.155,United States of America,Lost River [Fluorite; Beryllium; Tin|Skarn and Greisen-Hosted Be-F]
Sn,65.5807,-168.0179,United States of America,Cape Mountain [Tin|Deposit type unclassified]
Sn,65.6531,-145.3212,United States of America,Lime Peak [Tin|Deposit type unclassified]
Sn,65.6632,-167.5568,United States of America,Potato Mountain [Tin|Hydrothermal]
Sn,65.7103,-165.2289,United States of America,Kougarok [Niobium and Tantalum; Tin|Rare-metal granite; Sn greisen]
Sn,66.1418,-152.4729,United States of America,Sithylemenkat [Tin|Deposit type unclassified]
Sn,69.0,140.0,Russia,Northern mining regions of the former Soviet Union [Tin|Hydrothermal]
TaNb,-33.8667,116.0625,Australia,Greenbushes [Beryllium; Lithium; Niobium and Tantalum; Tin|Pegmatite; Li-Cs-Ta type pegmatite; Hydrothermal]
TaNb,-33.56,120.04,Australia,Mount Cattlin [Beryllium; Niobium and Tantalum|Pegmatite; Lithium-Cesium-Tantalum type pegmatite]
TaNb,-32.42,148.6,Australia,Dubbo [Niobium and Tantalum; Rare-Earth Elements|Alkaline granite and syenite; Peralkaline]
TaNb,-32.3069,121.785,Australia,Mount Deans [Niobium and Tantalum|Lithium-Cesium-Tantalum type pegmatite]
TaNb,-31.5156,122.1794,Australia,Bald Hill [Niobium and Tantalum|Lithium-Cesium-Tantalum type pegmatite]
TaNb,-28.7167,18.8,Namibia,Tantalite Valley [Niobium and Tantalum|Lithium-Cesium-Tantalum type pegmatite]
TaNb,-24.2333,27.0667,South Africa,Palinesberg [Niobium and Tantalum|Alkaline granite and syenite]
TaNb,-21.2186,14.8675,Namibia,Three Aloes [Niobium and Tantalum|Lithium-Cesium-Tantalum type pegmatite]
TaNb,-21.18,118.68,Australia,Wodgina [Beryllium; Lithium; Niobium and Tantalum|Pegmatite; Li-Cs-Ta type pegmatite]
TaNb,-21.0833,-44.5833,Brazil,Volta Grande [Niobium and Tantalum; Beryllium; Lithium|Li-Cs-Ta type pegmatite]
TaNb,-19.6667,-46.95,Brazil,"Araxá [Niobium and Tantalum; Barite; Rare-Earth Elements|Carbonatite; Vein, cavity-fill, metasomatic]"
TaNb,-18.5,32.4333,Zimbabwe,Eagle [Niobium and Tantalum|Lithium-Cesium-Tantalum type pegmatite]
TaNb,-18.13,-47.7997,Brazil,Catalao No. 1 Mine [Niobium and Tantalum; Titanium|Carbonatite; Weathered alkalic rocks]
TaNb,-16.5111,37.9028,Mozambique,Marropino [Niobium and Tantalum|Lithium-Cesium-Tantalum type pegmatite]
TaNb,-16.2667,37.8667,Mozambique,Morrua [Niobium and Tantalum|Lithium-Cesium-Tantalum type pegmatite]
TaNb,-15.7375,38.2528,Mozambique,Muriane [Niobium and Tantalum|Lithium-Cesium-Tantalum type pegmatite]
TaNb,-15.0153,37.9167,Mozambique,Mutala [Niobium and Tantalum|Lithium-Cesium-Tantalum type pegmatite]
TaNb,-14.2681,13.9672,Angola,Bonga [Niobium and Tantalum|Carbonatite]
TaNb,-12.0106,33.6333,Malawi,Kanyika [Niobium and Tantalum|Alkaline granite and syenite]
TaNb,-2.0,28.0,Democratic Republic of the Congo,Kibara pegmatite belt [Niobium and Tantalum|Lithium-Cesium-Tantalum type pegmatite]
TaNb,0.2819,-66.6803,Brazil,Morro dos Seis Lagos [Niobium and Tantalum|Carbonatite]
TaNb,0.7836,-60.0786,Brazil,Pitinga [Niobium and Tantalum|Alkaline granite and syenite]
TaNb,5.5167,39.0333,Ethiopia,Kenticha [Niobium and Tantalum; Lithium|Li-Cs-Ta type pegmatite]
TaNb,8.0,6.0,Nigeria,Central Nigerian pegmatite belt [Niobium and Tantalum|Lithium-Cesium-Tantalum type pegmatite]
TaNb,25.2009,34.4989,Egypt,El Nuweiba [Niobium and Tantalum|Rare-metal granite]
TaNb,25.3403,34.5431,Egypt,Abu Dabbab [Tin; Niobium and Tantalum|Hydrothermal and placer/alluvial; Rare-metal granite]
TaNb,26.67,118.1,China,Nanping [Lithium; Niobium and Tantalum|Li-Cs-Ta type pegmatite]
TaNb,27.6495,114.5178,China,Yichun [Niobium and Tantalum; Lithium|Rare-metal granite; Li-Cs-Ta type pegmatite]
TaNb,27.9167,35.8,Saudi Arabia,Ghurayyah [Niobium and Tantalum|Alkaline granite and syenite]
TaNb,32.61,-4.53,Morocco,Tamazeght [Niobium and Tantalum|Alkaline granite and syenite]
TaNb,38.2347,-106.7086,United States of America,Iron Hill [Niobium and Tantalum; Titanium|Carbonatite; Alkalic/metasomatized]
TaNb,40.2703,-96.19,United States of America,Elk Creek [Niobium and Tantalum; Rare-Earth Elements|Carbonatite]
TaNb,41.7992,109.9744,China,Bayan Obo [Niobium and Tantalum; Rare-Earth Elements|Carbonatite]
TaNb,44.1667,132.2333,Russia,Voznesenovskoye [Niobium and Tantalum|Rare-metal granite]
TaNb,44.6167,120.9667,China,801 [Niobium and Tantalum|Rare-metal granite]
TaNb,45.5042,-74.0222,Canada,Oka [Niobium and Tantalum|Carbonatite]
TaNb,46.1833,2.9333,France,Beauvoir-Echassieres [Niobium and Tantalum; Beryllium; Lithium|Rare-metal granite; Non-pegmatite; Li-Cs-Ta type pegmatite]
TaNb,47.56,134.72,Russia,Etykinskoye [Niobium and Tantalum|Rare-metal granite]
TaNb,48.4167,91.9667,Mongolia,Halzan-Buregtei [Niobium and Tantalum|Alkaline granite and syenite]
TaNb,48.5333,-71.15,Canada,Niobec [Niobium and Tantalum|Carbonatite]
TaNb,49.4392,86.9608,Russia,Alakhinskoye [Niobium and Tantalum|Rare-metal granite]
TaNb,49.5,-72.8167,Canada,Crevier [Niobium and Tantalum|Carbonatite]
TaNb,50.4333,-95.45,Canada,Tanco [Niobium and Tantalum; Beryllium; Lithium|Be Type Rare-Metal Pegmatite; Li-Cs-Ta type pegmatite]
TaNb,52.3167,-119.1667,Canada,Blue River [Niobium and Tantalum|Carbonatite]
TaNb,55.22,97.75,Russia,Vishnyalovskoye [Niobium and Tantalum; Beryllium|Lithium-Cesium-Tantalum type pegmatite]
TaNb,56.3,-64.12,Canada,Strange Lake [Beryllium; Niobium and Tantalum; Rare-Earth Elements|Peralkaline intrusion Be]
TaNb,56.3,119.2,Russia,Katuginskoye [Niobium and Tantalum|Alkaline granite and syenite]
TaNb,61.0108,-45.7058,Greenland,Ilimaussaq complex [Niobium and Tantalum; Rare-Earth Elements; Beryllium|Peralkaline intrusion Be]
TaNb,61.198,-44.996,Greenland,Motzfeldt [Beryllium; Niobium and Tantalum|Non-pegmatite; Alkaline granite and syenite]
TaNb,62.11,-112.6,Canada,Thor Lake [Beryllium; Niobium and Tantalum; Rare-Earth Elements|Peralkaline intrusion Be]
TaNb,65.7103,-165.2289,United States of America,Kougarok [Niobium and Tantalum; Tin|Rare-metal granite; Sn greisen]
TaNb,67.7667,29.2333,Finland,Sokli [Niobium and Tantalum|Carbonatite]
TaNb,67.8917,34.6115,Russia,Lovozero Deposit [Rare-Earth Elements; Beryllium; Niobium and Tantalum|Peralkaline igneous; Non-pegmatite; Alkaline granite and syenite]
TaNb,71.0536,116.5711,Russia,Tomtor [Niobium and Tantalum|Carbonatite]
Te,-41.4927,146.0301,Australia,Stormont [Tellurium|Skarn]
Te,-30.7461,121.5325,Australia,Golden Mile [Tellurium|Te in Orogenic Au]
Te,-30.433,136.878,Australia,Olympic Dam [Cobalt; Tellurium|Iron oxide-Cu-Au(Ag-U-REE-Co-Ni)]
Te,-29.68,-69.97,Chile,El Indio [Tellurium|Te in Epithermal Au-Ag]
Te,-24.7368,28.5151,South Africa,Bushveld Complex [Platinum-Group Elements; Tellurium|Contact and Reef; Te in Magmatic Cu-Ni-PGM sulfide]
Te,-19.74,30.04,Zimbabwe,"Great Dyke [Platinum-Group Elements; Tellurium|Reef, sulfide; Tellurium in Magmatic Cu-Ni-PGM Sulfide]"
Te,-18.422,29.4431,Zimbabwe,Commoner [Tellurium|Te in Orogenic Au]
Te,-17.4972,177.8507,Fiji,Emperor [Tellurium|Te in Epithermal Au-Ag]
Te,-5.5091,142.9356,Papua New Guinea,Mt. Kare [Tellurium|Te in Epithermal Au-Ag]
Te,-5.4646,143.0822,Papua New Guinea,Porgera [Tellurium|Te in Epithermal Au-Ag]
Te,-4.0558,137.1131,Indonesia,Ertsberg [Tellurium|Skarn]
Te,-3.1288,152.6351,Papua New Guinea,Lihir [Tellurium|Te in Epithermal Au-Ag]
Te,7.9608,-1.2059,Ghana,Ashanti [Tellurium|Te in Orogenic Au]
Te,16.86,120.78,Philippines,Baguio Lepanto [Tellurium|Te in Epithermal Au-Ag]
Te,18.1979,-66.6786,Puerto Rico,Sapo Alegre [Tellurium|Te in Porphyry Cu]
Te,18.94,-70.18,Dominican Republic,Pueblo Viejo [Tellurium|Te in Epithermal Au-Ag]
Te,29.1714,102.185,China,Dashuigou [Tellurium|Te in Epithermal Au-Ag]
Te,29.2332,102.3565,China,Majiagou [Tellurium|Te in Epithermal Au-Ag]
Te,29.6912,-109.7131,Mexico,La Bambolla [Tellurium|Te in Orogenic Au]
Te,31.4798,-110.7374,United States of America,Patagonia Mountains [Tellurium|Te in Epithermal Au-Ag]
Te,32.6997,-110.6778,United States of America,Kalamazoo [Tellurium|Te in Porphyry Cu]
Te,33.2373,-108.7198,United States of America,Lone Pine [Tellurium|Te in Epithermal Au-Ag]
Te,35.036,-83.036,United States of America,Ducktown [Tellurium|Te in Oil Sands]
Te,35.1391,32.844,Cyprus,Cyprus [Tellurium|Volcanogenic Massive Sulfide]
Te,35.3362,-106.1508,United States of America,Ortiz Mountains [Tellurium|Te in Epithermal Au-Ag]
Te,36.6653,47.4513,Iran,Zarshuran [Tellurium|Te in Carlin-type Au]
Te,37.0832,-94.5132,United States of America,Joplin [Tellurium|Mississippi Valley-type]
Te,37.1298,128.9065,South Korea,Geodo [Tellurium|Skarn]
Te,37.3994,-108.0636,United States of America,La Plata [Tellurium|Te in Porphyry Cu]
Te,37.4646,-119.9482,United States of America,Mother Lode [Tellurium|Te in Orogenic Au]
Te,37.95,-107.8,United States of America,Telluride [Tellurium|Te in Epithermal Au-Ag]
Te,38.21,-119.0,United States of America,Bodie Hills [Tellurium|Te in Epithermal Au-Ag]
Te,38.7333,-105.15,United States of America,Cripple Creek [Tellurium|Te in Epithermal Au-Ag]
Te,38.86,-2.06,Spain,Rodalquilar [Tellurium|Te in Epithermal Au-Ag]
Te,39.2062,-121.0458,United States of America,Grass Valley [Tellurium|Te in Orogenic Au]
Te,39.2487,-106.2745,United States of America,Leadville [Tellurium|Te in Oil Sands]
Te,39.2571,-114.9742,United States of America,Ely [Tellurium|Te in Porphyry Cu]
Te,40.4722,23.7036,Greece,Skouriés [Tellurium|Te in Porphyry Cu]
Te,40.5283,-112.1365,United States of America,Bingham [Rhenium; Titanium; Tellurium|Porphyry Cu-(Mo-Au)]
Te,40.5483,-117.1324,United States of America,Fortitutde [Tellurium|Skarn]
Te,40.8315,69.6675,Uzbekistan,Almalyk [Tellurium|Te in Porphyry Cu]
Te,40.9093,-116.3183,United States of America,Carlin [Tellurium|Te in Carlin-type Au]
Te,40.9609,-116.3627,United States of America,Deep Star [Tellurium|Te in Carlin-type Au]
Te,41.0036,-116.3813,United States of America,Meikle [Tellurium|Te in Carlin-type Au]
Te,41.1315,70.5007,Uzbekistan,Kochbulak [Tellurium|Te in Epithermal Au-Ag]
Te,41.2218,-117.2529,United States of America,Getchell [Tellurium|Te in Carlin-type Au]
Te,41.8981,77.5838,Kyrgyzstan,Kumtor [Tellurium|Te in Orogenic Au]
Te,42.7487,24.5018,Bulgaria,Elatsite [Tellurium|Te in Porphyry Cu]
Te,43.3791,-6.2697,Spain,La Ortosa [Tellurium|Skarn]
Te,44.113,-103.8134,United States of America,Black Hills [Beryllium; Lithium; Tellurium|Be Type Rare-Metal Pegmatite; Te in Epithermal Au-Ag]
Te,45.3894,-109.8753,United States of America,"Stillwater Complex [Tellurium; Platinum-Group Elements|Magmatic Cu-Ni-PGM Sulfide; Reef, sulfide]"
Te,45.8988,-112.0142,United States of America,Golden Sunlight [Tellurium|Te in Epithermal Au-Ag]
Te,46.2981,23.1206,Romania,Metaliferi Mountains [Tellurium|Te in Epithermal Au-Ag]
Te,47.9374,-108.5633,United States of America,Zortman-Landusky [Tellurium|Te in Epithermal Au-Ag]
Te,49.3709,-120.0476,Canada,Hedley [Tellurium|Skarn]
Te,50.3661,127.0039,China,Sandaowanzi [Tellurium|Te in Epithermal Au-Ag]
Te,51.0615,-93.7439,Canada,Red Lake [Tellurium|Te in Orogenic Au]
Te,53.362,-127.2891,Canada,Deer Horn [Tellurium|Te in Epithermal Au-Ag]
Te,54.8194,61.1486,Russia,Bereznyakovskoe [Tellurium|Te in Epithermal Au-Ag]
Te,55.1245,-124.0293,Canada,Mount Milligan [Tellurium|Te in Porphyry Cu]
Te,57.5078,114.099,Russia,Sukhoi Log [Tellurium|Te in Orogenic Au]
Te,58.8673,-135.104,United States of America,Kensington [Tellurium|Te in Orogenic Au]
Te,59.8988,-155.2854,United States of America,Pebble [Tellurium; Rhenium|Porphyry Cu-(Mo-Au)]
Te,61.9438,96.5775,Russia,Ural Mountains [Tellurium|Volcanogenic Massive Sulfide]
Te,62.3751,-158.0692,United States of America,Willow Creek district [Tellurium|Te in Orogenic Au]
Te,64.8734,20.3828,Sweden,Kankberg [Tellurium|Volcanogenic Massive Sulfide]
Te,67.6833,168.8667,Russia,Sentyabr-sky [Tellurium|Te in Epithermal Au-Ag]
Te,69.357,88.3112,Russia,Noril'sk Talnakh area [Cobalt; Platinum-Group Elements; Tellurium|Magmatic Ni-Cu(-Co-PGE) sulfide; Conduit]
Ti,-42.2333,171.3167,New Zealand,Barrytown [Titanium|Sedimentary related]
Ti,-41.766,171.469,New Zealand,Westport [Titanium|Sedimentary related]
Ti,-35.086,142.188,Australia,"Woornack, Rownack & Pirro [Titanium|Sedimentary related]"
Ti,-35.022,142.631,Australia,Kulwin [Titanium|Sedimentary related]
Ti,-34.0876,-70.4581,Chile,El Teniente [Rhenium; Titanium|Porphyry Cu-(Mo-Au)]
Ti,-33.583,115.672,Australia,Capel [Titanium|Sedimentary related]
Ti,-33.279,142.198,Australia,Ginkgo [Titanium|Sedimentary related]
Ti,-32.896,115.923,Australia,Waroona [Titanium|Sedimentary related]
Ti,-32.8333,151.85,Australia,Stockton [Titanium|Sedimentary related]
Ti,-32.805,151.567,Australia,Tomago [Titanium|Sedimentary related]
Ti,-32.4167,152.4667,Australia,Bridge Hill Ridge [Titanium|Sedimentary related]
Ti,-31.385,115.914,Australia,Gingin [Titanium|Sedimentary related]
Ti,-31.282,17.9018,South Africa,Namakwa [Zirconium and Hafnium; Titanium|Coastal placer or paleoplacer; Sedimentary related]
Ti,-31.167,30.118,South Africa,"Transkei (Xolobeni, Wave Crest) [Titanium|Sedimentary related]"
Ti,-31.03,132.26,Australia,Typhoon [Titanium|Sedimentary related]
Ti,-31.024,132.178,Australia,Jacinth-Ambrosia [Titanium; Zirconium and Hafnium|Coastal placer or paleoplacer]
Ti,-30.929,132.219,Australia,Atacama [Titanium|Sedimentary related]
Ti,-30.313,115.1666,Australia,Jurien [Titanium|Sedimentary related]
Ti,-29.8727,115.2841,Australia,Eneabba [Zirconium and Hafnium; Titanium|Coastal placer or paleoplacer]
Ti,-29.63,-70.97,Chile,Cerro Blanco [Titanium|Metamorphic]
Ti,-29.443,128.885,Australia,Cyclone [Titanium|Sedimentary related]
Ti,-28.845,31.914,South Africa,Hillendale - Fairbreeze [Titanium|Sedimentary related]
Ti,-28.747,31.949,South Africa,RBM [Titanium|Sedimentary related]
Ti,-28.581,32.347,South Africa,Richards Bay [Titanium; Zirconium and Hafnium|Coastal placer or paleoplacer]
Ti,-27.5833,153.45,Australia,North Stradbroke Island [Titanium|Beach (strandline) and (or) coastal dune]
Ti,-27.4161,119.1121,Australia,Barrambie [Titanium; Vanadium|Vanadiferous Titanomagnetite; Magmatic deposits in igneous and related rocks]
Ti,-27.1833,26.5,South Africa,Bothaville [Titanium|Lithified paleo-placers (fluvial and [or] beach)]
Ti,-27.1833,153.4,Australia,Moreton Island [Titanium|Sedimentary related]
Ti,-25.3667,153.1167,Australia,Fraser Island [Titanium|Sedimentary related]
Ti,-25.07,46.841,Madagascar,QMM [Titanium|Sedimentary related]
Ti,-24.2167,151.9,Australia,Agnes Water [Titanium|Sedimentary related]
Ti,-23.95,30.6167,South Africa,Gravelotte [Beryllium; Titanium|Non-pegmatite; Sedimentary related]
Ti,-22.95,43.669,Madagascar,Ranobe [Titanium; Zirconium and Hafnium|Coastal placer or paleoplacer]
Ti,-20.0,-41.0,Brazil,Victoria district [Titanium|Sedimentary related]
Ti,-19.8667,-46.8333,Brazil,Tapira [Titanium|Weathered alkalic rocks]
Ti,-18.9167,-46.8333,Brazil,Patrocinio [Titanium|Magmatic deposits in igneous and related rocks]
Ti,-18.6667,-46.0,Brazil,Salitre [Titanium|Weathered alkalic rocks]
Ti,-18.13,-47.7997,Brazil,Catalao No. 1 Mine [Niobium and Tantalum; Titanium|Carbonatite; Weathered alkalic rocks]
Ti,-16.7,39.399,Mozambique,Moma [Titanium; Zirconium and Hafnium|Coastal placer or paleoplacer]
Ti,-11.0,-43.0,Brazil,Campo Alegre de Lourdes [Titanium|Magmatic deposits in igneous and related rocks]
Ti,-6.5,-35.0,Brazil,Mataraca [Titanium|Sedimentary related]
Ti,-4.4191,39.4227,Kenya,Kwale [Zirconium and Hafnium; Titanium|Coastal placer or paleoplacer; Sedimentary related]
Ti,7.7833,-12.3,Sierra Leone,Sierra Rutile [Titanium; Zirconium and Hafnium|Coastal placer or paleoplacer]
Ti,8.9407,80.9853,Sri Lanka,Pulmoddai [Zirconium and Hafnium; Titanium|Coastal placer or paleoplacer]
Ti,9.14,76.462,India,Kerala deposits [Rare-Earth Elements; Titanium|Heavy-mineral sand; Sedimentary related]
Ti,10.937,79.763,India,Tamil Nadu [Titanium|Sedimentary related]
Ti,15.129,-16.798,Senegal,Grande Côte [Titanium; Zirconium and Hafnium|Coastal placer or paleoplacer]
Ti,15.923,-96.417,Mexico,Pluma Hidalgo [Titanium|Magmatic deposits in igneous and related rocks]
Ti,17.04,82.302,India,Andhra Pradesh [Titanium|Sedimentary related]
Ti,18.7167,110.3667,China,Wazhaung district [Titanium|Sedimentary related]
Ti,21.438,92.008,Bangladesh,Cox's Bazaar-Moiskal [Titanium|Sedimentary related]
Ti,21.4833,109.1,China,Behai district [Titanium|Sedimentary related]
Ti,23.5,110.8333,China,Xun Jiang [Titanium|Sedimentary related]
Ti,26.6,101.764,China,Panzhihua [Titanium|Layered mafic intrusion]
Ti,29.8333,-81.683,United States of America,Green Cove Springs [Titanium|Sedimentary related]
Ti,30.0136,-82.04,United States of America,Trail Ridge [Titanium; Zirconium and Hafnium|Beach (strandline) and (or) coastal dune; Coastal placer or paleoplacer]
Ti,30.2106,-88.9648,United States of America,Ship Island [Titanium|Beach (strandline) and (or) coastal dune]
Ti,30.85,-81.4333,United States of America,Cumberland Island [Titanium|Sedimentary related]
Ti,30.8501,-81.9799,United States of America,Folkston [Titanium|Sedimentary related]
Ti,31.3167,-81.4667,United States of America,Brunswick [Titanium|Sedimentary related]
Ti,31.575,-81.98,United States of America,Amelia [Titanium|Sedimentary related]
Ti,33.493,-81.893,United States of America,Horse Creek [Titanium|Sedimentary related]
Ti,34.37,-118.3,United States of America,San Gabriel Mountains [Vanadium; Titanium|Vanadiferous Titanomagnetite; Magmatic deposits in igneous and related rocks]
Ti,34.455,-92.846,United States of America,Magnet Cove district [Titanium|Alkalic/metasomatized]
Ti,35.233,-76.833,United States of America,Aurora [Titanium|Sedimentary related]
Ti,35.8333,-88.2,United States of America,Natchez Trace [Titanium|Sedimentary related]
Ti,36.067,-81.55,United States of America,Yadkin Valley [Titanium|Metamorphic]
Ti,36.1167,-88.1833,United States of America,Kerr-McGee [Titanium|Sedimentary related]
Ti,36.358,-77.785,United States of America,Halifax (Aurelian Springs) [Titanium|Sedimentary related]
Ti,36.3833,-88.1667,United States of America,Oak Grove [Titanium|Sedimentary related]
Ti,36.603,-77.578,United States of America,Brink [Titanium|Sedimentary related]
Ti,36.917,-77.566,United States of America,Old Hickory [Titanium|Sedimentary related]
Ti,37.4772,-78.4637,United States of America,Willis Mountain kyanite [Titanium|Metasomatized aluminum-rich schist]
Ti,37.62,-118.3177,United States of America,White Mountains [Titanium|Metasomatized aluminum-rich schist]
Ti,37.6822,-113.7182,United States of America,Escalante Mine [Titanium|Lithified paleo-placers (fluvial and [or] beach)]
Ti,37.702,-79.023,United States of America,Piney River (Roseland) district [Titanium|Albititic/metasomatized]
Ti,37.75,-79.0,United States of America,Roseland District [Titanium|Albititic/metasomatized; Weathered anorthositic rocks]
Ti,38.2347,-106.7086,United States of America,Iron Hill [Niobium and Tantalum; Titanium|Carbonatite; Alkalic/metasomatized]
Ti,38.3551,-120.9764,United States of America,Ione [Titanium|Fluvial]
Ti,39.086,112.946,China,Daixian [Titanium|Amphibolite-hosted]
Ti,39.3,46.1833,Armenia,Svoranzkoye [Titanium|Magmatic deposits in igneous and related rocks]
Ti,39.6176,-105.3561,United States of America,Evergreen District [Titanium|Metasomatized aluminum-rich schist]
Ti,39.7,-76.383,United States of America,Dinning [Titanium|Greenschist-hosted]
Ti,39.9833,-74.35,United States of America,Manchester [Titanium|Sedimentary related]
Ti,40.0667,-74.3333,United States of America,Lakehurst [Titanium|Sedimentary related]
Ti,40.5283,-112.1365,United States of America,Bingham [Rhenium; Titanium; Tellurium|Porphyry Cu-(Mo-Au)]
Ti,41.0,118.0,China,Heishan [Titanium|Magmatic deposits in igneous and related rocks]
Ti,41.6,-105.327,United States of America,Laramie Range district [Titanium|Magmatic deposits in igneous and related rocks]
Ti,43.5856,-75.3545,United States of America,Port Leyden Mine [Titanium|Fluvial]
Ti,44.055,-74.055,United States of America,Sanford Lake district [Titanium|Anorthosite-gabbro]
Ti,44.4667,8.583,Italy,Piampaludo [Titanium|Eclogite-hosted]
Ti,47.5333,-70.55,Canada,St. Urbain complex [Titanium|Magmatic deposits in igneous and related rocks]
Ti,47.557,-92.007,United States of America,Longnose [Titanium|Troctolite/ultramafic]
Ti,48.054,-90.608,United States of America,Tucker Lake [Titanium|Magmatic deposits in igneous and related rocks]
Ti,48.55,33.45,Ukraine,Volnogorsk district [Titanium|Sedimentary related]
Ti,48.7,-92.7833,Canada,Bad Vermillion Lake [Titanium|Magmatic deposits in igneous and related rocks]
Ti,48.9667,-74.05,Canada,Lac du Pin Rouge [Titanium|Magmatic deposits in igneous and related rocks]
Ti,49.446,31.933,Ukraine,Taraskova [Titanium|Sedimentary related]
Ti,50.0667,-69.6333,Canada,Lac la Blache [Titanium|Magmatic deposits in igneous and related rocks]
Ti,50.453,29.233,Ukraine,Irshansk district [Titanium|Sedimentary related]
Ti,50.556,-63.414,Canada,Lac Tio [Titanium; Vanadium|Massif anorthosite; Vanadiferous Titanomagnetite]
Ti,50.998,58.0,Kazakhstan,Shubino Village [Titanium|Metamorphic]
Ti,51.38,-64.07,Canada,Magpie Mountain [Titanium; Vanadium|Layered mafic intrusion; Vanadiferous Titanomagnetite]
Ti,52.23,41.71,Russia,Tsentral'noye [Titanium|Sedimentary related]
Ti,55.25,130.22,Russia,Chineyskoye [Titanium|Magmatic deposits in igneous and related rocks]
Ti,55.6,133.6,Russia,Bol'shoy Seyim [Titanium|Magmatic deposits in igneous and related rocks]
Ti,56.346,44.004,Russia,Lukoyanovskoye [Titanium|Sedimentary related]
Ti,56.945,-111.355,Canada,Suncor [Titanium|Sedimentary related]
Ti,57.0333,-111.6167,Canada,Syncrude [Titanium|Sedimentary related]
Ti,57.86,80.89,Russia,Tuganskoye [Titanium|Sedimentary related]
Ti,58.334,6.4214,Norway,Tellnes [Titanium; Vanadium|Massif anorthosite; Vanadiferous Titanomagnetite]
Ti,58.38,6.364,Norway,Storgangen [Titanium|Magmatic deposits in igneous and related rocks]
Ti,58.8667,9.4167,Norway,Kragerø [Titanium|Albititic/metasomatized]
Ti,58.946,9.452,Norway,Ødegård [Titanium|Magmatic deposits in igneous and related rocks]
Ti,59.115,10.02,Norway,Kodal [Titanium|Magmatic deposits in igneous and related rocks]
Ti,61.237,5.37,Norway,Engebøfjellet [Titanium|Eclogite-hosted]
Ti,62.26,52.83,Russia,Yaregskoye [Titanium|Sedimentary related]
Ti,64.127,27.103,Finland,Otanmaki [Titanium; Vanadium|Magmatic deposits in igneous and related rocks; Vanadiferous Titanomagnetite]
Ti,67.4167,32.6833,Russia,Afrikanda [Vanadium; Titanium|Vanadiferous Titanomagnetite; Magmatic deposits in igneous and related rocks]
Ti,68.01,30.43,Russia,Yugo-Vostochnaya Gremyakha [Titanium|Magmatic deposits in igneous and related rocks]
V,-31.1467,25.8497,South Africa,Kafferskrall [Vanadium|Vanadate]
V,-28.3552,118.8397,Australia,Windimurra [Vanadium|Vanadiferous Titanomagnetite]
V,-27.4161,119.1121,Australia,Barrambie [Titanium; Vanadium|Vanadiferous Titanomagnetite; Magmatic deposits in igneous and related rocks]
V,-27.0017,118.6045,Australia,Gabanintha [Vanadium|Vanadiferous Titanomagnetite]
V,-25.6304,27.7811,South Africa,Vantra [Vanadium|Vanadiferous Titanomagnetite]
V,-25.6049,28.1847,South Africa,Krokodilkraal mine [Vanadium|Vanadiferous Titanomagnetite]
V,-25.5678,27.5747,South Africa,Rhovan mine [Vanadium|Vanadiferous Titanomagnetite]
V,-25.2166,29.9167,South Africa,Mapochs mine [Vanadium|Vanadiferous Titanomagnetite]
V,-24.6926,44.7453,Madagascar,Green Giant [Vanadium|Shale-Hosted V]
V,-21.6589,133.6625,Australia,Mount Peake [Vanadium|Vanadiferous Titanomagnetite]
V,-21.1433,118.0639,Australia,Balla Balla [Vanadium|Vanadiferous Titanomagnetite]
V,-20.6453,141.7333,Australia,Julia Creek [Vanadium|Shale-Hosted V]
V,-20.1692,28.5817,Zimbabwe,Bulawayo [Vanadium|Vanadate]
V,-19.5136,18.2511,Namibia,"Berg Aukas, Abenad, Tsumeb [Vanadium|Vanadate]"
V,-16.4714,128.2014,Australia,"Central, Red Hill, Buckman [Vanadium|Vanadiferous Titanomagnetite]"
V,-14.4158,28.5506,Zambia,Broken Hill [Vanadium|Vanadate]
V,-13.4083,-40.4274,Brazil,Maracas [Vanadium|Vanadiferous Titanomagnetite]
V,-7.9233,13.6533,Angola,Lueca [Vanadium|Vanadate]
V,-3.6085,-54.4875,Brazil,Tapajos [Vanadium|Vanadiferous Titanomagnetite]
V,21.9995,86.0002,India,Singhbhum-Mayurbhanj [Vanadium|Vanadiferous Titanomagnetite]
V,23.416,86.9168,India,Shaltora [Vanadium|Vanadiferous Titanomagnetite]
V,26.1597,93.3333,India,Ganjang [Vanadium|Vanadiferous Titanomagnetite]
V,26.65,102.0,China,"Nalaqing, Gongshan, Damakan, Lanjian [Vanadium|Vanadiferous Titanomagnetite]"
V,31.2694,111.0844,China,"Maocaoping, Baiguoyuan [Vanadium|Shale-Hosted V]"
V,33.8714,109.9403,China,"Shan Yang, Zhong Cun [Vanadium|Vanadiferous Titanomagnetite]"
V,34.37,-118.3,United States of America,San Gabriel Mountains [Vanadium; Titanium|Vanadiferous Titanomagnetite; Magmatic deposits in igneous and related rocks]
V,35.6406,58.3278,Iran,Rivash [Vanadium|Vanadiferous Titanomagnetite]
V,36.7417,-109.0075,United States of America,"King Tut, Carrizo, Lukachukai [Vanadium|Sandstone-Hosted V]"
V,38.1094,-110.8139,United States of America,"Tony M, Frank M [Vanadium|Sandstone-Hosted V]"
V,38.3125,-109.2483,United States of America,"Mike, Pandora Mine [Vanadium|Sandstone-Hosted V]"
V,38.3403,-105.4228,United States of America,McClure Mountain [Vanadium|Vanadiferous Titanomagnetite]
V,38.3686,-108.7364,United States of America,"Slick Rock, Uravan [Vanadium|Sandstone-Hosted V]"
V,38.6808,-110.0344,United States of America,Buckmaster Draw [Vanadium|Sandstone-Hosted V]
V,38.9985,46.0014,Azerbaijan,Svorantskoe [Vanadium|Vanadiferous Titanomagnetite]
V,39.2083,-116.09,United States of America,Gibellini [Vanadium|Shale-Hosted V]
V,40.02,-87.53,United States of America,Mecca Quarry shale [Vanadium|Shale-Hosted V]
V,40.6139,-116.1203,United States of America,Carlin Vanadium [Vanadium|Shale-Hosted V]
V,41.1667,-73.8329,United States of America,Ossining [Vanadium|Vanadiferous Titanomagnetite]
V,41.3764,-104.8347,United States of America,Iron Mountain [Vanadium|Vanadiferous Titanomagnetite]
V,41.4982,117.4992,China,Luanping [Vanadium|Vanadiferous Titanomagnetite]
V,42.7,-111.83,United States of America,Phosphoria Formation [Vanadium|Shale-Hosted V]
V,44.0,-74.0833,United States of America,"Tahawus, MacIntyre [Vanadium|Vanadiferous Titanomagnetite]"
V,44.15,-75.2496,United States of America,Diana [Vanadium|Vanadiferous Titanomagnetite]
V,47.5756,-92.0694,United States of America,TiTac [Vanadium|Vanadiferous Titanomagnetite]
V,49.3333,-71.4994,Canada,Lac St. Jean [Vanadium|Vanadiferous Titanomagnetite]
V,49.7604,-77.6243,Canada,Lac Doré [Vanadium|Vanadiferous Titanomagnetite]
V,50.0583,-69.6339,Canada,La Blache [Vanadium|Vanadiferous Titanomagnetite]
V,50.3411,-66.5058,Canada,Sept Îles [Vanadium|Vanadiferous Titanomagnetite]
V,50.556,-63.414,Canada,Lac Tio [Titanium; Vanadium|Massif anorthosite; Vanadiferous Titanomagnetite]
V,51.38,-64.07,Canada,Magpie Mountain [Titanium; Vanadium|Layered mafic intrusion; Vanadiferous Titanomagnetite]
V,51.9978,81.0005,Russia,Kharlovskoe [Vanadium|Vanadiferous Titanomagnetite]
V,52.8,-86.5,Canada,Ring of Fire [Vanadium|Vanadiferous Titanomagnetite]
V,52.998,59.0013,Russia,Visean [Vanadium|Vanadiferous Titanomagnetite]
V,53.4661,-130.1306,Canada,Banks Island [Vanadium|Vanadiferous Titanomagnetite]
V,53.9977,94.0,Russia,Lysanovskoe [Vanadium|Vanadiferous Titanomagnetite]
V,53.9998,-130.2517,Canada,Porcher Island [Vanadium|Vanadiferous Titanomagnetite]
V,54.1197,-63.9814,Canada,Lake Michikamau [Vanadium|Vanadiferous Titanomagnetite]
V,55.7511,57.3517,Russia,Kusinskoe [Vanadium|Vanadiferous Titanomagnetite]
V,55.7664,-132.1018,United States of America,Union Bay [Vanadium|Vanadiferous Titanomagnetite]
V,56.8986,59.5328,Russia,Pervouralsk [Vanadium|Vanadiferous Titanomagnetite]
V,57.7487,14.1693,Sweden,Taberg [Vanadium|Vanadiferous Titanomagnetite]
V,58.334,6.4214,Norway,Tellnes [Titanium; Vanadium|Massif anorthosite; Vanadiferous Titanomagnetite]
V,58.7006,59.4867,Russia,Gusevogorsk [Vanadium|Vanadiferous Titanomagnetite]
V,59.4209,-135.8811,United States of America,Klukwan Fan [Vanadium|Vanadiferous Titanomagnetite]
V,59.9328,59.1675,Russia,Yubryahkinskoe [Vanadium|Vanadiferous Titanomagnetite]
V,60.9984,30.0026,Russia,Koykara Koyarsk [Vanadium|Vanadiferous Titanomagnetite]
V,61.3667,36.4833,Russia,Pudozhgaraskoe [Vanadium|Vanadiferous Titanomagnetite]
V,61.619,36.245,Russia,Pudozhgorsk [Vanadium|Vanadiferous Titanomagnetite]
V,62.8489,8.1198,Norway,Rodsand [Vanadium|Vanadiferous Titanomagnetite]
V,63.1167,14.3622,Sweden,Viken [Vanadium|Shale-Hosted V]
V,63.5,12.73,Sweden,Häggån [Vanadium|Shale-Hosted V]
V,64.127,27.103,Finland,Otanmaki [Titanium; Vanadium|Magmatic deposits in igneous and related rocks; Vanadiferous Titanomagnetite]
V,65.7818,27.9865,Finland,Mustavaara [Vanadium|Vanadiferous Titanomagnetite]
V,67.0667,34.2056,Russia,Yelet' ozero [Vanadium|Vanadiferous Titanomagnetite]
V,67.0821,17.5036,Sweden,Ruoutevare [Vanadium|Vanadiferous Titanomagnetite]
V,67.4167,32.6833,Russia,Afrikanda [Vanadium; Titanium|Vanadiferous Titanomagnetite; Magmatic deposits in igneous and related rocks]
V,67.9984,36.0032,Russia,Tsagin [Vanadium|Vanadiferous Titanomagnetite]
V,68.65,-135.25,Canada,Nick [Vanadium|Shale-Hosted V]
V,68.655,15.004,Norway,Selvag [Vanadium|Vanadiferous Titanomagnetite]
V,70.4987,23.004,Norway,Stjernoy-Seiland [Vanadium|Vanadiferous Titanomagnetite]
Zr,-37.1337,141.7786,Australia,Douglas [Zirconium and Hafnium|Coastal placer or paleoplacer]
Zr,-33.6421,115.6156,Australia,Tutunup South [Zirconium and Hafnium|Coastal placer or paleoplacer]
Zr,-32.469,115.9798,Australia,Keysbrook [Zirconium and Hafnium|Coastal placer or paleoplacer]
Zr,-31.282,17.9018,South Africa,Namakwa [Zirconium and Hafnium; Titanium|Coastal placer or paleoplacer; Sedimentary related]
Zr,-31.024,132.178,Australia,Jacinth-Ambrosia [Titanium; Zirconium and Hafnium|Coastal placer or paleoplacer]
Zr,-29.8727,115.2841,Australia,Eneabba [Zirconium and Hafnium; Titanium|Coastal placer or paleoplacer]
Zr,-28.581,32.347,South Africa,Richards Bay [Titanium; Zirconium and Hafnium|Coastal placer or paleoplacer]
Zr,-26.5447,114.0469,Australia,Coburn [Zirconium and Hafnium|Coastal placer or paleoplacer]
Zr,-22.95,43.669,Madagascar,Ranobe [Titanium; Zirconium and Hafnium|Coastal placer or paleoplacer]
Zr,-21.4111,-41.0052,Brazil,Buena [Zirconium and Hafnium|Coastal placer or paleoplacer]
Zr,-16.7,39.399,Mozambique,Moma [Titanium; Zirconium and Hafnium|Coastal placer or paleoplacer]
Zr,-11.8172,130.1505,Australia,Kilimiraka [Zirconium and Hafnium|Coastal placer or paleoplacer]
Zr,-11.3653,131.0131,Australia,Lethbridge Bay [Zirconium and Hafnium|Coastal placer or paleoplacer]
Zr,-6.5149,-34.9743,Brazil,Guaju [Zirconium and Hafnium|Coastal placer or paleoplacer]
Zr,-4.4191,39.4227,Kenya,Kwale [Zirconium and Hafnium; Titanium|Coastal placer or paleoplacer; Sedimentary related]
Zr,7.7833,-12.3,Sierra Leone,Sierra Rutile [Titanium; Zirconium and Hafnium|Coastal placer or paleoplacer]
Zr,8.9407,80.9853,Sri Lanka,Pulmoddai [Zirconium and Hafnium; Titanium|Coastal placer or paleoplacer]
Zr,15.129,-16.798,Senegal,Grande Côte [Titanium; Zirconium and Hafnium|Coastal placer or paleoplacer]
Zr,18.2819,84.0764,India,Srikurmam [Zirconium and Hafnium|Coastal placer or paleoplacer]
Zr,30.0136,-82.04,United States of America,Trail Ridge [Titanium; Zirconium and Hafnium|Beach (strandline) and (or) coastal dune; Coastal placer or paleoplacer]
Zr,31.0338,-81.9674,United States of America,Mission [Zirconium and Hafnium|Coastal placer or paleoplacer]
Zr,36.9442,-77.3995,United States of America,Stony Creek [Zirconium and Hafnium|Coastal placer or paleoplacer]
Zr,43.2553,-124.3632,United States of America,Seven Devils [Zirconium and Hafnium|Coastal placer or paleoplacer]
Zr,43.3587,-124.2033,United States of America,Coos Bay [Zirconium and Hafnium|Coastal placer or paleoplacer]
Zr,57.0326,-111.6161,Canada,Athabasca oil sands [Zirconium and Hafnium|Oil sands]
Zr,67.55,30.5,Russia,Kovdor [Zirconium and Hafnium|Igneous]
