family,lat,lon,country,commodity
Au,-48.3888,-68.3111,Argentina,Cerro Vanguardia [ofr20051294/deposit.csv]
Au,-45.3833,170.4333,New Zealand,Otago [ofr20051294/deposit.csv]
Au,-42.0833,171.85,New Zealand,Reefton [ofr20051294/deposit.csv]
Au,-37.3889,175.8461,New Zealand,Waihi [ofr20051294/deposit.csv]
Au,-33.4667,149.0,Australia,Cadia Hill/Ridgeway [ofr20051294/deposit.csv]
Au,-32.9167,148.0333,Australia,Endeavour [ofr20051294/deposit.csv]
Au,-32.4333,-69.2333,Argentina,Paramillos Sur [ofr20051294/deposit.csv]
Au,-32.25,-69.433,Argentina,San Jorge [ofr20051294/deposit.csv]
Au,-30.95,29.3,South Africa,Insizwa [ofr20051294/deposit.csv]
Au,-30.75,121.5333,Australia,Kalgoorlie [ofr20051294/deposit.csv]
Au,-30.25,-71.4166,Chile,Andacollo [ofr20051294/deposit.csv]
Au,-29.7683,-69.9833,Chile,El Indio [ofr20051294/deposit.csv]
Au,-29.6,17.8833,South Africa,O'Okiep [ofr20051294/deposit.csv]
Au,-29.5,-66.88,Argentina,Veladero [ofr20051294/deposit.csv]
Au,-29.48,-71.0683,Chile,Pascua [ofr20051294/deposit.csv]
Au,-28.6333,-69.883,Chile,La Fortuna [ofr20051294/deposit.csv]
Au,-28.3033,26.8333,South Africa,H.J.Joel [ofr20051294/deposit.csv]
Au,-28.2833,26.7667,South Africa,Beatrix [ofr20051294/deposit.csv]
Au,-28.2167,26.7042,South Africa,Oryx (Beisa) [ofr20051294/deposit.csv]
Au,-28.15,26.8833,South Africa,"Virginia (Harmony, Merriespruit) [ofr20051294/deposit.csv]"
Au,-28.0833,26.7667,South Africa,Jurgenshof [ofr20051294/deposit.csv]
Au,-28.0667,26.75,South Africa,Unisel [ofr20051294/deposit.csv]
Au,-28.05,26.8333,South Africa,Harmony [ofr20051294/deposit.csv]
Au,-28.0333,26.6667,South Africa,St. Helena [ofr20051294/deposit.csv]
Au,-28.0333,26.75,South Africa,President Brand [ofr20051294/deposit.csv]
Au,-28.0,26.8,South Africa,President Steyn [ofr20051294/deposit.csv]
Au,-28.0,26.85,South Africa,Erfdeel-Dankbaarheidfreegold S. [ofr20051294/deposit.csv]
Au,-27.9833,26.6667,South Africa,Western Holdings [ofr20051294/deposit.csv]
Au,-27.9833,26.7333,South Africa,Orange Free State [ofr20051294/deposit.csv]
Au,-27.9833,26.8333,South Africa,Free State Saaiplaas [ofr20051294/deposit.csv]
Au,-27.9667,26.75,South Africa,Welkom [ofr20051294/deposit.csv]
Au,-27.9167,26.7333,South Africa,Free State Geduld [ofr20051294/deposit.csv]
Au,-27.8333,26.6667,South Africa,Freddies Consolidated [ofr20051294/deposit.csv]
Au,-27.7833,-69.2333,Chile,Cerro Casale [ofr20051294/deposit.csv]
Au,-27.75,26.65,South Africa,Loraine [ofr20051294/deposit.csv]
Au,-27.5333,-70.4,Chile,La Candelaria [ofr20051294/deposit.csv]
Au,-27.3833,-69.2667,Chile,Refugio [ofr20051294/deposit.csv]
Au,-27.32,-66.68,Argentina,Farallon Negro [ofr20051294/deposit.csv]
Au,-27.3166,-66.6167,Argentina,Bajo de la Alumbrera [ofr20051294/deposit.csv]
Au,-27.2833,-66.5833,Argentina,Bajo El Durazno [ofr20051294/deposit.csv]
Au,-27.2,-69.0333,Chile,Lobo [ofr20051294/deposit.csv]
Au,-26.9167,26.75,South Africa,Vaal Reefs [ofr20051294/deposit.csv]
Au,-26.8833,26.5,South Africa,Afrikander Lease Ltd. [ofr20051294/deposit.csv]
Au,-26.8667,26.65,South Africa,Klerksdorp [ofr20051294/deposit.csv]
Au,-26.8333,26.8333,South Africa,Hartebeestfontein [ofr20051294/deposit.csv]
Au,-26.8125,-69.2583,Chile,La Coipa [ofr20051294/deposit.csv]
Au,-26.8,26.87,South Africa,Buffelsfontein [ofr20051294/deposit.csv]
Au,-26.75,26.8333,South Africa,Stilfontein [ofr20051294/deposit.csv]
Au,-26.67,28.42,South Africa,Poortje Section [ofr20051294/deposit.csv]
Au,-26.5167,28.4333,South Africa,Wit Nigel [ofr20051294/deposit.csv]
Au,-26.5167,29.1,South Africa,Bracken [ofr20051294/deposit.csv]
Au,-26.5,29.0333,South Africa,Leslie [ofr20051294/deposit.csv]
Au,-26.5,29.1667,South Africa,Winkelhaak [ofr20051294/deposit.csv]
Au,-26.4875,-69.4239,Chile,Potrerillos [ofr20051294/deposit.csv]
Au,-26.4833,-69.4333,Chile,Potrerillos [ofr20051294/deposit.csv]
Au,-26.4667,27.3167,South Africa,Deelkraal [ofr20051294/deposit.csv]
Au,-26.4667,27.3667,South Africa,Elandsrand [ofr20051294/deposit.csv]
Au,-26.4667,29.1667,South Africa,Kinross [ofr20051294/deposit.csv]
Au,-26.4417,27.65,South Africa,South Deep [ofr20051294/deposit.csv]
Au,-26.4167,27.4167,South Africa,Caritonville [ofr20051294/deposit.csv]
Au,-26.4,27.3,South Africa,Doornfontein [ofr20051294/deposit.csv]
Au,-26.4,27.3833,South Africa,Blyvooruitzicht [ofr20051294/deposit.csv]
Au,-26.4,27.4667,South Africa,West Driefontein [ofr20051294/deposit.csv]
Au,-26.4,27.4833,South Africa,East Driefontein [ofr20051294/deposit.csv]
Au,-26.4,27.6,South Africa,Kloof [ofr20051294/deposit.csv]
Au,-26.3833,27.45,South Africa,Dreifontein Consolidated [ofr20051294/deposit.csv]
Au,-26.375,28.4444,South Africa,Sub Nigel [ofr20051294/deposit.csv]
Au,-26.3667,27.7167,South Africa,Western Areas and Elsburg Sections [ofr20051294/deposit.csv]
Au,-26.35,27.6167,South Africa,Libanon [ofr20051294/deposit.csv]
Au,-26.35,28.5167,South Africa,Marievale [ofr20051294/deposit.csv]
Au,-26.3333,28.4667,South Africa,Vogelstruisbult [ofr20051294/deposit.csv]
Au,-26.3125,28.3556,South Africa,S. A. Lands [ofr20051294/deposit.csv]
Au,-26.3092,28.2214,South Africa,"Orion (Minerva, Meyer, Black Reef, Cornucopia [ofr20051294/deposit.csv]"
Au,-26.2917,27.6667,South Africa,Venterspost [ofr20051294/deposit.csv]
Au,-26.2917,28.3917,South Africa,Ergo [ofr20051294/deposit.csv]
Au,-26.2917,28.5111,South Africa,East Dagga [ofr20051294/deposit.csv]
Au,-26.2833,28.3667,South Africa,South African Land And Exploration Company [ofr20051294/deposit.csv]
Au,-26.2833,28.4222,South Africa,Springs [ofr20051294/deposit.csv]
Au,-26.2806,28.4889,South Africa,Dagga [ofr20051294/deposit.csv]
Au,-26.2542,-69.5505,Chile,El Salvador [ofr20051294/deposit.csv]
Au,-26.2389,28.4222,South Africa,New State Areas [ofr20051294/deposit.csv]
Au,-26.2333,28.025,South Africa,Village Main Reef [ofr20051294/deposit.csv]
Au,-26.2333,28.0667,South Africa,Robinson Deep [ofr20051294/deposit.csv]
Au,-26.2333,28.1167,South Africa,Nourse [ofr20051294/deposit.csv]
Au,-26.2333,28.15,South Africa,Simmer And Jack [ofr20051294/deposit.csv]
Au,-26.2333,28.2167,South Africa,Boksburg [ofr20051294/deposit.csv]
Au,-26.2333,28.3667,South Africa,East Rand Egoli Consolidated [ofr20051294/deposit.csv]
Au,-26.2333,28.5,South Africa,Grootvlei [ofr20051294/deposit.csv]
Au,-26.2292,28.0,South Africa,Langaagte Est. [ofr20051294/deposit.csv]
Au,-26.2292,28.2667,South Africa,Brakpan [ofr20051294/deposit.csv]
Au,-26.2167,28.1667,South Africa,Rose Deep [ofr20051294/deposit.csv]
Au,-26.2083,28.4,South Africa,Govt. G. M. Areas [ofr20051294/deposit.csv]
Au,-26.2,27.8667,South Africa,Durban Deep [ofr20051294/deposit.csv]
Au,-26.2,28.2,South Africa,Knights [ofr20051294/deposit.csv]
Au,-26.2,28.3,South Africa,Benoni [ofr20051294/deposit.csv]
Au,-26.1917,28.4083,South Africa,Modderfontein [ofr20051294/deposit.csv]
Au,-26.1875,28.3778,South Africa,New Modder [ofr20051294/deposit.csv]
Au,-26.1833,27.9333,South Africa,Rand Leases [ofr20051294/deposit.csv]
Au,-26.1778,28.2,South Africa,Wit G. M. [ofr20051294/deposit.csv]
Au,-26.1667,27.7667,South Africa,"Randfontein Estates (Cooke Section, West Rand Mine, East Champ D'or, Luipardsvlei Estates, South Roo [ofr20051294/deposit.csv]"
Au,-26.1667,28.3556,South Africa,Van Ryn Deep [ofr20051294/deposit.csv]
Au,-26.1458,28.2,South Africa,Rietfontein [ofr20051294/deposit.csv]
Au,-26.1333,27.7083,South Africa,West Wits Egoli Consolidated [ofr20051294/deposit.csv]
Au,-26.1333,27.7667,South Africa,West Rand Consolidated [ofr20051294/deposit.csv]
Au,-26.125,27.8333,South Africa,Luipaardsvlei [ofr20051294/deposit.csv]
Au,-26.0,27.5,Congo (Kinshasa),Kivu (Goma Kivu) [ofr20051294/deposit.csv]
Au,-25.8667,30.9667,South Africa,Agnes (E. T. Cons) [ofr20051294/deposit.csv]
Au,-25.75,31.2,South Africa,Sheba (E. T. Cons) [ofr20051294/deposit.csv]
Au,-25.725,31.2806,South Africa,Barbrook [ofr20051294/deposit.csv]
Au,-25.7167,31.1,South Africa,"Barberton (Fairview, Sheba, New Consort, Agnes, Princeton Complex) [ofr20051294/deposit.csv]"
Au,-25.7033,27.4461,South Africa,Western Bushveld [ofr20051294/deposit.csv]
Au,-25.6833,27.5333,South Africa,Western Platinum [ofr20051294/deposit.csv]
Au,-25.68,31.01,South Africa,Bien Venue [ofr20051294/deposit.csv]
Au,-25.6667,27.3333,South Africa,"Rustenburg (Amplats, Union Section, Amandelbult Section, RPM) [ofr20051294/deposit.csv]"
Au,-25.6333,31.05,South Africa,New Consort (E.T. Cons) [ofr20051294/deposit.csv]
Au,-25.55,27.2167,South Africa,Impala [ofr20051294/deposit.csv]
Au,-25.17,-66.78,Argentina,Diablilllos [ofr20051294/deposit.csv]
Au,-24.8958,30.125,South Africa,Tweefontein [ofr20051294/deposit.csv]
Au,-24.75,25.9167,Botswana,Map Nora / Tati/Golden Eagle [ofr20051294/deposit.csv]
Au,-24.583,-67.733,Argentina,Taca Taca [ofr20051294/deposit.csv]
Au,-24.5769,-66.7377,Argentina,Taca Taca Bajo [ofr20051294/deposit.csv]
Au,-24.5,28.5,South Africa,Merensky Reef [ofr20051294/deposit.csv]
Au,-24.4667,30.1,South Africa,Forest Hill 117 Kt [ofr20051294/deposit.csv]
Au,-24.2917,29.875,South Africa,Eastern Bushveld Sector: Merensky Reef [ofr20051294/deposit.csv]
Au,-24.265,-69.0716,Chile,La Escondida [ofr20051294/deposit.csv]
Au,-24.025,28.8208,South Africa,"Pp Rust (Potgietersrus, Pots Plat, Sandsloot Pit, Zwartfontein Pits, Tweefontein Pits, Platreef Pit, [ofr20051294/deposit.csv]"
Au,-24.01,30.42,South Africa,Maranda [ofr20051294/deposit.csv]
Au,-24.0,28.8333,South Africa,Platreef [ofr20051294/deposit.csv]
Au,-24.0,28.8544,South Africa,Vaalkop - Zwartfontein Section [ofr20051294/deposit.csv]
Au,-24.0,31.1333,South Africa,"Phalaborwa (Palabora, Foskor) [ofr20051294/deposit.csv]"
Au,-24.0,31.5167,South Africa,Consolidated Murchison Gravelotte [ofr20051294/deposit.csv]
Au,-23.9167,28.8833,South Africa,Drenthe 778 [ofr20051294/deposit.csv]
Au,-23.8889,30.7597,South Africa,Murchison [ofr20051294/deposit.csv]
Au,-23.8333,28.8833,South Africa,Dorst Land 768 [ofr20051294/deposit.csv]
Au,-23.8,30.8667,South Africa,Consolidated Murchinson [ofr20051294/deposit.csv]
Au,-23.3,17.05,Namibia,Kobos [ofr20051294/deposit.csv]
Au,-22.3333,17.1833,Namibia,Otjihase [ofr20051294/deposit.csv]
Au,-22.3333,30.1333,South Africa,Artonvilla [ofr20051294/deposit.csv]
Au,-21.9833,15.85,Namibia,Navachab [ofr20051294/deposit.csv]
Au,-21.1833,27.5333,Botswana,"Shashe (Map Nora, Sashe) [ofr20051294/deposit.csv]"
Au,-20.9667,29.0667,Zimbabwe,Long John [ofr20051294/deposit.csv]
Au,-20.9,-43.5,Brazil,Ouro Preto [ofr20051294/deposit.csv]
Au,-20.8522,28.9028,Zimbabwe,Vubachikwe [ofr20051294/deposit.csv]
Au,-20.8333,28.5769,Zimbabwe,Blanket [ofr20051294/deposit.csv]
Au,-20.6292,31.1736,Zimbabwe,Renco [ofr20051294/deposit.csv]
Au,-20.5167,29.4667,Zimbabwe,Marvel [ofr20051294/deposit.csv]
Au,-20.3556,30.1792,Zimbabwe,Sabi [ofr20051294/deposit.csv]
Au,-20.2908,29.8083,Zimbabwe,Wedza (Mimosa) [ofr20051294/deposit.csv]
Au,-20.25,28.5833,Zimbabwe,Bulawayo District [ofr20051294/deposit.csv]
Au,-20.25,28.7333,Zimbabwe,How [ofr20051294/deposit.csv]
Au,-20.1853,28.6347,Zimbabwe,Old Nic [ofr20051294/deposit.csv]
Au,-20.0869,-65.9086,Bolivia,Caracota [ofr20051294/deposit.csv]
Au,-19.95,-43.85,Brazil,Morro Velho [ofr20051294/deposit.csv]
Au,-19.95,-43.3333,Brazil,São Bento [ofr20051294/deposit.csv]
Au,-19.7958,28.7542,Zimbabwe,"Dawn (Queens Group, Barberton, Czarina, Queen's Mine) [ofr20051294/deposit.csv]"
Au,-19.65,28.9,Zimbabwe,Isabella (Calcite 1) [ofr20051294/deposit.csv]
Au,-19.4333,30.8333,Zimbabwe,Felixburg Gold Belt [ofr20051294/deposit.csv]
Au,-19.3167,30.5833,Zimbabwe,Athens [ofr20051294/deposit.csv]
Au,-18.9444,29.8,Zimbabwe,Gaika (Robin Hood) [ofr20051294/deposit.csv]
Au,-18.9417,29.725,Zimbabwe,"Bell, (Riverlea) [ofr20051294/deposit.csv]"
Au,-18.9333,29.8167,Zimbabwe,"Indarama (Futi, Broomstock) [ofr20051294/deposit.csv]"
Au,-18.925,29.7917,Zimbabwe,Globe and Phoenix [ofr20051294/deposit.csv]
Au,-18.8889,32.675,Zimbabwe,Redwing and Oldwest [ofr20051294/deposit.csv]
Au,-18.8833,32.7083,Zimbabwe,"Rezende (Rezende Group, Elgin, Perthshire, Umtali) [ofr20051294/deposit.csv]"
Au,-18.8556,29.7694,Zimbabwe,Sebakwe [ofr20051294/deposit.csv]
Au,-18.8472,29.7375,Zimbabwe,Elvington (Lone Star) [ofr20051294/deposit.csv]
Au,-18.75,30.3292,Zimbabwe,Ngezi (Bee) [ofr20051294/deposit.csv]
Au,-18.4819,29.7111,Zimbabwe,Venice [ofr20051294/deposit.csv]
Au,-18.475,29.7333,Zimbabwe,Kanyemba (Electra) [ofr20051294/deposit.csv]
Au,-18.425,29.4417,Zimbabwe,"Commoner (Welcome Back, Colombina) [ofr20051294/deposit.csv]"
Au,-18.3333,29.9806,Zimbabwe,Cam and Motor [ofr20051294/deposit.csv]
Au,-18.3056,29.9306,Zimbabwe,Eiffel Flats (Eiffel Blue) [ofr20051294/deposit.csv]
Au,-18.2833,30.2167,Zimbabwe,"Pickstone (Pitchstone, Peerless, Concession Hill (doublon), Duchess Hill, St Kilda) [ofr20051294/deposit.csv]"
Au,-18.2583,29.8083,Zimbabwe,Patchway (Brompto) [ofr20051294/deposit.csv]
Au,-18.2222,29.8083,Zimbabwe,Golden Valley [ofr20051294/deposit.csv]
Au,-18.0556,29.8458,Zimbabwe,"Dalny (Colne, Pixie) [ofr20051294/deposit.csv]"
Au,-18.0417,178.175,Fiji,Namosi [ofr20051294/deposit.csv]
Au,-17.83,29.15,Zimbabwe,Sunyati [ofr20051294/deposit.csv]
Au,-17.8028,-67.4497,Bolivia,Kori Kollo [ofr20051294/deposit.csv]
Au,-17.7792,31.3458,Zimbabwe,Arcturus [ofr20051294/deposit.csv]
Au,-17.55,177.5117,Fiji,Emperor [ofr20051294/deposit.csv]
Au,-17.5,30.0389,Zimbabwe,Golden Kopje (Union Jack) [ofr20051294/deposit.csv]
Au,-17.5,30.925,Zimbabwe,"Mazoe (Mazowe, Carn Brae, Birthday 3, Nucleus, Jumbo 1, Connaught, Bojum, Bucks 2, Flowing Bowl, Com [ofr20051294/deposit.csv]"
Au,-17.3333,31.35,Zimbabwe,Bindura [ofr20051294/deposit.csv]
Au,-17.3333,31.5764,Zimbabwe,"Shamva (Ashkirk, Cymric) [ofr20051294/deposit.csv]"
Au,-17.3147,31.3461,Zimbabwe,Freda Rebecca [ofr20051294/deposit.csv]
Au,-16.8833,30.1625,Zimbabwe,Mangula [ofr20051294/deposit.csv]
Au,-15.8816,143.4654,Australia,Palmer River [ofr20051294/deposit.csv]
Au,-15.0,27.0167,Zambia,Matala [ofr20051294/deposit.csv]
Au,-14.9172,-71.2688,Peru,Antapaccay [ofr20051294/deposit.csv]
Au,-14.59,27.04,Zambia,Dunrobin [ofr20051294/deposit.csv]
Au,-13.95,29.12,Zambia,"Mtuga (Coloquo, Kolokwo, Munshiwemba) [ofr20051294/deposit.csv]"
Au,-13.48,29.45,Zambia,Mkushi [ofr20051294/deposit.csv]
Au,-12.502,132.8957,Australia,Jabiluka [ofr20051294/deposit.csv]
Au,-12.5,28.0,Zambia,Mufulira [ofr20051294/deposit.csv]
Au,-11.4625,-39.0789,Brazil,Fazenda Brasileiro [ofr20051294/deposit.csv]
Au,-11.0,26.9167,Congo (Kinshasa),"Shinkolobwe (Shinkolobowe, Signal, Kasolo) [ofr20051294/deposit.csv]"
Au,-10.6667,25.55,Congo (Kinshasa),Mutoshi (Ruwe) [ofr20051294/deposit.csv]
Au,-9.4417,-77.5833,Peru,Pierina [ofr20051294/deposit.csv]
Au,-8.9653,116.8725,Indonesia,Batu Hijau [ofr20051294/deposit.csv]
Au,-7.6667,-78.6167,Peru,Alto Chicama [ofr20051294/deposit.csv]
Au,-7.3,-78.3222,Peru,Michiquillay [ofr20051294/deposit.csv]
Au,-7.0167,-78.3166,Peru,El Galeno [ofr20051294/deposit.csv]
Au,-6.9255,-78.358,Peru,Minas Conga [ofr20051294/deposit.csv]
Au,-6.903,-78.5156,Peru,Yanacocha [ofr20051294/deposit.csv]
Au,-6.85,-78.6667,Peru,Cerro Corona [ofr20051294/deposit.csv]
Au,-6.3333,31.25,Tanzania,Uruwira [ofr20051294/deposit.csv]
Au,-6.1667,106.8333,Indonesia,Kelian [ofr20051294/deposit.csv]
Au,-6.0333,-50.2,Brazil,Carajas [ofr20051294/deposit.csv]
Au,-5.9,-49.7,Brazil,Serra Pelada [ofr20051294/deposit.csv]
Au,-5.75,-50.45,Brazil,Salobo [ofr20051294/deposit.csv]
Au,-5.75,145.1667,Papua New Guinea,Yandera [ofr20051294/deposit.csv]
Au,-5.4667,143.0833,Papua New Guinea,Porgera/Waruwari [ofr20051294/deposit.csv]
Au,-5.2,141.1333,Papua New Guinea,Ok Tedi [ofr20051294/deposit.csv]
Au,-4.7,141.7833,Papua New Guinea,Frieda River [ofr20051294/deposit.csv]
Au,-4.0667,-78.7833,Ecuador,Nambija [ofr20051294/deposit.csv]
Au,-3.8167,137.2333,Indonesia,Grasberg [ofr20051294/deposit.csv]
Au,-3.8,32.6,Tanzania,Bulyanhulu [ofr20051294/deposit.csv]
Au,-3.6333,-79.5833,Ecuador,Portovelo [ofr20051294/deposit.csv]
Au,-3.1333,32.0833,Tanzania,Buck Reef [ofr20051294/deposit.csv]
Au,-1.6667,29.2333,Congo (Kinshasa),Bishasha (Mumba and Kasangura deposits) [ofr20051294/deposit.csv]
Au,0.3667,123.4,Indonesia,Tombulilato [ofr20051294/deposit.csv]
Au,0.8872,124.6664,Indonesia,Mezel [sedau/main.csv]
Au,1.4147,110.1508,Malaysia,Bau [sedau/main.csv]
Au,1.6667,35.5,Kenya,Unknown [ofr20051294/deposit.csv]
Au,3.35,28.7333,Congo (Kinshasa),Kilo-Moto [ofr20051294/deposit.csv]
Au,5.08,39.23,Ethiopia,Adola [ofr20051294/deposit.csv]
Au,5.1,-76.6667,Colombia,Choco platinum Surficials [ofr20051294/deposit.csv]
Au,5.2,-59.0,Guyana,Omai [ofr20051294/deposit.csv]
Au,5.2417,-2.0417,Ghana,Iduapriem [ofr20051294/deposit.csv]
Au,5.2667,-2.05,Ghana,Teberebie [ofr20051294/deposit.csv]
Au,5.3167,-1.9833,Ghana,"Tarkwa (Old Tarkwa, Pepe pit, Atuabo pit, Akontansi, Mantraim pit, Kottraverchy) [ofr20051294/deposit.csv]"
Au,5.45,-2.1333,Ghana,Prestea [ofr20051294/deposit.csv]
Au,5.575,-2.0042,Ghana,"Bogosu (Bogoso, Abogosu) [ofr20051294/deposit.csv]"
Au,5.5833,38.8333,Ethiopia,Lega Dembi [ofr20051294/deposit.csv]
Au,5.6667,38.9667,Ethiopia,Adola Alluvial Deposits [ofr20051294/deposit.csv]
Au,5.7,-76.65,Colombia,San Juan/Atrato Rivers [ofr20051294/deposit.csv]
Au,6.0083,-1.5875,Ghana,Dunkwa Alluvial Operations [ofr20051294/deposit.csv]
Au,6.0333,116.4667,Malaysia,Mamut [ofr20051294/deposit.csv]
Au,6.0361,-0.8097,Ghana,Akwatia [ofr20051294/deposit.csv]
Au,6.2333,-1.65,Ghana,Ashanti [ofr20051294/deposit.csv]
Au,6.3,-3.7833,Côte DIvoire,Aféma (Asupiri Placer) [ofr20051294/deposit.csv]
Au,6.45,-1.7083,Ghana,Sansu (Obuasi) [ofr20051294/deposit.csv]
Au,6.47,125.0667,Philippines,Tampakan [ofr20051294/deposit.csv]
Au,6.6167,-8.45,Côte DIvoire,Ity [ofr20051294/deposit.csv]
Au,6.6292,-1.1458,Ghana,Konongo/Obenemase/Pepe [ofr20051294/deposit.csv]
Au,7.0,-9.5,Liberia,Gboror's Creek [ofr20051294/deposit.csv]
Au,7.1667,125.9917,Philippines,Kingking [ofr20051294/deposit.csv]
Au,8.6833,-11.0333,Sierra Leone,"Yengema (Nimini Hills, Koidu) [ofr20051294/deposit.csv]"
Au,8.97,35.45,Ethiopia,Yubdo [ofr20051294/deposit.csv]
Au,9.06,35.58,Ethiopia,Tulu Kapi [ofr20051294/deposit.csv]
Au,9.1833,-11.5167,Sierra Leone,Dalakaru-Worowaia (Dalakuru) [ofr20051294/deposit.csv]
Au,9.52,35.53,Ethiopia,Tulu Kami [ofr20051294/deposit.csv]
Au,9.52,35.86,Ethiopia,Dimma [ofr20051294/deposit.csv]
Au,9.5667,122.6333,Philippines,Basay [ofr20051294/deposit.csv]
Au,9.75,122.5667,Philippines,Hinobaan [ofr20051294/deposit.csv]
Au,9.8167,122.45,Philippines,Sipalay [ofr20051294/deposit.csv]
Au,10.3667,123.8333,Philippines,Atlas [ofr20051294/deposit.csv]
Au,11.1833,-4.3,Burkina Faso,Gurio [ofr20051294/deposit.csv]
Au,11.3167,-10.8167,Guinea,Fayalala [ofr20051294/deposit.csv]
Au,11.4667,-9.1167,Guinea,"Siguiri (Sanou Tinti, Eureka Hill, Fatoya, Koron [ofr20051294/deposit.csv]"
Au,11.5872,-2.7636,Burkina Faso,Poura [ofr20051294/deposit.csv]
Au,11.6333,-9.4833,Guinea,Koron (Didi Sag Concession) [ofr20051294/deposit.csv]
Au,12.0167,-6.4667,Mali,"Syama-Tabakoroni Bagoe Region (Fourou, Sikasso) [ofr20051294/deposit.csv]"
Au,13.1667,78.1667,India,Kolar [ofr20051294/deposit.csv]
Au,13.45,122.0833,Philippines,Marcopper [ofr20051294/deposit.csv]
Au,13.5833,0.5333,Burkina Faso,Sebba [ofr20051294/deposit.csv]
Au,13.8,121.1333,Philippines,Taysan [ofr20051294/deposit.csv]
Au,13.9667,-12.75,Senegal,Faleme [ofr20051294/deposit.csv]
Au,14.75,-17.45,Senegal,Sabodala [ofr20051294/deposit.csv]
Au,15.4,37.5,Eritrea,Bisha [ofr20051294/deposit.csv]
Au,15.65,32.5333,Sudan,Aberketieb (Abirkateib) [ofr20051294/deposit.csv]
Au,15.99,-96.34,Mexico,Pinos [ofr20051294/deposit.csv]
Au,16.2556,120.625,Philippines,Santo Tomas II [ofr20051294/deposit.csv]
Au,16.3833,120.9833,Philippines,San Fabian [ofr20051294/deposit.csv]
Au,16.4236,120.6417,Philippines,Baguio [ofr20051294/deposit.csv]
Au,16.4903,120.6556,Philippines,Santo Ni [ofr20051294/deposit.csv]
Au,16.85,120.7528,Philippines,Lepanto [ofr20051294/deposit.csv]
Au,16.8583,120.7833,Philippines,Mankayan [ofr20051294/deposit.csv]
Au,17.0,-7.9997,Niger,Koma Bangou [ofr20051294/deposit.csv]
Au,17.89,-99.7,Mexico,Nukay [ofr20051294/deposit.csv]
Au,18.1333,43.85,Saudi Arabia,Al Masane [ofr20051294/deposit.csv]
Au,18.167,-100.167,Mexico,Campo Morado [ofr20051294/deposit.csv]
Au,18.97,-70.1794,Dominican Republic,Pueblo Viejo [ofr20051294/deposit.csv]
Au,19.5,-14.5833,Mauritania,Akjoujt (Guelb Moghrein) [ofr20051294/deposit.csv]
Au,19.5,14.5833,Mauritania,Akjoujt Tailings Project [ofr20051294/deposit.csv]
Au,19.802,-100.129,Mexico,El Oro [ofr20051294/deposit.csv]
Au,19.9833,42.0167,Saudi Arabia,Al Hajar [ofr20051294/deposit.csv]
Au,20.117,-98.717,Mexico,Pachuca-Real de Monte [ofr20051294/deposit.csv]
Au,20.1667,-98.75,Mexico,Pachuca [ofr20051294/deposit.csv]
Au,20.967,-104.75,Mexico,El Pilon Mine (San Martin de Bolanos district) [ofr20051294/deposit.csv]
Au,21.033,-101.233,Mexico,Guanajuato [ofr20051294/deposit.csv]
Au,21.0667,36.3167,Sudan,"Gebeit (Gabeit, Gabait) [ofr20051294/deposit.csv]"
Au,21.3833,38.0667,Saudi Arabia,Atlantis II Deep [ofr20051294/deposit.csv]
Au,22.0167,80.7167,India,Malanjkhand [ofr20051294/deposit.csv]
Au,22.15,33.4667,Egypt,Wadi Atalla [ofr20051294/deposit.csv]
Au,22.25,95.0833,Burma,Monywa [ofr20051294/deposit.csv]
Au,22.2833,43.2667,Saudi Arabia,Ad Duwayhi [ofr20051294/deposit.csv]
Au,22.298,-100.798,Mexico,Cerro San Pedro [ofr20051294/deposit.csv]
Au,22.4,33.3833,Egypt,"Um Garaiat (Umm Geriat, Umm Qareiyat) [ofr20051294/deposit.csv]"
Au,22.6239,109.1844,China,Hengxian [sedau/main.csv]
Au,22.6333,33.3,Egypt,Haimur [ofr20051294/deposit.csv]
Au,22.667,104.55,Vietnam,Sin Quyen [ofr20051294/deposit.csv]
Au,22.75,-102.583,Mexico,Zacatecas [ofr20051294/deposit.csv]
Au,22.806,-102.7,Mexico,Francisco I. Madero [ofr20051294/deposit.csv]
Au,23.15,-102.85,Mexico,Fresnillo/Proano [ofr20051294/deposit.csv]
Au,23.455,35.1861,Egypt,Hatit [ofr20051294/deposit.csv]
Au,23.4833,40.85,Saudi Arabia,Mahd Adh Dhahab [ofr20051294/deposit.csv]
Au,23.5981,105.6092,China,Gedang [sedau/main.csv]
Au,23.667,-103.667,Mexico,Sombrerete [ofr20051294/deposit.csv]
Au,23.68,-100.71,Mexico,El Fraile [ofr20051294/deposit.csv]
Au,23.69,-100.71,Mexico,La Paz [ofr20051294/deposit.csv]
Au,23.7675,105.995,China,Jinba [sedau/main.csv]
Au,23.7816,45.0695,Saudi Arabia,Al Amar [ofr20051294/deposit.csv]
Au,24.1,-105.9333,Mexico,Tayoltita (San Dimas) [ofr20051294/deposit.csv]
Au,24.205,105.6847,China,Gaolong [sedau/main.csv]
Au,24.383,-106.716,Mexico,Cosala [ofr20051294/deposit.csv]
Au,24.4103,106.8522,China,Mingshan [sedau/main.csv]
Au,24.4286,104.8256,China,Tangshang [sedau/main.csv]
Au,24.45,42.0167,Saudi Arabia,Sukhaybarat [ofr20051294/deposit.csv]
Au,24.52,-104.3,Mexico,Avino [ofr20051294/deposit.csv]
Au,24.5658,106.9097,China,Jinya [sedau/main.csv]
Au,24.57,-105.9,Mexico,Bacis (Otaez) [ofr20051294/deposit.csv]
Au,24.59,41.36,Saudi Arabia,Bulgah [ofr20051294/deposit.csv]
Au,24.608,-101.429,Mexico,Concepcion del Oro District [ofr20051294/deposit.csv]
Au,24.733,-106.098,Mexico,Santa Cruz [ofr20051294/deposit.csv]
Au,24.7344,105.6042,China,Banqi [ofr20051294/deposit.csv]
Au,24.79,-101.82,Mexico,Penasquito [ofr20051294/deposit.csv]
Au,24.8094,34.6931,Egypt,Um Ud (Umm 'Ud) [ofr20051294/deposit.csv]
Au,24.8239,105.6331,China,Banqi [sedau/main.csv]
Au,24.8333,34.5833,Egypt,Hangaliya [ofr20051294/deposit.csv]
Au,24.8483,106.2711,China,Langquan [sedau/main.csv]
Au,24.85,34.8167,Egypt,Ambaut (Anbaout) [ofr20051294/deposit.csv]
Au,24.905,-106.375,Mexico,Metates [ofr20051294/deposit.csv]
Au,24.9208,105.6583,China,Yata [sedau/main.csv]
Au,24.985,105.725,China,Ceyang [sedau/main.csv]
Au,25.0167,34.4,Egypt,Atud [ofr20051294/deposit.csv]
Au,25.0506,105.46,China,Zimudang [ofr20051294/deposit.csv]
Au,25.0733,33.7878,Egypt,Barramiya [ofr20051294/deposit.csv]
Au,25.1,116.5,China,Zijinshan [ofr20051294/deposit.csv]
Au,25.1497,105.8747,China,Jinfeng [sedau/main.csv]
Au,25.1944,105.1583,China,Getang [ofr20051294/deposit.csv]
Au,25.2694,105.2658,China,Getang [sedau/main.csv]
Au,25.35,105.69,China,Lannigou [ofr20051294/deposit.csv]
Au,25.3786,104.9347,China,Nibao [sedau/main.csv]
Au,25.45,34.5833,Egypt,Um Rus (Umm Rus) [ofr20051294/deposit.csv]
Au,25.4925,105.4831,China,Shuiyindong [sedau/main.csv]
Au,25.5169,105.6169,China,Sanchahe [sedau/main.csv]
Au,25.583,-105.967,Mexico,Guanacevi [ofr20051294/deposit.csv]
Au,25.5881,105.3742,China,Zimudang [sedau/main.csv]
Au,25.81,-103.75,Mexico,Ojuela-Mapimi [ofr20051294/deposit.csv]
Au,25.9175,105.0203,China,Sixianchang [sedau/main.csv]
Au,25.9667,-107.1667,Mexico,Dolores [ofr20051294/deposit.csv]
Au,26.0,33.6,Egypt,El Sid [ofr20051294/deposit.csv]
Au,26.1,101.9,China,Lalachang [ofr20051294/deposit.csv]
Au,26.2239,107.7989,China,Danzhai [sedau/main.csv]
Au,26.4667,33.5992,Egypt,Semna [ofr20051294/deposit.csv]
Au,26.7,33.25,Egypt,Fatiri [ofr20051294/deposit.csv]
Au,26.8,-105.82,Mexico,Santa Barbara [ofr20051294/deposit.csv]
Au,26.97,-105.69,Mexico,Parral [ofr20051294/deposit.csv]
Au,28.0333,-113.5667,Mexico,El Arco [ofr20051294/deposit.csv]
Au,28.2167,117.8,China,Yongping [ofr20051294/deposit.csv]
Au,28.65,-108.7417,Mexico,Mulatos (district) [ofr20051294/deposit.csv]
Au,28.6667,115.8333,China,Chengmenshan [ofr20051294/deposit.csv]
Au,29.0167,117.5833,China,Dexing [ofr20051294/deposit.csv]
Au,29.1333,62.0333,Pakistan,Reko Diq [ofr20051294/deposit.csv]
Au,29.2708,61.6056,Pakistan,Saindak [ofr20051294/deposit.csv]
Au,29.3667,-111.2833,Mexico,"Colorada (El Creston deposit, La Colorado mine, Gran Central mine, La Verde mine) [ofr20051294/deposit.csv]"
Au,29.5544,64.5042,Pakistan,Dash-e-Kain [ofr20051294/deposit.csv]
Au,29.75,115.68,China,Wushan [ofr20051294/deposit.csv]
Au,29.9158,114.8808,China,Zhanghai [sedau/main.csv]
Au,29.9167,55.8833,Iran,Sar Cheshmeh [ofr20051294/deposit.csv]
Au,30.8972,117.8136,China,Huangshilaoshan [ofr20051294/deposit.csv]
Au,30.9183,117.9767,China,Xinqiao [ofr20051294/deposit.csv]
Au,31.16,-5.79,Morocco,Tiouit [ofr20051294/deposit.csv]
Au,31.167,-112.9,Mexico,La Herradura [ofr20051294/deposit.csv]
Au,31.43,-109.91,United States,Copper Queen [ofr20051294/deposit.csv]
Au,31.46,-110.72,United States,Hardshell [ofr20051294/deposit.csv]
Au,31.7533,130.3011,Japan,Kushikino [ofr20051294/deposit.csv]
Au,31.763,-110.753,United States,Greaterville [ofr20051294/deposit.csv]
Au,31.869,-111.12,United States,Esperanza - Sierrita [ofr20051294/deposit.csv]
Au,31.88,-111.03,United States,Twin Buttes [ofr20051294/deposit.csv]
Au,31.915,130.6236,Japan,Yamagano [ofr20051294/deposit.csv]
Au,32.005,130.6822,Japan,Hishikari [ofr20051294/deposit.csv]
Au,32.285,104.2583,China,Yinchanggou [sedau/main.csv]
Au,32.3128,66.5328,Afghanistan,Kundalyan [ofr20051294/deposit.csv]
Au,32.36,-112.85,United States,Ajo (New Cornelia) [ofr20051294/deposit.csv]
Au,32.633,-108.367,United States,Tyrone [ofr20051294/deposit.csv]
Au,32.67,-110.67,United States,San Manuel - Kalamazoo [ofr20051294/deposit.csv]
Au,32.725,103.5569,China,Dongbeizhai [ofr20051294/deposit.csv]
Au,32.7278,103.6828,China,Qiaoqiaoshang [sedau/main.csv]
Au,32.7664,103.5561,China,Dongbeizhai [sedau/main.csv]
Au,32.7861,104.02,China,Songpangou [sedau/main.csv]
Au,32.792,-108.067,United States,"Santa Rita (Chino, includes Groundhog - Pewabic - Empire (skarns)) [ofr20051294/deposit.csv]"
Au,32.867,-111.95,United States,Casa Grande West (Santa Cruz) [ofr20051294/deposit.csv]
Au,32.8789,103.3003,China,Zheboshan [sedau/main.csv]
Au,32.93,-109.6,United States,Lone Star [ofr20051294/deposit.csv]
Au,32.97,-109.65,United States,Dos Pobres [ofr20051294/deposit.csv]
Au,33.025,104.3706,China,Lianhecun [sedau/main.csv]
Au,33.0503,104.0667,China,Manaoke [ofr20051294/deposit.csv]
Au,33.075,104.4836,China,Shijiba [sedau/main.csv]
Au,33.09,-109.34,United States,Morenci - Metcalf [ofr20051294/deposit.csv]
Au,33.098,-114.963,United States,Mesquite [ofr20051294/deposit.csv]
Au,33.1236,130.88,Japan,Taio [ofr20051294/deposit.csv]
Au,33.16,-110.97,United States,Ray [ofr20051294/deposit.csv]
Au,33.306,-111.093,United States,Magma [ofr20051294/deposit.csv]
Au,33.3339,109.4956,China,Jinlongshan [sedau/main.csv]
Au,33.4,-110.95,United States,Pinto Valley - Castle Dome [ofr20051294/deposit.csv]
Au,33.42,-110.74,United States,"Miami - Inspiration (includes Bluebird, Copper Cities, Globe, Van Dyke) [ofr20051294/deposit.csv]"
Au,33.5403,109.0,China,Jilongshan [ofr20051294/deposit.csv]
Au,33.655,104.0639,China,Manaoke [sedau/main.csv]
Au,33.8747,133.3189,Japan,Besshi [ofr20051294/deposit.csv]
Au,33.8833,106.65,China,Jiaodong [ofr20051294/deposit.csv]
Au,33.9292,106.9472,China,Baguamiao [ofr20051294/deposit.csv]
Au,34.0011,102.5928,China,Laerma [ofr20051294/deposit.csv]
Au,34.075,102.1664,China,Dashui [sedau/main.csv]
Au,34.2111,102.7256,China,Qiongme [sedau/main.csv]
Au,34.2147,102.6967,China,Laerma [sedau/main.csv]
Au,34.4167,105.0433,China,Liba [ofr20051294/deposit.csv]
Au,34.54,104.2078,China,Zhaishang [sedau/main.csv]
Au,34.58,-113.17,United States,Bagdad [ofr20051294/deposit.csv]
Au,34.9006,138.8242,Japan,Seikoshi [ofr20051294/deposit.csv]
Au,35.0,1.0,Algeria,El Abed (Oued Zaunder) [ofr20051294/deposit.csv]
Au,35.1,-114.447,United States,Oatman [ofr20051294/deposit.csv]
Au,35.1689,134.8256,Japan,Ikuno [ofr20051294/deposit.csv]
Au,35.317,-106.167,United States,Ortiz Mountains (Old Placers) [ofr20051294/deposit.csv]
Au,35.367,-114.15,United States,Mineral Park [ofr20051294/deposit.csv]
Au,35.85,-115.5,United States,Goodsprings [ofr20051294/deposit.csv]
Au,36.0172,138.815,Japan,Chichibu [ofr20051294/deposit.csv]
Au,36.65,47.0333,Iran,Agh Darreh [ofr20051294/deposit.csv]
Au,36.7206,47.1397,Iran,Zarshuran [sedau/main.csv]
Au,36.7333,47.1333,Iran,Zarshuran [ofr20051294/deposit.csv]
Au,37.3875,-113.8775,U.S.A.,Goldstrike [sedau/main.csv]
Au,37.5075,140.2925,Japan,Takatama [ofr20051294/deposit.csv]
Au,37.584,69.859,Afghanistan,Samty [ofr20051294/deposit.csv]
Au,37.71,-117.21,United States,Goldfield [ofr20051294/deposit.csv]
Au,37.946,-120.437,United States,Jamestown [ofr20051294/deposit.csv]
Au,37.958,-107.75,United States,Red Mountain - Sneffels - Telluride [ofr20051294/deposit.csv]
Au,38.0439,138.2661,Japan,Sado [ofr20051294/deposit.csv]
Au,38.061,-120.319,United States,Columbia [ofr20051294/deposit.csv]
Au,38.07,-117.23,United States,Tonopah [ofr20051294/deposit.csv]
Au,38.15,-118.08,United States,Candelaria [ofr20051294/deposit.csv]
Au,38.2833,26.9666,Turkey,Efemcukuru [ofr20051294/deposit.csv]
Au,38.45,-113.063,United States,Rocky Range [ofr20051294/deposit.csv]
Au,38.4833,29.15,Turkey,Kisladag [ofr20051294/deposit.csv]
Au,38.533,-117.15,United States,Manhatten Alluvial Fan [ofr20051294/deposit.csv]
Au,38.58,70.4053,Tajikistan,Jakhsu [ofr20051294/deposit.csv]
Au,38.684,-121.175,United States,Folsom [ofr20051294/deposit.csv]
Au,38.7,-117.08,United States,Round Mountain [ofr20051294/deposit.csv]
Au,38.717,-105.133,United States,Cripple Creek [ofr20051294/deposit.csv]
Au,38.8219,-115.3689,U.S.A.,Gold Point [sedau/main.csv]
Au,38.836,-122.357,United States,McLaughlin [ofr20051294/deposit.csv]
Au,38.9572,-116.8481,U.S.A.,Northumberland [sedau/main.csv]
Au,39.0394,-113.8233,U.S.A.,Kings Canyon [sedau/main.csv]
Au,39.0619,-115.3997,U.S.A.,Griffon [sedau/main.csv]
Au,39.0833,96.475,China,Hanshan [ofr20051294/deposit.csv]
Au,39.1403,-115.5528,U.S.A.,Green Springs [sedau/main.csv]
Au,39.1808,-115.6714,U.S.A.,Easy Junior [sedau/main.csv]
Au,39.204,-121.415,United States,Hammonton [ofr20051294/deposit.csv]
Au,39.206,-121.045,United States,Empire - North Star [ofr20051294/deposit.csv]
Au,39.224,-121.038,United States,Idaho - Maryland - Eureka - Brunswick [ofr20051294/deposit.csv]
Au,39.25,-106.25,United States,Leadville [ofr20051294/deposit.csv]
Au,39.26,-114.999,United States,"Ely (Robinson, Ruth) [ofr20051294/deposit.csv]"
Au,39.2839,67.8817,Tajikistan,Taror [ofr20051294/deposit.csv]
Au,39.3003,-115.7344,U.S.A.,Pan [sedau/main.csv]
Au,39.32,-119.59,United States,Comstock Lode [ofr20051294/deposit.csv]
Au,39.3333,67.7167,Tajikistan,Jilau [ofr20051294/deposit.csv]
Au,39.3667,27.1333,Turkey,Ovacik [ofr20051294/deposit.csv]
Au,39.394,-120.915,United States,North Bloomfield [ofr20051294/deposit.csv]
Au,39.3975,68.5542,Tajikistan,Chore [ofr20051294/deposit.csv]
Au,39.4125,-116.0003,U.S.A.,Lookout Mountain [sedau/main.csv]
Au,39.4442,-115.9758,U.S.A.,Windfall [sedau/main.csv]
Au,39.4606,-115.45,U.S.A.,Illipah [sedau/main.csv]
Au,39.4667,8.95,Italy,Skouries/Fioska [ofr20051294/deposit.csv]
Au,39.5261,-115.9847,U.S.A.,Archimedes [sedau/main.csv]
Au,39.5269,-113.0078,U.S.A.,Drum [sedau/main.csv]
Au,39.55,27.1333,Turkey,Kucukdere [ofr20051294/deposit.csv]
Au,39.6781,-115.5275,U.S.A.,Yankee [sedau/main.csv]
Au,39.7481,-116.4364,U.S.A.,Gold Bar [sedau/main.csv]
Au,39.7567,-116.2678,U.S.A.,Afgan [sedau/main.csv]
Au,39.7572,-115.5208,U.S.A.,Alligator Ridge [sedau/main.csv]
Au,39.7969,-116.3428,U.S.A.,Gold Pick/Gold Ridge [sedau/main.csv]
Au,39.7969,-116.3181,U.S.A.,Cabin Creek [sedau/main.csv]
Au,39.8031,-116.3647,U.S.A.,Gold Canyon [sedau/main.csv]
Au,39.8103,-116.3442,U.S.A.,Goldstone [sedau/main.csv]
Au,39.8875,-115.0481,U.S.A.,Golden Butte [sedau/main.csv]
Au,39.8986,-116.2947,U.S.A.,Chert Cliff [sedau/main.csv]
Au,39.9078,-116.4311,U.S.A.,Tonkin Springs [sedau/main.csv]
Au,39.91,-112.1,United States,Tintic - East Tintic [ofr20051294/deposit.csv]
Au,39.9342,-115.4831,U.S.A.,Galaxy [sedau/main.csv]
Au,39.9458,-115.4494,U.S.A.,Winrock [sedau/main.csv]
Au,39.9683,-115.5158,U.S.A.,Casino [sedau/main.csv]
Au,40.0003,-115.4944,U.S.A.,White Pine [sedau/main.csv]
Au,40.0986,-115.6803,U.S.A.,Bellview [sedau/main.csv]
Au,40.1461,-116.5367,U.S.A.,Red Hill/Goldrush [sedau/main.csv]
Au,40.1628,-116.5597,U.S.A.,Horse Canyon [sedau/main.csv]
Au,40.1697,-116.6086,U.S.A.,Cortez Hills [sedau/main.csv]
Au,40.1939,-116.6178,U.S.A.,Cortez [sedau/main.csv]
Au,40.2167,45.9333,Armenia,Zod [ofr20051294/deposit.csv]
Au,40.2467,-116.7103,U.S.A.,Pipeline [sedau/main.csv]
Au,40.248,-116.74,United States,"Cortez (Cortez, Pipeline, South Pipeline, Pediment, Gap, Gold Acres, and Horse Canyon) [ofr20051294/deposit.csv]"
Au,40.2561,-116.7458,U.S.A.,Gold Acres [sedau/main.csv]
Au,40.28,-118.15,United States,Rochester [ofr20051294/deposit.csv]
Au,40.3131,-112.2064,U.S.A.,Mercur [sedau/main.csv]
Au,40.3333,66.7333,Uzbekistan,Zarmitan [ofr20051294/deposit.csv]
Au,40.34,-117.21,United States,McCoy - Cove [ofr20051294/deposit.csv]
Au,40.3497,-115.98,U.S.A.,Pony Creek [sedau/main.csv]
Au,40.4511,39.4162,Turkey,Gümüshane [ofr20051294/deposit.csv]
Au,40.4628,-116.0042,U.S.A.,Piñon [sedau/main.csv]
Au,40.465,-117.604,United States,Goldbanks [ofr20051294/deposit.csv]
Au,40.53,-117.12,United States,Battle Mountain (Tomboy - Minnie - Fortitude - Northeast Ext. - Iron Canyon - Midas - Phoenix) [ofr20051294/deposit.csv]
Au,40.54,-112.14,United States,Bingham Canyon [ofr20051294/deposit.csv]
Au,40.5864,-112.1408,U.S.A.,BCS [sedau/main.csv]
Au,40.5867,-112.1594,U.S.A.,Melco [sedau/main.csv]
Au,40.5947,-112.1328,U.S.A.,Barneys Canyon [sedau/main.csv]
Au,40.6,23.7667,Greece,Olympias/Kassandra [ofr20051294/deposit.csv]
Au,40.6033,-116.0106,U.S.A.,SMZ [sedau/main.csv]
Au,40.6067,-116.0136,U.S.A.,Gnom [sedau/main.csv]
Au,40.6181,-115.9733,U.S.A.,Emigrant Springs [sedau/main.csv]
Au,40.62,-111.51,United States,Park City [ofr20051294/deposit.csv]
Au,40.6833,8.6667,Italy,Osilo [ofr20051294/deposit.csv]
Au,40.7867,-116.2144,U.S.A.,Gold Quarry [sedau/main.csv]
Au,40.79,-116.23,U.S.A.,MAC [sedau/main.csv]
Au,40.8031,-116.2361,U.S.A.,Tusc [sedau/main.csv]
Au,40.8056,121.9306,China,Paishanlou [ofr20051294/deposit.csv]
Au,40.81,-116.2472,U.S.A.,Mike [sedau/main.csv]
Au,40.825,-116.225,United States,Gold Quarry South Layback (Maggie Creek district) [ofr20051294/deposit.csv]
Au,40.83,-117.21,United States,Lone Tree - Stonehouse [ofr20051294/deposit.csv]
Au,40.8997,-116.2947,U.S.A.,Pete [sedau/main.csv]
Au,40.9094,-116.2956,U.S.A.,Fence [sedau/main.csv]
Au,40.9119,-116.315,U.S.A.,Carlin [sedau/main.csv]
Au,40.912,-116.32,United States,Carlin - Hardie [ofr20051294/deposit.csv]
Au,40.9203,-116.3592,U.S.A.,South Lantern [sedau/main.csv]
Au,40.923,30.268,Turkey,Kaymaz [ofr20051294/deposit.csv]
Au,40.9239,-116.3542,U.S.A.,North Lantern [sedau/main.csv]
Au,40.9256,-117.5033,U.S.A.,Kramer Hill [sedau/main.csv]
Au,40.93,-116.32,United States,"Leeville (West Leeville, Four Corners, Turf) [ofr20051294/deposit.csv]"
Au,40.9328,-116.3272,U.S.A.,Leeville [sedau/main.csv]
Au,40.9361,115.6375,China,Dongping [ofr20051294/deposit.csv]
Au,40.94,-116.3294,U.S.A.,Turf [sedau/main.csv]
Au,40.952,-116.352,United States,Genesis - Blue Star - Beast - Bobcat - Northstar [ofr20051294/deposit.csv]
Au,40.9525,-116.3625,U.S.A.,Bluestar/Genesis [sedau/main.csv]
Au,40.9594,-116.3611,U.S.A.,Deep Star [sedau/main.csv]
Au,40.9733,-114.5311,U.S.A.,Long Canyon [sedau/main.csv]
Au,40.9761,-114.5986,U.S.A.,West Pequop [sedau/main.csv]
Au,40.977,-116.358,United States,"Betze - Post (Betze, Screamer, and Deep Post) [ofr20051294/deposit.csv]"
Au,40.9817,-116.3783,U.S.A.,Betze-Post [sedau/main.csv]
Au,40.9939,-117.3922,U.S.A.,Preble [sedau/main.csv]
Au,41.0028,-116.3825,U.S.A.,Meikle [sedau/main.csv]
Au,41.01,-116.36,United States,"Meikle (Purple Vein) (Meikle, South Meikle, Griffin, and Rodeo) [ofr20051294/deposit.csv]"
Au,41.0131,-116.415,U.S.A.,Bootstrap/Capstone/Tara [sedau/main.csv]
Au,41.0261,-116.3853,U.S.A.,REN [sedau/main.csv]
Au,41.0297,-116.4225,U.S.A.,South Arturo [sedau/main.csv]
Au,41.0361,-116.4272,U.S.A.,Dee [sedau/main.csv]
Au,41.1353,-117.2569,U.S.A.,Pinson [sedau/main.csv]
Au,41.1825,63.9811,Uzbekistan,Daugyztau [ofr20051294/deposit.csv]
Au,41.1833,73.9833,Kyrgyzstan,Makmal [ofr20051294/deposit.csv]
Au,41.21,-117.26,United States,"Getchell (Getchell, Turquoise Ridge, North Zone) [ofr20051294/deposit.csv]"
Au,41.2117,-117.2547,U.S.A.,Getchell/Turquoise Ridge [sedau/main.csv]
Au,41.2458,-117.1714,U.S.A.,Twin Creeks [sedau/main.csv]
Au,41.25,-116.79,United States,Ken Snyder (Midas) mine (Gold Circle district) [ofr20051294/deposit.csv]
Au,41.25,41.55,Turkey,Murgul [ofr20051294/deposit.csv]
Au,41.2503,-115.9494,U.S.A.,Pie Creek [sedau/main.csv]
Au,41.2522,-116.0139,U.S.A.,Water Pipe [sedau/main.csv]
Au,41.2614,-116.0217,U.S.A.,Starvation Canyon [sedau/main.csv]
Au,41.28,-117.17,United States,Twin Creeks (Chimney Creek and Rabbit Creek) [ofr20051294/deposit.csv]
Au,41.28,-117.157,United States,Chimney Creek South - Rabbit Creek [ofr20051294/deposit.csv]
Au,41.33,-118.05,United States,Sleeper [ofr20051294/deposit.csv]
Au,41.3333,64.3167,Uzbekistan,Amantaytav [ofr20051294/deposit.csv]
Au,41.34,-116.01,United States,"Jerritt Canyon (Burns Basin, Enfield Bell, Pattani Springs) [ofr20051294/deposit.csv]"
Au,41.3428,-116.0003,U.S.A.,Burns Basin [sedau/main.csv]
Au,41.3444,-116.0344,U.S.A.,Mill Creek [sedau/main.csv]
Au,41.3592,-115.9881,U.S.A.,SSX/Steer/Saval [sedau/main.csv]
Au,41.3636,-115.9325,U.S.A.,Smith [sedau/main.csv]
Au,41.3728,-115.955,U.S.A.,California Mountain [sedau/main.csv]
Au,41.3931,-116.0011,U.S.A.,Murray [sedau/main.csv]
Au,41.3933,-116.0492,U.S.A.,Wright Window [sedau/main.csv]
Au,41.4003,-115.9886,U.S.A.,Alchem [sedau/main.csv]
Au,41.4064,-115.9858,U.S.A.,Marlboro Canyon [sedau/main.csv]
Au,41.4094,-116.0056,U.S.A.,Generator Hill [sedau/main.csv]
Au,41.4172,-115.9808,U.S.A.,Winters Creek [sedau/main.csv]
Au,41.5167,64.5833,Uzbekistan,Muruntau [ofr20051294/deposit.csv]
Au,41.9489,77.8353,Kyrgyzstan,Kumtor [ofr20051294/deposit.csv]
Au,42.0017,71.4639,Kyrgyzstan,Kuku-Tegerek [ofr20051294/deposit.csv]
Au,42.0333,71.2,Kyrgyzstan,Chaarat [ofr20051294/deposit.csv]
Au,42.05,71.45,Kyrgyzstan,Kuru-Tegerek [ofr20051294/deposit.csv]
Au,42.0797,-113.0425,U.S.A.,Black Pine [sedau/main.csv]
Au,42.0833,120.3472,China,Erdaogou [ofr20051294/deposit.csv]
Au,42.1667,120.3,China,Jinchanggouliang [ofr20051294/deposit.csv]
Au,42.24,63.8069,Uzbekistan,Kokpatas [ofr20051294/deposit.csv]
Au,42.3,72.7333,Kyrgyzstan,Jerooy [ofr20051294/deposit.csv]
Au,42.317,-108.833,United States,Oregon Gulch [ofr20051294/deposit.csv]
Au,42.5,24.0,Bulgaria,Chelopech [ofr20051294/deposit.csv]
Au,42.5333,73.0,Kyrgyzstan,Andash [ofr20051294/deposit.csv]
Au,42.5333,73.1,Kazakhstan,Aqtash [ofr20051294/deposit.csv]
Au,42.6333,75.6833,Kyrgyzstan,Taldybulak Levoberezhny [ofr20051294/deposit.csv]
Au,42.85,43.4167,Georgia,Zopkhito [ofr20051294/deposit.csv]
Au,42.9,127.3833,China,Jiapigou [ofr20051294/deposit.csv]
Au,43.3,-6.3167,Spain,El Valle-Boinas-Carles [ofr20051294/deposit.csv]
Au,43.3167,2.35,France,Salsigne [ofr20051294/deposit.csv]
Au,43.988,-110.292,United States,Pass Peak Formation [ofr20051294/deposit.csv]
Au,44.1333,143.35,Japan,Konomai [ofr20051294/deposit.csv]
Au,44.333,-103.767,United States,"Black Hills Tertiary (includes Gilt Edge, Golden Reward, Annie Creek (Foley Ridge), Richmond Hill, G [ofr20051294/deposit.csv]"
Au,44.344,-103.842,United States,"Bald Mountain (Wharf, Trojan, Portland) [ofr20051294/deposit.csv]"
Au,44.36,-103.77,United States,Homestake [ofr20051294/deposit.csv]
Au,44.683,-115.967,United States,Gold Fork - Little Valley [ofr20051294/deposit.csv]
Au,45.1167,72.6833,Kazakhstan,Aqbakai [ofr20051294/deposit.csv]
Au,45.233,-115.881,United States,Ruby Meadows [ofr20051294/deposit.csv]
Au,45.483,-88.926,United States,Crandon [ofr20051294/deposit.csv]
Au,45.906,-112.014,United States,Golden Sunlight [ofr20051294/deposit.csv]
Au,46.02,-112.526,United States,"Butte (Continental, Berkeley etc.) [ofr20051294/deposit.csv]"
Au,46.0861,100.05,Mongolia,Tsagaantsakhir Uul [ofr20051294/deposit.csv]
Au,46.2667,131.5347,China,Laozhuoshan [ofr20051294/deposit.csv]
Au,46.3333,130.9167,China,Huanan [ofr20051294/deposit.csv]
Au,46.356,-122.081,United States,Margaret (Earl) [ofr20051294/deposit.csv]
Au,46.4833,99.6,Mongolia,Khokhbulgiin khondii [ofr20051294/deposit.csv]
Au,46.721,-111.75,United States,York [ofr20051294/deposit.csv]
Au,47.0,-112.525,United States,McDonald [ofr20051294/deposit.csv]
Au,47.1667,130.5,China,Jiayin [ofr20051294/deposit.csv]
Au,47.4,-66.133,Canada,Bathurst-Norsemines [ofr20051294/deposit.csv]
Au,47.5586,-66.2938,Canada,Caribou [ofr20051294/deposit.csv]
Au,47.929,-108.586,United States,Zortman - Landusky [ofr20051294/deposit.csv]
Au,47.981,-121.369,United States,Pride of the Mountains [ofr20051294/deposit.csv]
Au,48.1,-77.7667,Canada,Sigma-Lamaque [ofr20051294/deposit.csv]
Au,48.1333,-79.5667,Canada,Kerr (Kerr-Addison) [ofr20051294/deposit.csv]
Au,48.15,-80.05,Canada,"Kirkland Lake (Macassa, Kirkland Lake, Teck Hughes, Lake Shore, Wright Hargreaves, Sylvanite, Toburn [ofr20051294/deposit.csv]"
Au,48.25,-78.4833,Canada,Doyon-BousquetLaRhonde [ofr20051294/deposit.csv]
Au,48.25,18.45,Slovakia,Hodrusa District [ofr20051294/deposit.csv]
Au,48.2667,-79.0,Canada,Horne (HorneQuemont) [ofr20051294/deposit.csv]
Au,48.2833,104.5167,Mongolia,Bumbat [ofr20051294/deposit.csv]
Au,48.3333,22.6167,Ukraine,Beregovo [ofr20051294/deposit.csv]
Au,48.4369,-81.2972,Canada,Aunor-DelniteAnkerite [ofr20051294/deposit.csv]
Au,48.4636,-81.2425,Canada,Dome-PaymasterPreston [ofr20051294/deposit.csv]
Au,48.4732,-81.3132,Canada,Hollinger-Mcintryre [ofr20051294/deposit.csv]
Au,48.5228,-81.1152,Canada,Pamour-HallnorBroulan [ofr20051294/deposit.csv]
Au,48.5333,-85.9,Canada,Hemlo [ofr20051294/deposit.csv]
Au,48.673,-118.758,United States,Republic District (Knob Hill etc.) [ofr20051294/deposit.csv]
Au,48.75,106.15,Mongolia,Boroo [ofr20051294/deposit.csv]
Au,48.8,116.3333,China,Jiawula [ofr20051294/deposit.csv]
Au,48.8167,-56.8833,Canada,Buchans [ofr20051294/deposit.csv]
Au,48.8528,115.6278,Mongolia,Bayan Uul [ofr20051294/deposit.csv]
Au,49.1333,81.5883,Kazakhstan,Vasil'evskoe [ofr20051294/deposit.csv]
Au,49.1667,-89.6167,Canada,Lac des Iles [ofr20051294/deposit.csv]
Au,49.1667,130.9167,Russia,Malokhingansky district [ofr20051294/deposit.csv]
Au,49.3167,90.4333,Mongolia,Dulaan khar uul [ofr20051294/deposit.csv]
Au,49.333,-120.533,Canada,Copper Mountain [ofr20051294/deposit.csv]
Au,49.4667,107.3667,Mongolia,Tolgoit [ofr20051294/deposit.csv]
Au,49.4833,81.5167,Kazakhstan,Baqyrchik [ofr20051294/deposit.csv]
Au,49.75,81.2,Kazakhstan,Bolshevik [ofr20051294/deposit.csv]
Au,50.0833,126.6667,China,Huma [ofr20051294/deposit.csv]
Au,50.15,73.0167,Kazakhstan,Nurkazgan [ofr20051294/deposit.csv]
Au,50.1833,125.6833,China,Doubaoshan [ofr20051294/deposit.csv]
Au,50.675,-127.8583,Canada,Hushamu (Expo) [ofr20051294/deposit.csv]
Au,50.7764,-122.8033,Canada,Bralorne-Pioneer [ofr20051294/deposit.csv]
Au,50.8333,127.4167,Russia,Blagoveshchensk-Svobodnensky district [ofr20051294/deposit.csv]
Au,50.85,-74.5833,Canada,Lac Troilus [ofr20051294/deposit.csv]
Au,51.05,-93.75,Canada,Campbell (Red LakeDickenson) [ofr20051294/deposit.csv]
Au,51.1333,-122.6,Canada,Poison Mountain [ofr20051294/deposit.csv]
Au,51.1833,82.1,Russia,Zarechenskoye [ofr20051294/deposit.csv]
Au,51.45,-123.6167,Canada,Fish Lake [ofr20051294/deposit.csv]
Au,51.4833,75.8,Kazakhstan,Maikain [ofr20051294/deposit.csv]
Au,51.6333,116.6,Russia,Baley [ofr20051294/deposit.csv]
Au,51.75,71.75,Kazakhstan,Zholymbet [ofr20051294/deposit.csv]
Au,51.9167,86.6833,Russia,Sinyukhinskoye [ofr20051294/deposit.csv]
Au,52.2497,113.0231,Russia,Taseevskoe [ofr20051294/deposit.csv]
Au,52.3694,115.4983,Russia,Darasunskoe [ofr20051294/deposit.csv]
Au,52.4125,157.8461,Russia,Asachinskoe [ofr20051294/deposit.csv]
Au,52.4667,72.0,Kazakhstan,Kvartsitovye Gorki [ofr20051294/deposit.csv]
Au,52.5167,-122.2833,Canada,Gibraltar [ofr20051294/deposit.csv]
Au,52.5167,73.1167,Kazakhstan,Bestobe West [ofr20051294/deposit.csv]
Au,52.6128,-90.3636,Canada,Musselwhite Mine [ofr20051294/deposit.csv]
Au,52.6167,121.6667,China,Mohe [ofr20051294/deposit.csv]
Au,52.8333,128.8333,Russia,Zeiya-Selemdzha [ofr20051294/deposit.csv]
Au,52.8403,158.2667,Russia,Rodnikovoe [ofr20051294/deposit.csv]
Au,53.0,132.75,Russia,Verkhne-Yansky [ofr20051294/deposit.csv]
Au,53.1189,131.5156,Russia,Malomyr [ofr20051294/deposit.csv]
Au,53.1517,132.8247,Russia,Tokur [ofr20051294/deposit.csv]
Au,53.3506,69.2628,Kazakhstan,Vasil'kovskoe [ofr20051294/deposit.csv]
Au,53.3519,126.3642,Russia,Pokrovskoe [ofr20051294/deposit.csv]
Au,53.45,126.45,Russia,Pioneer [ofr20051294/deposit.csv]
Au,53.5,125.5,Russia,Gonzhinsky (Gonzha) [ofr20051294/deposit.csv]
Au,53.6833,124.9,Russia,Burindinskoe [ofr20051294/deposit.csv]
Au,53.8333,130.0,Russia,Dzhagdy [ofr20051294/deposit.csv]
Au,53.9167,122.5,Russia,Verkhne-Indigirsky [ofr20051294/deposit.csv]
Au,54.1667,-126.1167,Canada,Equity Silver [ofr20051294/deposit.csv]
Au,54.3167,124.4278,Russia,Kirovskoe [ofr20051294/deposit.csv]
Au,54.6667,126.6667,Russia,Dambuki [ofr20051294/deposit.csv]
Au,54.7667,-101.8833,Canada,Flin Flon [ofr20051294/deposit.csv]
Au,54.8833,124.25,Russia,Srednenuykzhinsk [ofr20051294/deposit.csv]
Au,54.9167,131.0833,Russia,Verkhnezeisk [ofr20051294/deposit.csv]
Au,55.1333,-124.0667,Canada,Mount Milligan [ofr20051294/deposit.csv]
Au,55.5103,157.865,Russia,Aginskoe [ofr20051294/deposit.csv]
Au,55.6644,161.1647,Russia,Kumroch [ofr20051294/deposit.csv]
Au,55.6667,125.0,Russia,Verkhneselemdzha 2 [ofr20051294/deposit.csv]
Au,56.4667,122.0167,Russia,Nizhnenyukzinsky district [ofr20051294/deposit.csv]
Au,56.5,-130.25,Canada,Sulphurets [ofr20051294/deposit.csv]
Au,56.6167,-130.4667,Canada,Eskay Creek [ofr20051294/deposit.csv]
Au,57.0061,-126.7489,Canada,Kemess South [ofr20051294/deposit.csv]
Au,57.0617,-126.7575,Canada,Kemess North [ofr20051294/deposit.csv]
Au,57.125,-131.45,Canada,Galore Creek -Copper Canyon/Stikine copper [ofr20051294/deposit.csv]
Au,57.35,-131.0,Canada,Schaft Creek (Liard Copper) [ofr20051294/deposit.csv]
Au,57.7,-129.7833,Canada,Red Chris [ofr20051294/deposit.csv]
Au,57.85,60.7333,Russia,Berezovsk [ofr20051294/deposit.csv]
Au,57.9306,114.245,Russia,Bodajbo [ofr20051294/deposit.csv]
Au,58.077,-134.619,United States,Greens Creek [ofr20051294/deposit.csv]
Au,58.308,-134.345,United States,"Alaska - Juneau (A.J., Perseverance) [ofr20051294/deposit.csv]"
Au,58.6167,115.25,Russia,Sukhoi Log [ofr20051294/deposit.csv]
Au,58.6169,137.1839,Russia,Kurun-Uryakh [ofr20051294/deposit.csv]
Au,58.866,-135.087,United States,Kensington - Jualin [ofr20051294/deposit.csv]
Au,59.7333,-137.7333,Canada,Windy Craggy [ofr20051294/deposit.csv]
Au,59.7392,143.4428,Russia,Okhotsk [ofr20051294/deposit.csv]
Au,59.8667,92.8833,Russia,Olympiada [ofr20051294/deposit.csv]
Au,59.898,-155.296,United States,Pebble Copper (Pebble Beach) [ofr20051294/deposit.csv]
Au,60.0264,142.5922,Russia,Khakandzhinskoe (Khakandzha) [ofr20051294/deposit.csv]
Au,60.3536,93.0219,Russia,Sovetskoe [ofr20051294/deposit.csv]
Au,60.3558,-44.8342,Kalaallit Nunaat (Greenland),Nalunaq [ofr20051294/deposit.csv]
Au,60.3689,150.8481,Russia,Karamken [ofr20051294/deposit.csv]
Au,60.9042,102.6869,Russia,Lebedinskoe 2 [ofr20051294/deposit.csv]
Au,61.0083,138.1486,Russia,Allakh-Yun [ofr20051294/deposit.csv]
Au,61.1667,153.9833,Russia,Julietta [ofr20051294/deposit.csv]
Au,61.4403,164.6667,Russia,Ametistovoe [ofr20051294/deposit.csv]
Au,61.4589,148.8025,Russia,Shkolnoe [ofr20051294/deposit.csv]
Au,61.5997,147.7797,Russia,Pavlik [ofr20051294/deposit.csv]
Au,61.6,22.3,Finland,Kutemajarvi [ofr20051294/deposit.csv]
Au,61.6561,147.6844,Russia,Natalka [ofr20051294/deposit.csv]
Au,61.6833,24.35,Finland,Orivesi   [ofr20051294/deposit.csv]
Au,61.7039,151.5375,Russia,Netchen-Khaya [ofr20051294/deposit.csv]
Au,61.7444,149.5581,Russia,Vetrenskoe [ofr20051294/deposit.csv]
Au,62.075,-158.217,United States,Donlin Creek [ofr20051294/deposit.csv]
Au,62.5083,-114.3333,Canada,Con [ofr20051294/deposit.csv]
Au,62.5614,139.3094,Russia,Nezhdaninka [ofr20051294/deposit.csv]
Au,62.6017,155.1894,Russia,Dukat [ofr20051294/deposit.csv]
Au,62.7167,-138.8167,Canada,Casino [ofr20051294/deposit.csv]
Au,62.825,147.8608,Russia,"Susuman (Chai, Yuryuyen) [ofr20051294/deposit.csv]"
Au,62.9272,-92.1781,Canada,Tiriruniak [ofr20051294/deposit.csv]
Au,63.0,31.2,Finland,Pampalo [ofr20051294/deposit.csv]
Au,63.0778,152.7478,Russia,Chepak [ofr20051294/deposit.csv]
Au,63.521,-141.324,United States,Taurus [ofr20051294/deposit.csv]
Au,63.8531,160.0406,Russia,Kubaka [ofr20051294/deposit.csv]
Au,64.0333,-115.8333,Canada,Dublin Gulch [ofr20051294/deposit.csv]
Au,64.283,-144.883,United States,Pogo (Liese zone) [ofr20051294/deposit.csv]
Au,64.2936,141.2839,Russia,Badran-Bezvodnyj [ofr20051294/deposit.csv]
Au,64.4022,142.4086,Russia,Sarylakhskoe [ofr20051294/deposit.csv]
Au,64.5,-165.5,United States,Nome [ofr20051294/deposit.csv]
Au,64.5625,144.4,Russia,"Kurun-Agalyk, Njuchcha, Nera, Zenit [ofr20051294/deposit.csv]"
Au,64.6667,20.2667,Sweden,Bjorkdal [ofr20051294/deposit.csv]
Au,64.917,-146.5,United States,Fairbanks [ofr20051294/deposit.csv]
Au,64.9478,156.4411,Russia,Olcha [ofr20051294/deposit.csv]
Au,64.967,-147.367,United States,Fort Knox [ofr20051294/deposit.csv]
Au,65.75,-164.83,United States,Kougarok [ofr20051294/deposit.csv]
Au,66.3167,25.8,Finland,Juomasuo [ofr20051294/deposit.csv]
Au,66.3667,-107.4167,Canada,Boston (Hope Bay) [ofr20051294/deposit.csv]
Au,66.4517,137.0522,Russia,Sentachan [ofr20051294/deposit.csv]
Au,66.7006,137.4831,Russia,Adychan [ofr20051294/deposit.csv]
Au,67.7,25.1167,Finland,Suurikiisikko [ofr20051294/deposit.csv]
Au,67.7539,167.8472,Russia,Aliskerov [ofr20051294/deposit.csv]
Au,67.9553,54.1342,Russia,Vasilkovskoe [ofr20051294/deposit.csv]
Au,68.1792,166.1539,Russia,Karalveem [ofr20051294/deposit.csv]
Au,68.2,-31.8333,Kalaallit Nunaat (Greenland),"Platinova Reef, Skaergaard Intrusion [ofr20051294/deposit.csv]"
Au,69.0394,173.7294,Russia,Maiskoe [ofr20051294/deposit.csv]
Au,69.7717,134.7617,Russia,Nizhne-Kjuchusskoe [ofr20051294/deposit.csv]
Au,69.7992,134.7544,Russia,Kyuchyus [ofr20051294/deposit.csv]
Coal,34.2667,117.1833,China,Xuzhou [ofr20051294/deposit.csv]
Cu,-54.8583,-68.4592,Argentina,Beatriz [vms/main.csv]
Cu,-48.075,-67.3083,Argentina,Bajo  de  la  Leona [porcu/main.csv]
Cu,-46.0333,-72.15,Chile,Turbio [porcu/main.csv]
Cu,-43.27,-71.02,Argentina,Arroyo Luque [sir20105090z/pcu_deps_pros.csv]
Cu,-42.13,-71.35,Argentina,Cerro Coihue [sir20105090z/pcu_deps_pros.csv]
Cu,-42.1167,145.55,Australia,Mount Lyell [ofr20051294/deposit.csv]
Cu,-42.0644,145.5867,Australia,Mount Lyell [vms/main.csv]
Cu,-41.8547,145.5117,Australia,South Hercules [vms/main.csv]
Cu,-41.8458,145.5156,Australia,Hercules [vms/main.csv]
Cu,-41.8167,145.5,Australia,Rosebery [ofr20051294/deposit.csv]
Cu,-41.7736,145.54,Australia,Rosebery-Read [vms/main.csv]
Cu,-41.7303,145.6256,Australia,Farrell [vms/main.csv]
Cu,-41.5978,145.6964,Australia,Que River [vms/main.csv]
Cu,-41.5789,145.725,Australia,Hellyer [vms/main.csv]
Cu,-39.5245,-69.6757,Argentina,Barda sin Nombre [sir20105090z/sedcu_deps_pros.csv]
Cu,-39.4683,-69.5097,Argentina,Los Leones [sir20105090z/sedcu_deps_pros.csv]
Cu,-39.4538,-69.4597,Argentina,Cerro Velazco [sir20105090z/sedcu_deps_pros.csv]
Cu,-39.4426,-70.4919,Argentina,Charahuilla [sir20105090z/sedcu_deps_pros.csv]
Cu,-39.3717,-70.6157,Argentina,El Chiquillon [sir20105090z/sedcu_deps_pros.csv]
Cu,-39.3358,-69.1832,Argentina,Victoriano [sir20105090z/sedcu_deps_pros.csv]
Cu,-39.3183,-69.2156,Argentina,La Carmen [sir20105090z/sedcu_deps_pros.csv]
Cu,-39.3119,-69.1895,Argentina,Kokito 2 [sir20105090z/sedcu_deps_pros.csv]
Cu,-39.276,-69.6165,Argentina,Puerta de Calle [sir20105090z/sedcu_deps_pros.csv]
Cu,-39.2262,-69.862,Argentina,Puesto Dona Juana [sir20105090z/sedcu_deps_pros.csv]
Cu,-39.2167,-69.8167,Argentina,Cerro Granito [sedcu/main.csv]
Cu,-39.1868,-69.6332,Argentina,Barda Negra [sir20105090z/sedcu_deps_pros.csv]
Cu,-39.1833,-70.6333,Argentina,La  Voluntad [porcu/main.csv]
Cu,-39.1522,-69.5231,Argentina,El Porvanir [sir20105090z/sedcu_deps_pros.csv]
Cu,-39.1047,-69.5003,Argentina,Bordo Colorado [sir20105090z/sedcu_deps_pros.csv]
Cu,-39.0681,-69.931,Argentina,Juan Carlos [sir20105090z/sedcu_deps_pros.csv]
Cu,-38.9998,-68.8656,Argentina,Borde Colorado [sir20105090z/sedcu_deps_pros.csv]
Cu,-38.9088,-69.214,Argentina,Plaza Huincul [sir20105090z/sedcu_deps_pros.csv]
Cu,-38.9044,-69.6164,Argentina,Cerro Bandera Sur [sir20105090z/sedcu_deps_pros.csv]
Cu,-38.8833,-68.9833,Argentina,Barda González [sedcu/main.csv]
Cu,-38.8678,-68.867,Argentina,Barda Gonzalez (2) [sir20105090z/sedcu_deps_pros.csv]
Cu,-38.8588,-69.0095,Argentina,Barda Gonzalez [sir20105090z/sedcu_deps_pros.csv]
Cu,-38.8476,-68.982,Argentina,Mina Yaravi Norte [sir20105090z/sedcu_deps_pros.csv]
Cu,-38.8346,-68.9334,Argentina,Mina La Nuestra [sir20105090z/sedcu_deps_pros.csv]
Cu,-38.8287,-68.9356,Argentina,Minas La Cuprosa and La Barrosa [sir20105090z/sedcu_deps_pros.csv]
Cu,-38.813,-68.8749,Argentina,Los Baguales [sir20105090z/sedcu_deps_pros.csv]
Cu,-38.7569,-69.6573,Argentina,Cerro Mesa [sir20105090z/sedcu_deps_pros.csv]
Cu,-38.7311,-69.0383,Argentina,La Esperanza [sir20105090z/sedcu_deps_pros.csv]
Cu,-38.7216,-69.4597,Argentina,La Olla [sir20105090z/sedcu_deps_pros.csv]
Cu,-38.7116,-68.9205,Argentina,Tobiano [sir20105090z/sedcu_deps_pros.csv]
Cu,-38.71,-71.33,Chile,Gualletué [sir20105090z/pcu_deps_pros.csv]
Cu,-38.6964,-69.5913,Argentina,Cantera Grande [sir20105090z/sedcu_deps_pros.csv]
Cu,-38.6833,-69.6,Argentina,Cerro Mesa [sedcu/main.csv]
Cu,-38.6769,-69.4784,Argentina,Santa Genova [sir20105090z/sedcu_deps_pros.csv]
Cu,-38.6491,-69.1721,Argentina,Sauzal Bonito Oeste [sir20105090z/sedcu_deps_pros.csv]
Cu,-38.6333,-69.1833,Argentina,Sausal Bonita [sedcu/main.csv]
Cu,-38.6057,-69.022,Argentina,Sauzal Bonito [sir20105090z/sedcu_deps_pros.csv]
Cu,-38.5906,-69.258,Argentina,Tordillos [sir20105090z/sedcu_deps_pros.csv]
Cu,-38.5857,-69.3271,Argentina,Tordillos Oeste [sir20105090z/sedcu_deps_pros.csv]
Cu,-38.5712,-69.1544,Argentina,Puesto Lago [sir20105090z/sedcu_deps_pros.csv]
Cu,-38.526,-69.4821,Argentina,El Mangrullo [sir20105090z/sedcu_deps_pros.csv]
Cu,-38.3393,-69.0818,Argentina,Campesino Norte [sir20105090z/sedcu_deps_pros.csv]
Cu,-38.3,-69.05,Argentina,Campesino Norte [sedcu/main.csv]
Cu,-38.25,-70.5833,Argentina,Campana  Mahuida [porcu/main.csv]
Cu,-38.1161,-69.7395,Argentina,La S [sir20105090z/sedcu_deps_pros.csv]
Cu,-38.0215,-69.6047,Argentina,Palo Quemado [sir20105090z/sedcu_deps_pros.csv]
Cu,-38.0159,-69.672,Argentina,Maria Teresa [sir20105090z/sedcu_deps_pros.csv]
Cu,-37.9309,-69.3013,Argentina,Loro [sir20105090z/sedcu_deps_pros.csv]
Cu,-37.9044,-69.4407,Argentina,Borde Blanco [sir20105090z/sedcu_deps_pros.csv]
Cu,-37.8873,-69.6095,Argentina,Punta Carranza [sir20105090z/sedcu_deps_pros.csv]
Cu,-37.8522,-69.4526,Argentina,Grillo [sir20105090z/sedcu_deps_pros.csv]
Cu,-37.8304,-69.6516,Argentina,Camelo [sir20105090z/sedcu_deps_pros.csv]
Cu,-37.7907,-69.4649,Argentina,Sapo Sur [sir20105090z/sedcu_deps_pros.csv]
Cu,-37.75,147.5,Australia,Gippsland [sedcu/main.csv]
Cu,-37.7145,-69.4541,Argentina,Sapo Norte [sir20105090z/sedcu_deps_pros.csv]
Cu,-37.6769,-69.5823,Argentina,Pampa del Sapo [sir20105090z/sedcu_deps_pros.csv]
Cu,-37.6346,-70.244,Argentina,Tilisarao [sir20105090z/sedcu_deps_pros.csv]
Cu,-37.6114,142.6075,Australia,Thursdays  Gossan [porcu/main.csv]
Cu,-37.5878,-69.9921,Argentina,Balsa Huitrin [sir20105090z/sedcu_deps_pros.csv]
Cu,-37.5876,148.0035,Australia,Dogwood [sir20105090z/pcu_deps_pros.csv]
Cu,-37.5736,148.0086,Australia,Dogwood [porcu/main.csv]
Cu,-37.5192,148.4886,Australia,Sunday Creek [sir20105090z/pcu_deps_pros.csv]
Cu,-37.4831,-70.4243,Argentina,Don Felipe [sir20105090z/sedcu_deps_pros.csv]
Cu,-37.4325,-70.4667,Argentina,Quebrada  del  Bronce [porcu/main.csv]
Cu,-37.4083,-69.7853,Argentina,La Tosca [sir20105090z/sedcu_deps_pros.csv]
Cu,-37.334,-70.5487,Argentina,La Corrita [sir20105090z/sedcu_deps_pros.csv]
Cu,-37.3332,-70.3838,Argentina,Ciudad Esperanza [sir20105090z/sedcu_deps_pros.csv]
Cu,-37.3075,-70.6293,Argentina,Arroyo Nuevo [sir20105090z/sedcu_deps_pros.csv]
Cu,-37.3072,142.8667,Australia,Mount Ararat [vms/main.csv]
Cu,-37.2595,-70.4919,Argentina,Ende [sir20105090z/sedcu_deps_pros.csv]
Cu,-37.2301,-70.0845,Argentina,Las Tres Catalinas [sir20105090z/sedcu_deps_pros.csv]
Cu,-37.1655,-70.4924,Argentina,Don Marcelo [sir20105090z/sedcu_deps_pros.csv]
Cu,-37.1053,-70.4935,Argentina,Dr. Bob [sir20105090z/sedcu_deps_pros.csv]
Cu,-37.0958,175.5572,New Zealand,Thames [porcu/main.csv]
Cu,-37.0379,-70.4699,Argentina,La Respetaran [sir20105090z/sedcu_deps_pros.csv]
Cu,-37.0025,147.8842,Australia,Wilga [vms/main.csv]
Cu,-36.9814,147.9083,Australia,Currawong [vms/main.csv]
Cu,-36.5862,-69.4591,Argentina,San Romeleo [sir20105090z/sedcu_deps_pros.csv]
Cu,-36.5833,-69.45,Argentina,San Romeleo [sedcu/main.csv]
Cu,-36.5511,-69.4585,Argentina,Alexandra [sir20105090z/sedcu_deps_pros.csv]
Cu,-36.5204,-69.4402,Argentina,Yessica [sir20105090z/sedcu_deps_pros.csv]
Cu,-36.5017,-69.439,Argentina,La Carmelita [sir20105090z/sedcu_deps_pros.csv]
Cu,-36.2528,-69.9019,Argentina,Mechanquil [sir20105090z/sedcu_deps_pros.csv]
Cu,-36.2012,-69.8866,Argentina,Casualidad [sir20105090z/sedcu_deps_pros.csv]
Cu,-36.1986,-69.8145,Argentina,Salitral [sir20105090z/sedcu_deps_pros.csv]
Cu,-36.1817,-69.7913,Argentina,El Indio [sir20105090z/sedcu_deps_pros.csv]
Cu,-36.1449,-69.9453,Argentina,El Manzano [sir20105090z/sedcu_deps_pros.csv]
Cu,-35.8261,-69.6112,Argentina,Uryco [sir20105090z/sedcu_deps_pros.csv]
Cu,-35.8095,-69.5551,Argentina,Cerro Mollar [sir20105090z/sedcu_deps_pros.csv]
Cu,-35.8072,-69.5454,Argentina,Porky [sir20105090z/sedcu_deps_pros.csv]
Cu,-35.8033,-69.6185,Argentina,Casa de Piedra [sir20105090z/sedcu_deps_pros.csv]
Cu,-35.7833,-69.662,Argentina,Aqua Botada [sir20105090z/sedcu_deps_pros.csv]
Cu,-35.7757,-69.6377,Argentina,Puesto Moya [sir20105090z/sedcu_deps_pros.csv]
Cu,-35.7655,-69.637,Argentina,Kilometro 373 [sir20105090z/sedcu_deps_pros.csv]
Cu,-35.7512,-69.6153,Argentina,La Atomica [sir20105090z/sedcu_deps_pros.csv]
Cu,-35.5897,149.4431,Australia,Captains Flat [vms/main.csv]
Cu,-35.4209,-70.0744,Argentina,La Encantadora [sir20105090z/sedcu_deps_pros.csv]
Cu,-35.2358,-70.479,Argentina,Clotilde [sir20105090z/sedcu_deps_pros.csv]
Cu,-35.1488,-69.8847,Argentina,Estelita [sir20105090z/sedcu_deps_pros.csv]
Cu,-35.1411,-70.2557,Argentina,Anita [sir20105090z/sedcu_deps_pros.csv]
Cu,-35.1114,-70.2614,Argentina,Sybil [sir20105090z/sedcu_deps_pros.csv]
Cu,-35.1,139.0,Australia,Kanmantoo [sedcu/main.csv]
Cu,-35.0823,-70.2679,Argentina,Adriana [sir20105090z/sedcu_deps_pros.csv]
Cu,-35.0622,149.5703,Australia,Woodlawn [vms/main.csv]
Cu,-35.0417,149.5864,Australia,Cowley Hills [vms/main.csv]
Cu,-34.9875,149.5125,Australia,Currawang East [vms/main.csv]
Cu,-34.9232,-70.2391,Argentina,Chile [sir20105090z/sedcu_deps_pros.csv]
Cu,-34.875,-70.2166,Argentina,Amelia [sir20105090z/sedcu_deps_pros.csv]
Cu,-34.8737,139.1522,Australia,Kitticoola [sir20105090z/pcu_deps_pros.csv]
Cu,-34.8486,-70.1877,Argentina,El Burrero [sir20105090z/sedcu_deps_pros.csv]
Cu,-34.7817,-69.8579,Argentina,Tres Lagunas [sir20105090z/sedcu_deps_pros.csv]
Cu,-34.6814,-70.1638,Argentina,Don Vicente [sir20105090z/sedcu_deps_pros.csv]
Cu,-34.6028,148.7578,Australia,Kangiara [vms/main.csv]
Cu,-34.45,138.6833,Australia,Kapunda [sedcu/main.csv]
Cu,-34.3278,147.4685,Australia,Dam [sir20105090z/pcu_deps_pros.csv]
Cu,-34.3165,147.46,Australia,Greens Creek [sir20105090z/pcu_deps_pros.csv]
Cu,-34.3099,147.4415,Australia,Mag H1 [sir20105090z/pcu_deps_pros.csv]
Cu,-34.3011,147.4178,Australia,Woolshed [sir20105090z/pcu_deps_pros.csv]
Cu,-34.3004,147.4002,Australia,Rosevale [sir20105090z/pcu_deps_pros.csv]
Cu,-34.2757,148.8422,Australia,Frogmore [sir20105090z/pcu_deps_pros.csv]
Cu,-34.2739,148.84,Australia,Frogmore [porcu/main.csv]
Cu,-34.2449,147.4136,Australia,Estoril [sir20105090z/pcu_deps_pros.csv]
Cu,-34.2347,147.405,Australia,Monza [sir20105090z/pcu_deps_pros.csv]
Cu,-34.2268,147.3986,Australia,Chicane [sir20105090z/pcu_deps_pros.csv]
Cu,-34.2113,147.3941,Australia,Cullingarai [sir20105090z/pcu_deps_pros.csv]
Cu,-34.1971,147.337,Australia,Homer [sir20105090z/pcu_deps_pros.csv]
Cu,-34.166,147.33,Australia,Mandamah [sir20105090z/pcu_deps_pros.csv]
Cu,-34.1151,147.3622,Australia,Kangaroo Hill [sir20105090z/pcu_deps_pros.csv]
Cu,-34.0916,-70.3383,Chile,El Teniente [ofr20051294/deposit.csv]
Cu,-34.0886,-70.4625,Chile,El  Teniente [porcu/main.csv]
Cu,-34.0465,147.3344,Australia,Yiddah [sir20105090z/pcu_deps_pros.csv]
Cu,-34.0,138.25,Australia,Copper Claim [sedcu/main.csv]
Cu,-33.9667,147.4167,Australia,Mandamah [porcu/main.csv]
Cu,-33.8422,149.689,Australia,Racecourse [sir20105090z/pcu_deps_pros.csv]
Cu,-33.8412,147.4252,Australia,Eurowie [sir20105090z/pcu_deps_pros.csv]
Cu,-33.748,147.48,Australia,Endeavour E-43 [sir20105090z/pcu_deps_pros.csv]
Cu,-33.7374,147.5428,Australia,Marsden [sir20105090z/pcu_deps_pros.csv]
Cu,-33.7167,147.5333,Australia,Marsden [porcu/main.csv]
Cu,-33.688,147.404,Australia,Endeavour E-39 [sir20105090z/pcu_deps_pros.csv]
Cu,-33.6667,138.8333,Australia,Burra [sedcu/main.csv]
Cu,-33.6167,148.85,Australia,Cargo [porcu/main.csv]
Cu,-33.6035,149.3647,Australia,Moorilda [sir20105090z/pcu_deps_pros.csv]
Cu,-33.5127,149.0815,Australia,Gooleys [sir20105090z/pcu_deps_pros.csv]
Cu,-33.4823,149.1146,Australia,Ferndale [sir20105090z/pcu_deps_pros.csv]
Cu,-33.4667,149.0,Australia,Cadia  Hill/Ridgeway [porcu/main.csv]
Cu,-33.4625,149.0093,Australia,Cadia East open pit [sir20105090z/pcu_deps_pros.csv]
Cu,-33.4605,149.0156,Australia,Cadia Far East [sir20105090z/pcu_deps_pros.csv]
Cu,-33.4574,148.9957,Australia,Cadia Hill open pit [sir20105090z/pcu_deps_pros.csv]
Cu,-33.4475,148.9918,Australia,Cadia Quarry [sir20105090z/pcu_deps_pros.csv]
Cu,-33.4396,148.9895,Australia,Big Cadia [sir20105090z/pcu_deps_pros.csv]
Cu,-33.4353,148.9759,Australia,Ridgeway [sir20105090z/pcu_deps_pros.csv]
Cu,-33.4287,148.8012,Australia,Cargo [sir20105090z/pcu_deps_pros.csv]
Cu,-33.3602,148.0298,Australia,Gemini [sir20105090z/pcu_deps_pros.csv]
Cu,-33.3533,149.2495,Australia,Carangera [sir20105090z/pcu_deps_pros.csv]
Cu,-33.3354,148.8453,Australia,Bowen Park [sir20105090z/pcu_deps_pros.csv]
Cu,-33.3,149.3,Australia,Mount Bulga [vms/main.csv]
Cu,-33.2345,148.8595,Australia,Dairy Hill [sir20105090z/pcu_deps_pros.csv]
Cu,-33.2,-70.2558,Chile,Los Sulfatos [sir20105090z/pcu_deps_pros.csv]
Cu,-33.1333,-70.2667,Chile,Los  Bronces/Rio  Blanco [porcu/main.csv]
Cu,-33.05,148.8667,Australia,Copper  Hill [porcu/main.csv]
Cu,-32.9754,148.0125,Australia,Hopetoun [sir20105090z/pcu_deps_pros.csv]
Cu,-32.9304,148.0547,Australia,Brazen [sir20105090z/pcu_deps_pros.csv]
Cu,-32.929,147.993,Australia,Endeavour E-37 [sir20105090z/pcu_deps_pros.csv]
Cu,-32.928,148.063,Australia,Endeavour E-31N [sir20105090z/pcu_deps_pros.csv]
Cu,-32.9213,147.9983,Australia,Veedas [sir20105090z/pcu_deps_pros.csv]
Cu,-32.9203,148.0448,Australia,Endeavour E-48 [sir20105090z/pcu_deps_pros.csv]
Cu,-32.9167,148.0333,Australia,Endeavour [porcu/main.csv]
Cu,-32.9102,148.0377,Australia,Endeavour E-22 [sir20105090z/pcu_deps_pros.csv]
Cu,-32.9081,148.0479,Australia,Endeavour E-27 [sir20105090z/pcu_deps_pros.csv]
Cu,-32.9069,148.033,Australia,Endeavour E-26 [sir20105090z/pcu_deps_pros.csv]
Cu,-32.8994,-69.9727,Argentina,"San Jose I-III, VII-X, and XII-XV [sir20105090z/sedcu_deps_pros.csv]"
Cu,-32.8833,-70.2333,Chile,Vizcachitas [porcu/main.csv]
Cu,-32.8621,-69.9688,Argentina,Irica [sir20105090z/sedcu_deps_pros.csv]
Cu,-32.849,-70.0279,Argentina,Catalina [sir20105090z/sedcu_deps_pros.csv]
Cu,-32.8203,-70.0379,Argentina,General [sir20105090z/sedcu_deps_pros.csv]
Cu,-32.8068,140.0432,Australia,Netley Hill [sir20105090z/pcu_deps_pros.csv]
Cu,-32.7667,148.6667,Australia,Yeoval [porcu/main.csv]
Cu,-32.7656,140.2369,Australia,Anabama  Hill [porcu/main.csv]
Cu,-32.7637,-70.0745,Argentina,El Sol [sir20105090z/sedcu_deps_pros.csv]
Cu,-32.75,148.2167,Australia,Peak  Hill [porcu/main.csv]
Cu,-32.7283,148.6432,Australia,Yeoval [sir20105090z/pcu_deps_pros.csv]
Cu,-32.7232,-70.1113,Argentina,San Sabastian [sir20105090z/sedcu_deps_pros.csv]
Cu,-32.7189,140.2055,Australia,Anabama Hill [sir20105090z/pcu_deps_pros.csv]
Cu,-32.65,-71.1167,Chile,El Soldado [ofr20051294/deposit.csv]
Cu,-32.6399,-70.0954,Argentina,Germinal [sir20105090z/sedcu_deps_pros.csv]
Cu,-32.5667,-70.0833,Argentina,Cerro Negro [sedcu/main.csv]
Cu,-32.5499,148.1734,Australia,Allendale [sir20105090z/pcu_deps_pros.csv]
Cu,-32.5,-71.0,Chile,Carmen [sedcu/main.csv]
Cu,-32.4833,-71.1,Chile,Veta Negra [sedcu/main.csv]
Cu,-32.4833,-69.1,Argentina,Paramillos  Sur [porcu/main.csv]
Cu,-32.4523,148.9939,Australia,Bodangora [sir20105090z/pcu_deps_pros.csv]
Cu,-32.4333,-69.2333,Argentina,Paramillos Sur [ofr20051294/deposit.csv]
Cu,-32.4167,-69.0833,Argentina,Paramillos  Norte [porcu/main.csv]
Cu,-32.4167,138.3,Australia,Kanyaka [sedcu/main.csv]
Cu,-32.4167,138.5667,Australia,Prince Alfred [sedcu/main.csv]
Cu,-32.3727,148.0383,Australia,Kingswood [sir20105090z/pcu_deps_pros.csv]
Cu,-32.35,-71.0833,Chile,Rusa [sedcu/main.csv]
Cu,-32.3333,138.75,Australia,Red Hill [sedcu/main.csv]
Cu,-32.25,-69.4333,Argentina,San  Jorge [porcu/main.csv]
Cu,-32.25,137.6,Australia,Myall Creek [sedcu/main.csv]
Cu,-32.1378,-69.4392,Argentina,Yalguaraz [porcu/main.csv]
Cu,-31.95,-70.05,Argentina,Cerro  Mercedario [porcu/main.csv]
Cu,-31.75,-70.45,Argentina,Los Pelambres [ofr20051294/deposit.csv]
Cu,-31.75,137.3,Australia,Yadlamalka [sedcu/main.csv]
Cu,-31.75,137.75,Australia,Dutchmans [sedcu/main.csv]
Cu,-31.7083,-70.5,Chile,"Los  Pelambres  -  El  Pachon,  AGTN [porcu/main.csv]"
Cu,-31.58,-70.43,Argentina,El Pachon [ofr20051294/deposit.csv]
Cu,-31.5333,146.6861,Australia,Budgery [vms/main.csv]
Cu,-31.45,137.25,Australia,Mount Gunson [sedcu/main.csv]
Cu,-31.4389,137.1333,Australia,Cattle Grid [sedcu/main.csv]
Cu,-31.3933,146.7194,Australia,Tritton [vms/main.csv]
Cu,-31.3,-69.3667,Argentina,Alcaparrosa [porcu/main.csv]
Cu,-31.2572,146.8689,Australia,Girilambone [vms/main.csv]
Cu,-31.2417,-70.1767,Argentina,Los  Azules [porcu/main.csv]
Cu,-31.2,121.67,Australia,Kambalda [ofr20051294/deposit.csv]
Cu,-31.1,138.75,Australia,Blinman [sedcu/main.csv]
Cu,-30.9833,-53.5667,Brazil,Casa de Pedra [sedcu/main.csv]
Cu,-30.9667,18.6167,South Africa,Steenkampskraal [ofr20051294/deposit.csv]
Cu,-30.95,29.3,South Africa,Insizwa [ofr20051294/deposit.csv]
Cu,-30.9333,-69.6333,Argentina,El  Salado [porcu/main.csv]
Cu,-30.9167,-53.4333,Brazil,Camaquã District [sedcu/main.csv]
Cu,-30.765,152.0311,Australia,Khans Creek [vms/main.csv]
Cu,-30.7167,-53.45,Brazil,Cerro dos Martíns [sedcu/main.csv]
Cu,-30.6,138.5,Australia,Mount Coffin [sedcu/main.csv]
Cu,-30.5,-69.75,Argentina,Arroyo  Chita [porcu/main.csv]
Cu,-30.5,-53.3,Brazil,Salsinho [sedcu/main.csv]
Cu,-30.45,136.8833,Australia,Olympic Dam [ofr20051294/deposit.csv]
Cu,-30.25,-71.4167,Chile,Andacollo [porcu/main.csv]
Cu,-30.2467,-71.0925,Chile,Andacollo [sir20105090z/pcu_deps_pros.csv]
Cu,-30.0,-69.1667,Argentina,Carrizal [porcu/main.csv]
Cu,-30.0,139.3333,Australia,Yudnamutana [sedcu/main.csv]
Cu,-29.9667,22.2833,South Africa,Prieska [ofr20051294/deposit.csv]
Cu,-29.8833,137.8167,Australia,Warra Warra [sedcu/main.csv]
Cu,-29.8394,152.3714,Australia,Mt.  Poole [porcu/main.csv]
Cu,-29.6667,137.9167,Australia,Boorloo [sedcu/main.csv]
Cu,-29.6,17.8833,South Africa,O'Okiep [ofr20051294/deposit.csv]
Cu,-29.2333,18.8333,South Africa,Black Mountain (Aggeneys District) [ofr20051294/deposit.csv]
Cu,-29.05,18.85,South Africa,Broken Hill (Aggeneys District) [ofr20051294/deposit.csv]
Cu,-29.0,-67.75,Argentina,Nevados  de  Famatina [porcu/main.csv]
Cu,-28.9767,121.7697,Australia,Eulaminna [vms/main.csv]
Cu,-28.7792,116.965,Australia,Golden Grove (Gossan Hill) [vms/main.csv]
Cu,-28.75,118.6833,Australia,Freddie Wells [vms/main.csv]
Cu,-28.7167,17.8833,Namibia,Haib River [ofr20051294/deposit.csv]
Cu,-28.6833,17.85,Namibia,Haib [porcu/main.csv]
Cu,-28.6333,-69.8833,Chile,La  Fortuna [porcu/main.csv]
Cu,-28.5,-70.3,Chile,Relincho [porcu/main.csv]
Cu,-28.4092,121.1481,Australia,Teutonic Bore [vms/main.csv]
Cu,-28.2167,-69.6,Chile,Regalito [porcu/main.csv]
Cu,-28.0667,16.9,Namibia,Lorelei [porcu/main.csv]
Cu,-27.95,16.7667,Namibia,Rosh Pinah [ofr20051294/deposit.csv]
Cu,-27.7833,-69.2333,Chile,Cerro  Casale [porcu/main.csv]
Cu,-27.7583,-70.1917,Chile,Jardin [sedcu/main.csv]
Cu,-27.7167,120.5333,Australia,Mt Keith [ofr20051294/deposit.csv]
Cu,-27.5333,-70.4,Chile,La Candelaria [ofr20051294/deposit.csv]
Cu,-27.4667,120.7,Australia,Agnew/Leinster [ofr20051294/deposit.csv]
Cu,-27.4,-66.55,Argentina,Bajo  de  San  Lucas [porcu/main.csv]
Cu,-27.3833,-69.2667,Chile,Refugio [ofr20051294/deposit.csv]
Cu,-27.3833,-66.2167,Argentina,Filo  Colorado [porcu/main.csv]
Cu,-27.3708,-66.28,Argentina,Agua  Rica [porcu/main.csv]
Cu,-27.3297,-66.6089,Argentina,Bajo  de  la  Alumbrera [porcu/main.csv]
Cu,-27.3166,-66.6167,Argentina,Bajo de la Alumbrera [ofr20051294/deposit.csv]
Cu,-27.2833,-66.5833,Argentina,Bajo El Durazno [ofr20051294/deposit.csv]
Cu,-27.2833,-66.5667,Argentina,Bajo  El  Durazno [porcu/main.csv]
Cu,-27.2667,-66.65,Argentina,Bajo  de  Agua  Tapado [porcu/main.csv]
Cu,-27.2,-69.0333,Chile,Lobo [ofr20051294/deposit.csv]
Cu,-27.0578,117.6956,Australia,Mount Mulcahy [vms/main.csv]
Cu,-26.7661,-69.8714,Chile,Inca  de  Oro [porcu/main.csv]
Cu,-26.6667,-69.8333,Chile,Punta del Cobre [vms/main.csv]
Cu,-26.5903,-70.35,Chile,Farola mine [vms/main.csv]
Cu,-26.55,-70.3167,Chile,Hydrothermal Verde [ofr20051294/deposit.csv]
Cu,-26.4875,-69.4239,Chile,Potrerillos [porcu/main.csv]
Cu,-26.4833,-69.4333,Chile,Potrerillos [ofr20051294/deposit.csv]
Cu,-26.3,-67.9,Argentina,Betito [porcu/main.csv]
Cu,-26.2586,-69.5906,Chile,Damiana [ofr20051294/deposit.csv]
Cu,-26.2542,-69.5506,Chile,El  Salvador [porcu/main.csv]
Cu,-26.1404,152.4043,Australia,Gibraltar Rock [sir20105090z/pcu_deps_pros.csv]
Cu,-26.0081,-65.6816,Argentina,Margarita [sir20105090z/sedcu_deps_pros.csv]
Cu,-25.9945,-65.6667,Argentina,El Zorrito [sir20105090z/sedcu_deps_pros.csv]
Cu,-25.9529,-65.6689,Argentina,Maria Elena [sir20105090z/sedcu_deps_pros.csv]
Cu,-25.9489,-65.7766,Argentina,Abundancia [sir20105090z/sedcu_deps_pros.csv]
Cu,-25.8684,152.2287,Australia,Calgoa [sir20105090z/pcu_deps_pros.csv]
Cu,-25.8525,-65.7559,Argentina,Constelacion [sir20105090z/sedcu_deps_pros.csv]
Cu,-25.7832,-65.5949,Argentina,La Despedida [sir20105090z/sedcu_deps_pros.csv]
Cu,-25.728,-65.7224,Argentina,Deshechos [sir20105090z/sedcu_deps_pros.csv]
Cu,-25.7127,-65.671,Argentina,San Antonio [sir20105090z/sedcu_deps_pros.csv]
Cu,-25.6879,-65.7857,Argentina,Rio Cajoncillo [sir20105090z/sedcu_deps_pros.csv]
Cu,-25.6833,27.5333,South Africa,Western Platinum [ofr20051294/deposit.csv]
Cu,-25.6833,151.9167,Australia,Coalstoun [porcu/main.csv]
Cu,-25.68,31.01,South Africa,Bien Venue [ofr20051294/deposit.csv]
Cu,-25.6675,-65.7953,Argentina,Tehuelche [sir20105090z/sedcu_deps_pros.csv]
Cu,-25.6667,27.3333,South Africa,"Rustenburg (Amplats, Union Section, Amandelbult Section, RPM) [ofr20051294/deposit.csv]"
Cu,-25.6666,30.5,South Africa,Nkomati [ofr20051294/deposit.csv]
Cu,-25.6492,-65.5433,Argentina,Dona Ines [sir20105090z/sedcu_deps_pros.csv]
Cu,-25.6168,151.83,Australia,Coalstoun [sir20105090z/pcu_deps_pros.csv]
Cu,-25.55,27.2167,South Africa,Impala [ofr20051294/deposit.csv]
Cu,-25.5,-49.0,Brazil,Perau [sedcu/main.csv]
Cu,-25.5,27.25,South Africa,Bafokeng South [ofr20051294/deposit.csv]
Cu,-25.4167,29.25,South Africa,Blaavwbank [ofr20051294/deposit.csv]
Cu,-25.3617,118.6217,Australia,Horseshoe [vms/main.csv]
Cu,-25.235,151.6161,Australia,Chinaman  Creek [porcu/main.csv]
Cu,-25.2167,-69.2333,Chile,Rio  Frio [porcu/main.csv]
Cu,-25.2167,-65.15,Argentina,Juaramento [sedcu/main.csv]
Cu,-25.2167,-65.117,Argentina,Leon [sir20105090z/sedcu_deps_pros.csv]
Cu,-25.1692,-65.8158,Argentina,Custodio; Salamanca; San Martin [sir20105090z/sedcu_deps_pros.csv]
Cu,-25.1444,-66.7625,Argentina,Inca  Viejo [porcu/main.csv]
Cu,-25.13,-65.9,Argentina,Juaramento [ofr20051294/deposit.csv]
Cu,-25.0189,-64.8453,Argentina,San Pedro [sir20105090z/sedcu_deps_pros.csv]
Cu,-25.0082,-64.8781,Argentina,Vampiro [sir20105090z/sedcu_deps_pros.csv]
Cu,-24.9475,-64.8219,Argentina,El Chorro - El Salto [sir20105090z/sedcu_deps_pros.csv]
Cu,-24.9147,-64.7454,Argentina,Aparejo [sir20105090z/sedcu_deps_pros.csv]
Cu,-24.8167,151.3667,Australia,Mount  Cannindah [porcu/main.csv]
Cu,-24.8075,150.8731,Australia,Whitewash [porcu/main.csv]
Cu,-24.8065,150.875,Australia,Whitewash [sir20105090z/pcu_deps_pros.csv]
Cu,-24.7833,27.2833,South Africa,Amandelbult [ofr20051294/deposit.csv]
Cu,-24.7833,27.7333,South Africa,"Rooiberg (Leeuwpoort, Zanitplaats) [ofr20051294/deposit.csv]"
Cu,-24.7736,-64.7374,Argentina,Punilla [sir20105090z/sedcu_deps_pros.csv]
Cu,-24.6817,30.1686,South Africa,Onverwacht [ofr20051294/deposit.csv]
Cu,-24.6712,151.2764,Australia,Mount Cannindah [sir20105090z/pcu_deps_pros.csv]
Cu,-24.6683,150.8764,Australia,Kiwi  Carpet [porcu/main.csv]
Cu,-24.6637,150.8774,Australia,Kiwi Carpet [sir20105090z/pcu_deps_pros.csv]
Cu,-24.6292,30.1583,South Africa,Mooihoek [ofr20051294/deposit.csv]
Cu,-24.5833,-67.7333,Argentina,Taca  Taca  Bajo [porcu/main.csv]
Cu,-24.5769,-66.7377,Argentina,Taca Taca Bajo [ofr20051294/deposit.csv]
Cu,-24.5667,-67.7833,Argentina,Taca  Taca  Alto [porcu/main.csv]
Cu,-24.5,28.5,South Africa,Merensky Reef [ofr20051294/deposit.csv]
Cu,-24.4833,28.5167,South Africa,Union Tin [ofr20051294/deposit.csv]
Cu,-24.3983,-69.6075,Chile,Angelina [porcu/main.csv]
Cu,-24.3333,29.0,South Africa,Duitschland [sedcu/main.csv]
Cu,-24.3217,29.8414,South Africa,"Atok (Lebowa, Leplats, Middelpunk Hill, Lobewa) [ofr20051294/deposit.csv]"
Cu,-24.2917,29.875,South Africa,Eastern Bushveld Sector: Merensky Reef [ofr20051294/deposit.csv]
Cu,-24.265,-69.0717,Chile,Escondida [porcu/main.csv]
Cu,-24.2,-65.8667,Argentina,Pancho  Arias [porcu/main.csv]
Cu,-24.1333,-69.0833,Chile,Chimborazo [porcu/main.csv]
Cu,-24.1333,-66.6,Argentina,El  Oculto [porcu/main.csv]
Cu,-24.0544,151.2545,Australia,Calliope [sir20105090z/pcu_deps_pros.csv]
Cu,-24.05,28.75,South Africa,Zaaiplaats [ofr20051294/deposit.csv]
Cu,-24.05,133.2667,Australia,Owen Springs [sedcu/main.csv]
Cu,-24.0494,150.8145,Australia,Mannersley [sir20105090z/pcu_deps_pros.csv]
Cu,-24.0408,150.7397,Australia,Riverhead [sir20105090z/pcu_deps_pros.csv]
Cu,-24.025,28.8208,South Africa,"Pp Rust (Potgietersrus, Pots Plat, Sandsloot Pit, Zwartfontein Pits, Tweefontein Pits, Platreef Pit, [ofr20051294/deposit.csv]"
Cu,-24.01,30.42,South Africa,Maranda [ofr20051294/deposit.csv]
Cu,-24.0027,-64.4091,Argentina,Martin Bronce [sir20105090z/sedcu_deps_pros.csv]
Cu,-24.0,-64.4167,Argentina,Martín Bronce [sedcu/main.csv]
Cu,-24.0,28.8333,South Africa,Platreef [ofr20051294/deposit.csv]
Cu,-24.0,28.8544,South Africa,Vaalkop - Zwartfontein Section [ofr20051294/deposit.csv]
Cu,-24.0,31.1333,South Africa,"Phalaborwa (Palabora, Foskor) [ofr20051294/deposit.csv]"
Cu,-23.9167,28.8833,South Africa,Drenthe 778 [ofr20051294/deposit.csv]
Cu,-23.8577,16.9629,Namibia,unnamed [sir20105090z/sedcu_deps_pros.csv]
Cu,-23.841,17.0147,Namibia,unnamed [sir20105090z/sedcu_deps_pros.csv]
Cu,-23.8333,28.8833,South Africa,Dorst Land 768 [ofr20051294/deposit.csv]
Cu,-23.8166,17.1884,Namibia,unnamed [sir20105090z/sedcu_deps_pros.csv]
Cu,-23.8113,16.5078,Namibia,unnamed [sir20105090z/sedcu_deps_pros.csv]
Cu,-23.8041,16.9909,Namibia,unnamed [sir20105090z/sedcu_deps_pros.csv]
Cu,-23.8,16.6333,Namibia,Klein Aub [sedcu/main.csv]
Cu,-23.7827,16.6905,Namibia,unnamed [sir20105090z/sedcu_deps_pros.csv]
Cu,-23.7827,16.8838,Namibia,unnamed [sir20105090z/sedcu_deps_pros.csv]
Cu,-23.7613,17.0208,Namibia,unnamed [sir20105090z/sedcu_deps_pros.csv]
Cu,-23.757,16.9288,Namibia,unnamed [sir20105090z/sedcu_deps_pros.csv]
Cu,-23.7527,16.7325,Namibia,unnamed [sir20105090z/sedcu_deps_pros.csv]
Cu,-23.7494,-70.5,Chile,Caleta Coloso [sedcu/main.csv]
Cu,-23.7,16.6667,Namibia,Klein Aub [ofr20051294/deposit.csv]
Cu,-23.69,150.63,Australia,Limonite  Hill [porcu/main.csv]
Cu,-23.6333,150.3667,Australia,Mount Morgan [vms/main.csv]
Cu,-23.6242,17.1422,Namibia,unnamed [sir20105090z/sedcu_deps_pros.csv]
Cu,-23.6111,150.4578,Australia,Struck  Oil [porcu/main.csv]
Cu,-23.6,150.4,Australia,Moonmera [porcu/main.csv]
Cu,-23.5756,150.3928,Australia,Moonmera [sir20105090z/pcu_deps_pros.csv]
Cu,-23.4988,16.4339,Namibia,unnamed [sir20105090z/sedcu_deps_pros.csv]
Cu,-23.4955,16.683,Namibia,unnamed [sir20105090z/sedcu_deps_pros.csv]
Cu,-23.47,15.33,Namibia,Gorob [ofr20051294/deposit.csv]
Cu,-23.445,-69.5117,Chile,Lomas  Bayas [porcu/main.csv]
Cu,-23.4416,-70.0694,Chile,Hydrothermals Blancos [ofr20051294/deposit.csv]
Cu,-23.4232,15.9183,Namibia,unnamed [sir20105090z/sedcu_deps_pros.csv]
Cu,-23.4108,-68.8189,Chile,Gaby [porcu/main.csv]
Cu,-23.3825,17.0874,Namibia,unnamed [sir20105090z/sedcu_deps_pros.csv]
Cu,-23.3819,17.5064,Namibia,unnamed [sir20105090z/sedcu_deps_pros.csv]
Cu,-23.3685,16.9939,Namibia,unnamed [sir20105090z/sedcu_deps_pros.csv]
Cu,-23.3679,17.4856,Namibia,unnamed [sir20105090z/sedcu_deps_pros.csv]
Cu,-23.3368,16.773,Namibia,unnamed [sir20105090z/sedcu_deps_pros.csv]
Cu,-23.3323,16.7641,Namibia,unnamed [sir20105090z/sedcu_deps_pros.csv]
Cu,-23.3297,16.9431,Namibia,unnamed [sir20105090z/sedcu_deps_pros.csv]
Cu,-23.3195,16.7772,Namibia,unnamed [sir20105090z/sedcu_deps_pros.csv]
Cu,-23.3003,150.6522,Australia,Mount Chalmers [vms/main.csv]
Cu,-23.3,-69.2333,Chile,Polo  Sur [porcu/main.csv]
Cu,-23.3,17.05,Namibia,Kobos [ofr20051294/deposit.csv]
Cu,-23.2999,16.8593,Namibia,unnamed [sir20105090z/sedcu_deps_pros.csv]
Cu,-23.2946,16.7772,Namibia,unnamed [sir20105090z/sedcu_deps_pros.csv]
Cu,-23.2897,16.1325,Namibia,unnamed [sir20105090z/sedcu_deps_pros.csv]
Cu,-23.2523,16.9348,Namibia,unnamed [sir20105090z/sedcu_deps_pros.csv]
Cu,-23.2071,16.8503,Namibia,unnamed [sir20105090z/sedcu_deps_pros.csv]
Cu,-23.1899,16.9211,Namibia,unnamed [sir20105090z/sedcu_deps_pros.csv]
Cu,-23.1729,17.5538,Namibia,unnamed [sir20105090z/sedcu_deps_pros.csv]
Cu,-23.1708,16.8271,Namibia,unnamed [sir20105090z/sedcu_deps_pros.csv]
Cu,-23.1633,-69.1683,Chile,Centinela [porcu/main.csv]
Cu,-23.1451,17.602,Namibia,unnamed [sir20105090z/sedcu_deps_pros.csv]
Cu,-23.0659,17.4131,Namibia,unnamed [sir20105090z/sedcu_deps_pros.csv]
Cu,-23.0321,17.8167,Namibia,unnamed [sir20105090z/sedcu_deps_pros.csv]
Cu,-23.0172,17.4454,Namibia,unnamed [sir20105090z/sedcu_deps_pros.csv]
Cu,-23.0113,17.4906,Namibia,unnamed [sir20105090z/sedcu_deps_pros.csv]
Cu,-23.0037,17.5099,Namibia,unnamed [sir20105090z/sedcu_deps_pros.csv]
Cu,-23.0028,150.6928,Australia,Yeppoon [porcu/main.csv]
Cu,-23.002,-65.4377,Argentina,Don Francisco [sir20105090z/sedcu_deps_pros.csv]
Cu,-22.9878,-69.0764,Chile,El  Telégrafo [porcu/main.csv]
Cu,-22.9833,17.1,Namibia,Oamites [sedcu/main.csv]
Cu,-22.9755,17.6208,Namibia,unnamed [sir20105090z/sedcu_deps_pros.csv]
Cu,-22.9737,17.0889,Namibia,Oamites [sir20105090z/sedcu_deps_pros.csv]
Cu,-22.9729,17.873,Namibia,unnamed [sir20105090z/sedcu_deps_pros.csv]
Cu,-22.9667,-69.0583,Chile,Esperanza [porcu/main.csv]
Cu,-22.9583,17.6833,Namibia,Dordabis [sedcu/main.csv]
Cu,-22.95,17.0833,Namibia,"Oamites (Kamzwas, Blanks) [ofr20051294/deposit.csv]"
Cu,-22.9439,-69.0614,Chile,El Tesoro [ofr20051294/deposit.csv]
Cu,-22.9402,17.749,Namibia,Dordabis (Koperberg) [sir20105090z/sedcu_deps_pros.csv]
Cu,-22.8806,-69.3389,Chile,Sierra  Gorda [porcu/main.csv]
Cu,-22.8787,17.727,Namibia,unnamed [sir20105090z/sedcu_deps_pros.csv]
Cu,-22.8394,-69.3028,Chile,Spence [porcu/main.csv]
Cu,-22.8037,17.9551,Namibia,unnamed [sir20105090z/sedcu_deps_pros.csv]
Cu,-22.7451,17.9923,Namibia,unnamed [sir20105090z/sedcu_deps_pros.csv]
Cu,-22.7333,-68.2333,Chile,San Bartolo [sedcu/main.csv]
Cu,-22.6891,-69.1814,Chile,Spence [ofr20051294/deposit.csv]
Cu,-22.6667,-68.75,Chile,Lilian [porcu/main.csv]
Cu,-22.6167,16.8333,Namibia,Matchless [ofr20051294/deposit.csv]
Cu,-22.5642,-69.2422,Chile,Maní [porcu/main.csv]
Cu,-22.5333,-69.9167,Chile,Antucoya [porcu/main.csv]
Cu,-22.4796,18.1505,Namibia,unnamed [sir20105090z/sedcu_deps_pros.csv]
Cu,-22.4667,-68.9667,Chile,Opache [porcu/main.csv]
Cu,-22.4644,18.1771,Namibia,Gemsbockvley [sir20105090z/sedcu_deps_pros.csv]
Cu,-22.4333,29.86,South Africa,Northern Transvaal Messina Copper Exploration Co [ofr20051294/deposit.csv]
Cu,-22.4168,18.2323,Namibia,Christiadore [sir20105090z/sedcu_deps_pros.csv]
Cu,-22.4167,-68.95,Chile,Toki [porcu/main.csv]
Cu,-22.3901,18.3161,Namibia,Okasewa [sir20105090z/sedcu_deps_pros.csv]
Cu,-22.3833,18.5333,Namibia,Witvlei [sedcu/main.csv]
Cu,-22.3806,-68.9125,Chile,Mansa  Mina [porcu/main.csv]
Cu,-22.3395,18.4625,Namibia,Witvlei Pos [sir20105090z/sedcu_deps_pros.csv]
Cu,-22.3333,17.1833,Namibia,Otjihase [ofr20051294/deposit.csv]
Cu,-22.3333,30.1333,South Africa,Artonvilla [ofr20051294/deposit.csv]
Cu,-22.33,30.05,South Africa,Campbell [ofr20051294/deposit.csv]
Cu,-22.3233,-68.9017,Chile,Chuqui Sur [ofr20051294/deposit.csv]
Cu,-22.2854,18.4655,Namibia,Malachite Pan [sir20105090z/sedcu_deps_pros.csv]
Cu,-22.275,-68.9,Chile,Chuquicamata [porcu/main.csv]
Cu,-22.2607,18.5807,Namibia,unnamed [sir20105090z/sedcu_deps_pros.csv]
Cu,-22.2359,18.5588,Namibia,unnamed [sir20105090z/sedcu_deps_pros.csv]
Cu,-22.1167,17.5,Namibia,Elbe Onganja [ofr20051294/deposit.csv]
Cu,-22.0903,18.6035,Namibia,unnamed [sir20105090z/sedcu_deps_pros.csv]
Cu,-22.037,18.6197,Namibia,unnamed [sir20105090z/sedcu_deps_pros.csv]
Cu,-21.9539,-68.7356,Chile,Conchi [porcu/main.csv]
Cu,-21.9414,-68.7369,Chile,Conchi [sir20105090z/pcu_deps_pros.csv]
Cu,-21.9206,-68.8325,Chile,El  Abra [porcu/main.csv]
Cu,-21.9167,-69.8333,Chile,Puntillas [porcu/main.csv]
Cu,-21.9167,27.8333,Botswana,"Pikwe (Phikwe, Selebi-Phikwe - Selebi-Pakwe) [ofr20051294/deposit.csv]"
Cu,-21.9083,-68.8366,Chile,El Abra [ofr20051294/deposit.csv]
Cu,-21.8081,148.815,Australia,Waitara [sir20105090z/pcu_deps_pros.csv]
Cu,-21.7917,119.8722,Australia,Kelly [porcu/main.csv]
Cu,-21.7167,21.6167,Botswana,Ghanzi [sedcu/main.csv]
Cu,-21.7158,-67.4631,Bolivia,Serranía de las Minas [sedcu/main.csv]
Cu,-21.6575,119.9578,Australia,Copper  Hills [porcu/main.csv]
Cu,-21.6167,166.1667,New Caledonia,Thio district [ofr20051294/deposit.csv]
Cu,-21.6081,120.3478,Australia,Copper George [vms/main.csv]
Cu,-21.6075,-67.0453,Bolivia,Avaroa [sedcu/main.csv]
Cu,-21.5307,21.6835,Botswana,Aphrodite [sir20105090z/sedcu_deps_pros.csv]
Cu,-21.4,165.75,New Caledonia,Kouaoua [ofr20051294/deposit.csv]
Cu,-21.3917,-66.5689,Bolivia,Esmeralda [sedcu/main.csv]
Cu,-21.3616,21.4964,Botswana,unnamed [sir20105090z/sedcu_deps_pros.csv]
Cu,-21.3568,21.2393,Botswana,unnamed [sir20105090z/sedcu_deps_pros.csv]
Cu,-21.3167,165.7,New Caledonia,Poro district [ofr20051294/deposit.csv]
Cu,-21.2817,22.1448,Botswana,Gaia [sir20105090z/sedcu_deps_pros.csv]
Cu,-21.2667,27.7333,Botswana,Phoenix Mine [ofr20051294/deposit.csv]
Cu,-21.2656,148.8679,Australia,Ben Mohr [sir20105090z/pcu_deps_pros.csv]
Cu,-21.2308,119.27,Australia,Panorama (Bernts) [vms/main.csv]
Cu,-21.2244,119.755,Australia,Big Stubby [vms/main.csv]
Cu,-21.2078,119.2375,Australia,Panorama (Kangaroo Caves) [vms/main.csv]
Cu,-21.2065,21.7536,Botswana,Hades [sir20105090z/sedcu_deps_pros.csv]
Cu,-21.2,119.2333,Australia,Panorama (Sulphur Springs) [vms/main.csv]
Cu,-21.1927,22.3606,Botswana,unnamed [sir20105090z/sedcu_deps_pros.csv]
Cu,-21.15,165.4833,New Caledonia,Moneo [ofr20051294/deposit.csv]
Cu,-21.1456,22.4084,Botswana,Corner K [sir20105090z/sedcu_deps_pros.csv]
Cu,-21.1243,22.5076,Botswana,unnamed [sir20105090z/sedcu_deps_pros.csv]
Cu,-21.1167,-68.7333,Chile,El  Loa [porcu/main.csv]
Cu,-21.0895,22.7383,Botswana,Banana Zone [sir20105090z/sedcu_deps_pros.csv]
Cu,-21.0833,26.75,Botswana,Matsitama [sedcu/main.csv]
Cu,-21.0792,116.9275,Australia,Whundo [vms/main.csv]
Cu,-21.0,-68.8,Chile,Quebrada  Blanca [porcu/main.csv]
Cu,-20.9961,-68.605,Chile,Ujina [ofr20051294/deposit.csv]
Cu,-20.9936,-67.21,Bolivia,Uyuni [sedcu/main.csv]
Cu,-20.9928,-68.6372,Chile,Ujina [porcu/main.csv]
Cu,-20.9833,26.65,Botswana,Matsitama [ofr20051294/deposit.csv]
Cu,-20.975,-68.6866,Chile,Collahausi [ofr20051294/deposit.csv]
Cu,-20.9631,-68.7083,Chile,Collahuasi [porcu/main.csv]
Cu,-20.9369,148.16,Australia,Mount Leslie [sir20105090z/pcu_deps_pros.csv]
Cu,-20.9276,22.6837,Botswana,Notus [sir20105090z/sedcu_deps_pros.csv]
Cu,-20.9028,22.49,Botswana,Kronos [sir20105090z/sedcu_deps_pros.csv]
Cu,-20.9017,-68.8853,Chile,Copaquire [porcu/main.csv]
Cu,-20.8921,22.2213,Botswana,Ourea [sir20105090z/sedcu_deps_pros.csv]
Cu,-20.8889,120.1083,Australia,Coppin  Gap [porcu/main.csv]
Cu,-20.8833,120.1,Australia,Coppin Gap [ofr20051294/deposit.csv]
Cu,-20.8778,117.8056,Australia,Mons Cupri [vms/main.csv]
Cu,-20.8472,117.8278,Australia,Whim Creek [vms/main.csv]
Cu,-20.8119,22.9801,Botswana,SW Mango [sir20105090z/sedcu_deps_pros.csv]
Cu,-20.7959,22.7334,Botswana,Ophion [sir20105090z/sedcu_deps_pros.csv]
Cu,-20.7545,23.0634,Botswana,Dome [sir20105090z/sedcu_deps_pros.csv]
Cu,-20.75,23.1,Botswana,Ngwako Pan [sedcu/main.csv]
Cu,-20.7227,22.9998,Botswana,Nyx [sir20105090z/sedcu_deps_pros.csv]
Cu,-20.7,139.3,Australia,Mount Isa [ofr20051294/deposit.csv]
Cu,-20.6913,22.8602,Botswana,Nexus [sir20105090z/sedcu_deps_pros.csv]
Cu,-20.6794,23.1498,Botswana,NE Mango [sir20105090z/sedcu_deps_pros.csv]
Cu,-20.6566,22.7575,Botswana,Quirinus [sir20105090z/sedcu_deps_pros.csv]
Cu,-20.6306,23.1264,Botswana,Erebus [sir20105090z/sedcu_deps_pros.csv]
Cu,-20.6292,31.1736,Zimbabwe,Renco [ofr20051294/deposit.csv]
Cu,-20.6189,23.2218,Botswana,Ghanzi project - zone 5 [sir20105090z/sedcu_deps_pros.csv]
Cu,-20.605,23.0077,Botswana,Zeta (Ngwako Pan) [sir20105090z/sedcu_deps_pros.csv]
Cu,-20.5786,146.9778,Australia,Mt.  Robin [porcu/main.csv]
Cu,-20.57,148.26,Australia,Andromache  River [porcu/main.csv]
Cu,-20.567,147.8804,Australia,Mount Vista [sir20105090z/pcu_deps_pros.csv]
Cu,-20.5431,22.9608,Botswana,Petra and Plutus [sir20105090z/sedcu_deps_pros.csv]
Cu,-20.5392,148.2993,Australia,Julivon Creek [sir20105090z/pcu_deps_pros.csv]
Cu,-20.5388,23.0918,Botswana,Zeta NE [sir20105090z/sedcu_deps_pros.csv]
Cu,-20.5147,-43.5986,Brazil,Bico de Pedra [vms/main.csv]
Cu,-20.5,26.5583,Botswana,Bushman Group [sedcu/main.csv]
Cu,-20.4723,23.1409,Botswana,Selene [sir20105090z/sedcu_deps_pros.csv]
Cu,-20.4247,146.7786,Australia,Town  Creek [porcu/main.csv]
Cu,-20.4167,22.8167,Botswana,Lake Ngami [ofr20051294/deposit.csv]
Cu,-20.4141,23.359,Botswana,Ghanzi project - zone 6 [sir20105090z/sedcu_deps_pros.csv]
Cu,-20.3961,146.0619,Australia,Liontown [vms/main.csv]
Cu,-20.3656,146.2019,Australia,Highway [vms/main.csv]
Cu,-20.3642,146.1094,Australia,Waterloo [vms/main.csv]
Cu,-20.3558,146.2144,Australia,Handcuff [vms/main.csv]
Cu,-20.3419,140.1689,Australia,Mt.  Leslie [porcu/main.csv]
Cu,-20.3406,145.7697,Australia,Thalanga [vms/main.csv]
Cu,-20.3369,146.7722,Australia,Magpie [vms/main.csv]
Cu,-20.3349,23.2863,Botswana,Helios [sir20105090z/sedcu_deps_pros.csv]
Cu,-20.2908,29.8083,Zimbabwe,Wedza (Mimosa) [ofr20051294/deposit.csv]
Cu,-20.2802,23.2781,Botswana,Maia [sir20105090z/sedcu_deps_pros.csv]
Cu,-20.2,147.95,Australia,Mt.  Abbot [porcu/main.csv]
Cu,-20.175,-69.0833,Chile,La  Planada [porcu/main.csv]
Cu,-20.137,146.7501,Australia,Bank [sir20105090z/pcu_deps_pros.csv]
Cu,-20.1096,146.7878,Australia,Barrabas Creek [sir20105090z/pcu_deps_pros.csv]
Cu,-20.0455,-69.288,Chile,Cerro Colorado [ofr20051294/deposit.csv]
Cu,-20.0447,-69.2597,Chile,Cerro  Colorado [porcu/main.csv]
Cu,-19.9937,146.692,Australia,Titov [sir20105090z/pcu_deps_pros.csv]
Cu,-19.9855,147.6214,Australia,Beaks Mountain [sir20105090z/pcu_deps_pros.csv]
Cu,-19.8667,-68.9667,Chile,Queen  Elizabeth [porcu/main.csv]
Cu,-19.8097,-69.2806,Chile,Mocha [porcu/main.csv]
Cu,-19.7,17.7,Namibia,Kombat [ofr20051294/deposit.csv]
Cu,-19.6667,29.25,Zimbabwe,Shangani [ofr20051294/deposit.csv]
Cu,-19.3733,-66.9189,Bolivia,Sevaruyo [sedcu/main.csv]
Cu,-19.3167,30.5833,Zimbabwe,Athens [ofr20051294/deposit.csv]
Cu,-19.29,17.32,Namibia,Abenab [ofr20051294/deposit.csv]
Cu,-19.2333,17.7167,Namibia,Tschudi [ofr20051294/deposit.csv]
Cu,-19.2283,17.7122,Namibia,Tsumeb [ofr20051294/deposit.csv]
Cu,-18.9167,144.9833,Australia,Greenvale [ofr20051294/deposit.csv]
Cu,-18.9,32.7667,Mozambique,Mundongwara (Mundonguara) [ofr20051294/deposit.csv]
Cu,-18.7861,144.7,Australia,Dry River South [vms/main.csv]
Cu,-18.7694,144.7278,Australia,Balcooma [vms/main.csv]
Cu,-18.5933,-69.45,Chile,Ticnámar [porcu/main.csv]
Cu,-18.4667,29.4167,Zimbabwe,Empress [ofr20051294/deposit.csv]
Cu,-18.4417,127.4889,Australia,Angelo [vms/main.csv]
Cu,-18.29,-69.7217,Chile,Dos  Hermanos [porcu/main.csv]
Cu,-18.2653,-68.0644,Bolivia,Turco [sedcu/main.csv]
Cu,-18.2551,143.4055,Australia,Mount Turner [sir20105090z/pcu_deps_pros.csv]
Cu,-18.2536,143.4236,Australia,Mt.  Turner [porcu/main.csv]
Cu,-18.2445,143.2527,Australia,Mount Darcy [sir20105090z/pcu_deps_pros.csv]
Cu,-18.22,32.23,Zimbabwe,Inyati [ofr20051294/deposit.csv]
Cu,-18.1625,177.9167,Fiji,Wainaleka [vms/main.csv]
Cu,-18.1067,178.1783,Fiji,Waivaka [porcu/main.csv]
Cu,-18.056,178.187,Fiji,Waivaka [sir20105090z/pcu_deps_pros.csv]
Cu,-18.05,178.4347,Fiji,Tholo-i-Suva [vms/main.csv]
Cu,-18.0417,178.175,Fiji,Namosi [porcu/main.csv]
Cu,-18.023,177.367,Fiji,Kule [sir20105090z/pcu_deps_pros.csv]
Cu,-18.023,177.832,Fiji,Rama Creek [sir20105090z/pcu_deps_pros.csv]
Cu,-18.002,178.165,Fiji,Namosi [sir20105090z/pcu_deps_pros.csv]
Cu,-18.0,29.9,Zimbabwe,Perseverence [ofr20051294/deposit.csv]
Cu,-17.995,177.366,Fiji,Nathilenga [sir20105090z/pcu_deps_pros.csv]
Cu,-17.9886,-67.7392,Bolivia,Chuquichambi [sedcu/main.csv]
Cu,-17.9639,30.4286,Zimbabwe,Makwiro Platinum Field [ofr20051294/deposit.csv]
Cu,-17.877,177.941,Fiji,Wainivau [sir20105090z/pcu_deps_pros.csv]
Cu,-17.83,29.15,Zimbabwe,Sunyati [ofr20051294/deposit.csv]
Cu,-17.798,178.207,Fiji,Nuku [sir20105090z/pcu_deps_pros.csv]
Cu,-17.702,177.53,Fiji,Tawaravi Creek [sir20105090z/pcu_deps_pros.csv]
Cu,-17.696,177.599,Fiji,Tuvatu [sir20105090z/pcu_deps_pros.csv]
Cu,-17.6817,-69.9008,Peru,Cerro  Colorado [porcu/main.csv]
Cu,-17.681,177.496,Fiji,Vunda [sir20105090z/pcu_deps_pros.csv]
Cu,-17.5833,-68.2,Bolivia,Chacarilla [sedcu/main.csv]
Cu,-17.5333,-51.6,Brazil,Bom  Jardim [porcu/main.csv]
Cu,-17.4303,30.0083,Zimbabwe,Alaska [sedcu/main.csv]
Cu,-17.4,-68.3556,Bolivia,Callapa [sedcu/main.csv]
Cu,-17.3606,-68.4014,Bolivia,Veta Verde [sedcu/main.csv]
Cu,-17.3333,31.35,Zimbabwe,Bindura [ofr20051294/deposit.csv]
Cu,-17.3333,131.0333,Australia,Wave Hill [sedcu/main.csv]
Cu,-17.3,31.3333,Zimbabwe,Trojan [ofr20051294/deposit.csv]
Cu,-17.2656,30.0444,Zimbabwe,Shackleton [sedcu/main.csv]
Cu,-17.2611,30.05,Zimbabwe,Avondale-(see Shackelton) [sedcu/main.csv]
Cu,-17.2483,145.0806,Australia,Dimbulah [sir20105090z/pcu_deps_pros.csv]
Cu,-17.245,-70.6139,Peru,Toquepala [porcu/main.csv]
Cu,-17.24,30.01,Zimbabwe,Alaska [ofr20051294/deposit.csv]
Cu,-17.2333,-46.8667,Brazil,Paracatu [sedcu/main.csv]
Cu,-17.2166,-70.6,Peru,Toquepala [ofr20051294/deposit.csv]
Cu,-17.1642,-68.4511,Bolivia,Corocoro [sedcu/main.csv]
Cu,-17.1292,144.5489,Australia,Ruddygore [sir20105090z/pcu_deps_pros.csv]
Cu,-17.118,144.1222,Australia,Mountain Maid [sir20105090z/pcu_deps_pros.csv]
Cu,-17.1081,-70.6158,Peru,Quellaveco [porcu/main.csv]
Cu,-17.108,-70.5838,Peru,Quellaveco [ofr20051294/deposit.csv]
Cu,-17.0833,31.8333,Zimbabwe,Madziwa [ofr20051294/deposit.csv]
Cu,-17.0456,-70.7072,Peru,Cuajone [porcu/main.csv]
Cu,-17.0422,-70.671,Peru,Cuajone [ofr20051294/deposit.csv]
Cu,-17.0,29.9167,Zimbabwe,"Shackelton (Avondale, Angwa (Cu), Alaska) [ofr20051294/deposit.csv]"
Cu,-16.9444,30.2708,Zimbabwe,Silverside [sedcu/main.csv]
Cu,-16.9272,30.15,Zimbabwe,Norah [sedcu/main.csv]
Cu,-16.8833,30.1625,Zimbabwe,Mangula [ofr20051294/deposit.csv]
Cu,-16.8794,30.15,Zimbabwe,Mangula [sedcu/main.csv]
Cu,-16.8006,-68.4203,Bolivia,Chacoma [sedcu/main.csv]
Cu,-16.7736,-71.3578,Peru,Chapi [porcu/main.csv]
Cu,-16.7485,179.3915,Fiji,Savundrondro Creek [sir20105090z/pcu_deps_pros.csv]
Cu,-16.735,127.6167,Australia,Number 9 [vms/main.csv]
Cu,-16.7,28.16,Zimbabwe,Sanyati [ofr20051294/deposit.csv]
Cu,-16.65,29.9167,Zimbabwe,Norah [ofr20051294/deposit.csv]
Cu,-16.6083,-68.8875,Bolivia,San Silvestre [sedcu/main.csv]
Cu,-16.5458,-71.5528,Peru,Cerro  Negro [porcu/main.csv]
Cu,-16.5353,-71.5917,Peru,Cerro  Verde/Santa  Rosa [porcu/main.csv]
Cu,-16.5188,-71.5719,Peru,Cerro Verde [ofr20051294/deposit.csv]
Cu,-16.1644,179.9583,Fiji,Undu [vms/main.csv]
Cu,-15.999,167.254,Vanuatu,N Malakula area(?) [sir20105090z/pcu_deps_pros.csv]
Cu,-15.8167,-73.5833,Peru,Alondra [porcu/main.csv]
Cu,-15.625,-70.9917,Peru,San  Salvador  de  Patillani [porcu/main.csv]
Cu,-15.3,27.55,Zambia,Nampundwe [ofr20051294/deposit.csv]
Cu,-15.27,28.65,Zambia,"Allies (Allies 2, Sisengo, Changwe) [ofr20051294/deposit.csv]"
Cu,-15.21,28.42,Zambia,Chongwe [ofr20051294/deposit.csv]
Cu,-15.0,27.0167,Zambia,Matala [ofr20051294/deposit.csv]
Cu,-14.98,-71.3067,Peru,Quechua [porcu/main.csv]
Cu,-14.96,-71.3467,Peru,Antapaccay [porcu/main.csv]
Cu,-14.9522,-71.2625,Peru,Coroccohuayco [porcu/main.csv]
Cu,-14.9172,-71.2688,Peru,Antapaccay [ofr20051294/deposit.csv]
Cu,-14.9083,-71.3133,Peru,Tintaya [porcu/main.csv]
Cu,-14.8333,-71.3833,Peru,Tintaya [ofr20051294/deposit.csv]
Cu,-14.67,26.4,Zambia,Hippo [ofr20051294/deposit.csv]
Cu,-14.59,27.04,Zambia,Dunrobin [ofr20051294/deposit.csv]
Cu,-14.4617,-72.9933,Peru,Lahuani [porcu/main.csv]
Cu,-14.4617,-71.7667,Peru,Constancia [porcu/main.csv]
Cu,-14.3479,28.3347,Zambia,Sebembere [sir20105090z/sedcu_deps_pros.csv]
Cu,-14.3333,29.5,Zimbabwe,Hunters Road [ofr20051294/deposit.csv]
Cu,-14.25,-49.3667,Brazil,Chapada [porcu/main.csv]
Cu,-14.2333,-75.4167,Peru,"Chavez  N2,  Concesion [porcu/main.csv]"
Cu,-14.2328,-70.3217,Peru,San Rafael [ofr20051294/deposit.csv]
Cu,-14.2,-74.45,Peru,Acos [porcu/main.csv]
Cu,-14.1833,-75.1483,Peru,Anita  de  Tibilos [porcu/main.csv]
Cu,-14.1811,-72.3481,Peru,Cotabambas [porcu/main.csv]
Cu,-14.1581,-73.1333,Peru,Los  Chancas [porcu/main.csv]
Cu,-14.0833,-70.6,Peru,Desaguadero [sedcu/main.csv]
Cu,-14.0267,-72.3333,Peru,Chalcobamba [porcu/main.csv]
Cu,-13.95,29.12,Zambia,"Mtuga (Coloquo, Kolokwo, Munshiwemba) [ofr20051294/deposit.csv]"
Cu,-13.9292,-75.35,Peru,Puquio [porcu/main.csv]
Cu,-13.7667,-75.7167,Peru,Eliana [porcu/main.csv]
Cu,-13.6861,-75.0931,Peru,Tingo [porcu/main.csv]
Cu,-13.625,24.7833,Zambia,Mufumbwe [sedcu/main.csv]
Cu,-13.5006,-73.375,Peru,Andarapa [sedcu/main.csv]
Cu,-13.48,29.45,Zambia,Mkushi [ofr20051294/deposit.csv]
Cu,-13.43,24.93,Zambia,Kalengwa [ofr20051294/deposit.csv]
Cu,-13.4167,25.0,Zambia,Kalengwa [sedcu/main.csv]
Cu,-13.3333,-72.0,Peru,Maria Magdalena [sedcu/main.csv]
Cu,-13.2347,-75.9167,Peru,Almacen [porcu/main.csv]
Cu,-13.1381,28.3908,Zambia,Luanshya [ofr20051294/deposit.csv]
Cu,-13.1306,28.3833,Zambia,Luanshya [sedcu/main.csv]
Cu,-13.0831,-48.2378,Brazil,Palmeirópolis (C-1) [vms/main.csv]
Cu,-13.0831,28.3267,Zambia,Baluba-Muliashi-Luanshya [sir20105090z/sedcu_deps_pros.csv]
Cu,-13.0825,28.2455,Zambia,Lufubu South [sir20105090z/sedcu_deps_pros.csv]
Cu,-13.0792,28.275,Zambia,Muliashi (see Luanshiya) [sedcu/main.csv]
Cu,-13.0649,28.8221,Zambia,Ndola South [sir20105090z/sedcu_deps_pros.csv]
Cu,-13.0582,12.996,Angola,Cuio (Dombe Grande) [sir20105090z/sedcu_deps_pros.csv]
Cu,-13.05,28.3778,Zambia,Baluba (see Luanshya) [sedcu/main.csv]
Cu,-13.0315,28.6923,Zambia,Bwana Mkubwa [sir20105090z/sedcu_deps_pros.csv]
Cu,-13.0208,28.6853,Zambia,Bwana Mkubwa [sedcu/main.csv]
Cu,-13.0,28.1667,Zambia,Baluba [ofr20051294/deposit.csv]
Cu,-13.0,28.6111,Zambia,Itawa [sedcu/main.csv]
Cu,-12.9967,13.1023,Angola,unnamed [sir20105090z/sedcu_deps_pros.csv]
Cu,-12.9877,28.6201,Zambia,Ndola [sir20105090z/sedcu_deps_pros.csv]
Cu,-12.9758,-76.1394,Peru,Los  Pinos [porcu/main.csv]
Cu,-12.9744,28.5857,Zambia,Ndola West [sir20105090z/sedcu_deps_pros.csv]
Cu,-12.9617,28.668,Zambia,Itawa [sir20105090z/sedcu_deps_pros.csv]
Cu,-12.9488,28.6509,Zambia,Manner's Farm [sir20105090z/sedcu_deps_pros.csv]
Cu,-12.9325,27.8574,Zambia,Kabula [sir20105090z/sedcu_deps_pros.csv]
Cu,-12.9312,28.6376,Zambia,Rymar [sir20105090z/sedcu_deps_pros.csv]
Cu,-12.9307,28.0703,Zambia,Chifupu [sir20105090z/sedcu_deps_pros.csv]
Cu,-12.9167,28.0542,Zambia,Chifupu [sedcu/main.csv]
Cu,-12.9125,28.0809,Zambia,Chibuluma South [sir20105090z/sedcu_deps_pros.csv]
Cu,-12.9012,28.6094,Zambia,Ndola East [sir20105090z/sedcu_deps_pros.csv]
Cu,-12.8592,28.2111,Zambia,Nkana South Limb [sedcu/main.csv]
Cu,-12.8459,28.0654,Zambia,Kalulushi [sir20105090z/sedcu_deps_pros.csv]
Cu,-12.8333,28.05,Zambia,Chibuluma South [sedcu/main.csv]
Cu,-12.8333,28.2,Zambia,Nkana (Mindola) [ofr20051294/deposit.csv]
Cu,-12.8319,27.175,Zambia,Nkana North Limb [sedcu/main.csv]
Cu,-12.8283,28.1056,Zambia,Chibuluma [ofr20051294/deposit.csv]
Cu,-12.825,28.125,Zambia,Chibuluma-Chibuluma West [sedcu/main.csv]
Cu,-12.8233,28.1908,Zambia,Mindola-Nkana N-S [sir20105090z/sedcu_deps_pros.csv]
Cu,-12.8232,28.0933,Zambia,Chibuluma-Chibuluma West [sir20105090z/sedcu_deps_pros.csv]
Cu,-12.8044,28.1714,Zambia,Mindola-Nkana N-S [sedcu/main.csv]
Cu,-12.8044,28.5,Zambia,Mwerkera [sedcu/main.csv]
Cu,-12.7761,13.3895,Angola,Uche [sir20105090z/sedcu_deps_pros.csv]
Cu,-12.7592,28.0047,Zambia,Mwambashi [sedcu/main.csv]
Cu,-12.7408,28.1064,Zambia,Kasaria [sedcu/main.csv]
Cu,-12.7351,28.1493,Zambia,Ichimpe [sir20105090z/sedcu_deps_pros.csv]
Cu,-12.7232,27.9687,Zambia,Mwambashi B [sir20105090z/sedcu_deps_pros.csv]
Cu,-12.7167,-74.3333,Peru,Rosario [sedcu/main.csv]
Cu,-12.7133,27.9767,Zambia,Pitanda South [sedcu/main.csv]
Cu,-12.7,28.1061,Zambia,Chambishi Southeast [sir20105090z/sedcu_deps_pros.csv]
Cu,-12.6981,-76.6225,Peru,Raul-Condestable [vms/main.csv]
Cu,-12.6819,27.9167,Zambia,Fitula [sedcu/main.csv]
Cu,-12.6778,28.0458,Zambia,Chambishi [sedcu/main.csv]
Cu,-12.6738,27.9612,Zambia,Pitanda South [sir20105090z/sedcu_deps_pros.csv]
Cu,-12.6599,27.8717,Zambia,Fitula [sir20105090z/sedcu_deps_pros.csv]
Cu,-12.6583,27.9867,Zambia,Pitanda [sedcu/main.csv]
Cu,-12.658,28.0426,Zambia,Chambishi Main and West [sir20105090z/sedcu_deps_pros.csv]
Cu,-12.6556,28.0458,Zambia,Chambishi [ofr20051294/deposit.csv]
Cu,-12.6539,27.9886,Zambia,Pitanda [sir20105090z/sedcu_deps_pros.csv]
Cu,-12.6456,27.8656,Zambia,Mimbula [sedcu/main.csv]
Cu,-12.6279,13.5205,Angola,unnamed [sir20105090z/sedcu_deps_pros.csv]
Cu,-12.6266,27.8611,Zambia,Mimbula [sir20105090z/sedcu_deps_pros.csv]
Cu,-12.6106,13.5367,Angola,English Mine (Unango) [sir20105090z/sedcu_deps_pros.csv]
Cu,-12.6091,27.8478,Zambia,Chabwanyama [sir20105090z/sedcu_deps_pros.csv]
Cu,-12.6072,27.8819,Zambia,Samba [porcu/main.csv]
Cu,-12.5886,13.5657,Angola,unnamed [sir20105090z/sedcu_deps_pros.csv]
Cu,-12.5864,28.3656,Zambia,Lubembe [sedcu/main.csv]
Cu,-12.5845,28.3409,Zambia,Mutundu North [sir20105090z/sedcu_deps_pros.csv]
Cu,-12.5754,27.8214,Zambia,Chiwempala [sir20105090z/sedcu_deps_pros.csv]
Cu,-12.55,27.8306,Zambia,Chingola [sedcu/main.csv]
Cu,-12.5376,13.5842,Angola,Benguela [sir20105090z/sedcu_deps_pros.csv]
Cu,-12.5333,27.85,Zambia,Nchanga [ofr20051294/deposit.csv]
Cu,-12.525,27.8667,Zambia,Nchanga [sedcu/main.csv]
Cu,-12.523,27.8467,Zambia,Chingola-Nchanga [sir20105090z/sedcu_deps_pros.csv]
Cu,-12.5228,28.2361,Zambia,Mufulira [sedcu/main.csv]
Cu,-12.5213,27.9194,Zambia,Nchanga Nose [sir20105090z/sedcu_deps_pros.csv]
Cu,-12.5198,28.2285,Zambia,Mufulira [sir20105090z/sedcu_deps_pros.csv]
Cu,-12.5139,27.9087,Zambia,Luano [sir20105090z/sedcu_deps_pros.csv]
Cu,-12.5111,13.5167,Angola,English Mine [sedcu/main.csv]
Cu,-12.5,28.0,Zambia,Mufulira [ofr20051294/deposit.csv]
Cu,-12.4968,13.5878,Angola,Biopio [sir20105090z/sedcu_deps_pros.csv]
Cu,-12.4849,28.188,Zambia,Nsato [sir20105090z/sedcu_deps_pros.csv]
Cu,-12.4772,28.3797,Zambia,Mokambo [sedcu/main.csv]
Cu,-12.4605,13.6446,Angola,Binge [sir20105090z/sedcu_deps_pros.csv]
Cu,-12.4497,28.1386,Zambia,Kasaria-Luansobe [sir20105090z/sedcu_deps_pros.csv]
Cu,-12.4317,28.3147,Zambia,Luansobe [sedcu/main.csv]
Cu,-12.4262,28.3221,Zambia,Mokambo North [sir20105090z/sedcu_deps_pros.csv]
Cu,-12.4229,13.6539,Angola,unnamed [sir20105090z/sedcu_deps_pros.csv]
Cu,-12.4085,27.8806,Zambia,Fitwaola [sir20105090z/sedcu_deps_pros.csv]
Cu,-12.3991,13.6729,Angola,Lobito [sir20105090z/sedcu_deps_pros.csv]
Cu,-12.39,27.8264,Zambia,Konkola-Kirila Bombwe [sedcu/main.csv]
Cu,-12.3858,27.9113,Zambia,Kawiri South [sir20105090z/sedcu_deps_pros.csv]
Cu,-12.3571,28.0949,Democratic Republic of the Congo,Lubembe [sir20105090z/sedcu_deps_pros.csv]
Cu,-12.3453,27.7985,Zambia,Konkola-Musoshi [sir20105090z/sedcu_deps_pros.csv]
Cu,-12.3333,27.75,Zambia,Bancroft [ofr20051294/deposit.csv]
Cu,-12.3333,27.9667,Congo (Kinshasa),Kinsenda [ofr20051294/deposit.csv]
Cu,-12.3197,28.327,Democratic Republic of the Congo,Kasabi [sir20105090z/sedcu_deps_pros.csv]
Cu,-12.3167,13.7325,Angola,unnamed [sir20105090z/sedcu_deps_pros.csv]
Cu,-12.3,27.75,Zambia,Konkola [ofr20051294/deposit.csv]
Cu,-12.2868,13.743,Angola,unnamed [sir20105090z/sedcu_deps_pros.csv]
Cu,-12.2833,25.8833,Zambia,Chimiwungo [ofr20051294/deposit.csv]
Cu,-12.2753,27.9672,Democratic Republic of Congo,Kinsenda [sedcu/main.csv]
Cu,-12.2667,27.7,Congo (Kinshasa),Musoshi [ofr20051294/deposit.csv]
Cu,-12.2667,27.95,Congo (Kinshasa),Tshinsenda [ofr20051294/deposit.csv]
Cu,-12.2658,27.7136,Democratic Republic of Congo,Musoshi (see Konkola) [sedcu/main.csv]
Cu,-12.2614,27.9655,Democratic Republic of the Congo,Kinsenda [sir20105090z/sedcu_deps_pros.csv]
Cu,-12.2333,25.8167,Zambia,Malundwe [ofr20051294/deposit.csv]
Cu,-12.2167,-75.7083,Peru,Doña Basilia [sedcu/main.csv]
Cu,-12.1789,25.8514,Zambia,Chimiwungo-Lumwana [sedcu/main.csv]
Cu,-12.1617,25.7542,Zambia,Malundwe-Lumwana [sedcu/main.csv]
Cu,-12.1331,27.7797,Democratic Republic of the Congo,Mabaya [sir20105090z/sedcu_deps_pros.csv]
Cu,-12.1321,28.0452,Democratic Republic of the Congo,Katchili [sir20105090z/sedcu_deps_pros.csv]
Cu,-12.1,26.4667,Zambia,Kansanshi [ofr20051294/deposit.csv]
Cu,-12.0833,26.4167,Zambia,Kansanshi [sedcu/main.csv]
Cu,-12.0614,27.9623,Democratic Republic of the Congo,Mwati [sir20105090z/sedcu_deps_pros.csv]
Cu,-12.0517,25.9583,Zambia,Lubwe [sedcu/main.csv]
Cu,-12.0173,27.9023,Democratic Republic of the Congo,Kipapila [sir20105090z/sedcu_deps_pros.csv]
Cu,-12.0167,27.9167,Democratic Republic of Congo,Kipapila [sedcu/main.csv]
Cu,-11.8707,13.8598,Angola,Unnamed #2 [sir20105090z/sedcu_deps_pros.csv]
Cu,-11.7833,27.2333,Congo (Kinshasa),Kipushi [ofr20051294/deposit.csv]
Cu,-11.7014,27.3684,Democratic Republic of the Congo,unnamed [sir20105090z/sedcu_deps_pros.csv]
Cu,-11.6822,13.9504,Angola,unnamed [sir20105090z/sedcu_deps_pros.csv]
Cu,-11.6817,27.307,Democratic Republic of the Congo,Kasombo II [sir20105090z/sedcu_deps_pros.csv]
Cu,-11.6743,27.3151,Democratic Republic of the Congo,Kasombo I [sir20105090z/sedcu_deps_pros.csv]
Cu,-11.6667,27.281,Democratic Republic of the Congo,Karavia [sir20105090z/sedcu_deps_pros.csv]
Cu,-11.6588,13.9101,Angola,unnamed [sir20105090z/sedcu_deps_pros.csv]
Cu,-11.6483,27.5772,Democratic Republic of Congo,Etoile [sedcu/main.csv]
Cu,-11.6354,27.5841,Democratic Republic of the Congo,Etoile [sir20105090z/sedcu_deps_pros.csv]
Cu,-11.6301,27.5597,Democratic Republic of the Congo,Etoile Extension [sir20105090z/sedcu_deps_pros.csv]
Cu,-11.6277,27.2764,Democratic Republic of the Congo,Karu East [sir20105090z/sedcu_deps_pros.csv]
Cu,-11.6211,27.2617,Democratic Republic of Congo,Lupato [sedcu/main.csv]
Cu,-11.619,27.5444,Democratic Republic of the Congo,Ruashi [sir20105090z/sedcu_deps_pros.csv]
Cu,-11.6101,27.2718,Democratic Republic of the Congo,Kasonta South [sir20105090z/sedcu_deps_pros.csv]
Cu,-11.6024,27.2922,Democratic Republic of the Congo,Niamumenda [sir20105090z/sedcu_deps_pros.csv]
Cu,-11.6,-76.1333,Peru,Toromocho [porcu/main.csv]
Cu,-11.5996,27.2749,Democratic Republic of the Congo,Kasonta [sir20105090z/sedcu_deps_pros.csv]
Cu,-11.5993,27.2631,Democratic Republic of the Congo,Lupoto [sir20105090z/sedcu_deps_pros.csv]
Cu,-11.5989,27.2484,Democratic Republic of the Congo,Bumen [sir20105090z/sedcu_deps_pros.csv]
Cu,-11.5151,27.4391,Democratic Republic of the Congo,Luiswishi [sir20105090z/sedcu_deps_pros.csv]
Cu,-11.5139,27.4206,Democratic Republic of Congo,Lukuni [sedcu/main.csv]
Cu,-11.5125,13.8804,Angola,unnamed [sir20105090z/sedcu_deps_pros.csv]
Cu,-11.4797,-76.0844,Peru,Puy-Puy [porcu/main.csv]
Cu,-11.3625,-77.1403,Peru,Maria Teresa [vms/main.csv]
Cu,-11.3604,27.5733,Democratic Republic of the Congo,Kinsevere [sir20105090z/sedcu_deps_pros.csv]
Cu,-11.3,-75.85,Peru,Negra Huanusha [sedcu/main.csv]
Cu,-11.2515,27.486,Democratic Republic of the Congo,Kapota South [sir20105090z/sedcu_deps_pros.csv]
Cu,-11.2448,27.092,Democratic Republic of the Congo,Kipoi North [sir20105090z/sedcu_deps_pros.csv]
Cu,-11.2447,14.0837,Angola,Novo Redondo [sir20105090z/sedcu_deps_pros.csv]
Cu,-11.2385,27.4699,Democratic Republic of the Congo,Kapota Southwest [sir20105090z/sedcu_deps_pros.csv]
Cu,-11.2317,14.0226,Angola,unnamed [sir20105090z/sedcu_deps_pros.csv]
Cu,-11.2306,27.4615,Democratic Republic of the Congo,Kapota West [sir20105090z/sedcu_deps_pros.csv]
Cu,-11.2251,27.4955,Democratic Republic of the Congo,Kapota Central [sir20105090z/sedcu_deps_pros.csv]
Cu,-11.2235,27.0645,Democratic Republic of the Congo,Judeira [sir20105090z/sedcu_deps_pros.csv]
Cu,-11.2233,27.5438,Democratic Republic of the Congo,Mapandwe [sir20105090z/sedcu_deps_pros.csv]
Cu,-11.2139,14.0666,Angola,unnamed [sir20105090z/sedcu_deps_pros.csv]
Cu,-11.209,27.2077,Democratic Republic of the Congo,Kampesimpesi [sir20105090z/sedcu_deps_pros.csv]
Cu,-11.1713,26.1991,Democratic Republic of the Congo,Kibolwe [sir20105090z/sedcu_deps_pros.csv]
Cu,-11.1689,27.0092,Democratic Republic of Congo,Luishia [sedcu/main.csv]
Cu,-11.1583,27.0963,Democratic Republic of the Congo,Shandwe [sir20105090z/sedcu_deps_pros.csv]
Cu,-11.1571,26.9519,Democratic Republic of the Congo,Karoano [sir20105090z/sedcu_deps_pros.csv]
Cu,-11.1541,26.1392,Democratic Republic of the Congo,Kiamoto West [sir20105090z/sedcu_deps_pros.csv]
Cu,-11.1517,26.9932,Democratic Republic of the Congo,Kansongwe [sir20105090z/sedcu_deps_pros.csv]
Cu,-11.1497,26.1664,Democratic Republic of the Congo,Kiamoto [sir20105090z/sedcu_deps_pros.csv]
Cu,-11.1454,27.4943,Democratic Republic of the Congo,Kimbwe [sir20105090z/sedcu_deps_pros.csv]
Cu,-11.1433,27.1627,Democratic Republic of the Congo,Kebumba [sir20105090z/sedcu_deps_pros.csv]
Cu,-11.1431,27.1871,Democratic Republic of the Congo,Kamwale [sir20105090z/sedcu_deps_pros.csv]
Cu,-11.1417,27.5106,Democratic Republic of Congo,Kimbwe [sedcu/main.csv]
Cu,-11.1402,27.5203,Democratic Republic of the Congo,Nambulwa [sir20105090z/sedcu_deps_pros.csv]
Cu,-11.14,26.9546,Democratic Republic of the Congo,Kanshishi [sir20105090z/sedcu_deps_pros.csv]
Cu,-11.1264,14.0493,Angola,unnamed [sir20105090z/sedcu_deps_pros.csv]
Cu,-11.1106,26.4069,Democratic Republic of the Congo,Mwombe [sir20105090z/sedcu_deps_pros.csv]
Cu,-11.0994,26.1784,Democratic Republic of the Congo,Mindigi [sir20105090z/sedcu_deps_pros.csv]
Cu,-11.0951,26.2235,Democratic Republic of the Congo,Swambo [sir20105090z/sedcu_deps_pros.csv]
Cu,-11.0928,26.2014,Democratic Republic of the Congo,Kafumbaswambo [sir20105090z/sedcu_deps_pros.csv]
Cu,-11.0898,27.4241,Democratic Republic of the Congo,Kasala [sir20105090z/sedcu_deps_pros.csv]
Cu,-11.0833,14.0944,Angola,Cachoeiras de Binga [sedcu/main.csv]
Cu,-11.0782,26.2508,Democratic Republic of the Congo,Kawesitu North [sir20105090z/sedcu_deps_pros.csv]
Cu,-11.0494,26.5706,Democratic Republic of the Congo,Shinkolobwe Signal [sir20105090z/sedcu_deps_pros.csv]
Cu,-11.044,26.6015,Democratic Republic of the Congo,Djambelwa [sir20105090z/sedcu_deps_pros.csv]
Cu,-11.0346,26.659,Democratic Republic of the Congo,Shomberwa [sir20105090z/sedcu_deps_pros.csv]
Cu,-11.0283,26.5815,Democratic Republic of the Congo,Guluwe [sir20105090z/sedcu_deps_pros.csv]
Cu,-11.0267,25.2083,Democratic Republic of Congo,Kalongwe [sedcu/main.csv]
Cu,-11.0172,14.0847,Angola,Cachoeiras de Binga [sir20105090z/sedcu_deps_pros.csv]
Cu,-11.0171,25.2259,Democratic Republic of the Congo,Kalongwe [sir20105090z/sedcu_deps_pros.csv]
Cu,-11.0157,26.7638,Democratic Republic of the Congo,Shituru [sir20105090z/sedcu_deps_pros.csv]
Cu,-11.0083,14.5,Angola,Novo Redondo [sedcu/main.csv]
Cu,-11.0032,26.7428,Democratic Republic of the Congo,Likasi [sir20105090z/sedcu_deps_pros.csv]
Cu,-10.992,26.1742,Democratic Republic of the Congo,Kamonga West [sir20105090z/sedcu_deps_pros.csv]
Cu,-10.9774,26.6901,Democratic Republic of the Congo,Karajipopo [sir20105090z/sedcu_deps_pros.csv]
Cu,-10.9771,14.0823,Angola,unnamed [sir20105090z/sedcu_deps_pros.csv]
Cu,-10.9767,25.925,Democratic Republic of Congo,Menda Mendipe [sedcu/main.csv]
Cu,-10.9765,25.8882,Democratic Republic of the Congo,Kasompi West [sir20105090z/sedcu_deps_pros.csv]
Cu,-10.9714,14.0856,Angola,Cachoeiras De Binga [ofr20051294/deposit.csv]
Cu,-10.9712,25.9324,Democratic Republic of the Congo,Menda [sir20105090z/sedcu_deps_pros.csv]
Cu,-10.971,25.4556,Democratic Republic of the Congo,Kanaronga [sir20105090z/sedcu_deps_pros.csv]
Cu,-10.9703,25.795,Democratic Republic of the Congo,Lufungu [sir20105090z/sedcu_deps_pros.csv]
Cu,-10.9702,26.5572,Democratic Republic of the Congo,Ludjiba [sir20105090z/sedcu_deps_pros.csv]
Cu,-10.9667,26.7833,Congo (Kinshasa),Shituru (Likasi) [ofr20051294/deposit.csv]
Cu,-10.9641,25.9859,Democratic Republic of the Congo,Kavundi Northwest [sir20105090z/sedcu_deps_pros.csv]
Cu,-10.9571,26.6098,Democratic Republic of the Congo,Shamitumba [sir20105090z/sedcu_deps_pros.csv]
Cu,-10.9555,26.0022,Democratic Republic of the Congo,Kavungo [sir20105090z/sedcu_deps_pros.csv]
Cu,-10.951,26.7727,Democratic Republic of the Congo,Kamatanda [sir20105090z/sedcu_deps_pros.csv]
Cu,-10.9497,26.7767,Democratic Republic of Congo,Kamatanda [sedcu/main.csv]
Cu,-10.9018,26.18,Democratic Republic of the Congo,Milebi [sir20105090z/sedcu_deps_pros.csv]
Cu,-10.8862,26.6044,Democratic Republic of the Congo,Kambove Principal-Kambove West [sir20105090z/sedcu_deps_pros.csv]
Cu,-10.8859,26.5736,Democratic Republic of the Congo,Kamoya [sir20105090z/sedcu_deps_pros.csv]
Cu,-10.8792,26.6064,Democratic Republic of Congo,Kambove [sedcu/main.csv]
Cu,-10.8782,26.5792,Democratic Republic of the Congo,Kamoya West [sir20105090z/sedcu_deps_pros.csv]
Cu,-10.8769,26.5029,Democratic Republic of the Congo,Siniaparara [sir20105090z/sedcu_deps_pros.csv]
Cu,-10.8667,26.6,Congo (Kinshasa),Kambove [ofr20051294/deposit.csv]
Cu,-10.8585,26.4854,Democratic Republic of the Congo,Kabolela East [sir20105090z/sedcu_deps_pros.csv]
Cu,-10.8503,26.6099,Democratic Republic of the Congo,M'Sesa [sir20105090z/sedcu_deps_pros.csv]
Cu,-10.85,26.5833,Congo (Kinshasa),Sesa (M'sesa) [ofr20051294/deposit.csv]
Cu,-10.8463,26.4788,Democratic Republic of the Congo,Kabolela North and South [sir20105090z/sedcu_deps_pros.csv]
Cu,-10.845,26.6186,Democratic Republic of Congo,Sesa [sedcu/main.csv]
Cu,-10.8435,25.8972,Democratic Republic of the Congo,Kampamba [sir20105090z/sedcu_deps_pros.csv]
Cu,-10.8428,26.6045,Democratic Republic of the Congo,Kazibizi [sir20105090z/sedcu_deps_pros.csv]
Cu,-10.84,26.4806,Democratic Republic of Congo,Kabolela [sedcu/main.csv]
Cu,-10.8333,26.5667,Congo (Kinshasa),Kazibizi [ofr20051294/deposit.csv]
Cu,-10.8169,26.7132,Democratic Republic of the Congo,Nimura [sir20105090z/sedcu_deps_pros.csv]
Cu,-10.8152,26.5892,Democratic Republic of the Congo,Kamfundwa [sir20105090z/sedcu_deps_pros.csv]
Cu,-10.8083,26.5906,Democratic Republic of Congo,Kamfundwa [sedcu/main.csv]
Cu,-10.7959,25.7128,Democratic Republic of the Congo,Deziwa [sir20105090z/sedcu_deps_pros.csv]
Cu,-10.786,25.8135,Democratic Republic of the Congo,Mutanda-Ya-Mukonkota [sir20105090z/sedcu_deps_pros.csv]
Cu,-10.7823,26.6151,Democratic Republic of the Congo,Kampina [sir20105090z/sedcu_deps_pros.csv]
Cu,-10.7815,26.7426,Democratic Republic of the Congo,Kalabi [sir20105090z/sedcu_deps_pros.csv]
Cu,-10.7724,25.911,Democratic Republic of the Congo,Kalumbwe-Myunga [sir20105090z/sedcu_deps_pros.csv]
Cu,-10.772,25.9375,Democratic Republic of the Congo,Kisanfu [sir20105090z/sedcu_deps_pros.csv]
Cu,-10.7719,25.6201,Democratic Republic of the Congo,Kanunka [sir20105090z/sedcu_deps_pros.csv]
Cu,-10.7567,26.522,Democratic Republic of the Congo,Mutaka North [sir20105090z/sedcu_deps_pros.csv]
Cu,-10.7553,26.2102,Democratic Republic of the Congo,Mupapala [sir20105090z/sedcu_deps_pros.csv]
Cu,-10.7525,26.2544,Democratic Republic of the Congo,Disele/Kankeru [sir20105090z/sedcu_deps_pros.csv]
Cu,-10.7521,26.2381,Democratic Republic of the Congo,Lufomboshi [sir20105090z/sedcu_deps_pros.csv]
Cu,-10.75,25.4167,Congo (Kinshasa),Kov [ofr20051294/deposit.csv]
Cu,-10.7423,25.3785,Democratic Republic of the Congo,DIMA [sir20105090z/sedcu_deps_pros.csv]
Cu,-10.7402,25.8548,Democratic Republic of the Congo,Chabara [sir20105090z/sedcu_deps_pros.csv]
Cu,-10.7401,26.4204,Democratic Republic of the Congo,Saafi [sir20105090z/sedcu_deps_pros.csv]
Cu,-10.7394,26.286,Democratic Republic of the Congo,Luita [sir20105090z/sedcu_deps_pros.csv]
Cu,-10.7386,25.7674,Democratic Republic of the Congo,Kabwimia [sir20105090z/sedcu_deps_pros.csv]
Cu,-10.737,26.3055,Democratic Republic of the Congo,Kiwana II [sir20105090z/sedcu_deps_pros.csv]
Cu,-10.7365,25.4574,Democratic Republic of the Congo,Nioka East [sir20105090z/sedcu_deps_pros.csv]
Cu,-10.7351,26.4026,Democratic Republic of the Congo,Kakanda East-Kakanda North-Kakanda South [sir20105090z/sedcu_deps_pros.csv]
Cu,-10.7333,25.3667,Congo (Kinshasa),Dikuluwe [ofr20051294/deposit.csv]
Cu,-10.7333,25.4167,Democratic Republic of Congo,Kolwezi [sedcu/main.csv]
Cu,-10.7333,26.3833,Congo (Kinshasa),Kakanda [ofr20051294/deposit.csv]
Cu,-10.7333,26.4227,Democratic Republic of the Congo,Kababankola [sir20105090z/sedcu_deps_pros.csv]
Cu,-10.7314,25.4348,Democratic Republic of the Congo,Nioka West [sir20105090z/sedcu_deps_pros.csv]
Cu,-10.7259,25.4581,Democratic Republic of the Congo,Kolwezi [sir20105090z/sedcu_deps_pros.csv]
Cu,-10.725,26.4069,Democratic Republic of Congo,Kakanda [sedcu/main.csv]
Cu,-10.7245,26.3667,Democratic Republic of the Congo,Taratara [sir20105090z/sedcu_deps_pros.csv]
Cu,-10.7244,26.3487,Democratic Republic of the Congo,Mukondo [sir20105090z/sedcu_deps_pros.csv]
Cu,-10.724,25.8929,Democratic Republic of the Congo,Kakontolwa [sir20105090z/sedcu_deps_pros.csv]
Cu,-10.7206,26.3833,Democratic Republic of the Congo,Karoanzo [sir20105090z/sedcu_deps_pros.csv]
Cu,-10.7167,25.4167,Congo (Kinshasa),Kamoto [ofr20051294/deposit.csv]
Cu,-10.7167,25.4833,Congo (Kinshasa),Kolwezi [ofr20051294/deposit.csv]
Cu,-10.715,25.381,Democratic Republic of the Congo,Kilamusembe [sir20105090z/sedcu_deps_pros.csv]
Cu,-10.7108,25.4194,Democratic Republic of the Congo,Kamoto-KOV-Musonie-Mupine [sir20105090z/sedcu_deps_pros.csv]
Cu,-10.7096,25.4631,Democratic Republic of the Congo,Musonie East [sir20105090z/sedcu_deps_pros.csv]
Cu,-10.7,25.4167,Congo (Kinshasa),Mupine [ofr20051294/deposit.csv]
Cu,-10.7,25.45,Congo (Kinshasa),Musonoi [ofr20051294/deposit.csv]
Cu,-10.6988,25.4294,Democratic Republic of the Congo,Kingamyambo [sir20105090z/sedcu_deps_pros.csv]
Cu,-10.695,25.47,Democratic Republic of the Congo,Dilala East [sir20105090z/sedcu_deps_pros.csv]
Cu,-10.6892,25.4588,Democratic Republic of the Congo,Kananga [sir20105090z/sedcu_deps_pros.csv]
Cu,-10.6817,25.5386,Democratic Republic of the Congo,Mutoshi [sir20105090z/sedcu_deps_pros.csv]
Cu,-10.6667,25.5167,Democratic Republic of Congo,Mutoshi [sedcu/main.csv]
Cu,-10.6667,25.55,Congo (Kinshasa),Mutoshi (Ruwe) [ofr20051294/deposit.csv]
Cu,-10.6656,25.9074,Democratic Republic of the Congo,Mashitu [sir20105090z/sedcu_deps_pros.csv]
Cu,-10.6572,26.8221,Democratic Republic of the Congo,Kakonge East [sir20105090z/sedcu_deps_pros.csv]
Cu,-10.6569,26.4147,Democratic Republic of the Congo,Manda [sir20105090z/sedcu_deps_pros.csv]
Cu,-10.6559,26.7947,Democratic Republic of the Congo,Kakonge West [sir20105090z/sedcu_deps_pros.csv]
Cu,-10.6523,25.9252,Democratic Republic of the Congo,Principal-Anticline [sir20105090z/sedcu_deps_pros.csv]
Cu,-10.6496,25.9372,Democratic Republic of the Congo,Kesho [sir20105090z/sedcu_deps_pros.csv]
Cu,-10.6446,26.2428,Democratic Republic of the Congo,Zaka [sir20105090z/sedcu_deps_pros.csv]
Cu,-10.6395,25.9979,Democratic Republic of the Congo,Pumpi South [sir20105090z/sedcu_deps_pros.csv]
Cu,-10.6372,26.0522,Democratic Republic of the Congo,Pumpi [sir20105090z/sedcu_deps_pros.csv]
Cu,-10.6326,25.9347,Democratic Republic of the Congo,Kalukundi-Kii [sir20105090z/sedcu_deps_pros.csv]
Cu,-10.6311,26.2466,Democratic Republic of the Congo,Mukandila [sir20105090z/sedcu_deps_pros.csv]
Cu,-10.6262,25.9139,Democratic Republic of the Congo,Kalukundi West [sir20105090z/sedcu_deps_pros.csv]
Cu,-10.6242,25.7638,Democratic Republic of the Congo,Pungulume Southeast [sir20105090z/sedcu_deps_pros.csv]
Cu,-10.6183,26.2278,Democratic Republic of the Congo,Kansalawile-Mambilima [sir20105090z/sedcu_deps_pros.csv]
Cu,-10.6153,26.2966,Democratic Republic of the Congo,Fungurume [sir20105090z/sedcu_deps_pros.csv]
Cu,-10.6126,25.747,Democratic Republic of the Congo,Pungulume [sir20105090z/sedcu_deps_pros.csv]
Cu,-10.6123,25.8851,Democratic Republic of the Congo,Kinsankata [sir20105090z/sedcu_deps_pros.csv]
Cu,-10.6113,26.1249,Democratic Republic of the Congo,Kakavilondo [sir20105090z/sedcu_deps_pros.csv]
Cu,-10.6015,26.1372,Democratic Republic of the Congo,Tenke [sir20105090z/sedcu_deps_pros.csv]
Cu,-10.6,26.3008,Democratic Republic of Congo,Fungurume [sedcu/main.csv]
Cu,-10.5978,26.1322,Democratic Republic of the Congo,Kabwelunono [sir20105090z/sedcu_deps_pros.csv]
Cu,-10.5963,26.2049,Democratic Republic of the Congo,Mwandinkomba [sir20105090z/sedcu_deps_pros.csv]
Cu,-10.5911,26.1427,Democratic Republic of the Congo,Shimbidi [sir20105090z/sedcu_deps_pros.csv]
Cu,-10.5842,26.1721,Democratic Republic of the Congo,Shinkusu [sir20105090z/sedcu_deps_pros.csv]
Cu,-10.5807,26.155,Democratic Republic of the Congo,Fwalu [sir20105090z/sedcu_deps_pros.csv]
Cu,-10.58,26.1533,Democratic Republic of Congo,Tenke [sedcu/main.csv]
Cu,-10.5793,26.1888,Democratic Republic of the Congo,Kwatebala [sir20105090z/sedcu_deps_pros.csv]
Cu,-10.5704,26.1737,Democratic Republic of the Congo,Sefu [sir20105090z/sedcu_deps_pros.csv]
Cu,-10.5432,25.4995,Democratic Republic of the Congo,Kabunda North [sir20105090z/sedcu_deps_pros.csv]
Cu,-10.537,150.124,Papua New Guinea,Magavara [sir20105090z/pcu_deps_pros.csv]
Cu,-10.51,25.675,Democratic Republic of the Congo,Tondo [sir20105090z/sedcu_deps_pros.csv]
Cu,-10.236,149.466,Papua New Guinea,Poi [sir20105090z/pcu_deps_pros.csv]
Cu,-9.8893,14.4204,Angola,Dondo [sir20105090z/sedcu_deps_pros.csv]
Cu,-9.869,148.291,Papua New Guinea,Oram [sir20105090z/pcu_deps_pros.csv]
Cu,-9.8522,-39.8653,Brazil,Jaguarari/ Caraiba [ofr20051294/deposit.csv]
Cu,-9.8,123.8833,Indonesia,Bone [vms/main.csv]
Cu,-9.7972,160.0222,Solomon Islands,Koloula [sir20105090z/pcu_deps_pros.csv]
Cu,-9.7833,160.0333,Solomon Islands,Koloula [porcu/main.csv]
Cu,-9.7167,-75.8333,Peru,Sacsallac [sedcu/main.csv]
Cu,-9.6119,160.1642,Solomon Islands,Mbetilonga [sir20105090z/pcu_deps_pros.csv]
Cu,-9.5333,-77.0833,Peru,Antamina [ofr20051294/deposit.csv]
Cu,-9.5333,159.9083,Solomon Islands,Mbetilonga [porcu/main.csv]
Cu,-9.4333,159.8333,Solomon Islands,Poha [porcu/main.csv]
Cu,-9.374,147.518,Papua New Guinea,Elo [sir20105090z/pcu_deps_pros.csv]
Cu,-9.3667,159.7333,Solomon Islands,Hidden  Valley [porcu/main.csv]
Cu,-9.3,147.5833,Papua New Guinea,Mount  Bini [porcu/main.csv]
Cu,-9.2743,14.2067,Angola,Zenza (Zenza Do Itombe) [sir20105090z/sedcu_deps_pros.csv]
Cu,-9.1667,28.25,Democratic Republic of Congo,Dikulushi [sedcu/main.csv]
Cu,-8.9653,116.8725,Indonesia,Batu  Hijau [porcu/main.csv]
Cu,-8.96,116.87,Indonesia,Batu Hijau [sir20105090z/pcu_deps_pros.csv]
Cu,-8.872,117.318,Indonesia,Dodo-Elang [sir20105090z/pcu_deps_pros.csv]
Cu,-8.857,116.023,Indonesia,Selodong [sir20105090z/pcu_deps_pros.csv]
Cu,-8.7886,-77.9958,Peru,Pashpap [porcu/main.csv]
Cu,-8.762,118.458,Indonesia,Hulu [sir20105090z/pcu_deps_pros.csv]
Cu,-8.753,158.074,Solomon Islands,Kele [sir20105090z/pcu_deps_pros.csv]
Cu,-8.75,-59.0,Brazil,Sucunduri River [sedcu/main.csv]
Cu,-8.624,119.0,Indonesia,Bima [sir20105090z/pcu_deps_pros.csv]
Cu,-8.583,114.017,Indonesia,Tujuh-Bukit [sir20105090z/pcu_deps_pros.csv]
Cu,-8.567,117.569,Indonesia,Sabarati [sir20105090z/pcu_deps_pros.csv]
Cu,-8.5597,-77.8967,Peru,Aguila [porcu/main.csv]
Cu,-8.474,157.793,Solomon Islands,Tirua [sir20105090z/pcu_deps_pros.csv]
Cu,-8.266,111.812,Indonesia,Trenggalek [sir20105090z/pcu_deps_pros.csv]
Cu,-8.25,146.713,Papua New Guinea,Ipi River [sir20105090z/pcu_deps_pros.csv]
Cu,-8.2156,-77.7717,Peru,Magistral [porcu/main.csv]
Cu,-8.1667,-78.1833,Peru,Alto  Dorado [porcu/main.csv]
Cu,-8.0833,157.5167,Solomon Islands,Mase [porcu/main.csv]
Cu,-7.93,111.088,Indonesia,Tirtomoyo [sir20105090z/pcu_deps_pros.csv]
Cu,-7.423,109.861,Indonesia,Pekalongan [sir20105090z/pcu_deps_pros.csv]
Cu,-7.3,-78.3222,Peru,Michiquillay [porcu/main.csv]
Cu,-7.22,106.56,Indonesia,Ciemas [porcu/main.csv]
Cu,-7.1333,-40.1667,Brazil,Araripe [sedcu/main.csv]
Cu,-7.1181,-78.5756,Peru,Laguna  Chamis [porcu/main.csv]
Cu,-7.0167,-78.3167,Peru,El  Galeno [porcu/main.csv]
Cu,-6.99,146.527,Papua New Guinea,Zenag gold-copper project [sir20105090z/pcu_deps_pros.csv]
Cu,-6.9255,-78.358,Peru,Minas Conga [ofr20051294/deposit.csv]
Cu,-6.9167,-38.9167,Brazil,Serra do Diamante [sedcu/main.csv]
Cu,-6.915,-78.3594,Peru,Minas  Conga [porcu/main.csv]
Cu,-6.8833,146.45,Papua New Guinea,Wafi  River [porcu/main.csv]
Cu,-6.8705,156.0874,Solomon Islands,Fauro [sir20105090z/pcu_deps_pros.csv]
Cu,-6.869,156.066,Solomon Islands,Ballyorlo [sir20105090z/pcu_deps_pros.csv]
Cu,-6.85,-78.6667,Peru,Cerro Corona [ofr20051294/deposit.csv]
Cu,-6.834,156.043,Solomon Islands,Meriguna [sir20105090z/pcu_deps_pros.csv]
Cu,-6.7617,-78.6058,Peru,Cerro  Corona [porcu/main.csv]
Cu,-6.75,146.2833,Papua New Guinea,Wamum [porcu/main.csv]
Cu,-6.7253,-78.6694,Peru,Tantahuatay [porcu/main.csv]
Cu,-6.4167,14.8667,Angola,Tetelomavajo Tetelo [ofr20051294/deposit.csv]
Cu,-6.4,-49.6167,Brazil,Estrela [porcu/main.csv]
Cu,-6.3583,-79.1194,Peru,La  Granja [porcu/main.csv]
Cu,-6.318,155.493,Papua New Guinea,Panguna [sir20105090z/pcu_deps_pros.csv]
Cu,-6.3167,155.5,Papua New Guinea,Panguna [porcu/main.csv]
Cu,-6.0833,-79.2833,Peru,Cañariaco [porcu/main.csv]
Cu,-6.0333,-50.2,Brazil,Carajas [ofr20051294/deposit.csv]
Cu,-5.9833,150.4667,Papua New Guinea,Mt.  Nakru [porcu/main.csv]
Cu,-5.9667,150.3833,Papua New Guinea,Plesyumi [porcu/main.csv]
Cu,-5.796,146.23,Papua New Guinea,Gusap [sir20105090z/pcu_deps_pros.csv]
Cu,-5.75,-50.45,Brazil,Salobo [ofr20051294/deposit.csv]
Cu,-5.75,145.1667,Papua New Guinea,Yandera [porcu/main.csv]
Cu,-5.743,150.065,Papua New Guinea,Kulu [sir20105090z/pcu_deps_pros.csv]
Cu,-5.733,150.033,Papua New Guinea,Simuku [sir20105090z/pcu_deps_pros.csv]
Cu,-5.7167,150.0167,Papua New Guinea,Simuku [porcu/main.csv]
Cu,-5.715,-79.2069,Peru,Paramo [porcu/main.csv]
Cu,-5.709,150.963,Papua New Guinea,Pelapuna [sir20105090z/pcu_deps_pros.csv]
Cu,-5.7047,-79.2808,Peru,La  Vega [porcu/main.csv]
Cu,-5.67,144.1618,Papua New Guinea,Mount Hagen [sir20105090z/pcu_deps_pros.csv]
Cu,-5.616,150.955,Papua New Guinea,Yau Yau [sir20105090z/pcu_deps_pros.csv]
Cu,-5.613,150.918,Papua New Guinea,unnamed [sir20105090z/pcu_deps_pros.csv]
Cu,-5.611,150.942,Papua New Guinea,Uasilau [sir20105090z/pcu_deps_pros.csv]
Cu,-5.547,148.964,Papua New Guinea,Andewa [sir20105090z/pcu_deps_pros.csv]
Cu,-5.225,144.008,Papua New Guinea,Bismarck [sir20105090z/pcu_deps_pros.csv]
Cu,-5.2,141.1333,Papua New Guinea,Ok  Tedi [porcu/main.csv]
Cu,-5.176,151.709,Papua New Guinea,Esis [sir20105090z/pcu_deps_pros.csv]
Cu,-5.1667,151.7167,Papua New Guinea,Esis [porcu/main.csv]
Cu,-5.0667,141.3333,Papua New Guinea,Star  Mt.  Futik [porcu/main.csv]
Cu,-5.046,141.208,Papua New Guinea,Tifalmin [sir20105090z/pcu_deps_pros.csv]
Cu,-5.0167,141.2167,Papua New Guinea,Star  Mt.  Nong  River [porcu/main.csv]
Cu,-4.9444,-79.3083,Peru,Rio  Blanco [porcu/main.csv]
Cu,-4.9342,-80.3381,Peru,Tambo Grande [vms/main.csv]
Cu,-4.7633,-79.99,Peru,Tambo Grande [ofr20051294/deposit.csv]
Cu,-4.724,142.371,Papua New Guinea,Wasi [sir20105090z/pcu_deps_pros.csv]
Cu,-4.7,141.7833,Papua New Guinea,Frieda  River [porcu/main.csv]
Cu,-4.65,-78.9,Ecuador,Mirador [porcu/main.csv]
Cu,-4.623,152.047,Papua New Guinea,Sinivit [sir20105090z/pcu_deps_pros.csv]
Cu,-4.477,142.692,Papua New Guinea,Salumei [sir20105090z/pcu_deps_pros.csv]
Cu,-4.474,103.126,Indonesia,Tanjung Sakti [sir20105090z/pcu_deps_pros.csv]
Cu,-4.397,152.9,Papua New Guinea,Weitin River copper/gold project [sir20105090z/pcu_deps_pros.csv]
Cu,-4.3833,14.1667,Congo (Brazzaville),M'Passa [ofr20051294/deposit.csv]
Cu,-4.3333,-80.0,Ecuador,Los  Linderos [porcu/main.csv]
Cu,-4.25,-79.25,Ecuador,Tumi [porcu/main.csv]
Cu,-4.25,-78.95,Ecuador,El  Hito [porcu/main.csv]
Cu,-4.2333,15.2333,Congo Brazzaville,Minduli [sedcu/main.csv]
Cu,-4.2,-79.5833,Ecuador,Rio  Playas [porcu/main.csv]
Cu,-4.085,137.039,Indonesia,Tango One [sir20105090z/pcu_deps_pros.csv]
Cu,-4.067,153.633,Papua New Guinea,Feni [sir20105090z/pcu_deps_pros.csv]
Cu,-4.0667,-78.7833,Ecuador,Nambija [ofr20051294/deposit.csv]
Cu,-4.0667,121.75,Indonesia,Pomalaa [ofr20051294/deposit.csv]
Cu,-4.0461,137.1144,Indonesia,Grasberg [sir20105090z/pcu_deps_pros.csv]
Cu,-4.0167,-78.8833,Ecuador,Cumay [porcu/main.csv]
Cu,-3.98,152.599,Papua New Guinea,Palabong copper/gold project [sir20105090z/pcu_deps_pros.csv]
Cu,-3.978,136.119,Indonesia,Ikerar [sir20105090z/pcu_deps_pros.csv]
Cu,-3.932,136.121,Indonesia,"Pogatadi ""C"" and ""D"" [sir20105090z/pcu_deps_pros.csv]"
Cu,-3.906,136.12,Indonesia,"Pogatadi ""E"" [sir20105090z/pcu_deps_pros.csv]"
Cu,-3.903,136.145,Indonesia,"Pogatadi ""B"" [sir20105090z/pcu_deps_pros.csv]"
Cu,-3.889,136.178,Indonesia,Obano [sir20105090z/pcu_deps_pros.csv]
Cu,-3.873,136.183,Indonesia,Mogo-mogo [sir20105090z/pcu_deps_pros.csv]
Cu,-3.8167,137.2333,Indonesia,Grasberg [porcu/main.csv]
Cu,-3.799,136.474,Indonesia,Komopa [sir20105090z/pcu_deps_pros.csv]
Cu,-3.7833,-78.6,Ecuador,Warintza [porcu/main.csv]
Cu,-3.771,136.551,Indonesia,Dawagu [sir20105090z/pcu_deps_pros.csv]
Cu,-3.75,30.25,Burundi,Musongati [ofr20051294/deposit.csv]
Cu,-3.671,136.5,Indonesia,Papua Gold and Copper project [sir20105090z/pcu_deps_pros.csv]
Cu,-3.671,137.047,Indonesia,Wabu skarn [sir20105090z/pcu_deps_pros.csv]
Cu,-3.65,-78.4167,Ecuador,San  Carlos [porcu/main.csv]
Cu,-3.648,135.802,Indonesia,Sungai Depa - Sungai Waria [sir20105090z/pcu_deps_pros.csv]
Cu,-3.6117,128.0917,Indonesia,Hila [porcu/main.csv]
Cu,-3.6,-78.5,Ecuador,Panantza [porcu/main.csv]
Cu,-3.5833,-79.3333,Ecuador,Fierro  Urcu [porcu/main.csv]
Cu,-3.5,-41.1167,Brazil,Pedra Verde [sedcu/main.csv]
Cu,-3.388,151.977,Papua New Guinea,unnamed [sir20105090z/pcu_deps_pros.csv]
Cu,-3.341,151.888,Papua New Guinea,unnamed [sir20105090z/pcu_deps_pros.csv]
Cu,-3.2,151.65,Papua New Guinea,Legusulum [porcu/main.csv]
Cu,-3.184,151.654,Papua New Guinea,Legusulum [sir20105090z/pcu_deps_pros.csv]
Cu,-3.1833,-40.55,Brazil,Fazenda Boa Vista [sedcu/main.csv]
Cu,-3.1583,119.4833,Indonesia,Sassak [porcu/main.csv]
Cu,-3.1333,152.633,Papua New Guinea,Ladolam [sir20105090z/pcu_deps_pros.csv]
Cu,-3.05,-79.6833,Ecuador,Gaby-Papa  Grande [porcu/main.csv]
Cu,-2.9333,-79.4167,Ecuador,Chaucha [porcu/main.csv]
Cu,-2.847,101.934,Indonesia,Danau Dipatiempat [sir20105090z/pcu_deps_pros.csv]
Cu,-2.82,151.94,Papua New Guinea,Tatau gold/copper project [sir20105090z/pcu_deps_pros.csv]
Cu,-2.8167,151.9667,Papua New Guinea,Tabar Island [sir20105090z/pcu_deps_pros.csv]
Cu,-2.6285,151.9924,Papua New Guinea,Simberi [sir20105090z/pcu_deps_pros.csv]
Cu,-2.622,150.142,Papua New Guinea,New Hanover [sir20105090z/pcu_deps_pros.csv]
Cu,-2.161,147.03,Papua New Guinea,Wamatja [sir20105090z/pcu_deps_pros.csv]
Cu,-2.16,146.969,Papua New Guinea,Manus Island gold/copper project [sir20105090z/pcu_deps_pros.csv]
Cu,-2.156,146.997,Papua New Guinea,Njekel [sir20105090z/pcu_deps_pros.csv]
Cu,-2.1333,121.1667,Indonesia,Soroako [ofr20051294/deposit.csv]
Cu,-2.1167,146.95,Papua New Guinea,Mount  Kren [porcu/main.csv]
Cu,-2.102,146.926,Papua New Guinea,Wytar [sir20105090z/pcu_deps_pros.csv]
Cu,-2.091,146.873,Papua New Guinea,Aniwea [sir20105090z/pcu_deps_pros.csv]
Cu,-2.047,146.87,Papua New Guinea,Arie [sir20105090z/pcu_deps_pros.csv]
Cu,-2.0167,146.8833,Papua New Guinea,Arie [porcu/main.csv]
Cu,-1.952,101.206,Indonesia,Siuluk Deras [sir20105090z/pcu_deps_pros.csv]
Cu,-1.7,101.25,Indonesia,Mudik [porcu/main.csv]
Cu,-1.6667,-79.15,Ecuador,Balzapamba-Las  Guardias [porcu/main.csv]
Cu,-1.5667,-79.1333,Ecuador,Telimbela [porcu/main.csv]
Cu,-1.5,31.0,Tanzania,Kabanga [ofr20051294/deposit.csv]
Cu,-1.3833,-79.1167,Ecuador,Chaso  Juan [porcu/main.csv]
Cu,-1.3667,111.167,Indonesia,Ruwai [sir20105090z/pcu_deps_pros.csv]
Cu,-1.226,132.854,Indonesia,Aisasjur Gold/Copper Project [sir20105090z/pcu_deps_pros.csv]
Cu,-1.089,100.704,Indonesia,Danu Diatas [sir20105090z/pcu_deps_pros.csv]
Cu,-0.9,-79.1833,Ecuador,Macuchi [vms/main.csv]
Cu,-0.628,132.604,Indonesia,Alpha [sir20105090z/pcu_deps_pros.csv]
Cu,-0.5833,113.333,Indonesia,Kalimantan Gold [sir20105090z/pcu_deps_pros.csv]
Cu,-0.56,114.022,Indonesia,Masuparia [sir20105090z/pcu_deps_pros.csv]
Cu,-0.554,127.394,Indonesia,Kaputusan P. Bacan [sir20105090z/pcu_deps_pros.csv]
Cu,-0.551,127.399,Indonesia,Hulu S [sir20105090z/pcu_deps_pros.csv]
Cu,-0.533,113.2,Indonesia,Mansur [sir20105090z/pcu_deps_pros.csv]
Cu,-0.5167,127.5833,Indonesia,Kaputusan [porcu/main.csv]
Cu,-0.5,113.1833,Indonesia,Baroi [porcu/main.csv]
Cu,-0.4696,127.406,Indonesia,Sugili [sir20105090z/pcu_deps_pros.csv]
Cu,-0.4667,130.8833,Indonesia,Gagu [ofr20051294/deposit.csv]
Cu,-0.4626,127.4031,Indonesia,Masurung I [sir20105090z/pcu_deps_pros.csv]
Cu,-0.4167,-78.9167,Ecuador,La Plata [vms/main.csv]
Cu,-0.415,132.636,Indonesia,Delta [sir20105090z/pcu_deps_pros.csv]
Cu,-0.05,129.8667,Indonesia,Waigeo [ofr20051294/deposit.csv]
Cu,0.2167,30.05,Uganda,Kilembe [sedcu/main.csv]
Cu,0.2333,30.0167,Uganda,Kilembe [ofr20051294/deposit.csv]
Cu,0.332,127.751,Indonesia,Payahe [sir20105090z/pcu_deps_pros.csv]
Cu,0.3333,-78.5833,Ecuador,Junin [porcu/main.csv]
Cu,0.3453,123.4022,Indonesia,Tombulilato [porcu/main.csv]
Cu,0.3667,123.4,Indonesia,Tombulilato [ofr20051294/deposit.csv]
Cu,0.45,33.2333,Uganda,Jinja [ofr20051294/deposit.csv]
Cu,0.5166,123.21,Indonesia,Tapadaa [sir20105090z/pcu_deps_pros.csv]
Cu,0.5167,123.2167,Indonesia,Tapadaa [porcu/main.csv]
Cu,0.8333,109.25,Indonesia,Ibu [porcu/main.csv]
Cu,0.8833,34.25,Uganda,Bukusu [ofr20051294/deposit.csv]
Cu,0.9519,121.7706,Indonesia,Bulagidun [porcu/main.csv]
Cu,1.0833,9.9833,Gabon,N' Toum [sedcu/main.csv]
Cu,1.137,127.677,Indonesia,Tobobo [sir20105090z/pcu_deps_pros.csv]
Cu,1.188,127.69,Indonesia,Matat [sir20105090z/pcu_deps_pros.csv]
Cu,1.2417,-76.6667,Colombia,Mocoa [porcu/main.csv]
Cu,2.1,-76.8833,Colombia,Piedrasentada [porcu/main.csv]
Cu,3.396,97.894,Indonesia,Sigalagala [sir20105090z/pcu_deps_pros.csv]
Cu,3.433,125.567,Indonesia,Sangihe [sir20105090z/pcu_deps_pros.csv]
Cu,3.5167,-75.0333,Colombia,Dolores [porcu/main.csv]
Cu,3.85,102.8667,Malaysia,Mengpur [porcu/main.csv]
Cu,4.1833,-75.3,Colombia,Infierno-Chile [porcu/main.csv]
Cu,4.213,97.209,Indonesia,Dusun [sir20105090z/pcu_deps_pros.csv]
Cu,4.5833,-76.6333,Colombia,Sababablanca [vms/main.csv]
Cu,4.834,96.594,Indonesia,Takengon [sir20105090z/pcu_deps_pros.csv]
Cu,5.0,39.0,Ethiopia,Sidamo [ofr20051294/deposit.csv]
Cu,5.012,95.603,Indonesia,Geunteut [sir20105090z/pcu_deps_pros.csv]
Cu,5.0333,95.95,Indonesia,Tangse [porcu/main.csv]
Cu,5.267,117.117,Malaysia,Sungai Imbak [sir20105090z/pcu_deps_pros.csv]
Cu,5.67,-75.73,Colombia,Santa Anita [vms/main.csv]
Cu,6.033,116.46,Malaysia,Mamut [sir20105090z/pcu_deps_pros.csv]
Cu,6.0333,116.4667,Malaysia,Mamut [porcu/main.csv]
Cu,6.0333,116.75,Malaysia,Bongkud [porcu/main.csv]
Cu,6.1,-76.42,Colombia,El Roble [vms/main.csv]
Cu,6.1,116.4667,Malaysia,Nungkok [porcu/main.csv]
Cu,6.1333,124.7083,Philippines,Damamis [sir20105090z/pcu_deps_pros.csv]
Cu,6.47,125.0667,Philippines,Tampakan [ofr20051294/deposit.csv]
Cu,6.475,125.05,Philippines,Tampakan [porcu/main.csv]
Cu,6.5667,124.4,Philippines,Salatan [porcu/main.csv]
Cu,6.6667,-58.75,Guyana,Groete Creek [vms/main.csv]
Cu,6.7,-76.5,Colombia,Pantanos-Pegadorcito [porcu/main.csv]
Cu,6.75,-76.5667,Colombia,Pegadorcito-Pantanos [ofr20051294/deposit.csv]
Cu,6.9333,-59.6667,Guyana,Aranka [vms/main.csv]
Cu,7.034,126.194,Philippines,Taguibo [sir20105090z/pcu_deps_pros.csv]
Cu,7.05,-76.75,Colombia,Murindo [porcu/main.csv]
Cu,7.05,126.117,Philippines,Ayan Gold Project [sir20105090z/pcu_deps_pros.csv]
Cu,7.1667,125.9917,Philippines,Kingking [porcu/main.csv]
Cu,7.1917,125.975,Philippines,Kingking [sir20105090z/pcu_deps_pros.csv]
Cu,7.275,126.0458,Philippines,Limao [sir20105090z/pcu_deps_pros.csv]
Cu,7.2833,122.1333,Philippines,Ayala [vms/main.csv]
Cu,7.3125,126.0792,Philippines,Hope [sir20105090z/pcu_deps_pros.csv]
Cu,7.3167,-72.8667,Colombia,California [porcu/main.csv]
Cu,7.3333,126.15,Philippines,Amacan [porcu/main.csv]
Cu,7.35,126.0167,Philippines,Mapula [porcu/main.csv]
Cu,7.35,126.0667,Philippines,Amacan [sir20105090z/pcu_deps_pros.csv]
Cu,7.3547,126.0137,Philippines,Mapula Group [sir20105090z/pcu_deps_pros.csv]
Cu,7.367,125.9168,Philippines,Wagas Mapula [sir20105090z/pcu_deps_pros.csv]
Cu,7.375,126.0333,Philippines,Upper Masara [sir20105090z/pcu_deps_pros.csv]
Cu,7.3978,126.0397,Philippines,Theresa Group [sir20105090z/pcu_deps_pros.csv]
Cu,7.4,-76.32,Colombia,El Alacran [vms/main.csv]
Cu,7.433,126.033,Philippines,Manat [sir20105090z/pcu_deps_pros.csv]
Cu,7.476,126.131,Philippines,Comval Group [sir20105090z/pcu_deps_pros.csv]
Cu,7.5,125.985,Philippines,Mawab Gold Project [sir20105090z/pcu_deps_pros.csv]
Cu,7.5433,126.1,Philippines,Tagpura-Maangob [porcu/main.csv]
Cu,7.55,126.1667,Philippines,Cadan [porcu/main.csv]
Cu,7.5917,126.0667,Philippines,Kalamatan [porcu/main.csv]
Cu,7.6333,-80.6,Panama,Cerro  Quema [porcu/main.csv]
Cu,7.74,-75.54,Colombia,Guadalupe [vms/main.csv]
Cu,7.77,125.34,Philippines,Buda Copper/Gold Project [sir20105090z/pcu_deps_pros.csv]
Cu,7.9333,123.3,Philippines,Labangan [porcu/main.csv]
Cu,7.9833,117.0333,Philippines,Lorraine [vms/main.csv]
Cu,8.0,-72.0,Venezuela,Seboruco [sedcu/main.csv]
Cu,8.0456,126.3817,Philippines,Lingig [porcu/main.csv]
Cu,8.112,126.114,Philippines,Lasang [sir20105090z/pcu_deps_pros.csv]
Cu,8.119,126.384,Philippines,Lingig Copper/Gold Project [sir20105090z/pcu_deps_pros.csv]
Cu,8.137,126.046,Philippines,Saugon [sir20105090z/pcu_deps_pros.csv]
Cu,8.175,126.145,Philippines,Philsaga - Bunawan JV Gold Project [sir20105090z/pcu_deps_pros.csv]
Cu,8.257,126.013,Philippines,Gamuton [sir20105090z/pcu_deps_pros.csv]
Cu,8.3,-71.95,Venezuela,De Lima II [vms/main.csv]
Cu,8.3237,124.4035,Philippines,Limonda-Kauyunan [sir20105090z/pcu_deps_pros.csv]
Cu,8.331,125.564,Philippines,Manhulayan Gold/Copper Project [sir20105090z/pcu_deps_pros.csv]
Cu,8.3333,-77.17,Colombia,Acandi [ofr20051294/deposit.csv]
Cu,8.372,123.131,Philippines,Tapisa copper/gold/silver prospect [sir20105090z/pcu_deps_pros.csv]
Cu,8.388,123.066,Philippines,Tamarok Copper/Gold Project [sir20105090z/pcu_deps_pros.csv]
Cu,8.4333,-81.5,Panama,Cobre  Panama [porcu/main.csv]
Cu,8.439,125.87,Philippines,Usa [sir20105090z/pcu_deps_pros.csv]
Cu,8.4878,-77.3214,Colombia,Acandi [porcu/main.csv]
Cu,8.49,126.06,Philippines,Tambis Gold Project [sir20105090z/pcu_deps_pros.csv]
Cu,8.5,-81.7833,Panama,Cerro  Colorado [porcu/main.csv]
Cu,8.5103,-81.7966,Panama,Cerro Colorado [sir20105090z/pcu_deps_pros.csv]
Cu,8.515,126.01,Philippines,Kamarangan gold/copper prospect [sir20105090z/pcu_deps_pros.csv]
Cu,8.6333,-82.2,Panama,Cerro  Chorcha [porcu/main.csv]
Cu,8.6333,-77.5667,Panama,Rio  Pito [porcu/main.csv]
Cu,8.6603,-82.1023,Panama,Cerro Chorcha [sir20105090z/pcu_deps_pros.csv]
Cu,8.7,117.3333,Philippines,Rio Tuba [ofr20051294/deposit.csv]
Cu,8.8298,-80.6639,Panama,Cobre Panama [sir20105090z/pcu_deps_pros.csv]
Cu,8.8333,-80.6667,Panama,Petaquilla-Botija [porcu/main.csv]
Cu,8.8525,-80.7673,Panama,Palmilla [sir20105090z/pcu_deps_pros.csv]
Cu,8.917,-78.817,Panama,Ipeti [sir20105090z/pcu_deps_pros.csv]
Cu,9.1606,126.0903,Philippines,Malobog [vms/main.csv]
Cu,9.172,125.568,Philippines,Agata Group [sir20105090z/pcu_deps_pros.csv]
Cu,9.1833,-11.5167,Sierra Leone,Dalakaru-Worowaia (Dalakuru) [ofr20051294/deposit.csv]
Cu,9.2299,-79.43,Panama,Cerro Azul [sir20105090z/pcu_deps_pros.csv]
Cu,9.2583,125.5233,Philippines,Luna-Asiga [porcu/main.csv]
Cu,9.2833,-79.3833,Panama,Cerro  Azul [porcu/main.csv]
Cu,9.363,-82.976,Costa Rica,Sukut [sir20105090z/pcu_deps_pros.csv]
Cu,9.3694,-82.9764,Costa Rica,Sukut [porcu/main.csv]
Cu,9.4094,125.4839,Philippines,Bolobolo [sir20105090z/pcu_deps_pros.csv]
Cu,9.4333,122.7,Philippines,Aya  Aya [porcu/main.csv]
Cu,9.4625,125.4692,Philippines,Tapian Main [sir20105090z/pcu_deps_pros.csv]
Cu,9.481,122.682,Philippines,Basay Group [sir20105090z/pcu_deps_pros.csv]
Cu,9.4917,122.6792,Philippines,Basay [porcu/main.csv]
Cu,9.493,125.604,Philippines,Madja copper/gold prospect [sir20105090z/pcu_deps_pros.csv]
Cu,9.515,125.457,Philippines,Tapian San Francisco gold prospect [sir20105090z/pcu_deps_pros.csv]
Cu,9.55,125.4883,Philippines,Boyongan [porcu/main.csv]
Cu,9.5667,122.6333,Philippines,Suguibon [porcu/main.csv]
Cu,9.576,125.507,Philippines,Paco Gold/Copper Project [sir20105090z/pcu_deps_pros.csv]
Cu,9.605,125.554,Philippines,Boyongan-Bayugo Group [sir20105090z/pcu_deps_pros.csv]
Cu,9.612,125.445,Philippines,Surigao Copper/Gold Project [sir20105090z/pcu_deps_pros.csv]
Cu,9.664,125.595,Philippines,Placer Gold/Copper mine [sir20105090z/pcu_deps_pros.csv]
Cu,9.667,122.583,Philippines,Manlupo [sir20105090z/pcu_deps_pros.csv]
Cu,9.68,-83.409,Costa Rica,Nari [sir20105090z/pcu_deps_pros.csv]
Cu,9.6972,-83.3583,Costa Rica,Nari [porcu/main.csv]
Cu,9.712,125.53,Philippines,Mapawa-Mabuhay Group [sir20105090z/pcu_deps_pros.csv]
Cu,9.7185,122.5615,Philippines,Hinoba-an Group [sir20105090z/pcu_deps_pros.csv]
Cu,9.75,24.3167,Sudan,Hofrat En Nahas [ofr20051294/deposit.csv]
Cu,9.75,122.5667,Philippines,Hinobaan [porcu/main.csv]
Cu,9.8167,122.45,Philippines,Sipalay [porcu/main.csv]
Cu,9.8183,122.4556,Philippines,Sipalay Group [sir20105090z/pcu_deps_pros.csv]
Cu,9.8306,122.5,Philippines,Umas-Mambuyang [sir20105090z/pcu_deps_pros.csv]
Cu,9.85,122.45,Philippines,Inayawan [sir20105090z/pcu_deps_pros.csv]
Cu,9.9,123.12,Philippines,Ayungon Copper/Gold Project [sir20105090z/pcu_deps_pros.csv]
Cu,10.095,125.204,Philippines,Malangza Copper/Gold Project [sir20105090z/pcu_deps_pros.csv]
Cu,10.1167,124.1833,Philippines,Bonakan [sir20105090z/pcu_deps_pros.csv]
Cu,10.1333,124.25,Philippines,Balak-5 [porcu/main.csv]
Cu,10.2,125.6333,Philippines,Nonoc I [ofr20051294/deposit.csv]
Cu,10.3357,123.7276,Philippines,Atlas Group [sir20105090z/pcu_deps_pros.csv]
Cu,10.3667,123.8333,Philippines,Atlas [porcu/main.csv]
Cu,10.3898,123.7265,Philippines,Maypay [sir20105090z/pcu_deps_pros.csv]
Cu,10.436,122.535,Philippines,Guimaras Gold/Silver/Copper Project [sir20105090z/pcu_deps_pros.csv]
Cu,10.5,-68.9333,Venezuela,Aroa District [vms/main.csv]
Cu,10.52,124.96,Philippines,Sogod Base Metal Project [sir20105090z/pcu_deps_pros.csv]
Cu,10.6667,-72.8333,Colombia,Serrania de Perija [sedcu/main.csv]
Cu,10.8417,122.0281,Philippines,Bongbongan [vms/main.csv]
Cu,10.8594,122.0469,Philippines,Carawison [vms/main.csv]
Cu,10.8922,122.0897,Philippines,Carmel [vms/main.csv]
Cu,11.4583,122.9806,Philippines,Loay [vms/main.csv]
Cu,11.516,123.174,Philippines,Pan de Azucar Copper/Gold Project [sir20105090z/pcu_deps_pros.csv]
Cu,11.5872,-2.7636,Burkina Faso,Poura [ofr20051294/deposit.csv]
Cu,11.7603,125.335,Philippines,Sulat [vms/main.csv]
Cu,11.795,125.2683,Philippines,Bagacay [vms/main.csv]
Cu,11.8,125.2667,Philippines,Bagacay [ofr20051294/deposit.csv]
Cu,11.8167,125.25,Philippines,Sulat [porcu/main.csv]
Cu,11.8333,125.25,Philippines,Bagacay [sedcu/main.csv]
Cu,12.15,106.61,Cambodia,Snoul [sir20105090z/pcu_deps_pros.csv]
Cu,12.1833,122.05,Philippines,Cogon [sir20105090z/pcu_deps_pros.csv]
Cu,12.2667,-11.35,Mali,Falea [sedcu/main.csv]
Cu,12.3,122.05,Philippines,Caloring [sir20105090z/pcu_deps_pros.csv]
Cu,12.3731,122.0509,Philippines,Tablas Copper One [sir20105090z/pcu_deps_pros.csv]
Cu,12.38,123.56,Philippines,Masbate Gold/Copper Project [sir20105090z/pcu_deps_pros.csv]
Cu,12.6408,122.1476,Philippines,Tablas Copper Two [sir20105090z/pcu_deps_pros.csv]
Cu,13.0998,-86.9977,Honduras,Los Lirios [sir20105090z/pcu_deps_pros.csv]
Cu,13.1861,124.185,Philippines,Hixbar [vms/main.csv]
Cu,13.1897,124.1336,Philippines,Rapu-Rapu [vms/main.csv]
Cu,13.3667,122.05,Philippines,Nangka Copper [sir20105090z/pcu_deps_pros.csv]
Cu,13.45,122.0833,Philippines,Marcopper [porcu/main.csv]
Cu,13.455,121.9754,Philippines,Marcopper Group [sir20105090z/pcu_deps_pros.csv]
Cu,13.5,121.8833,Philippines,Ino-Capayang [porcu/main.csv]
Cu,13.5334,105.1281,Cambodia,Porphyry Creek [sir20105090z/pcu_deps_pros.csv]
Cu,13.63,121.314,Philippines,Kay Tanda Group [sir20105090z/pcu_deps_pros.csv]
Cu,13.65,121.233,Philippines,Calumpang-Lobo Group [sir20105090z/pcu_deps_pros.csv]
Cu,13.657,121.156,Philippines,Talahib Gold/Copper Project [sir20105090z/pcu_deps_pros.csv]
Cu,13.68,121.2,Philippines,Batangas Regional Copper/Gold Project [sir20105090z/pcu_deps_pros.csv]
Cu,13.7,121.244,Philippines,Calo Copper/Gold Project [sir20105090z/pcu_deps_pros.csv]
Cu,13.7176,-84.7808,Nicaragua,Siuna [sir20105090z/pcu_deps_pros.csv]
Cu,13.75,123.8,Philippines,Malaiba [vms/main.csv]
Cu,13.7644,121.2108,Philippines,Taysan [sir20105090z/pcu_deps_pros.csv]
Cu,13.8,121.1333,Philippines,Taysan [porcu/main.csv]
Cu,13.886,122.727,Philippines,Samay Copper/Gold Project [sir20105090z/pcu_deps_pros.csv]
Cu,13.9281,-84.4239,Nicaragua,Rosita [sir20105090z/pcu_deps_pros.csv]
Cu,14.03,108.55,Viet Nam,Tien Thuan [sir20105090z/pcu_deps_pros.csv]
Cu,14.0833,-9.75,Mali,Gangontery [sedcu/main.csv]
Cu,14.2,122.683,Philippines,Mabulao Copper/Gold Project [sir20105090z/pcu_deps_pros.csv]
Cu,14.2333,122.7333,Philippines,Matanlang [porcu/main.csv]
Cu,14.3333,105.6333,Laos,Nong Khoum Thong [sedcu/main.csv]
Cu,14.39,107.83,Viet Nam,Sa Thay [sir20105090z/pcu_deps_pros.csv]
Cu,14.4617,-71.7667,Peru,Constancia [sir20105090z/pcu_deps_pros.csv]
Cu,14.4667,105.6833,Laos,Houei Phai [sedcu/main.csv]
Cu,14.75,121.992,Philippines,Canicanian [sir20105090z/pcu_deps_pros.csv]
Cu,14.7667,121.2,Philippines,Puray [vms/main.csv]
Cu,14.7667,121.3167,Philippines,Lumbay [porcu/main.csv]
Cu,14.7773,-88.4016,Honduras,Quita Gana [sir20105090z/pcu_deps_pros.csv]
Cu,14.8011,-87.3548,Honduras,Minas de Oro [sir20105090z/pcu_deps_pros.csv]
Cu,14.9167,121.1667,Philippines,San Mateo [vms/main.csv]
Cu,14.928,-86.906,Honduras,Tule [sir20105090z/pcu_deps_pros.csv]
Cu,14.9553,120.3053,Philippines,Greenhills [sir20105090z/pcu_deps_pros.csv]
Cu,14.9588,120.336,Philippines,Dizon [sir20105090z/pcu_deps_pros.csv]
Cu,14.9739,120.2044,Philippines,Dizon [porcu/main.csv]
Cu,15.0,38.75,Ethiopia,Asmaradebara [ofr20051294/deposit.csv]
Cu,15.0083,120.3667,Philippines,Pisumpan [porcu/main.csv]
Cu,15.151,121.1667,Philippines,Villarosa [sir20105090z/pcu_deps_pros.csv]
Cu,15.1667,-9.9833,Mali,Niami [sedcu/main.csv]
Cu,15.2806,121.2014,Philippines,Gapan [sir20105090z/pcu_deps_pros.csv]
Cu,15.3189,-92.3306,Mexico,Tolimán [porcu/main.csv]
Cu,15.3333,38.8833,Ethiopia,Asmera Nippon [ofr20051294/deposit.csv]
Cu,15.4,37.5,Eritrea,Bisha [ofr20051294/deposit.csv]
Cu,15.55,-89.7167,Guatamala,Oxec [vms/main.csv]
Cu,15.65,32.5333,Sudan,Aberketieb (Abirkateib) [ofr20051294/deposit.csv]
Cu,15.9858,119.955,Philippines,Barlo [vms/main.csv]
Cu,16.167,121.333,Philippines,Pao Yabbe [sir20105090z/pcu_deps_pros.csv]
Cu,16.17,120.83,Philippines,Bolo/Tawi Tawi Copper/Gold Project [sir20105090z/pcu_deps_pros.csv]
Cu,16.2631,120.6225,Philippines,Santo  Tomas  II [porcu/main.csv]
Cu,16.3208,120.6042,Philippines,Camp 4 [sir20105090z/pcu_deps_pros.csv]
Cu,16.3208,121.2917,Philippines,Dinkidi [porcu/main.csv]
Cu,16.3308,121.4531,Philippines,Dipidio Group [sir20105090z/pcu_deps_pros.csv]
Cu,16.3311,121.339,Philippines,Papaya Gold/Copper Project [sir20105090z/pcu_deps_pros.csv]
Cu,16.3347,120.916,Philippines,San Fabian [sir20105090z/pcu_deps_pros.csv]
Cu,16.3497,120.6538,Philippines,Ampucao [sir20105090z/pcu_deps_pros.csv]
Cu,16.3667,120.6,Philippines,Kennon  South  East/Black  Mountain [porcu/main.csv]
Cu,16.3833,120.9833,Philippines,San  Fabian [porcu/main.csv]
Cu,16.3873,120.842,Philippines,Tawi-Tawi [sir20105090z/pcu_deps_pros.csv]
Cu,16.3881,120.65,Philippines,Wildcat [vms/main.csv]
Cu,16.3921,121.3388,Philippines,Magnetite Creek [sir20105090z/pcu_deps_pros.csv]
Cu,16.45,120.8667,Philippines,Tawi-Tawi [porcu/main.csv]
Cu,16.4903,120.6556,Philippines,Santo  Niño [porcu/main.csv]
Cu,16.5667,120.633,Philippines,Carmen [sir20105090z/pcu_deps_pros.csv]
Cu,16.5667,120.7133,Philippines,Km24 Tublay-Atok [sir20105090z/pcu_deps_pros.csv]
Cu,16.5667,120.8,Philippines,Dilong Hale [sir20105090z/pcu_deps_pros.csv]
Cu,16.577,120.6837,Philippines,Suluakan [sir20105090z/pcu_deps_pros.csv]
Cu,16.6667,102.25,Thailand,Phu Wiang [sedcu/main.csv]
Cu,16.668,120.599,Philippines,Sakaang Gold/Copper [sir20105090z/pcu_deps_pros.csv]
Cu,16.7,120.74,Philippines,Bakun Gold/Copper Project [sir20105090z/pcu_deps_pros.csv]
Cu,16.7333,120.7667,Philippines,Sinipsip [porcu/main.csv]
Cu,16.75,120.7,Philippines,San  AntonioPhilex [porcu/main.csv]
Cu,16.75,121.35,Philippines,Marian [porcu/main.csv]
Cu,16.7672,120.7825,Philippines,Gambang Copper/Gold Project [sir20105090z/pcu_deps_pros.csv]
Cu,16.7917,120.8,Philippines,Guinaoang-Tirad [porcu/main.csv]
Cu,16.8103,120.7721,Philippines,Polar [sir20105090z/pcu_deps_pros.csv]
Cu,16.8183,120.7178,Philippines,Masalin [sir20105090z/pcu_deps_pros.csv]
Cu,16.821,120.798,Philippines,Palidan-Mohong Hill [sir20105090z/pcu_deps_pros.csv]
Cu,16.84,120.8,Philippines,Victoria/Teresa Gold/Copper Operation [sir20105090z/pcu_deps_pros.csv]
Cu,16.85,120.7528,Philippines,Lepanto [ofr20051294/deposit.csv]
Cu,16.8583,120.7833,Philippines,Far  Southeast-Bato  Tabio [porcu/main.csv]
Cu,16.8658,120.7722,Philippines,Mankayan [vms/main.csv]
Cu,16.9833,7.9333,Nigeria,Agadez [sedcu/main.csv]
Cu,17.1667,120.7333,Philippines,Hale-Mayabo [porcu/main.csv]
Cu,17.1906,122.0489,Philippines,Northern Sierra Madre Project Area (S) [sir20105090z/pcu_deps_pros.csv]
Cu,17.247,-93.0602,Mexico,Ixhuatán [sir20105090z/pcu_deps_pros.csv]
Cu,17.3,120.8386,Philippines,Bayaosen Copper [sir20105090z/pcu_deps_pros.csv]
Cu,17.3,121.01,Philippines,Botilao [porcu/main.csv]
Cu,17.3333,101.5,Thailand,Phu  Thong  Daeng [porcu/main.csv]
Cu,17.3444,121.0583,Philippines,Batong  Buhay [porcu/main.csv]
Cu,17.3545,121.0666,Philippines,Batong Buhay Group [sir20105090z/pcu_deps_pros.csv]
Cu,17.3823,121.149,Philippines,Balatoc [sir20105090z/pcu_deps_pros.csv]
Cu,17.3874,120.8583,Philippines,Kilongolao [sir20105090z/pcu_deps_pros.csv]
Cu,17.4,120.8667,Philippines,Kilongolao [porcu/main.csv]
Cu,17.4328,43.5875,Saudi Arabia,Wadi Kutam [vms/main.csv]
Cu,17.4333,120.85,Philippines,Sallapandan Copper [sir20105090z/pcu_deps_pros.csv]
Cu,17.4333,120.8833,Philippines,Bucloc-Lamao [sir20105090z/pcu_deps_pros.csv]
Cu,17.45,101.8777,Thailand,Puthep [sir20105090z/pcu_deps_pros.csv]
Cu,17.4667,120.8167,Philippines,Boneng  Lobo [porcu/main.csv]
Cu,17.4667,120.85,Philippines,Ud-Udiao Copper [sir20105090z/pcu_deps_pros.csv]
Cu,17.5,101.6667,Thailand,Phu  Hin  Lek  Fai [porcu/main.csv]
Cu,17.525,120.925,Philippines,Lomonan [sir20105090z/pcu_deps_pros.csv]
Cu,17.575,120.89,Philippines,Nalbuan [sir20105090z/pcu_deps_pros.csv]
Cu,17.583,122.0,Philippines,Northern Sierra Madre Project Area (N) [sir20105090z/pcu_deps_pros.csv]
Cu,17.5833,120.8333,Philippines,Baay-Licuan Copper [sir20105090z/pcu_deps_pros.csv]
Cu,17.6167,120.8667,Philippines,Tibeg Copper [sir20105090z/pcu_deps_pros.csv]
Cu,17.6789,43.6375,Saudi Arabia,Farah Garan [vms/main.csv]
Cu,17.6833,120.9167,Philippines,Lacub [sir20105090z/pcu_deps_pros.csv]
Cu,17.7027,121.3948,Philippines,Conner Copper-Gold Project [sir20105090z/pcu_deps_pros.csv]
Cu,17.7033,43.9683,Saudi Arabia,Al Halahila [vms/main.csv]
Cu,17.7667,121.2333,Philippines,Manag [porcu/main.csv]
Cu,18.0,100.8,Thailand,Nam Phat [sedcu/main.csv]
Cu,18.0436,120.6764,Philippines,Marcos [vms/main.csv]
Cu,18.0721,-77.1654,Jamaica,Connors [sir20105090z/pcu_deps_pros.csv]
Cu,18.0807,-102.2124,Mexico,La Balsa [sir20105090z/pcu_deps_pros.csv]
Cu,18.1,-76.6167,Jamaica,Barbeque River [sedcu/main.csv]
Cu,18.1167,102.0833,Thailand,Phu  Lon [porcu/main.csv]
Cu,18.1297,43.8611,Saudi Arabia,Al Masane (Al Hourah) [vms/main.csv]
Cu,18.1322,43.8661,Saudi Arabia,Al Masane (Moyeath) [vms/main.csv]
Cu,18.1333,-76.6333,Jamaica,Phillips Gully [sedcu/main.csv]
Cu,18.1333,43.85,Saudi Arabia,Al Masane [ofr20051294/deposit.csv]
Cu,18.1383,43.8589,Saudi Arabia,Al Masane (Saadah) [vms/main.csv]
Cu,18.1432,-100.6725,Mexico,Piedra Lipe [sir20105090z/pcu_deps_pros.csv]
Cu,18.167,-100.167,Mexico,Campo Morado [ofr20051294/deposit.csv]
Cu,18.1876,-66.6797,Puerto Rico,Río Viví [sir20105090z/pcu_deps_pros.csv]
Cu,18.2167,-100.1167,Mexico,Suriana [vms/main.csv]
Cu,18.2417,-76.7167,Jamaica,Ugly River [sedcu/main.csv]
Cu,18.25,-66.8167,Puerto Rico,Tanama [porcu/main.csv]
Cu,18.25,-66.4167,Puerto Rico,Rio  Vivi [porcu/main.csv]
Cu,18.2526,-66.8553,Puerto Rico,Platanos [sir20105090z/pcu_deps_pros.csv]
Cu,18.2574,-66.7907,Puerto Rico,Tanamá [sir20105090z/pcu_deps_pros.csv]
Cu,18.2597,-100.4483,Mexico,Cerro Azul [sir20105090z/pcu_deps_pros.csv]
Cu,18.3235,-66.8719,Puerto Rico,Piletas [sir20105090z/pcu_deps_pros.csv]
Cu,18.325,-99.8958,Mexico,Rey de Plata [vms/main.csv]
Cu,18.3833,120.7,Philippines,Pasuquin [vms/main.csv]
Cu,18.4589,42.0186,Saudi Arabia,Wadi Shinika [sedcu/main.csv]
Cu,18.467,-70.217,Dominican Republic,Majagual [sir20105090z/pcu_deps_pros.csv]
Cu,18.5167,-70.25,Dominican Republic,Majagual [porcu/main.csv]
Cu,18.5383,121.1081,Philippines,Claveria Copper/Gold Project [sir20105090z/pcu_deps_pros.csv]
Cu,18.5667,99.9167,Thailand,Lampang [sedcu/main.csv]
Cu,18.5744,-99.7006,Mexico,Azulaquez [vms/main.csv]
Cu,18.6201,-100.8367,Mexico,Rodeo [sir20105090z/pcu_deps_pros.csv]
Cu,18.6225,-100.8461,Mexico,Rodeo [porcu/main.csv]
Cu,18.6613,-101.5269,Mexico,San Antonio-SGM [sir20105090z/pcu_deps_pros.csv]
Cu,18.6833,42.0,Saudi Arabia,Wadi Raysh [sedcu/main.csv]
Cu,18.7394,41.9711,Saudi Arabia,South Wadi Baqarah [sedcu/main.csv]
Cu,18.75,100.8333,Thailand,Nan [sedcu/main.csv]
Cu,18.7811,41.9578,Saudi Arabia,Wadi Baqarah [sedcu/main.csv]
Cu,18.8667,82.05,India,Netanar [sedcu/main.csv]
Cu,18.8733,-70.2436,Dominican Republic,Cerro de Maimon [vms/main.csv]
Cu,18.8781,41.9436,Saudi Arabia,Jabal Sa'aban [sedcu/main.csv]
Cu,18.8786,-70.447,Dominican Republic,Cerro Dorado [sir20105090z/pcu_deps_pros.csv]
Cu,18.8808,-101.6408,Mexico,Inguaran [porcu/main.csv]
Cu,18.886,-101.6605,Mexico,Inguarán [sir20105090z/pcu_deps_pros.csv]
Cu,18.9167,102.9333,Laos,Phu  Kham [porcu/main.csv]
Cu,18.918,102.907,Lao People's Democratic Republic,Phu Kam [sir20105090z/pcu_deps_pros.csv]
Cu,18.9436,-101.9783,Mexico,San  Isidro [porcu/main.csv]
Cu,18.9472,41.9175,Saudi Arabia,Al Munayzir [sedcu/main.csv]
Cu,18.9955,-101.9519,Mexico,San Isidro [sir20105090z/pcu_deps_pros.csv]
Cu,19.075,-100.4,Mexico,Tizapa [vms/main.csv]
Cu,19.0778,-102.0314,Mexico,La  Verde [porcu/main.csv]
Cu,19.1167,-102.9167,Mexico,Tepal [porcu/main.csv]
Cu,19.1267,41.81,Saudi Arabia,Al Mehdadah [sedcu/main.csv]
Cu,19.1302,-102.9379,Mexico,Tepal [sir20105090z/pcu_deps_pros.csv]
Cu,19.1437,-101.111,Mexico,San Diego [sir20105090z/pcu_deps_pros.csv]
Cu,19.1561,41.8158,Saudi Arabia,Wadi Yiba [sedcu/main.csv]
Cu,19.1589,41.38,Saudi Arabia,Umm ar Rummf [sedcu/main.csv]
Cu,19.1679,-104.2846,Mexico,La Chereca [sir20105090z/pcu_deps_pros.csv]
Cu,19.2174,-100.4836,Mexico,Tiámaro [sir20105090z/pcu_deps_pros.csv]
Cu,19.2439,43.6675,Saudi Arabia,Jibal Shiqayb [vms/main.csv]
Cu,19.3833,-100.6833,Mexico,Tiámaro [porcu/main.csv]
Cu,19.3833,-71.0167,Dominican Republic,El Anon [vms/main.csv]
Cu,19.5,-14.5833,Mauritania,Akjoujt (Guelb Moghrein) [ofr20051294/deposit.csv]
Cu,19.5167,-72.7,Haiti,Terre-Neuve [porcu/main.csv]
Cu,19.55,-71.7833,Haiti,Douvray [porcu/main.csv]
Cu,19.5549,-71.9644,Haiti,Blondin-Douvray [sir20105090z/pcu_deps_pros.csv]
Cu,19.5728,-100.9975,Mexico,Los Cimientos [sir20105090z/pcu_deps_pros.csv]
Cu,19.6061,-72.7932,Haiti,Casseus-Meme [sir20105090z/pcu_deps_pros.csv]
Cu,19.6096,-72.4074,Haiti,Grand Bois [sir20105090z/pcu_deps_pros.csv]
Cu,19.6806,-96.4528,Mexico,Caballo  Blanco [porcu/main.csv]
Cu,19.6917,-97.1469,Mexico,Tatatila [sir20105090z/pcu_deps_pros.csv]
Cu,19.7,-97.85,Mexico,Tuligtic [porcu/main.csv]
Cu,19.7472,-72.6441,Haiti,Treuil [sir20105090z/pcu_deps_pros.csv]
Cu,19.7659,-96.7441,Mexico,Gallo De Oro [sir20105090z/pcu_deps_pros.csv]
Cu,19.9811,42.0125,Saudi Arabia,Al Hajar [vms/main.csv]
Cu,19.9833,42.0167,Saudi Arabia,Al Hajar [ofr20051294/deposit.csv]
Cu,19.9894,41.9722,Saudi Arabia,Jadmah [vms/main.csv]
Cu,20.0444,-105.0667,Mexico,San Juan-San Antonio [vms/main.csv]
Cu,20.0447,-75.9442,Cuba,El Cobre [vms/main.csv]
Cu,20.0458,-75.9461,Cuba,El  Cobre [porcu/main.csv]
Cu,20.1142,41.5656,Saudi Arabia,Jabal Murryyi [sedcu/main.csv]
Cu,20.1169,-76.7,Cuba,Eureca [vms/main.csv]
Cu,20.117,-98.717,Mexico,Pachuca-Real de Monte [ofr20051294/deposit.csv]
Cu,20.1328,-76.7,Cuba,La Cristina [vms/main.csv]
Cu,20.1603,-74.7699,Cuba,Elección [sir20105090z/pcu_deps_pros.csv]
Cu,20.25,-76.8667,Cuba,Eureca [porcu/main.csv]
Cu,20.3019,-104.7861,Mexico,La America Mine [vms/main.csv]
Cu,20.3778,-105.0778,Mexico,La Prieta-Prietta [vms/main.csv]
Cu,20.3872,41.4072,Saudi Arabia,Jabal Rabdhan [vms/main.csv]
Cu,20.3889,-105.0778,Mexico,Refugio-San Nicolas-Naricero [vms/main.csv]
Cu,20.3889,-105.0611,Mexico,Jesus Maria-Patrocinio [vms/main.csv]
Cu,20.4611,-104.141,Mexico,Magistral [sir20105090z/pcu_deps_pros.csv]
Cu,20.5,84.8333,India,Sukinda [ofr20051294/deposit.csv]
Cu,20.5967,41.3894,Saudi Arabia,Shaib At Tayr [vms/main.csv]
Cu,20.65,41.3944,Saudi Arabia,Wadi Lief [vms/main.csv]
Cu,20.685,41.3925,Saudi Arabia,Al Gehab [vms/main.csv]
Cu,20.7547,41.3814,Saudi Arabia,Mulgatah [vms/main.csv]
Cu,20.902,-76.706,Cuba,Asientos de Tamarindo [sir20105090z/pcu_deps_pros.csv]
Cu,21.0351,-77.3483,Cuba,La Guaimaro [sir20105090z/pcu_deps_pros.csv]
Cu,21.0667,36.3167,Sudan,"Gebeit (Gabeit, Gabait) [ofr20051294/deposit.csv]"
Cu,21.075,-101.0276,Mexico,Cerro del Gallo [sir20105090z/pcu_deps_pros.csv]
Cu,21.3833,38.0667,Saudi Arabia,Atlantis II Deep [ofr20051294/deposit.csv]
Cu,21.42,-77.92,Cuba,Cuba Libre [vms/main.csv]
Cu,21.771,-78.502,Cuba,Gaspar [sir20105090z/pcu_deps_pros.csv]
Cu,21.82,-103.769,Mexico,Bolanos [ofr20051294/deposit.csv]
Cu,22.0167,80.7167,India,Malanjkhand [porcu/main.csv]
Cu,22.0298,121.5805,Taiwan (China),Lanyu [sir20105090z/pcu_deps_pros.csv]
Cu,22.03,-80.15,Cuba,Carlota [vms/main.csv]
Cu,22.0658,-80.2898,Cuba,Arimao [sir20105090z/pcu_deps_pros.csv]
Cu,22.0667,-80.1167,Cuba,Guachinango [vms/main.csv]
Cu,22.08,-80.15,Cuba,Victoria [vms/main.csv]
Cu,22.1033,-79.83,Cuba,Antonio [vms/main.csv]
Cu,22.1167,-80.0333,Cuba,Arimao [porcu/main.csv]
Cu,22.1296,95.0408,Myanmar,Monywa [sir20105090z/pcu_deps_pros.csv]
Cu,22.146,-79.6706,Cuba,Fortuna-Causalidad [sir20105090z/pcu_deps_pros.csv]
Cu,22.1532,-80.0912,Cuba,Macagua [sir20105090z/pcu_deps_pros.csv]
Cu,22.2139,-80.0806,Cuba,San Fernando [vms/main.csv]
Cu,22.22,-103.13,Mexico,Real de Asientos [ofr20051294/deposit.csv]
Cu,22.25,95.0833,Myanmar,Monywa [porcu/main.csv]
Cu,22.4,33.3833,Egypt,"Um Garaiat (Umm Geriat, Umm Qareiyat) [ofr20051294/deposit.csv]"
Cu,22.47,-84.13,Cuba,Hierro Mantua [vms/main.csv]
Cu,22.55,86.4333,India,Surda [ofr20051294/deposit.csv]
Cu,22.58,42.51,Saudi Arabia,Shaib Lamisah [vms/main.csv]
Cu,22.595,-101.934,Mexico,San Nicolas [ofr20051294/deposit.csv]
Cu,22.6333,33.3,Egypt,Haimur [ofr20051294/deposit.csv]
Cu,22.6514,-101.0161,Mexico,El Salvador [vms/main.csv]
Cu,22.667,104.55,Vietnam,Sin Quyen [ofr20051294/deposit.csv]
Cu,22.75,-102.583,Mexico,Zacatecas [ofr20051294/deposit.csv]
Cu,22.7741,103.0139,China,Changpingchong [sir20105090z/pcu_deps_pros.csv]
Cu,22.7995,103.0361,China,Tongchang [sir20105090z/pcu_deps_pros.csv]
Cu,22.8,103.0,China,Changan [porcu/main.csv]
Cu,22.806,-102.7,Mexico,Francisco I. Madero [ofr20051294/deposit.csv]
Cu,22.81,-83.28,Cuba,Cacarajicara [vms/main.csv]
Cu,22.8611,-83.2792,Cuba,Jucaro [vms/main.csv]
Cu,22.8818,102.5397,China,Habo [sir20105090z/pcu_deps_pros.csv]
Cu,22.8833,102.5833,China,Habo [porcu/main.csv]
Cu,22.8833,121.1917,Taiwan (China),Dulanshan [sir20105090z/pcu_deps_pros.csv]
Cu,22.9083,-83.0514,Cuba,Buena Vista [vms/main.csv]
Cu,23.05,103.9167,China,LaoQingShan [ofr20051294/deposit.csv]
Cu,23.1167,97.3,Union of Myanmar,Bawdwin [vms/main.csv]
Cu,23.15,-102.85,Mexico,Fresnillo/Proano [ofr20051294/deposit.csv]
Cu,23.1785,-105.7725,Mexico,Tango [sir20105090z/pcu_deps_pros.csv]
Cu,23.2691,-106.1001,Mexico,Malpica [sir20105090z/pcu_deps_pros.csv]
Cu,23.3333,-106.0667,Mexico,La  Reyna [porcu/main.csv]
Cu,23.3796,102.3894,China,Liufang [sir20105090z/pcu_deps_pros.csv]
Cu,23.4333,121.45,Taiwan,Chimei [porcu/main.csv]
Cu,23.4833,40.85,Saudi Arabia,Mahd Adh Dhahab [ofr20051294/deposit.csv]
Cu,23.5,94.0,Burma,Mwaytung [ofr20051294/deposit.csv]
Cu,23.5,103.0,China,Dongchuan area [ofr20051294/deposit.csv]
Cu,23.5,103.9167,China,LaoQingShan [sedcu/main.csv]
Cu,23.5833,104.0833,China,GeYiZha [sedcu/main.csv]
Cu,23.6004,-106.1005,Mexico,La Azulita [sir20105090z/pcu_deps_pros.csv]
Cu,23.6225,36.1428,Egypt,St John [ofr20051294/deposit.csv]
Cu,23.6553,-103.7372,Mexico,San Martin [ofr20051294/deposit.csv]
Cu,23.68,-100.71,Mexico,El Fraile [ofr20051294/deposit.csv]
Cu,23.69,-100.71,Mexico,La Paz [ofr20051294/deposit.csv]
Cu,23.7083,95.5167,Myanmar,Shangalon [porcu/main.csv]
Cu,23.7096,102.0144,China,Qinglongchang [sir20105090z/sedcu_deps_pros.csv]
Cu,23.7134,102.0186,China,Bailongchang [sir20105090z/sedcu_deps_pros.csv]
Cu,23.7164,102.019,China,Ganzhuang [sir20105090z/sedcu_deps_pros.csv]
Cu,23.7254,101.9494,China,Xilahe [sir20105090z/sedcu_deps_pros.csv]
Cu,23.7436,101.9758,China,Jikuanshan [sir20105090z/sedcu_deps_pros.csv]
Cu,23.75,103.5833,China,HaoJiaHe [sedcu/main.csv]
Cu,23.7797,102.0587,China,Honglongchang [sir20105090z/sedcu_deps_pros.csv]
Cu,23.7816,45.0695,Saudi Arabia,Al Amar [ofr20051294/deposit.csv]
Cu,23.804,111.688,China,Yuanzhuding [sir20105090z/pcu_deps_pros.csv]
Cu,23.82,114.017,China,Guifeng [sir20105090z/pcu_deps_pros.csv]
Cu,23.8444,40.9425,Saudi Arabia,Jabal Sayid [vms/main.csv]
Cu,23.8463,102.0982,China,Tongchangchong [sir20105090z/sedcu_deps_pros.csv]
Cu,23.85,40.9333,Saudi Arabia,Jabal Sayid [ofr20051294/deposit.csv]
Cu,23.8962,-106.1611,Mexico,El Pulpo [sir20105090z/pcu_deps_pros.csv]
Cu,23.9833,35.6667,Egypt,Ras Banas [sedcu/main.csv]
Cu,24.0,114.0,China,Dahu [sedcu/main.csv]
Cu,24.05,101.65,China,Dahongshan [vms/main.csv]
Cu,24.1167,102.1667,China,ShiShan [sedcu/main.csv]
Cu,24.15,102.1667,China,FengShan [sedcu/main.csv]
Cu,24.1833,102.1667,China,ShiZhiShan [sedcu/main.csv]
Cu,24.1926,-105.8161,Mexico,Corral De Piedra [sir20105090z/pcu_deps_pros.csv]
Cu,24.2333,34.8333,Egypt,Umm Samiuki [ofr20051294/deposit.csv]
Cu,24.2333,99.9,China,Tongchangjie [vms/main.csv]
Cu,24.2667,34.85,Egypt,Um Samiuki [vms/main.csv]
Cu,24.2667,45.0833,Saudi Arabia,Khnaiguiyah [ofr20051294/deposit.csv]
Cu,24.273,56.425,Oman,Lasail [ofr20051294/deposit.csv]
Cu,24.33,56.42,Oman,Aarja [vms/main.csv]
Cu,24.3333,103.55,China,TongChangQing [sedcu/main.csv]
Cu,24.37,117.123,China,Zhongteng [sir20105090z/pcu_deps_pros.csv]
Cu,24.37,117.267,China,Jinxi [sir20105090z/pcu_deps_pros.csv]
Cu,24.383,-106.716,Mexico,Cosala [ofr20051294/deposit.csv]
Cu,24.4167,56.45,Oman,Bayda [ofr20051294/deposit.csv]
Cu,24.4206,102.0406,China,Elachang [sir20105090z/sedcu_deps_pros.csv]
Cu,24.448,102.0343,China,Yuchi [sir20105090z/sedcu_deps_pros.csv]
Cu,24.45,56.44,Oman,Lasail [vms/main.csv]
Cu,24.4674,102.0274,China,Lufang [sir20105090z/sedcu_deps_pros.csv]
Cu,24.4677,102.0007,China,Yiduchang [sir20105090z/sedcu_deps_pros.csv]
Cu,24.5,35.0,Egypt,Hamata [ofr20051294/deposit.csv]
Cu,24.52,-104.3,Mexico,Avino [ofr20051294/deposit.csv]
Cu,24.55,56.38,Oman,Bayda [vms/main.csv]
Cu,24.57,-105.9,Mexico,Bacis (Otaez) [ofr20051294/deposit.csv]
Cu,24.608,-101.429,Mexico,Concepcion del Oro District [ofr20051294/deposit.csv]
Cu,24.612,101.9738,China,Yimentongchang [sir20105090z/sedcu_deps_pros.csv]
Cu,24.6272,101.9508,China,Xiangbishan [sir20105090z/sedcu_deps_pros.csv]
Cu,24.6333,101.9679,China,Qibulang [sir20105090z/sedcu_deps_pros.csv]
Cu,24.6452,101.9553,China,Qiza [sir20105090z/sedcu_deps_pros.csv]
Cu,24.6527,101.9409,China,Lishi [sir20105090z/sedcu_deps_pros.csv]
Cu,24.6569,101.962,China,Lingzuo [sir20105090z/sedcu_deps_pros.csv]
Cu,24.68,-99.0849,Mexico,Sierra de San Carlos [sir20105090z/pcu_deps_pros.csv]
Cu,24.68,102.0395,China,Wanbaochang [sir20105090z/sedcu_deps_pros.csv]
Cu,24.6854,101.9519,China,Fengshan [sir20105090z/sedcu_deps_pros.csv]
Cu,24.6975,101.9618,China,ShiShan [sir20105090z/sedcu_deps_pros.csv]
Cu,24.7125,101.9935,China,Sanjiachangshishan [sir20105090z/sedcu_deps_pros.csv]
Cu,24.7235,101.9658,China,Longtanchang [sir20105090z/sedcu_deps_pros.csv]
Cu,24.7271,102.0046,China,Sanjiachangfengshan [sir20105090z/sedcu_deps_pros.csv]
Cu,24.7584,102.0745,China,Yimen [sir20105090z/sedcu_deps_pros.csv]
Cu,24.8333,34.5833,Egypt,Hangaliya [ofr20051294/deposit.csv]
Cu,24.8381,102.0565,China,ShiZhiShan [sir20105090z/sedcu_deps_pros.csv]
Cu,24.841,102.1085,China,Yangjiazhang [sir20105090z/sedcu_deps_pros.csv]
Cu,24.9525,102.1189,China,Lubaochong [sir20105090z/sedcu_deps_pros.csv]
Cu,25.0134,-107.2387,Mexico,Las Higueras [sir20105090z/pcu_deps_pros.csv]
Cu,25.0167,34.4,Egypt,Atud [ofr20051294/deposit.csv]
Cu,25.0279,-107.4105,Mexico,La Desencantada [sir20105090z/pcu_deps_pros.csv]
Cu,25.05,116.4,China,Zijinshan [porcu/main.csv]
Cu,25.0667,-103.7333,Mexico,Velardena [ofr20051294/deposit.csv]
Cu,25.0667,102.6833,China,KuangTung [sedcu/main.csv]
Cu,25.1,116.5,China,Zijinshan [ofr20051294/deposit.csv]
Cu,25.1465,116.402,China,Luoboling [sir20105090z/pcu_deps_pros.csv]
Cu,25.1801,116.401,China,Zijinshan [sir20105090z/pcu_deps_pros.csv]
Cu,25.1836,116.435,China,Zhongliao [sir20105090z/pcu_deps_pros.csv]
Cu,25.1913,101.7271,China,Laoqingshan [sir20105090z/sedcu_deps_pros.csv]
Cu,25.2112,102.0757,China,Zhongchunlaodongqing [sir20105090z/sedcu_deps_pros.csv]
Cu,25.2115,101.7213,China,Tunziwan [sir20105090z/sedcu_deps_pros.csv]
Cu,25.2527,101.7303,China,Xiwangmiao [sir20105090z/sedcu_deps_pros.csv]
Cu,25.2598,101.6312,China,Geyiza [sir20105090z/sedcu_deps_pros.csv]
Cu,25.3,115.8,China,Hongshan [sir20105090z/pcu_deps_pros.csv]
Cu,25.3379,102.1958,China,Daqing [sir20105090z/sedcu_deps_pros.csv]
Cu,25.3579,101.5914,China,Qingshuihe [sir20105090z/sedcu_deps_pros.csv]
Cu,25.3678,102.2237,China,Dameichang [sir20105090z/sedcu_deps_pros.csv]
Cu,25.38,101.6103,China,Haojiahe [sir20105090z/sedcu_deps_pros.csv]
Cu,25.4,101.6333,China,Moudin [sir20105090z/sedcu_deps_pros.csv]
Cu,25.4013,102.2285,China,Shaojiapo [sir20105090z/sedcu_deps_pros.csv]
Cu,25.4024,102.1498,China,Zhujiaba [sir20105090z/sedcu_deps_pros.csv]
Cu,25.4167,103.25,China,LiuZu [sedcu/main.csv]
Cu,25.4177,102.2325,China,Xiaoxinchang [sir20105090z/sedcu_deps_pros.csv]
Cu,25.45,34.5833,Egypt,Um Rus (Umm Rus) [ofr20051294/deposit.csv]
Cu,25.4759,102.238,China,Dachanglinggang [sir20105090z/sedcu_deps_pros.csv]
Cu,25.4885,102.2518,China,Lianghuaqing [sir20105090z/sedcu_deps_pros.csv]
Cu,25.4944,101.5719,China,Tongchangjing [sir20105090z/sedcu_deps_pros.csv]
Cu,25.4974,102.267,China,Tuonachang [sir20105090z/sedcu_deps_pros.csv]
Cu,25.5167,34.3,Egypt,Wadi Sitra [ofr20051294/deposit.csv]
Cu,25.5211,100.4376,China,Machangqing [sir20105090z/pcu_deps_pros.csv]
Cu,25.5276,102.2462,China,Guantianchang [sir20105090z/sedcu_deps_pros.csv]
Cu,25.5953,41.4425,Saudi Arabia,Nuqrah South [vms/main.csv]
Cu,25.6,100.5,China,Xiaolongtan [sir20105090z/pcu_deps_pros.csv]
Cu,25.6333,34.1833,Egypt,El Atawi [ofr20051294/deposit.csv]
Cu,25.6422,41.4397,Saudi Arabia,Nuqrah North [vms/main.csv]
Cu,25.6667,100.5,China,Machangqing [porcu/main.csv]
Cu,25.6681,-107.3511,Mexico,Tameapa [porcu/main.csv]
Cu,25.6962,101.5822,China,Moudingzhichangqing [sir20105090z/sedcu_deps_pros.csv]
Cu,25.75,103.0,China,Dacun [sedcu/main.csv]
Cu,25.75,111.5,China,Niutoushan [sedcu/main.csv]
Cu,25.81,-103.75,Mexico,Ojuela-Mapimi [ofr20051294/deposit.csv]
Cu,25.8254,101.3877,China,Luojizi [sir20105090z/sedcu_deps_pros.csv]
Cu,25.901,101.3668,China,Aodiyi [sir20105090z/sedcu_deps_pros.csv]
Cu,25.9127,101.3537,China,Liuju [sir20105090z/sedcu_deps_pros.csv]
Cu,25.9903,101.1535,China,Santaizhiding [sir20105090z/sedcu_deps_pros.csv]
Cu,26.0,103.1167,China,TuanShan [sedcu/main.csv]
Cu,26.0194,101.2722,China,Moboliangzi [sir20105090z/sedcu_deps_pros.csv]
Cu,26.05,101.3333,China,Dacun [sir20105090z/sedcu_deps_pros.csv]
Cu,26.0865,101.365,China,Huochun [sir20105090z/sedcu_deps_pros.csv]
Cu,26.0972,101.2882,China,Xiboliangzi [sir20105090z/sedcu_deps_pros.csv]
Cu,26.1,101.9,China,Lalachang [vms/main.csv]
Cu,26.1447,101.3002,China,Shupichang [sir20105090z/sedcu_deps_pros.csv]
Cu,26.15,100.2,China,Beiya [porcu/main.csv]
Cu,26.1565,103.0887,China,Baixila [sir20105090z/sedcu_deps_pros.csv]
Cu,26.1625,100.1874,China,Wangdongshan-Hongnitang [sir20105090z/pcu_deps_pros.csv]
Cu,26.1827,103.0558,China,Tangdan [sir20105090z/sedcu_deps_pros.csv]
Cu,26.1848,102.9946,China,Lanniping [sir20105090z/sedcu_deps_pros.csv]
Cu,26.1945,102.9382,China,Shijiangjun [sir20105090z/sedcu_deps_pros.csv]
Cu,26.1961,103.0322,China,Niuchangping [sir20105090z/sedcu_deps_pros.csv]
Cu,26.2451,103.0248,China,Xintang [sir20105090z/sedcu_deps_pros.csv]
Cu,26.2471,102.9467,China,LaoXue [sir20105090z/sedcu_deps_pros.csv]
Cu,26.25,102.3333,China,LaoBeiChung [sedcu/main.csv]
Cu,26.25,102.6667,China,TangDan [sedcu/main.csv]
Cu,26.25,112.1667,China,TongGuTang [sedcu/main.csv]
Cu,26.25,113.0833,China,JiuQuiWan [sedcu/main.csv]
Cu,26.2522,-107.3294,Mexico,Cerro  Colorado [porcu/main.csv]
Cu,26.2625,102.1955,China,Huilitongchanggou [sir20105090z/sedcu_deps_pros.csv]
Cu,26.2667,94.75,India,Tuesnsang [ofr20051294/deposit.csv]
Cu,26.2667,102.3333,China,LaoBeiChung [sir20105090z/sedcu_deps_pros.csv]
Cu,26.2667,104.0167,China,TianZhong [sedcu/main.csv]
Cu,26.2781,102.9395,China,Yinmin [sir20105090z/sedcu_deps_pros.csv]
Cu,26.2833,102.3333,China,LaoXue [ofr20051294/deposit.csv]
Cu,26.2905,101.3794,China,Tuanshan [sir20105090z/sedcu_deps_pros.csv]
Cu,26.2917,102.3333,China,LaoXue [sedcu/main.csv]
Cu,26.2979,102.9311,China,Lan Yiping [sir20105090z/sedcu_deps_pros.csv]
Cu,26.3123,102.8628,China,Tse Jiangjing [sir20105090z/sedcu_deps_pros.csv]
Cu,26.3137,102.872,China,Sikeshu [sir20105090z/sedcu_deps_pros.csv]
Cu,26.3222,102.3333,China,YinMin [sedcu/main.csv]
Cu,26.3296,102.4672,China,Conganhongqigou [sir20105090z/sedcu_deps_pros.csv]
Cu,26.3377,102.4315,China,Tonganhongyan [sir20105090z/sedcu_deps_pros.csv]
Cu,26.3389,103.0692,China,Tuobuka [sir20105090z/sedcu_deps_pros.csv]
Cu,26.3577,102.415,China,Tongantongchangding [sir20105090z/sedcu_deps_pros.csv]
Cu,26.3581,102.4529,China,Lengchanghongfa [sir20105090z/sedcu_deps_pros.csv]
Cu,26.3778,102.4129,China,Tonganxiaoqingshan [sir20105090z/sedcu_deps_pros.csv]
Cu,26.3958,102.7769,China,Tangtang [sir20105090z/sedcu_deps_pros.csv]
Cu,26.455,37.5383,Saudi Arabia,Ash Shizm [vms/main.csv]
Cu,26.4667,33.5992,Egypt,Semna [ofr20051294/deposit.csv]
Cu,26.4833,104.2,China,Tang tang [sedcu/main.csv]
Cu,26.5044,102.226,China,Datongchang [sir20105090z/sedcu_deps_pros.csv]
Cu,26.6833,102.25,China,HuiLi [sedcu/main.csv]
Cu,26.7,33.25,Egypt,Fatiri [ofr20051294/deposit.csv]
Cu,26.7057,102.2618,China,HuiLi [sir20105090z/sedcu_deps_pros.csv]
Cu,26.7087,-100.9863,Mexico,Dos Amigos [sir20105090z/pcu_deps_pros.csv]
Cu,26.7167,-108.2333,Mexico,Santo  Tomás [porcu/main.csv]
Cu,26.7833,112.5667,China,CheJiang [sedcu/main.csv]
Cu,26.8,-105.82,Mexico,Santa Barbara [ofr20051294/deposit.csv]
Cu,26.8172,-108.2083,Mexico,Cerro Chileno [sir20105090z/pcu_deps_pros.csv]
Cu,26.85,104.2,China,Weining [sedcu/main.csv]
Cu,26.867,-105.833,Mexico,San Francisco del Oro [ofr20051294/deposit.csv]
Cu,26.97,-105.69,Mexico,Parral [ofr20051294/deposit.csv]
Cu,26.9833,58.3083,Iran,Shir Kuh [sir20105090z/pcu_deps_pros.csv]
Cu,26.9878,-107.7191,Mexico,Satevo [sir20105090z/pcu_deps_pros.csv]
Cu,27.0134,-107.7544,Mexico,Tahonas [sir20105090z/pcu_deps_pros.csv]
Cu,27.0151,-108.1213,Mexico,Bahuerachi [sir20105090z/pcu_deps_pros.csv]
Cu,27.0333,-107.7,Mexico,Batopilas [porcu/main.csv]
Cu,27.0517,-108.3411,Mexico,Bahuerachi [porcu/main.csv]
Cu,27.1083,58.1,Iran,Mahallaty2 [sir20105090z/pcu_deps_pros.csv]
Cu,27.1104,-107.7106,Mexico,Cerro Colorado (Batopilas) [sir20105090z/pcu_deps_pros.csv]
Cu,27.1493,119.327,China,Wangjiazhuang [sir20105090z/pcu_deps_pros.csv]
Cu,27.1628,-109.0123,Mexico,Piedras Verdes [sir20105090z/pcu_deps_pros.csv]
Cu,27.1667,-112.5,Mexico,Boleo [sedcu/main.csv]
Cu,27.1681,-109.0194,Mexico,Piedras  Verdes [porcu/main.csv]
Cu,27.275,-103.673,Mexico,Sierra Mojada [ofr20051294/deposit.csv]
Cu,27.283,-112.3,Mexico,El Boleo [ofr20051294/deposit.csv]
Cu,27.3298,-112.3065,Mexico,Boleo [sir20105090z/sedcu_deps_pros.csv]
Cu,27.333,-112.35,Mexico,Santa Rosalia [ofr20051294/deposit.csv]
Cu,27.4,101.1333,China,Xifanping [porcu/main.csv]
Cu,27.4332,-114.3007,Mexico,El Datilon [sir20105090z/pcu_deps_pros.csv]
Cu,27.4906,101.0175,China,Xifanping [sir20105090z/pcu_deps_pros.csv]
Cu,27.6076,-109.3667,Mexico,Batacosa [sir20105090z/pcu_deps_pros.csv]
Cu,27.8156,99.8388,China,A're [sir20105090z/pcu_deps_pros.csv]
Cu,27.8833,59.9833,Iran,Piruzkey [sir20105090z/pcu_deps_pros.csv]
Cu,27.9027,99.8654,China,Osaila [sir20105090z/pcu_deps_pros.csv]
Cu,27.9551,99.8572,China,Chundu [sir20105090z/pcu_deps_pros.csv]
Cu,27.9833,62.0833,Iran,Shah-Kuh [sir20105090z/pcu_deps_pros.csv]
Cu,27.9933,-113.429,Mexico,Arco Sur [sir20105090z/pcu_deps_pros.csv]
Cu,28.0089,99.8095,China,Xuejiping [sir20105090z/pcu_deps_pros.csv]
Cu,28.0328,-113.3969,Mexico,El Arco [sir20105090z/pcu_deps_pros.csv]
Cu,28.0333,-113.5667,Mexico,El  Arco [porcu/main.csv]
Cu,28.0333,99.8333,China,Pulang [porcu/main.csv]
Cu,28.0385,99.9864,China,Pulang [sir20105090z/pcu_deps_pros.csv]
Cu,28.0597,75.7944,India,Khetri [ofr20051294/deposit.csv]
Cu,28.1144,99.8064,China,Lannitang [sir20105090z/pcu_deps_pros.csv]
Cu,28.1284,99.889,China,Hongshan [sir20105090z/pcu_deps_pros.csv]
Cu,28.1385,99.8345,China,Gaochiping [sir20105090z/pcu_deps_pros.csv]
Cu,28.1437,99.9615,China,Songnuo [sir20105090z/pcu_deps_pros.csv]
Cu,28.1763,99.8906,China,Qiansui [sir20105090z/pcu_deps_pros.csv]
Cu,28.1952,99.9723,China,Langdu [sir20105090z/pcu_deps_pros.csv]
Cu,28.1983,117.762,China,Yongping [sir20105090z/pcu_deps_pros.csv]
Cu,28.2167,117.8,China,Yongping [ofr20051294/deposit.csv]
Cu,28.2504,58.7991,Iran,Raigan [sir20105090z/pcu_deps_pros.csv]
Cu,28.2667,-9.2333,Morocco,Adrar Ouanas [sedcu/main.csv]
Cu,28.3861,-109.6569,Mexico,Cuatro  Hermanos [porcu/main.csv]
Cu,28.388,-109.645,Mexico,Cuatro Hermanos [sir20105090z/pcu_deps_pros.csv]
Cu,28.3947,-109.1496,Mexico,Los Verdes [sir20105090z/pcu_deps_pros.csv]
Cu,28.3994,-109.8021,Mexico,Suaqui Verde [sir20105090z/pcu_deps_pros.csv]
Cu,28.4114,-109.8031,Mexico,Suaqui  Verde [porcu/main.csv]
Cu,28.4333,-109.3833,Mexico,Luz  del  Cobre [porcu/main.csv]
Cu,28.5266,-109.6214,Mexico,Aurora [sir20105090z/pcu_deps_pros.csv]
Cu,28.5523,99.9515,China,Zhujiding [sir20105090z/pcu_deps_pros.csv]
Cu,28.6,101.8,China,Liwu [vms/main.csv]
Cu,28.6045,-109.7149,Mexico,San Javier [sir20105090z/pcu_deps_pros.csv]
Cu,28.6274,-109.6422,Mexico,Luz del Cobre [sir20105090z/pcu_deps_pros.csv]
Cu,28.65,-108.7417,Mexico,Mulatos (district) [ofr20051294/deposit.csv]
Cu,28.6511,60.9655,Iran,Bidester [sir20105090z/pcu_deps_pros.csv]
Cu,28.6667,115.8333,China,Chengmenshan [ofr20051294/deposit.csv]
Cu,28.7266,60.9317,Iran,Kharestan [sir20105090z/pcu_deps_pros.csv]
Cu,28.75,57.8583,Iran,Dar Hamzeh [sir20105090z/pcu_deps_pros.csv]
Cu,28.85,117.4833,China,Yinshan [ofr20051294/deposit.csv]
Cu,28.8976,33.3699,Egypt,Wadi Maghara [sir20105090z/sedcu_deps_pros.csv]
Cu,28.9,57.2333,Iran,Raigan [porcu/main.csv]
Cu,28.92,118.317,China,Heishanling [sir20105090z/pcu_deps_pros.csv]
Cu,28.95,57.6667,Iran,Razi Abad-Madin [sir20105090z/pcu_deps_pros.csv]
Cu,28.9667,32.4667,Egypt,Sarabit Al Khadin [sedcu/main.csv]
Cu,28.9718,117.596,China,Yinshan [sir20105090z/pcu_deps_pros.csv]
Cu,29.0083,57.6667,Iran,Zavarak [sir20105090z/pcu_deps_pros.csv]
Cu,29.0167,117.5833,China,Dexing [ofr20051294/deposit.csv]
Cu,29.0189,117.7297,China,Dexing [porcu/main.csv]
Cu,29.0201,33.3605,Egypt,Wadi Abu Hamata [sir20105090z/sedcu_deps_pros.csv]
Cu,29.0271,33.3556,Egypt,Wadi Baba [sir20105090z/sedcu_deps_pros.csv]
Cu,29.0281,33.387,Egypt,Wadi Nasib [sir20105090z/sedcu_deps_pros.csv]
Cu,29.0342,33.3741,Egypt,Wadi Abu Thora [sir20105090z/sedcu_deps_pros.csv]
Cu,29.0367,33.4592,Egypt,Serabit el-Khadim [sir20105090z/sedcu_deps_pros.csv]
Cu,29.05,57.3083,Iran,Zamin Hosein [sir20105090z/pcu_deps_pros.csv]
Cu,29.0505,33.3489,Egypt,Wadi Kharig [sir20105090z/sedcu_deps_pros.csv]
Cu,29.0583,57.4917,Iran,Bahr Aseman [sir20105090z/pcu_deps_pros.csv]
Cu,29.071,62.594,Pakistan,Darband Chah [sir20105090z/pcu_deps_pros.csv]
Cu,29.0878,62.1364,Pakistan,Reko Diq H36 [sir20105090z/pcu_deps_pros.csv]
Cu,29.0917,57.325,Iran,Sargod [sir20105090z/pcu_deps_pros.csv]
Cu,29.0917,57.45,Iran,Janga [sir20105090z/pcu_deps_pros.csv]
Cu,29.092,62.1271,Pakistan,Reko Diq H3 [sir20105090z/pcu_deps_pros.csv]
Cu,29.0932,62.0959,Pakistan,Reko Diq H27 [sir20105090z/pcu_deps_pros.csv]
Cu,29.0933,62.1147,Pakistan,Reko Diq H9 [sir20105090z/pcu_deps_pros.csv]
Cu,29.0951,33.3792,Egypt,Wadi Ikhfi [sir20105090z/sedcu_deps_pros.csv]
Cu,29.0952,62.1601,Pakistan,Pharra Koh [sir20105090z/pcu_deps_pros.csv]
Cu,29.1006,62.0814,Pakistan,Reko Diq H7 [sir20105090z/pcu_deps_pros.csv]
Cu,29.1097,62.0544,Pakistan,Reko Diq H13 [sir20105090z/pcu_deps_pros.csv]
Cu,29.1114,63.7436,Pakistan,Ting-Dargun [sir20105090z/pcu_deps_pros.csv]
Cu,29.1122,62.1017,Pakistan,Tanjeel [sir20105090z/pcu_deps_pros.csv]
Cu,29.1135,62.2394,Pakistan,Sam Koh [sir20105090z/pcu_deps_pros.csv]
Cu,29.1146,62.1169,Pakistan,Reko Diq H10 [sir20105090z/pcu_deps_pros.csv]
Cu,29.1196,62.1372,Pakistan,Reko Diq H12 [sir20105090z/pcu_deps_pros.csv]
Cu,29.12,62.8371,Pakistan,Koh-i-Sultan [sir20105090z/pcu_deps_pros.csv]
Cu,29.1225,62.1942,Pakistan,Koh-i-Dalil [porcu/main.csv]
Cu,29.1228,62.0789,Pakistan,Reko  Diq [porcu/main.csv]
Cu,29.1267,62.0511,Pakistan,Reko Diq H14 [sir20105090z/pcu_deps_pros.csv]
Cu,29.1325,62.2058,Pakistan,Koh-i-Dalil [sir20105090z/pcu_deps_pros.csv]
Cu,29.1333,62.0333,Pakistan,Reko Diq [ofr20051294/deposit.csv]
Cu,29.1339,62.0622,Pakistan,Reko Diq H15 [sir20105090z/pcu_deps_pros.csv]
Cu,29.1422,62.0672,Pakistan,Reko Diq H79 [sir20105090z/pcu_deps_pros.csv]
Cu,29.1548,62.2005,Pakistan,North Koh-i-Dalil [sir20105090z/pcu_deps_pros.csv]
Cu,29.1614,62.0681,Pakistan,Bukit Pashir [sir20105090z/pcu_deps_pros.csv]
Cu,29.1667,57.5833,Iran,Jushin [sir20105090z/pcu_deps_pros.csv]
Cu,29.1833,-110.7235,Mexico,Picacho [sir20105090z/pcu_deps_pros.csv]
Cu,29.2,57.2667,Iran,Sin Abad [sir20105090z/pcu_deps_pros.csv]
Cu,29.2075,63.7275,Pakistan,Machi [sir20105090z/pcu_deps_pros.csv]
Cu,29.2265,61.646,Pakistan,Amalaf [sir20105090z/pcu_deps_pros.csv]
Cu,29.2279,61.8448,Pakistan,Dasht-i-Goran [sir20105090z/pcu_deps_pros.csv]
Cu,29.2342,63.9006,Pakistan,Ziarate [sir20105090z/pcu_deps_pros.csv]
Cu,29.2439,61.9172,Pakistan,Sor Baroot [sir20105090z/pcu_deps_pros.csv]
Cu,29.25,32.4667,Egypt,W Araba [sedcu/main.csv]
Cu,29.25,53.75,Iran,Kuhne Mes [sedcu/main.csv]
Cu,29.2506,61.615,Pakistan,Saindak [sir20105090z/pcu_deps_pros.csv]
Cu,29.2532,91.8562,China,Mingze [sir20105090z/pcu_deps_pros.csv]
Cu,29.2542,56.9635,Iran,Rabor [sir20105090z/pcu_deps_pros.csv]
Cu,29.2681,91.9087,China,Chongmuda [sir20105090z/pcu_deps_pros.csv]
Cu,29.2708,61.5847,Pakistan,Saindak [porcu/main.csv]
Cu,29.2708,61.6056,Pakistan,Saindak [ofr20051294/deposit.csv]
Cu,29.2717,32.4535,Egypt,Wadi Araba [sir20105090z/sedcu_deps_pros.csv]
Cu,29.2833,106.2,China,OmeiHsien [sedcu/main.csv]
Cu,29.2917,57.4833,Iran,Surakh Mar2 [sir20105090z/pcu_deps_pros.csv]
Cu,29.3155,91.8038,China,Liebu [sir20105090z/pcu_deps_pros.csv]
Cu,29.3167,57.4417,Iran,Surakh Mar1 [sir20105090z/pcu_deps_pros.csv]
Cu,29.3583,56.7667,Iran,Lalleh Zar F4 [sir20105090z/pcu_deps_pros.csv]
Cu,29.3603,88.6856,China,Tangbai [sir20105090z/pcu_deps_pros.csv]
Cu,29.3629,88.4301,China,Xietongmen [sir20105090z/pcu_deps_pros.csv]
Cu,29.3633,-105.0694,Mexico,Las Vigas [sedcu/main.csv]
Cu,29.3667,-111.2833,Mexico,"Colorada (El Creston deposit, La Colorado mine, Gran Central mine, La Verde mine) [ofr20051294/deposit.csv]"
Cu,29.3667,57.3083,Iran,Guro [sir20105090z/pcu_deps_pros.csv]
Cu,29.3719,63.2892,Pakistan,Kirtaka [sir20105090z/pcu_deps_pros.csv]
Cu,29.3753,88.3497,China,Zemoduola [sir20105090z/pcu_deps_pros.csv]
Cu,29.3833,-9.0333,Morocco,Agoujgal [sedcu/main.csv]
Cu,29.3833,57.2167,Iran,Bondar Hanza [sir20105090z/pcu_deps_pros.csv]
Cu,29.3833,88.3833,China,Dongga [porcu/main.csv]
Cu,29.3917,56.8833,Iran,Lalleh Zar F3 [sir20105090z/pcu_deps_pros.csv]
Cu,29.395,63.608,Pakistan,Ganshero [sir20105090z/pcu_deps_pros.csv]
Cu,29.3951,-111.3029,Mexico,La Sierrita/La Cobriza [sir20105090z/pcu_deps_pros.csv]
Cu,29.4,57.1417,Iran,Sar Mashk [sir20105090z/pcu_deps_pros.csv]
Cu,29.4,64.1417,Pakistan,Ziarat  Pir  Sultan [porcu/main.csv]
Cu,29.4016,88.4509,China,Banongla [sir20105090z/pcu_deps_pros.csv]
Cu,29.4167,57.1,Iran,Dar Alu [sir20105090z/pcu_deps_pros.csv]
Cu,29.4327,64.4712,Pakistan,Buzgawanan [sir20105090z/pcu_deps_pros.csv]
Cu,29.4333,87.5333,China,Zhunuo [porcu/main.csv]
Cu,29.4556,64.3774,Pakistan,Ziarat Pir Sultan [sir20105090z/pcu_deps_pros.csv]
Cu,29.4604,64.4927,Pakistan,Ziarat Malik Karkam [sir20105090z/pcu_deps_pros.csv]
Cu,29.465,117.336,China,Dingjiashan [sir20105090z/pcu_deps_pros.csv]
Cu,29.4667,57.4417,Iran,Godar Siah1 [sir20105090z/pcu_deps_pros.csv]
Cu,29.4667,90.8167,China,Nanmu [porcu/main.csv]
Cu,29.4833,56.6917,Iran,Hararan [sir20105090z/pcu_deps_pros.csv]
Cu,29.4873,90.0531,China,Zongxun [sir20105090z/pcu_deps_pros.csv]
Cu,29.4957,64.2588,Pakistan,Kabul Koh [sir20105090z/pcu_deps_pros.csv]
Cu,29.5167,88.5667,China,Xietongmen [porcu/main.csv]
Cu,29.5213,91.4265,China,Lakang’e [sir20105090z/pcu_deps_pros.csv]
Cu,29.55,90.05,China,Tinggong [porcu/main.csv]
Cu,29.5544,64.5042,Pakistan,Dasht-e-Kain [porcu/main.csv]
Cu,29.556,64.604,Pakistan,Dasht-e-Kain [sir20105090z/pcu_deps_pros.csv]
Cu,29.5573,89.9987,China,Dubuqu [sir20105090z/pcu_deps_pros.csv]
Cu,29.5772,91.7835,China,Xiangbeishan [sir20105090z/pcu_deps_pros.csv]
Cu,29.5833,56.2583,Iran,Bolboly [sir20105090z/pcu_deps_pros.csv]
Cu,29.5833,90.0,China,Chonjiang [porcu/main.csv]
Cu,29.5833,91.4833,China,Lakange [porcu/main.csv]
Cu,29.5917,56.1833,Iran,Chahar Gonbad [sir20105090z/pcu_deps_pros.csv]
Cu,29.5917,56.225,Iran,Takht Boneh [sir20105090z/pcu_deps_pros.csv]
Cu,29.5917,56.2917,Iran,Takht [sir20105090z/pcu_deps_pros.csv]
Cu,29.5939,90.048,China,Tinggong [sir20105090z/pcu_deps_pros.csv]
Cu,29.5958,89.9514,China,Ganjiang [sir20105090z/pcu_deps_pros.csv]
Cu,29.6,91.5833,China,Qulong [porcu/main.csv]
Cu,29.6073,92.5763,China,Demingding [sir20105090z/pcu_deps_pros.csv]
Cu,29.6167,56.5167,Iran,Bid Khan [sir20105090z/pcu_deps_pros.csv]
Cu,29.6251,91.5938,China,Qulong [sir20105090z/pcu_deps_pros.csv]
Cu,29.6553,87.4689,China,Zhunuo [sir20105090z/pcu_deps_pros.csv]
Cu,29.6762,92.678,China,Chuibaizi [sir20105090z/pcu_deps_pros.csv]
Cu,29.6813,115.805,China,Chengmenshan [sir20105090z/pcu_deps_pros.csv]
Cu,29.6833,88.9333,China,Jiru [porcu/main.csv]
Cu,29.6833,115.8333,China,Chengmenshan [porcu/main.csv]
Cu,29.6856,88.7813,China,Jiru [sir20105090z/pcu_deps_pros.csv]
Cu,29.6917,91.7517,China,Jiama [porcu/main.csv]
Cu,29.7028,91.7647,China,Jiama [sir20105090z/pcu_deps_pros.csv]
Cu,29.726,60.881,Iran,Kuh-e-Lar [sir20105090z/pcu_deps_pros.csv]
Cu,29.7333,34.9667,Israel,Hare Hakhlil [sedcu/main.csv]
Cu,29.75,115.68,China,Wushan [ofr20051294/deposit.csv]
Cu,29.7555,34.98,Israel,Timna [sir20105090z/sedcu_deps_pros.csv]
Cu,29.7667,34.95,Israel,Timna [sedcu/main.csv]
Cu,29.7833,34.975,Israel,Har Timna [sedcu/main.csv]
Cu,29.7885,34.9386,Israel,Red Canyon [sir20105090z/sedcu_deps_pros.csv]
Cu,29.805,-104.4028,United States,Red  Hills [porcu/main.csv]
Cu,29.8092,115.4481,China,Fengshandong [porcu/main.csv]
Cu,29.8098,35.0086,Israel,Nahal Mangan [sir20105090z/sedcu_deps_pros.csv]
Cu,29.8167,56.125,Iran,Ab Talkhun [sir20105090z/pcu_deps_pros.csv]
Cu,29.8189,115.449,China,Fengshandong [sir20105090z/pcu_deps_pros.csv]
Cu,29.827,55.996,Iran,Bagh Khoshk [sir20105090z/pcu_deps_pros.csv]
Cu,29.8333,98.5333,China,Mamupu [porcu/main.csv]
Cu,29.8574,92.2948,China,Xiamari [sir20105090z/pcu_deps_pros.csv]
Cu,29.8667,56.075,Iran,Kuh Panj Kherad [sir20105090z/pcu_deps_pros.csv]
Cu,29.8725,-109.9619,Mexico,Cumobabi [porcu/main.csv]
Cu,29.8767,-109.9854,Mexico,Cobre Rico [sir20105090z/pcu_deps_pros.csv]
Cu,29.88,55.8994,Iran,Darrehzar [porcu/main.csv]
Cu,29.8833,55.9833,Iran,Bid Kheiry [sir20105090z/pcu_deps_pros.csv]
Cu,29.8833,56.0667,Iran,Kuh Panj [sir20105090z/pcu_deps_pros.csv]
Cu,29.8838,55.909,Iran,Darreh Zar [sir20105090z/pcu_deps_pros.csv]
Cu,29.889,55.998,Iran,Bandebagh [sir20105090z/pcu_deps_pros.csv]
Cu,29.895,-110.0678,Mexico,Washington [sir20105090z/pcu_deps_pros.csv]
Cu,29.9083,55.75,Iran,Hosein Abad [sir20105090z/pcu_deps_pros.csv]
Cu,29.91,120.5128,China,Xiqiu [vms/main.csv]
Cu,29.9105,93.0674,China,Tangbula [sir20105090z/pcu_deps_pros.csv]
Cu,29.9149,91.9663,China,Bangpu [sir20105090z/pcu_deps_pros.csv]
Cu,29.9167,55.8833,Iran,Sar Cheshmeh [ofr20051294/deposit.csv]
Cu,29.9167,98.5833,China,Jicuo [porcu/main.csv]
Cu,29.9288,98.626,China,Mamupu [sir20105090z/pcu_deps_pros.csv]
Cu,29.9333,55.85,Iran,Now Chun [sir20105090z/pcu_deps_pros.csv]
Cu,29.935,55.817,Iran,Sar Kuh [sir20105090z/pcu_deps_pros.csv]
Cu,29.945,55.8619,Iran,Sar  Cheshmeh [porcu/main.csv]
Cu,29.9503,55.8721,Iran,Sar Cheshmeh [sir20105090z/pcu_deps_pros.csv]
Cu,29.9737,55.9121,Iran,Seridune [sir20105090z/pcu_deps_pros.csv]
Cu,29.9917,55.9917,Iran,Dehsiahan [sir20105090z/pcu_deps_pros.csv]
Cu,29.9917,56.0333,Iran,Sar Bagh [sir20105090z/pcu_deps_pros.csv]
Cu,29.9965,114.973,China,Baiyunshan [sir20105090z/pcu_deps_pros.csv]
Cu,29.9987,114.839,China,Tongchankou [sir20105090z/pcu_deps_pros.csv]
Cu,30.0,103.0,China,ChienChupa [sedcu/main.csv]
Cu,30.0244,98.5561,China,Jicuo [sir20105090z/pcu_deps_pros.csv]
Cu,30.0333,98.5167,China,Seli [porcu/main.csv]
Cu,30.0625,-8.4083,Morocco,Iminirfi [sedcu/main.csv]
Cu,30.0784,-112.4947,Mexico,La Fortuna [sir20105090z/pcu_deps_pros.csv]
Cu,30.0944,-8.35,Morocco,Talat n Ouamane [sedcu/main.csv]
Cu,30.1667,114.8,China,Tongchankou [porcu/main.csv]
Cu,30.1741,55.0668,Iran,W-Shahrebabak [sir20105090z/pcu_deps_pros.csv]
Cu,30.1756,98.5798,China,Seli [sir20105090z/pcu_deps_pros.csv]
Cu,30.1799,92.6844,China,Sharang [sir20105090z/pcu_deps_pros.csv]
Cu,30.1833,59.9986,Iran,Chehel Kureh [sedcu/main.csv]
Cu,30.2125,55.4361,Iran,Golab [sir20105090z/pcu_deps_pros.csv]
Cu,30.2137,55.4237,Iran,SW-Golab [sir20105090z/pcu_deps_pros.csv]
Cu,30.2167,55.7,Iran,Kuh-e-Sorkh [sir20105090z/pcu_deps_pros.csv]
Cu,30.2232,55.2713,Iran,Abdar2 [sir20105090z/pcu_deps_pros.csv]
Cu,30.2328,60.118,Iran,Chehelkureh [sir20105090z/pcu_deps_pros.csv]
Cu,30.2388,55.4318,Iran,Kohe Medvar [sir20105090z/pcu_deps_pros.csv]
Cu,30.2527,55.1114,Iran,Koh Golab [sir20105090z/pcu_deps_pros.csv]
Cu,30.256,-109.6982,Mexico,La Bella Esperanza [sir20105090z/pcu_deps_pros.csv]
Cu,30.2623,35.3187,Jordan,Wadi Abu Khushaybah [sir20105090z/sedcu_deps_pros.csv]
Cu,30.2688,55.4795,Iran,Badamestan [sir20105090z/pcu_deps_pros.csv]
Cu,30.2764,55.0999,Iran,E-Medvar [sir20105090z/pcu_deps_pros.csv]
Cu,30.287,55.4093,Iran,SW-Pishosta [sir20105090z/pcu_deps_pros.csv]
Cu,30.2897,55.4008,Iran,Darkhooni [sir20105090z/pcu_deps_pros.csv]
Cu,30.3,-109.5,Mexico,La Caridad [ofr20051294/deposit.csv]
Cu,30.3035,55.3094,Iran,Abdar silicat v. [sir20105090z/pcu_deps_pros.csv]
Cu,30.3106,55.3155,Iran,Abdar1 [sir20105090z/pcu_deps_pros.csv]
Cu,30.3144,-109.5594,Mexico,La Caridad [sir20105090z/pcu_deps_pros.csv]
Cu,30.3181,-109.5567,Mexico,La  Caridad [porcu/main.csv]
Cu,30.3333,-6.45,Morocco,Bleida [ofr20051294/deposit.csv]
Cu,30.3333,55.6333,Iran,Palangy [sir20105090z/pcu_deps_pros.csv]
Cu,30.3339,-109.6328,Mexico,Pilares [porcu/main.csv]
Cu,30.3341,55.4896,Iran,Goori [sir20105090z/pcu_deps_pros.csv]
Cu,30.3705,56.5247,Iran,Kuh-e-Rig [sir20105090z/pcu_deps_pros.csv]
Cu,30.3726,56.4145,Iran,Kuh-e-Gabri [sir20105090z/pcu_deps_pros.csv]
Cu,30.3745,55.1113,Iran,Hemashk [sir20105090z/pcu_deps_pros.csv]
Cu,30.3757,55.1485,Iran,NW-Bandovan [sir20105090z/pcu_deps_pros.csv]
Cu,30.3813,55.1401,Iran,N-Kamkoiye [sir20105090z/pcu_deps_pros.csv]
Cu,30.3839,-109.7306,Mexico,La  Florida [porcu/main.csv]
Cu,30.3976,55.0133,Iran,Kahtokarha [sir20105090z/pcu_deps_pros.csv]
Cu,30.3984,55.0158,Iran,Chah-Firuzeh [sir20105090z/pcu_deps_pros.csv]
Cu,30.4,55.147,Iran,SE-Chah Messi [sir20105090z/pcu_deps_pros.csv]
Cu,30.4008,55.1136,Iran,Darbiduye silcat v. [sir20105090z/pcu_deps_pros.csv]
Cu,30.4009,55.4933,Iran,SE-Hamdin [sir20105090z/pcu_deps_pros.csv]
Cu,30.401,55.1263,Iran,S-Meiduk1 [sir20105090z/pcu_deps_pros.csv]
Cu,30.4049,55.1429,Iran,Chah Messi [sir20105090z/pcu_deps_pros.csv]
Cu,30.4111,55.1231,Iran,E-Meiduk station [sir20105090z/pcu_deps_pros.csv]
Cu,30.4134,55.1667,Iran,S-Silicate vein [sir20105090z/pcu_deps_pros.csv]
Cu,30.4142,55.1104,Iran,W-Meiduk station [sir20105090z/pcu_deps_pros.csv]
Cu,30.4167,35.25,Jordan,Abu Kashabia [sedcu/main.csv]
Cu,30.4206,55.1672,Iran,Meiduk [porcu/main.csv]
Cu,30.4256,55.174,Iran,Meiduk [sir20105090z/pcu_deps_pros.csv]
Cu,30.4285,55.1374,Iran,NW-Meiduk [sir20105090z/pcu_deps_pros.csv]
Cu,30.4417,55.1667,Iran,Lachah [sir20105090z/pcu_deps_pros.csv]
Cu,30.4442,98.5647,China,Gegongnong [sir20105090z/pcu_deps_pros.csv]
Cu,30.4489,55.0692,Iran,Dare Tangle [sir20105090z/pcu_deps_pros.csv]
Cu,30.4496,-109.7714,Mexico,El Batamote [sir20105090z/pcu_deps_pros.csv]
Cu,30.4511,55.138,Iran,Sara [sir20105090z/pcu_deps_pros.csv]
Cu,30.4627,55.1075,Iran,Darbiduye [sir20105090z/pcu_deps_pros.csv]
Cu,30.4667,-7.5,Morocco,Tirzzitt [sedcu/main.csv]
Cu,30.4667,98.5,China,Gegongnong [porcu/main.csv]
Cu,30.4819,-109.7528,Mexico,El  Batamote [porcu/main.csv]
Cu,30.4833,54.9833,Iran,Serenu [sir20105090z/pcu_deps_pros.csv]
Cu,30.4959,55.3365,Iran,Reshkan [sir20105090z/pcu_deps_pros.csv]
Cu,30.5333,54.9583,Iran,Iju [sir20105090z/pcu_deps_pros.csv]
Cu,30.584,60.4469,Iran,Kuh-e-Seyasteragi [sir20105090z/pcu_deps_pros.csv]
Cu,30.595,54.983,Iran,God-e-Kolvary [sir20105090z/pcu_deps_pros.csv]
Cu,30.597,35.5116,Jordan,Um El Amad [sir20105090z/sedcu_deps_pros.csv]
Cu,30.6,35.4167,Jordan,Fenan [sedcu/main.csv]
Cu,30.6069,60.2263,Iran,Kuh-e-Assagie [sir20105090z/pcu_deps_pros.csv]
Cu,30.6167,54.75,Iran,Kader [sir20105090z/pcu_deps_pros.csv]
Cu,30.6494,35.5103,Jordan,Feinan [sir20105090z/sedcu_deps_pros.csv]
Cu,30.6667,105.0667,China,DaTongChang [sedcu/main.csv]
Cu,30.7144,35.4613,Jordan,Khirbet El Nahas [sir20105090z/sedcu_deps_pros.csv]
Cu,30.7833,-9.1,Morocco,Argana [sedcu/main.csv]
Cu,30.8,-7.75,Morocco,Zgounder [ofr20051294/deposit.csv]
Cu,30.8448,-110.2009,Mexico,El Alacran [sir20105090z/pcu_deps_pros.csv]
Cu,30.854,117.38,China,Bamaoshan [sir20105090z/pcu_deps_pros.csv]
Cu,30.8972,117.8136,China,Huangshilaoshan [ofr20051294/deposit.csv]
Cu,30.9183,117.9767,China,Xinqiao [ofr20051294/deposit.csv]
Cu,30.9333,117.7833,China,Tongquanshan [ofr20051294/deposit.csv]
Cu,30.9542,-110.3167,Mexico,Cananea [porcu/main.csv]
Cu,30.9684,117.445,China,Jingbian [sir20105090z/pcu_deps_pros.csv]
Cu,30.9986,98.0165,China,Malasongduo [sir20105090z/pcu_deps_pros.csv]
Cu,31.0,97.95,China,Malasongduo [porcu/main.csv]
Cu,31.0006,51.335,Iran,Khanega [sedcu/main.csv]
Cu,31.0391,97.9542,China,Duoxiasongduo [sir20105090z/pcu_deps_pros.csv]
Cu,31.0445,-110.4262,Mexico,Mariquita [sir20105090z/pcu_deps_pros.csv]
Cu,31.0537,85.9709,China,Ri'a [sir20105090z/pcu_deps_pros.csv]
Cu,31.0556,-110.4208,Mexico,Mariquita [porcu/main.csv]
Cu,31.0833,97.8667,China,Duoxiasongduo [porcu/main.csv]
Cu,31.113,-110.4278,Mexico,Milpillas [sir20105090z/pcu_deps_pros.csv]
Cu,31.1167,-110.45,Mexico,Milpillas [porcu/main.csv]
Cu,31.126,59.275,Iran,Deh-Salm [sir20105090z/pcu_deps_pros.csv]
Cu,31.15,97.8833,China,Duoxiasonduo [ofr20051294/deposit.csv]
Cu,31.16,-5.79,Morocco,Tiouit [ofr20051294/deposit.csv]
Cu,31.1667,97.2333,China,Qamdo [sedcu/main.csv]
Cu,31.1667,98.15,China,Malasongduo [ofr20051294/deposit.csv]
Cu,31.1719,97.8877,China,Mangzhong [sir20105090z/pcu_deps_pros.csv]
Cu,31.1833,99.5333,China,Gacun [vms/main.csv]
Cu,31.1833,117.2667,China,Shaxi [porcu/main.csv]
Cu,31.186,60.367,Iran,Kuh-e-Janja [sir20105090z/pcu_deps_pros.csv]
Cu,31.2,97.8,China,Mangzhong [porcu/main.csv]
Cu,31.2043,97.8152,China,Zhanaga [sir20105090z/pcu_deps_pros.csv]
Cu,31.2058,-110.6736,Mexico,El Pilar [sir20105090z/pcu_deps_pros.csv]
Cu,31.231,-111.9179,Mexico,Los Humos [sir20105090z/pcu_deps_pros.csv]
Cu,31.25,97.7333,China,Zhanaga [porcu/main.csv]
Cu,31.25,99.5667,China,Xiacun [vms/main.csv]
Cu,31.3644,-8.0558,Morocco,Hajar [vms/main.csv]
Cu,31.3667,111.7667,China,TungKung [sedcu/main.csv]
Cu,31.3998,-110.737,United States,Four Metals [sir20105090z/pcu_deps_pros.csv]
Cu,31.4,97.7333,China,Yulong [porcu/main.csv]
Cu,31.4006,88.9311,China,Shesuo [sir20105090z/pcu_deps_pros.csv]
Cu,31.4096,97.7303,China,Yulong [sir20105090z/pcu_deps_pros.csv]
Cu,31.43,-109.91,United States,Copper Queen [ofr20051294/deposit.csv]
Cu,31.4319,-109.9014,United States,Bisbee [porcu/main.csv]
Cu,31.4511,-110.7461,United States,Sunnyside [porcu/main.csv]
Cu,31.4581,97.5772,China,Hengxingcuo [sir20105090z/pcu_deps_pros.csv]
Cu,31.4616,-110.7713,United States,Ventura [sir20105090z/pcu_deps_pros.csv]
Cu,31.4833,97.35,China,Hengxingcuo [porcu/main.csv]
Cu,31.49,-110.72,United States,Red  Mountain [porcu/main.csv]
Cu,31.5,-2.9667,Algeria,Merija [sedcu/main.csv]
Cu,31.562,53.828,Iran,Darreh-Zerreshk [sir20105090z/pcu_deps_pros.csv]
Cu,31.5667,99.3,China,Gayiqiong [vms/main.csv]
Cu,31.5764,53.8233,Iran,Darreh-Zerreshk [porcu/main.csv]
Cu,31.6333,97.9167,China,Yulong [ofr20051294/deposit.csv]
Cu,31.649,53.828,Iran,Ali-Abad [sir20105090z/pcu_deps_pros.csv]
Cu,31.6592,53.8497,Iran,Ali-Abad [porcu/main.csv]
Cu,31.6833,97.1333,China,Xiariduo [porcu/main.csv]
Cu,31.6969,118.7065,China,Taipingshan [sir20105090z/pcu_deps_pros.csv]
Cu,31.7191,97.3476,China,Xiariduo [sir20105090z/pcu_deps_pros.csv]
Cu,31.738,59.012,Iran,Chah Shalgami [sir20105090z/pcu_deps_pros.csv]
Cu,31.75,55.8,Iran,Mehdiabad [ofr20051294/deposit.csv]
Cu,31.7582,53.2725,Iran,Chah-e Khattab [sir20105090z/pcu_deps_pros.csv]
Cu,31.7681,-110.4619,United States,Two  Peaks [porcu/main.csv]
Cu,31.7739,-109.824,United States,Turquoise [sir20105090z/pcu_deps_pros.csv]
Cu,31.83,-110.76,United States,Helvetia [porcu/main.csv]
Cu,31.8694,-111.12,United States,Esperanza-Sierrita [porcu/main.csv]
Cu,31.8705,-111.1346,United States,Esperanza-Sierrita [sir20105090z/pcu_deps_pros.csv]
Cu,31.88,-111.03,United States,Twin Buttes [ofr20051294/deposit.csv]
Cu,31.88,118.7,China,Guli [sir20105090z/pcu_deps_pros.csv]
Cu,31.8833,53.7083,Iran,Khoot [sir20105090z/pcu_deps_pros.csv]
Cu,31.8842,-8.1883,Morocco,Kettara [vms/main.csv]
Cu,31.8928,-111.0353,United States,Twin  Buttes [porcu/main.csv]
Cu,31.9221,-111.0571,United States,Dynamite [sir20105090z/pcu_deps_pros.csv]
Cu,31.9667,-111.0167,United States,San  Xavier  North [porcu/main.csv]
Cu,31.9833,-111.0667,United States,Mission-Pima [porcu/main.csv]
Cu,31.9889,-111.0675,United States,Mission-Pima [sir20105090z/pcu_deps_pros.csv]
Cu,32.0176,-110.0511,United States,Dragoon [sir20105090z/pcu_deps_pros.csv]
Cu,32.0277,-111.0804,United States,San Xavier North [sir20105090z/pcu_deps_pros.csv]
Cu,32.0667,119.1,China,Anjishan [porcu/main.csv]
Cu,32.08,98.6667,China,Changdagou [sir20105090z/pcu_deps_pros.csv]
Cu,32.0831,-110.0352,United States,Gunnison [sir20105090z/pcu_deps_pros.csv]
Cu,32.0986,-110.065,United States,Johnson  Camp [porcu/main.csv]
Cu,32.1083,60.5833,Iran,Tigh Noab [sir20105090z/pcu_deps_pros.csv]
Cu,32.15,96.7667,China,Ridanguo [porcu/main.csv]
Cu,32.1834,-109.0219,United States,Steins [sir20105090z/pcu_deps_pros.csv]
Cu,32.1855,97.0537,China,Ridanguo [sir20105090z/pcu_deps_pros.csv]
Cu,32.2167,58.35,Iran,Sorkh Kuh [sir20105090z/pcu_deps_pros.csv]
Cu,32.312,-108.7533,United States,Lordsburg [sir20105090z/pcu_deps_pros.csv]
Cu,32.3128,66.5328,Afghanistan,Kundalyan [ofr20051294/deposit.csv]
Cu,32.3569,-112.8653,United States,Ajo [porcu/main.csv]
Cu,32.3583,58.8917,Iran,Sar Chah Shur [sir20105090z/pcu_deps_pros.csv]
Cu,32.3584,59.0249,Iran,Shadan [sir20105090z/pcu_deps_pros.csv]
Cu,32.36,-112.85,United States,Ajo (New Cornelia) [ofr20051294/deposit.csv]
Cu,32.3852,-110.5772,United States,Korn Kob [sir20105090z/pcu_deps_pros.csv]
Cu,32.4,-111.5,United States,Silver  Bell [porcu/main.csv]
Cu,32.4036,-111.5249,United States,Silver Bell [sir20105090z/pcu_deps_pros.csv]
Cu,32.4333,-104.25,United States,Lone Eagle [sedcu/main.csv]
Cu,32.4367,-106.5868,United States,SOL [sir20105090z/pcu_deps_pros.csv]
Cu,32.4444,-106.1174,United States,Orogrande [sir20105090z/pcu_deps_pros.csv]
Cu,32.469,52.9057,Iran,Shiraz Koh [sir20105090z/pcu_deps_pros.csv]
Cu,32.4721,59.0276,Iran,Sheik Abad [sir20105090z/pcu_deps_pros.csv]
Cu,32.4775,-110.7222,United States,Oracle Ridge [sir20105090z/pcu_deps_pros.csv]
Cu,32.489,58.916,Iran,Maher Abad [sir20105090z/pcu_deps_pros.csv]
Cu,32.52,-111.88,United States,Lakeshore (Cyprus Casa Grande; Cyprus Tohono) [ofr20051294/deposit.csv]
Cu,32.5239,-111.9047,United States,Lakeshore [porcu/main.csv]
Cu,32.553,-108.3311,United States,Gold Lake [sir20105090z/pcu_deps_pros.csv]
Cu,32.5592,72.4667,Pakistan,Jhakkar Kot [sedcu/main.csv]
Cu,32.5722,131.4472,Japan,Yoshinomoto [vms/main.csv]
Cu,32.58,-112.09,United States,Vekol  Hills [porcu/main.csv]
Cu,32.5822,-112.0599,United States,Vekol Hills [sir20105090z/pcu_deps_pros.csv]
Cu,32.5864,131.1903,Japan,Shiiba-Takaragi [vms/main.csv]
Cu,32.6167,131.4542,Japan,Makimine-Hibira [vms/main.csv]
Cu,32.6239,131.4556,Japan,Makimine [ofr20051294/deposit.csv]
Cu,32.6331,-108.3669,United States,Tyrone [porcu/main.csv]
Cu,32.644,-108.3723,United States,Tyrone [sir20105090z/pcu_deps_pros.csv]
Cu,32.665,59.063,Iran,Aghol-Kuh [sir20105090z/pcu_deps_pros.csv]
Cu,32.67,-110.67,United States,San Manuel - Kalamazoo [ofr20051294/deposit.csv]
Cu,32.6997,-110.6778,United States,San  Manuel-Kalamazoo [porcu/main.csv]
Cu,32.7184,-108.1771,United States,Lone Mountain [sir20105090z/pcu_deps_pros.csv]
Cu,32.75,-110.48,United States,Copper  Creek [porcu/main.csv]
Cu,32.75,-0.5833,Algeria,Ain Sefra [sedcu/main.csv]
Cu,32.75,35.6667,Israel,Nuqeib [sedcu/main.csv]
Cu,32.77,-0.6667,Algeria,Garat Debba [sedcu/main.csv]
Cu,32.7903,-108.0728,United States,Santa  Rita [porcu/main.csv]
Cu,32.8067,-108.1186,United States,Copper  Flat [porcu/main.csv]
Cu,32.8328,83.4406,China,Duolong [sir20105090z/pcu_deps_pros.csv]
Cu,32.833,-108.083,United States,Hannover Mountains (Fierro - Hannover) [ofr20051294/deposit.csv]
Cu,32.8333,-0.2417,Algeria,Djebel Djara [sedcu/main.csv]
Cu,32.8464,-108.0906,United States,Hannover  Mountains [porcu/main.csv]
Cu,32.85,-0.45,Algeria,Tiloula [sedcu/main.csv]
Cu,32.8667,-111.95,United States,Casa  Grande  West [porcu/main.csv]
Cu,32.8833,-109.5333,United States,Sanchez [porcu/main.csv]
Cu,32.8834,-109.5462,United States,Sanchez [sir20105090z/pcu_deps_pros.csv]
Cu,32.89,-111.86,United States,Santa Cruz [ofr20051294/deposit.csv]
Cu,32.8973,-111.8805,United States,Casa Grande West [sir20105090z/pcu_deps_pros.csv]
Cu,32.9167,-105.7997,United States,Warnock [sedcu/main.csv]
Cu,32.9257,52.4653,Iran,Kahang [sir20105090z/pcu_deps_pros.csv]
Cu,32.9333,-109.6,United States,Safford [porcu/main.csv]
Cu,32.9464,-109.6283,United States,Safford [sir20105090z/pcu_deps_pros.csv]
Cu,32.95,54.1833,Iran,Chahpalang-South [sir20105090z/pcu_deps_pros.csv]
Cu,32.9547,-111.8161,United States,Sacaton [porcu/main.csv]
Cu,32.9583,-105.7831,United States,Courtney [sedcu/main.csv]
Cu,32.97,-109.65,United States,Dos Pobres [ofr20051294/deposit.csv]
Cu,32.9703,-107.5339,United States,Copper Flat [sir20105090z/pcu_deps_pros.csv]
Cu,32.992,55.3756,Iran,Anarag [sir20105090z/pcu_deps_pros.csv]
Cu,32.999,-4.9998,Morocco,Bedaine [ofr20051294/deposit.csv]
Cu,33.0,-4.25,Morocco,Tansrift [sedcu/main.csv]
Cu,33.0292,-100.0831,United States,Copper Queen [sedcu/main.csv]
Cu,33.0361,-111.2161,United States,Red  Hills [porcu/main.csv]
Cu,33.0377,-111.4296,United States,Poston Butte [sir20105090z/pcu_deps_pros.csv]
Cu,33.06,-110.7453,United States,Christmas [porcu/main.csv]
Cu,33.0653,-110.7961,United States,Chilito [porcu/main.csv]
Cu,33.08,52.2835,Iran,Zefreh [sir20105090z/pcu_deps_pros.csv]
Cu,33.0833,-100.1667,United States,Wiley Ranch [sedcu/main.csv]
Cu,33.0833,52.9,Iran,Kuh Sang Mes [sir20105090z/pcu_deps_pros.csv]
Cu,33.09,-109.34,United States,Morenci - Metcalf [ofr20051294/deposit.csv]
Cu,33.1036,-109.3611,United States,Morenci-Metcalf [porcu/main.csv]
Cu,33.11,-111.58,United States,Mineral  Butte [porcu/main.csv]
Cu,33.1167,-111.4167,United States,Poston  Butte [porcu/main.csv]
Cu,33.1367,-111.0907,United States,Buckeye East [sir20105090z/pcu_deps_pros.csv]
Cu,33.1477,-111.063,United States,Copper Butte [sir20105090z/pcu_deps_pros.csv]
Cu,33.1599,112.292,China,Qiushuwan [sir20105090z/pcu_deps_pros.csv]
Cu,33.16,-110.97,United States,Ray [ofr20051294/deposit.csv]
Cu,33.1636,-110.9831,United States,Ray [porcu/main.csv]
Cu,33.1667,57.3583,Iran,Gazu [sir20105090z/pcu_deps_pros.csv]
Cu,33.1772,52.4799,Iran,Zafarghand [sir20105090z/pcu_deps_pros.csv]
Cu,33.1783,106.26,China,Tongchang [vms/main.csv]
Cu,33.1833,52.3667,Iran,South of Ardestan [sir20105090z/pcu_deps_pros.csv]
Cu,33.2,52.75,Iran,Kahyaz [sir20105090z/pcu_deps_pros.csv]
Cu,33.2167,-105.8331,United States,Tularosa [sedcu/main.csv]
Cu,33.2631,-100.0679,United States,Aard Copper (Farris Prospect) [sir20105090z/sedcu_deps_pros.csv]
Cu,33.2667,52.0917,Iran,Rangan [sir20105090z/pcu_deps_pros.csv]
Cu,33.2929,-111.0517,United States,Resolution [sir20105090z/pcu_deps_pros.csv]
Cu,33.3,-111.0833,United States,Resolution [porcu/main.csv]
Cu,33.306,-111.093,United States,Magma [ofr20051294/deposit.csv]
Cu,33.3097,-100.0246,United States,Hugh-Rogers [sir20105090z/sedcu_deps_pros.csv]
Cu,33.3213,80.3887,China,Garqiong [sir20105090z/pcu_deps_pros.csv]
Cu,33.3273,-111.0191,United States,Superior East [sir20105090z/pcu_deps_pros.csv]
Cu,33.3328,-110.9442,United States,Gibson [porcu/main.csv]
Cu,33.3333,-100.0581,United States,Hugh-Rogers [sedcu/main.csv]
Cu,33.3422,-110.9031,United States,Lonesome  Pine [porcu/main.csv]
Cu,33.3608,-85.8381,United States,Pyriton [vms/main.csv]
Cu,33.3761,132.1225,Japan,Takaura [vms/main.csv]
Cu,33.3781,-110.9989,United States,Superior  East [porcu/main.csv]
Cu,33.3833,53.6833,Iran,Chah Shureh [sir20105090z/pcu_deps_pros.csv]
Cu,33.3833,54.95,Iran,Tallesiah [sir20105090z/pcu_deps_pros.csv]
Cu,33.386,51.772,Iran,Kesheh [sir20105090z/pcu_deps_pros.csv]
Cu,33.399,54.238,Iran,Kale Kafi [sir20105090z/pcu_deps_pros.csv]
Cu,33.4,-110.95,United States,Castle  Dome [porcu/main.csv]
Cu,33.4,-100.0497,United States,Brazos-Wichita [sedcu/main.csv]
Cu,33.4047,-100.0894,United States,"Buzzard Peak ""B"" [sir20105090z/sedcu_deps_pros.csv]"
Cu,33.4083,-110.8754,United States,Miami-Inspiration [sir20105090z/pcu_deps_pros.csv]
Cu,33.4133,-110.9634,United States,Castle Dome [sir20105090z/pcu_deps_pros.csv]
Cu,33.42,-110.74,United States,Miami-Inspiration [porcu/main.csv]
Cu,33.4244,94.9988,China,Lurige [sir20105090z/pcu_deps_pros.csv]
Cu,33.4283,132.4281,Japan,Kanayama [vms/main.csv]
Cu,33.4325,132.2089,Japan,Hirabaya [vms/main.csv]
Cu,33.4328,-100.0099,United States,"Buzzard Peak ""C"" [sir20105090z/sedcu_deps_pros.csv]"
Cu,33.441,54.213,Iran,Khuni [sir20105090z/pcu_deps_pros.csv]
Cu,33.465,132.2944,Japan,Chushiro [vms/main.csv]
Cu,33.4667,54.55,Iran,Kale Kafi [ofr20051294/deposit.csv]
Cu,33.4717,132.38,Japan,Emine [vms/main.csv]
Cu,33.4756,-105.7406,United States,Mudpuppy-Waterdog [sir20105090z/pcu_deps_pros.csv]
Cu,33.4778,132.3061,Japan,Machimi [vms/main.csv]
Cu,33.4833,-99.95,United States,Mcfaddin [sedcu/main.csv]
Cu,33.4867,-100.0164,United States,Buzzard Peak Mine [sir20105090z/sedcu_deps_pros.csv]
Cu,33.4892,133.0758,Japan,Choja [vms/main.csv]
Cu,33.4906,132.4011,Japan,Imade-Oocuchi [vms/main.csv]
Cu,33.4936,-85.5517,United States,Stone Hill [vms/main.csv]
Cu,33.4944,-99.9442,United States,McFaddin [sir20105090z/sedcu_deps_pros.csv]
Cu,33.4998,54.068,Iran,Pyroozi [sir20105090z/pcu_deps_pros.csv]
Cu,33.5,-100.0331,United States,Buzzard Peak [sedcu/main.csv]
Cu,33.5,-99.75,United States,Alexander Ranch [sedcu/main.csv]
Cu,33.5094,132.6531,Japan,Okuki [ofr20051294/deposit.csv]
Cu,33.5139,132.6569,Japan,Okuki [vms/main.csv]
Cu,33.5276,-100.0218,United States,"Buzzard Peak ""A"" [sir20105090z/sedcu_deps_pros.csv]"
Cu,33.53,94.78,China,Narigongma [sir20105090z/pcu_deps_pros.csv]
Cu,33.5358,54.5444,Iran,Kale  Kafi [porcu/main.csv]
Cu,33.5372,132.4633,Japan,Izushi [vms/main.csv]
Cu,33.5444,-99.9366,United States,Smelter Mine (Pyron Prospect) [sir20105090z/sedcu_deps_pros.csv]
Cu,33.55,-99.9831,United States,Smelter [sedcu/main.csv]
Cu,33.567,51.867,Iran,Odeh [sir20105090z/pcu_deps_pros.csv]
Cu,33.5681,133.0853,Japan,Nanogawa [vms/main.csv]
Cu,33.6136,-99.8747,United States,unnamed [sir20105090z/sedcu_deps_pros.csv]
Cu,33.6328,132.7308,Japan,Nakayama [vms/main.csv]
Cu,33.6333,51.5833,Iran,Kahrud [sir20105090z/pcu_deps_pros.csv]
Cu,33.6342,134.3494,Japan,Asakawa [vms/main.csv]
Cu,33.6344,132.7994,Japan,Hirota [vms/main.csv]
Cu,33.6413,-114.3702,United States,Stray Elephant [sir20105090z/pcu_deps_pros.csv]
Cu,33.6611,133.9944,Japan,Akinokawa [vms/main.csv]
Cu,33.6864,132.7536,Japan,Terano [vms/main.csv]
Cu,33.7069,132.8053,Japan,Yuryo [vms/main.csv]
Cu,33.7167,49.2917,Iran,Astaneh [sir20105090z/pcu_deps_pros.csv]
Cu,33.7389,-99.911,United States,Pyron (Truscutt or Craig Ranch) [sir20105090z/sedcu_deps_pros.csv]
Cu,33.75,-99.9,United States,Pyron [sedcu/main.csv]
Cu,33.7822,-84.9169,United States,Jenny Stone [vms/main.csv]
Cu,33.783,51.567,Iran,Qamsar [sir20105090z/pcu_deps_pros.csv]
Cu,33.785,133.1631,Japan,Nishinokawa [vms/main.csv]
Cu,33.795,133.1528,Japan,Noji [vms/main.csv]
Cu,33.7997,133.25,Japan,Motoyasu [vms/main.csv]
Cu,33.8014,133.5153,Japan,Shimokawa [vms/main.csv]
Cu,33.8022,133.2,Japan,Kamegamori [vms/main.csv]
Cu,33.8083,57.1667,Iran,Kal Firuzeh [sir20105090z/pcu_deps_pros.csv]
Cu,33.8228,133.4911,Japan,Shirataki [vms/main.csv]
Cu,33.8236,132.9911,Japan,Chihara [vms/main.csv]
Cu,33.8256,133.2542,Japan,Nii [vms/main.csv]
Cu,33.829,110.133,China,Langshuisimiaoping [sir20105090z/pcu_deps_pros.csv]
Cu,33.8319,133.1544,Japan,Ryuo [vms/main.csv]
Cu,33.8472,-0.3417,Algeria,Mehirize [sedcu/main.csv]
Cu,33.8547,133.2525,Japan,Ehime [vms/main.csv]
Cu,33.8583,-85.0806,United States,Tallapoosa [vms/main.csv]
Cu,33.8667,51.1667,Iran,Sharif Abad [sir20105090z/pcu_deps_pros.csv]
Cu,33.867,52.225,Iran,Sholugh Abad [sir20105090z/pcu_deps_pros.csv]
Cu,33.867,57.804,Iran,Kuh-Robat-e-Shur [sir20105090z/pcu_deps_pros.csv]
Cu,33.8747,133.3189,Japan,Besshi [ofr20051294/deposit.csv]
Cu,33.881,111.754,China,Luocun [sir20105090z/pcu_deps_pros.csv]
Cu,33.8875,-84.7919,United States,Little Bob [vms/main.csv]
Cu,33.8986,110.283,China,Dan Feng [sir20105090z/pcu_deps_pros.csv]
Cu,33.9039,133.5425,Japan,Sazare [vms/main.csv]
Cu,33.9053,133.3189,Japan,Besshi [vms/main.csv]
Cu,33.9097,133.3933,Japan,Iyo [vms/main.csv]
Cu,33.9333,133.6358,Japan,Shingu [vms/main.csv]
Cu,33.9484,52.4151,Iran,Sarajieh [sir20105090z/pcu_deps_pros.csv]
Cu,33.97,134.2494,Japan,Nonowaki [vms/main.csv]
Cu,33.9826,52.4669,Iran,Gorgab-4 [sir20105090z/pcu_deps_pros.csv]
Cu,34.0153,133.7886,Japan,Minawa [vms/main.csv]
Cu,34.0211,134.2264,Japan,Kotsu [vms/main.csv]
Cu,34.0272,133.9839,Japan,Miyashi [vms/main.csv]
Cu,34.0289,131.3233,Japan,Higashiyama [vms/main.csv]
Cu,34.0311,134.2275,Japan,Hisamune [vms/main.csv]
Cu,34.033,52.05,Iran,Maranjab [sir20105090z/pcu_deps_pros.csv]
Cu,34.0333,-6.85,Morocco,Azegurazegour [ofr20051294/deposit.csv]
Cu,34.0382,-112.3541,United States,Sheep Mountain [sir20105090z/pcu_deps_pros.csv]
Cu,34.064,-99.8218,United States,Crowell (McClellan) [sir20105090z/sedcu_deps_pros.csv]
Cu,34.08,-112.46,United States,Sheep  Mountain [porcu/main.csv]
Cu,34.0833,-99.8331,United States,Mcclellan [sedcu/main.csv]
Cu,34.1048,-99.7538,United States,Copper Breaks [sir20105090z/sedcu_deps_pros.csv]
Cu,34.1333,-1.75,Morocco,Oued El Heimer Zellidja [ofr20051294/deposit.csv]
Cu,34.1667,-99.5167,United States,Gibbs [sedcu/main.csv]
Cu,34.1688,-113.8412,United States,Swansea [sir20105090z/pcu_deps_pros.csv]
Cu,34.175,57.75,Iran,Kajeh [sir20105090z/pcu_deps_pros.csv]
Cu,34.2,-98.2997,United States,Benson Farm [sedcu/main.csv]
Cu,34.2,59.8,Iran,Hamid Abad [sir20105090z/pcu_deps_pros.csv]
Cu,34.2268,69.2704,Afghanistan,Khundara [sir20105090z/sedcu_deps_pros.csv]
Cu,34.2274,69.368,Afghanistan,Gurghimayden [sir20105090z/sedcu_deps_pros.csv]
Cu,34.2319,69.2611,Afganistan,Khundara [sedcu/main.csv]
Cu,34.2355,69.2848,Afghanistan,Pachi [sir20105090z/sedcu_deps_pros.csv]
Cu,34.2361,135.425,Japan,Iimori [vms/main.csv]
Cu,34.2458,69.3708,Afghanistan,Batkhel IV [sir20105090z/sedcu_deps_pros.csv]
Cu,34.25,-111.0,United States,Mogollon Rim [sedcu/main.csv]
Cu,34.25,-106.5,United States,Broome [sedcu/main.csv]
Cu,34.2501,69.3917,Afghanistan,Janguzay I [sir20105090z/sedcu_deps_pros.csv]
Cu,34.2588,69.4045,Afghanistan,Janguzay II [sir20105090z/sedcu_deps_pros.csv]
Cu,34.2591,69.3774,Afghanistan,Batkhel I [sir20105090z/sedcu_deps_pros.csv]
Cu,34.2595,69.3939,Afghanistan,Janguzay III [sir20105090z/sedcu_deps_pros.csv]
Cu,34.2661,69.3006,Afganistan,Aynak [sedcu/main.csv]
Cu,34.2667,-106.4667,United States,Parker-Doyle [sedcu/main.csv]
Cu,34.2667,69.4,Afganistan,Darband [sedcu/main.csv]
Cu,34.2684,69.3118,Afghanistan,Aynak [sir20105090z/sedcu_deps_pros.csv]
Cu,34.2685,69.3853,Afghanistan,Batkhel III [sir20105090z/sedcu_deps_pros.csv]
Cu,34.2719,50.3242,Iran,Dalli [sir20105090z/pcu_deps_pros.csv]
Cu,34.2748,69.3759,Afghanistan,Batkhel II [sir20105090z/sedcu_deps_pros.csv]
Cu,34.2762,69.4081,Afghanistan,Janguzay IV [sir20105090z/sedcu_deps_pros.csv]
Cu,34.2796,69.4638,Afghanistan,Rajan [sir20105090z/sedcu_deps_pros.csv]
Cu,34.292,69.2895,Afghanistan,Akarkhel [sir20105090z/sedcu_deps_pros.csv]
Cu,34.2949,69.4327,Afghanistan,Umar [sir20105090z/sedcu_deps_pros.csv]
Cu,34.2999,69.3721,Afghanistan,Gezghay Copper [sir20105090z/sedcu_deps_pros.csv]
Cu,34.3017,-112.6326,United States,Zonia [sir20105090z/pcu_deps_pros.csv]
Cu,34.3092,69.3431,Afghanistan,Lalmi-Tanghi [sir20105090z/sedcu_deps_pros.csv]
Cu,34.31,69.213,Afghanistan,Dashtak [sir20105090z/sedcu_deps_pros.csv]
Cu,34.3135,69.194,Afghanistan,Kelaghey [sir20105090z/sedcu_deps_pros.csv]
Cu,34.3158,69.3028,Afganistan,Jawkhar [sedcu/main.csv]
Cu,34.3179,69.3126,Afghanistan,Jawkhar [sir20105090z/sedcu_deps_pros.csv]
Cu,34.32,69.205,Afghanistan,Sorbog [sir20105090z/sedcu_deps_pros.csv]
Cu,34.3319,69.2083,Afghanistan,Katasang [sir20105090z/sedcu_deps_pros.csv]
Cu,34.3323,109.954,China,Jinduicheng [sir20105090z/pcu_deps_pros.csv]
Cu,34.3343,69.2886,Afghanistan,Palanghar [sir20105090z/sedcu_deps_pros.csv]
Cu,34.3347,69.2292,Afghanistan,Kakhay [sir20105090z/sedcu_deps_pros.csv]
Cu,34.3347,69.2667,Afganistan,Zakhel [sedcu/main.csv]
Cu,34.335,69.2714,Afghanistan,Zakhel I [sir20105090z/sedcu_deps_pros.csv]
Cu,34.3409,69.3223,Afghanistan,Charwazi IV [sir20105090z/sedcu_deps_pros.csv]
Cu,34.3476,69.3039,Afghanistan,Charwazi III [sir20105090z/sedcu_deps_pros.csv]
Cu,34.3542,69.3083,Afghanistan,Barkhei [sir20105090z/sedcu_deps_pros.csv]
Cu,34.3544,69.2754,Afghanistan,Bagkhei [sir20105090z/sedcu_deps_pros.csv]
Cu,34.3568,69.2967,Afghanistan,Zakhel II [sir20105090z/sedcu_deps_pros.csv]
Cu,34.3646,69.32,Afghanistan,Charwazi II [sir20105090z/sedcu_deps_pros.csv]
Cu,34.3689,-112.3519,United States,Pine  Flat [porcu/main.csv]
Cu,34.3714,69.3293,Afghanistan,Charwazi I [sir20105090z/sedcu_deps_pros.csv]
Cu,34.3714,69.3552,Afghanistan,Kharuti II [sir20105090z/sedcu_deps_pros.csv]
Cu,34.3717,100.4433,China,Deerni [vms/main.csv]
Cu,34.3722,69.3778,Afganistan,Khurdkabul [sedcu/main.csv]
Cu,34.3722,69.39,Afghanistan,Chakari [sir20105090z/sedcu_deps_pros.csv]
Cu,34.3737,69.3656,Afghanistan,Khurdkabul [sir20105090z/sedcu_deps_pros.csv]
Cu,34.3793,100.13,China,Deemi [sir20105090z/pcu_deps_pros.csv]
Cu,34.3895,69.3535,Afghanistan,Kharuti I [sir20105090z/sedcu_deps_pros.csv]
Cu,34.3981,69.3056,Afganistan,Ghuldarra [sedcu/main.csv]
Cu,34.4004,69.3646,Afghanistan,Mirzakhan [sir20105090z/sedcu_deps_pros.csv]
Cu,34.4019,69.4048,Afghanistan,Dawrankhel [sir20105090z/sedcu_deps_pros.csv]
Cu,34.4078,60.3996,Iran,Sangan [sir20105090z/pcu_deps_pros.csv]
Cu,34.4083,52.3917,Iran,Zah [sir20105090z/pcu_deps_pros.csv]
Cu,34.4103,110.3167,China,Tongyu [vms/main.csv]
Cu,34.4108,69.2618,Afghanistan,Ghuldarra II [sir20105090z/sedcu_deps_pros.csv]
Cu,34.4235,69.2547,Afghanistan,Yagh-darra [sir20105090z/sedcu_deps_pros.csv]
Cu,34.4259,105.779,China,Taiyangshan [sir20105090z/pcu_deps_pros.csv]
Cu,34.4304,69.1326,Afghanistan,Sultan Padshah Copper [sir20105090z/sedcu_deps_pros.csv]
Cu,34.4314,69.3786,Afganistan,Taghar [sedcu/main.csv]
Cu,34.4333,-106.2997,United States,Abiquiu [sedcu/main.csv]
Cu,34.4514,68.9176,Afghanistan,unnamed [sir20105090z/sedcu_deps_pros.csv]
Cu,34.4561,-112.1933,United States,Binghampton [vms/main.csv]
Cu,34.47,68.8636,Afghanistan,unnamed [sir20105090z/sedcu_deps_pros.csv]
Cu,34.4803,-111.8653,United States,Squaw  Peak [porcu/main.csv]
Cu,34.4878,-99.4966,United States,Creta [sir20105090z/sedcu_deps_pros.csv]
Cu,34.4906,-112.5879,United States,Copper Basin [sir20105090z/pcu_deps_pros.csv]
Cu,34.4989,-112.58,United States,Copper  Basin [porcu/main.csv]
Cu,34.5,-106.4167,United States,Scholle District [sedcu/main.csv]
Cu,34.5014,-112.2569,United States,Iron King [vms/main.csv]
Cu,34.51,69.0267,Afghanistan,Khaidarabad Copper [sir20105090z/sedcu_deps_pros.csv]
Cu,34.53,58.275,Iran,Bajestan [sir20105090z/pcu_deps_pros.csv]
Cu,34.5381,-113.2292,United States,Copper Queen [vms/main.csv]
Cu,34.5464,-113.2319,United States,Bruce [vms/main.csv]
Cu,34.55,49.2667,Iran,Dallil [porcu/main.csv]
Cu,34.5503,-83.8778,United States,Chestatee [vms/main.csv]
Cu,34.5697,113.2292,United States,Copper King [vms/main.csv]
Cu,34.58,-113.17,United States,Bagdad [ofr20051294/deposit.csv]
Cu,34.5858,-113.2119,United States,Bagdad [porcu/main.csv]
Cu,34.6,-1.7833,Algeria,Ghar Rouban [ofr20051294/deposit.csv]
Cu,34.601,105.113,China,Wenquan [sir20105090z/pcu_deps_pros.csv]
Cu,34.65,-99.35,United States,Creta [sedcu/main.csv]
Cu,34.7245,50.2635,Iran,Qahan [sir20105090z/pcu_deps_pros.csv]
Cu,34.7536,-112.1125,United States,Jerome (United Verde Extension) [vms/main.csv]
Cu,34.7583,-112.1233,United States,Jerome (United Verde) [vms/main.csv]
Cu,34.7778,134.0703,Japan,Yanahara [vms/main.csv]
Cu,34.7833,-97.2831,United States,Paoli [sedcu/main.csv]
Cu,34.7833,33.25,Cyprus,Kalavasos [ofr20051294/deposit.csv]
Cu,34.7911,33.2575,Cyprus,Mousoulos-Kalavasos [vms/main.csv]
Cu,34.7919,33.2425,Cyprus,Platies [vms/main.csv]
Cu,34.7947,33.2475,Cyprus,Mavri Sykia-Landaria [vms/main.csv]
Cu,34.7947,33.2686,Cyprus,Petra [vms/main.csv]
Cu,34.8059,-99.5085,United States,Mangum [sir20105090z/sedcu_deps_pros.csv]
Cu,34.85,-104.8497,United States,Stauber [sedcu/main.csv]
Cu,34.85,68.65,Afganistan,Surkh-i-Parso [sedcu/main.csv]
Cu,34.8833,-99.5,United States,Mangum [sedcu/main.csv]
Cu,34.8836,32.7258,Cyprus,Peravasa [vms/main.csv]
Cu,34.91,-113.9208,United States,Copper World [vms/main.csv]
Cu,34.9333,-104.8667,United States,Pintada [sedcu/main.csv]
Cu,34.9525,33.3733,Cyprus,Sha [vms/main.csv]
Cu,34.9667,33.35,Cyprus,Mathiati [ofr20051294/deposit.csv]
Cu,34.9764,33.3464,Cyprus,Mathiati North [vms/main.csv]
Cu,34.9833,-110.7167,United States,Sunlite and Moonlite [sedcu/main.csv]
Cu,34.9833,106.4,China,Chenjiamiao [vms/main.csv]
Cu,34.9886,33.2617,Cyprus,Kapedhes [vms/main.csv]
Cu,35.0,-97.5,United States,Byars [sedcu/main.csv]
Cu,35.0,-84.5,United States,Rome Sandstone [sedcu/main.csv]
Cu,35.0,1.0,Algeria,El Abed (Oued Zaunder) [ofr20051294/deposit.csv]
Cu,35.0167,32.8333,Cyprus,Mavrovouni [ofr20051294/deposit.csv]
Cu,35.0247,32.4911,Cyprus,Limni [vms/main.csv]
Cu,35.0297,32.5106,Cyprus,Kynousa [vms/main.csv]
Cu,35.0303,33.6239,Cyprus,Troulli [vms/main.csv]
Cu,35.0361,33.1164,Cyprus,Kokkinopezoula [vms/main.csv]
Cu,35.0417,33.0625,Cyprus,Kokkinoyia [vms/main.csv]
Cu,35.0436,33.1458,Cyprus,Agrokipia [vms/main.csv]
Cu,35.0667,32.85,Cyprus,Apliki [ofr20051294/deposit.csv]
Cu,35.07,47.5819,Iran,SE Sanandaj [sir20105090z/pcu_deps_pros.csv]
Cu,35.0744,32.8431,Cyprus,Apliki [vms/main.csv]
Cu,35.0819,137.9897,Japan,Kune [vms/main.csv]
Cu,35.0833,32.8833,Cyprus,Skouriotissa [ofr20051294/deposit.csv]
Cu,35.0944,-113.7232,United States,Kabba [sir20105090z/pcu_deps_pros.csv]
Cu,35.0953,32.8919,Cyprus,Skouriotissa [vms/main.csv]
Cu,35.0994,32.8422,Cyprus,Mavrovouni [vms/main.csv]
Cu,35.1103,32.7878,Cyprus,Ambelikou [vms/main.csv]
Cu,35.1689,134.8256,Japan,Ikuno [ofr20051294/deposit.csv]
Cu,35.2,-108.0997,United States,Mirabal [sedcu/main.csv]
Cu,35.2081,132.4742,Japan,Iwami [vms/main.csv]
Cu,35.2723,58.6071,Iran,Uchplang-Baharieh [sir20105090z/pcu_deps_pros.csv]
Cu,35.2908,99.8189,China,Saishitang [porcu/main.csv]
Cu,35.3,128.633,Republic of Korea,Guryong [sir20105090z/pcu_deps_pros.csv]
Cu,35.3,129.233,Republic of Korea,Ilkwang [sir20105090z/pcu_deps_pros.csv]
Cu,35.3101,99.7906,China,Saishitang [sir20105090z/pcu_deps_pros.csv]
Cu,35.333,58.833,Iran,Kuh-e-Zar Torbat-e-Heidarieh [sir20105090z/pcu_deps_pros.csv]
Cu,35.3333,105.95,China,Jialongzhang [vms/main.csv]
Cu,35.3384,-106.1361,United States,Cunningham Gulch [sir20105090z/pcu_deps_pros.csv]
Cu,35.3583,54.1833,Iran,Chah Shirin [sir20105090z/pcu_deps_pros.csv]
Cu,35.3624,-114.1426,United States,Ithaca Peak [sir20105090z/pcu_deps_pros.csv]
Cu,35.3625,-114.1918,United States,Emerald Isle [sir20105090z/pcu_deps_pros.csv]
Cu,35.3639,57.7597,Iran,Taknar I [vms/main.csv]
Cu,35.3667,-114.15,United States,Ithaca  Peak [porcu/main.csv]
Cu,35.3729,99.7202,China,Yingyugou [sir20105090z/pcu_deps_pros.csv]
Cu,35.375,57.7736,Iran,Taknar II [vms/main.csv]
Cu,35.385,58.607,Iran,Tannurjeh [sir20105090z/pcu_deps_pros.csv]
Cu,35.4167,-113.5,United States,Hacks Canyon [sedcu/main.csv]
Cu,35.417,58.399,Iran,Kalateh Timour [sir20105090z/pcu_deps_pros.csv]
Cu,35.4333,99.6833,China,Tongyugou [vms/main.csv]
Cu,35.4788,-106.1222,United States,Cerrillos [sir20105090z/pcu_deps_pros.csv]
Cu,35.4833,-115.1333,United States,Crescent  Peak [porcu/main.csv]
Cu,35.4833,54.8917,Iran,Chah Musa [sir20105090z/pcu_deps_pros.csv]
Cu,35.5,111.7,China,Tongkuangyu [porcu/main.csv]
Cu,35.5,128.633,Republic of Korea,Dongjeom [sir20105090z/pcu_deps_pros.csv]
Cu,35.542,118.318,China,Duijinshan [sir20105090z/pcu_deps_pros.csv]
Cu,35.5462,81.6731,China,Shuangyangdabana [sir20105090z/pcu_deps_pros.csv]
Cu,35.55,111.23,China,Jiangligou [sir20105090z/pcu_deps_pros.csv]
Cu,35.565,102.309,China,Huangnan [sir20105090z/pcu_deps_pros.csv]
Cu,35.5833,111.25,China,West Sinkiang [sedcu/main.csv]
Cu,35.5833,138.8333,Japan,Takara [vms/main.csv]
Cu,35.5872,59.8356,Iran,Nasar [sedcu/main.csv]
Cu,35.6471,119.22,China,Qibaoshan [sir20105090z/pcu_deps_pros.csv]
Cu,35.75,-109.25,United States,Hunters Point [sedcu/main.csv]
Cu,35.7578,-105.6683,United States,Pecos [vms/main.csv]
Cu,35.7917,57.0167,Iran,Sorkh Pey-Homeireh [sir20105090z/pcu_deps_pros.csv]
Cu,35.858,58.623,Iran,Arghash [sir20105090z/pcu_deps_pros.csv]
Cu,35.8667,50.4667,Iran,Darvan [sir20105090z/pcu_deps_pros.csv]
Cu,35.9304,97.6613,China,Tuoketuo [sir20105090z/pcu_deps_pros.csv]
Cu,35.9333,58.45,Iran,Kalateh Now [sir20105090z/pcu_deps_pros.csv]
Cu,35.9667,8.1167,Algeria,Ouenza [ofr20051294/deposit.csv]
Cu,35.9833,-114.1667,United States,Bronze Lake [sedcu/main.csv]
Cu,35.9833,57.5833,Iran,Halak Abad [sir20105090z/pcu_deps_pros.csv]
Cu,36.0083,-106.8833,United States,Nacimiento [sedcu/main.csv]
Cu,36.075,51.017,Iran,Senj [sir20105090z/pcu_deps_pros.csv]
Cu,36.1,-105.1667,United States,Coyote Creek [sedcu/main.csv]
Cu,36.1667,-113.1667,United States,Ridenour [sedcu/main.csv]
Cu,36.2167,46.4333,Iran,Cherarlu [sir20105090z/pcu_deps_pros.csv]
Cu,36.25,-106.8331,United States,Pajarito azule [sedcu/main.csv]
Cu,36.25,49.1667,Iran,Alvand [sir20105090z/pcu_deps_pros.csv]
Cu,36.3333,-112.75,United States,National [sedcu/main.csv]
Cu,36.35,58.4583,Iran,Neyshabur [sir20105090z/pcu_deps_pros.csv]
Cu,36.395,50.937,Iran,Alam Kuh [sir20105090z/pcu_deps_pros.csv]
Cu,36.4,-96.9747,United States,Lee Uto [sedcu/main.csv]
Cu,36.4,57.7083,Iran,Divandar [sir20105090z/pcu_deps_pros.csv]
Cu,36.4833,2.2667,Algeria,Djebel Haddid [ofr20051294/deposit.csv]
Cu,36.5,49.25,Iran,Diz Jin [sir20105090z/pcu_deps_pros.csv]
Cu,36.525,57.2083,Iran,Zarghan [sir20105090z/pcu_deps_pros.csv]
Cu,36.6,3.2833,Algeria,El Maden [ofr20051294/deposit.csv]
Cu,36.6,104.2,China,Sigequan [vms/main.csv]
Cu,36.6167,104.1333,China,Xiaotieshan [vms/main.csv]
Cu,36.6272,140.6039,Japan,Hitachi [ofr20051294/deposit.csv]
Cu,36.6292,140.6069,Japan,Hitachi [vms/main.csv]
Cu,36.6442,139.4208,Japan,Ashio [ofr20051294/deposit.csv]
Cu,36.65,104.2167,China,Zheyaoshan [vms/main.csv]
Cu,36.6667,-111.3831,United States,White Mesa district [sedcu/main.csv]
Cu,36.7086,-80.9317,United States,Gossan Howard-Huey-Bumbarger [vms/main.csv]
Cu,36.75,-97.8331,United States,Grant County [sedcu/main.csv]
Cu,36.75,5.5833,Algeria,Bou Soufa [ofr20051294/deposit.csv]
Cu,36.75,48.8333,Iran,Loban Zardeh [sir20105090z/pcu_deps_pros.csv]
Cu,36.7596,90.9891,China,Kaerqueka [sir20105090z/pcu_deps_pros.csv]
Cu,36.763,91.0157,China,Suolajier [sir20105090z/pcu_deps_pros.csv]
Cu,36.7833,48.4833,Iran,Tarom [sir20105090z/pcu_deps_pros.csv]
Cu,36.7833,103.7,China,Shiqingdong [vms/main.csv]
Cu,36.8419,48.8277,Iran,Shoorazgah [sir20105090z/pcu_deps_pros.csv]
Cu,36.8917,47.3,Iran,Baycheh Bagh [sir20105090z/pcu_deps_pros.csv]
Cu,36.9167,-103.4331,United States,Peacock Canyon [sedcu/main.csv]
Cu,36.9333,-103.0831,United States,Wiggins [sedcu/main.csv]
Cu,36.9833,7.5667,Algeria,Ain Barbar [ofr20051294/deposit.csv]
Cu,36.9964,91.9758,China,Yemaquan [sir20105090z/pcu_deps_pros.csv]
Cu,37.0833,-97.6667,United States,Sumner County occurrences [sedcu/main.csv]
Cu,37.125,140.65,Japan,Sawatari [vms/main.csv]
Cu,37.1402,91.3165,China,Yaziguol [sir20105090z/pcu_deps_pros.csv]
Cu,37.1648,75.4668,China,Kalaguorumu [sir20105090z/pcu_deps_pros.csv]
Cu,37.2535,91.8303,China,Wulanwuzhuer [sir20105090z/pcu_deps_pros.csv]
Cu,37.2917,120.859,China,Shangjiazhuang [sir20105090z/pcu_deps_pros.csv]
Cu,37.3333,-97.9331,United States,Runnymede [sedcu/main.csv]
Cu,37.3528,139.3275,Japan,Kurosawa [vms/main.csv]
Cu,37.3549,48.2167,Iran,Mendejin [sir20105090z/pcu_deps_pros.csv]
Cu,37.37,101.0917,China,Honggou [vms/main.csv]
Cu,37.3833,47.5833,Iran,Sheykh Darabad [sir20105090z/pcu_deps_pros.csv]
Cu,37.3928,139.4333,Japan,Yokota (Motoyama-Hama) [vms/main.csv]
Cu,37.3989,139.4261,Japan,Oshio [vms/main.csv]
Cu,37.4,23.25,Greece,Ermioni [ofr20051294/deposit.csv]
Cu,37.405,47.374,Iran,Hashtrud [sir20105090z/pcu_deps_pros.csv]
Cu,37.4069,-108.0881,United States,Allard [porcu/main.csv]
Cu,37.4231,-106.5967,United States,Summitville [sir20105090z/pcu_deps_pros.csv]
Cu,37.4367,-78.5108,United States,Andersonville Zone 24 [vms/main.csv]
Cu,37.4389,-78.5556,United States,Andersonville Zone 18 [vms/main.csv]
Cu,37.45,-102.2331,United States,Dunlap Ranch [sedcu/main.csv]
Cu,37.4667,-102.2331,United States,Independence [sedcu/main.csv]
Cu,37.5,-105.0167,United States,Mcguire [sedcu/main.csv]
Cu,37.5,-5.9667,Spain,Las Cruces [ofr20051294/deposit.csv]
Cu,37.5011,-6.0933,Spain,Las Cruces [vms/main.csv]
Cu,37.5169,-6.2486,Spain,Aznacollar [vms/main.csv]
Cu,37.5172,-6.7633,Spain,San Pedro [vms/main.csv]
Cu,37.5222,101.9486,China,Langlik [vms/main.csv]
Cu,37.5272,139.4711,Japan,Tashiro [vms/main.csv]
Cu,37.5406,-6.8272,Spain,Campanario [vms/main.csv]
Cu,37.55,-1.3667,Spain,Granada [sedcu/main.csv]
Cu,37.5542,-6.8506,Spain,La Descamisada [vms/main.csv]
Cu,37.5589,-6.7539,Spain,La Ratera [vms/main.csv]
Cu,37.5661,-120.2556,United States,Blue Moon [vms/main.csv]
Cu,37.5739,-7.9722,Portugal,Neves-Corvo [vms/main.csv]
Cu,37.583,-91.167,United States,Viburnum Trend [ofr20051294/deposit.csv]
Cu,37.5833,89.1667,China,Lake Ayakkum [sedcu/main.csv]
Cu,37.5842,-7.1131,Spain,Vulcano [vms/main.csv]
Cu,37.5842,-6.9283,Spain,La Torrera [vms/main.csv]
Cu,37.585,-7.1181,Spain,Filon Sur-Esperanza [vms/main.csv]
Cu,37.5881,-6.8478,Spain,Sotiel [vms/main.csv]
Cu,37.5914,-7.0925,Spain,Prado Vicioso [vms/main.csv]
Cu,37.5961,-7.1103,Spain,San Guillermo-Sierra [vms/main.csv]
Cu,37.6,-6.85,Spain,Sotiel [ofr20051294/deposit.csv]
Cu,37.6011,-120.3169,United States,Akoz [vms/main.csv]
Cu,37.6086,-7.3369,Spain,Cabezas del Pasto [vms/main.csv]
Cu,37.6153,-7.2936,Spain,Herrerias [vms/main.csv]
Cu,37.6153,-6.8303,Spain,Migollas [vms/main.csv]
Cu,37.6167,-108.1667,United States,Bear Creek [sedcu/main.csv]
Cu,37.6283,-7.1658,Spain,Lagunazo [vms/main.csv]
Cu,37.6333,87.0,China,Hadilik [sedcu/main.csv]
Cu,37.6367,-6.7625,Spain,Castillo Buitron [vms/main.csv]
Cu,37.6369,-6.8011,Spain,Santa Rosa [vms/main.csv]
Cu,37.6381,-6.7875,Spain,Gloria [vms/main.csv]
Cu,37.6403,-110.0483,United States,W N1 [sedcu/main.csv]
Cu,37.6542,-110.0081,United States,Hideout no 1 [sedcu/main.csv]
Cu,37.6667,-97.6667,United States,Sedgwick County occurrences [sedcu/main.csv]
Cu,37.6669,-7.2886,Spain,Sierrecilla [vms/main.csv]
Cu,37.6678,-7.4903,Portugal,San Domingos [vms/main.csv]
Cu,37.6733,-7.3231,Spain,Malagon [vms/main.csv]
Cu,37.675,-7.3472,Spain,Romanera [vms/main.csv]
Cu,37.6878,-7.4414,Spain,Vuelta Falsa [vms/main.csv]
Cu,37.6903,-6.3694,Spain,Castillo Guardas [vms/main.csv]
Cu,37.6956,-6.5981,Spain,Valle [vms/main.csv]
Cu,37.7042,-6.5844,Spain,Rio Tinto [vms/main.csv]
Cu,37.7058,-6.5628,Spain,San Antonio [vms/main.csv]
Cu,37.7075,-6.8778,Spain,Perrunal [vms/main.csv]
Cu,37.7092,-6.8525,Spain,La Zarza [vms/main.csv]
Cu,37.7214,-120.4539,United States,Oak Hill [vms/main.csv]
Cu,37.7267,-6.555,Spain,Peña de Hierro [vms/main.csv]
Cu,37.7333,-91.0831,United States,Lamotte Sandstone [sedcu/main.csv]
Cu,37.7347,-7.3356,Spain,Paymogo [vms/main.csv]
Cu,37.7347,-6.5647,Spain,La Chaparrita [vms/main.csv]
Cu,37.7486,-6.6553,Spain,Poderosa [vms/main.csv]
Cu,37.7525,-6.9681,Spain,Lancha [vms/main.csv]
Cu,37.7614,-6.6525,Spain,San Eduardo [vms/main.csv]
Cu,37.7619,-6.7486,Spain,San Miguel [vms/main.csv]
Cu,37.7639,-6.7144,Spain,Esperanza [vms/main.csv]
Cu,37.7653,-7.0208,Spain,La Joya [vms/main.csv]
Cu,37.7669,-6.7192,Spain,Angostura [vms/main.csv]
Cu,37.7722,-7.0286,Spain,Carpio [vms/main.csv]
Cu,37.7742,-6.6778,Spain,San Platon [vms/main.csv]
Cu,37.7778,-6.8578,Spain,Aguas Tenidas [vms/main.csv]
Cu,37.7783,-6.6783,Spain,Concepción [vms/main.csv]
Cu,37.7786,-6.8144,Spain,Monte Romero [vms/main.csv]
Cu,37.7828,-8.6625,Portugal,Salgadinho [vms/main.csv]
Cu,37.7828,-6.8211,Spain,Cueva de la Mora [vms/main.csv]
Cu,37.785,-6.8356,Spain,Sorpresa [vms/main.csv]
Cu,37.7883,-6.7897,Spain,Angelita [vms/main.csv]
Cu,37.8003,-6.9678,Spain,San Telmo [vms/main.csv]
Cu,37.8021,31.8937,Turkey,Doğanbey [sir20105090z/pcu_deps_pros.csv]
Cu,37.8044,-6.9289,Spain,Lomero-Poyatos [vms/main.csv]
Cu,37.8083,-110.4331,United States,Happy jack [sedcu/main.csv]
Cu,37.8722,-8.2019,Portugal,Gaviao [vms/main.csv]
Cu,37.8828,-8.1558,Portugal,Estaçao [vms/main.csv]
Cu,37.8839,-8.1778,Portugal,San João [vms/main.csv]
Cu,37.9112,-107.6724,United States,Red Mountain [sir20105090z/pcu_deps_pros.csv]
Cu,37.958,-107.75,United States,Red Mountain - Sneffels - Telluride [ofr20051294/deposit.csv]
Cu,37.9608,-120.7494,United States,Quail Hill [vms/main.csv]
Cu,37.9844,-120.6467,United States,Keystone-Union [vms/main.csv]
Cu,37.9875,-120.6481,United States,North Keystone [vms/main.csv]
Cu,38.0,-107.8831,United States,Cougar [sedcu/main.csv]
Cu,38.0322,-8.4261,Portugal,Lousal [vms/main.csv]
Cu,38.0406,-107.6704,United States,The Blowout [sir20105090z/pcu_deps_pros.csv]
Cu,38.05,-1.05,Spain,Santomera [sedcu/main.csv]
Cu,38.0531,42.1392,Turkey,Siirt Madenkoy [vms/main.csv]
Cu,38.0612,47.5442,Iran,Mirkoh [sir20105090z/pcu_deps_pros.csv]
Cu,38.15,-109.1331,United States,Western Star [sedcu/main.csv]
Cu,38.15,140.1914,Japan,Yoshino (Main) [vms/main.csv]
Cu,38.15,140.4022,Japan,Yoshino (Hisaka) [vms/main.csv]
Cu,38.1924,47.2793,Iran,Sonajil [sir20105090z/pcu_deps_pros.csv]
Cu,38.1942,100.2361,China,Guomisi [vms/main.csv]
Cu,38.2197,-8.4606,Portugal,Lagoa Salgada [vms/main.csv]
Cu,38.2306,-120.8739,United States,Penn [vms/main.csv]
Cu,38.2333,-109.2167,United States,Big Indian [sedcu/main.csv]
Cu,38.2434,36.7189,Turkey,Afsin [sir20105090z/pcu_deps_pros.csv]
Cu,38.25,69.1667,Tajikistan,Vakhsh Range [sedcu/main.csv]
Cu,38.267,-105.55,United States,Gem Park [ofr20051294/deposit.csv]
Cu,38.2747,-7.7244,Portugal,Algares [vms/main.csv]
Cu,38.2791,27.5602,Turkey,Balcilar [sir20105090z/pcu_deps_pros.csv]
Cu,38.3,-108.95,United States,Cashin [sedcu/main.csv]
Cu,38.3,47.3667,Iran,Sarlakhlu2 [sir20105090z/pcu_deps_pros.csv]
Cu,38.306,47.287,Iran,Zarshlu [sir20105090z/pcu_deps_pros.csv]
Cu,38.3333,-117.5,United States,Royston [porcu/main.csv]
Cu,38.3333,47.2167,Iran,Andab Jadid [sir20105090z/pcu_deps_pros.csv]
Cu,38.3411,-120.8875,United States,Newton [vms/main.csv]
Cu,38.3413,38.5219,Turkey,Ispendere [sir20105090z/pcu_deps_pros.csv]
Cu,38.3453,39.5456,Turkey,Hacan [vms/main.csv]
Cu,38.3611,-109.7331,United States,Cutler [sedcu/main.csv]
Cu,38.3667,39.1188,Turkey,Uslu [sir20105090z/pcu_deps_pros.csv]
Cu,38.3803,39.6592,Turkey,Ana Yatak-Ergani [vms/main.csv]
Cu,38.3864,39.6661,Turkey,Weiss [vms/main.csv]
Cu,38.3925,-108.4314,United States,Copper King [sedcu/main.csv]
Cu,38.3995,47.4716,Iran,Ahle-Iman [sir20105090z/pcu_deps_pros.csv]
Cu,38.4,70.4667,Tajikistan,Ravnou [ofr20051294/deposit.csv]
Cu,38.4083,47.4333,Iran,Khanbaz [sir20105090z/pcu_deps_pros.csv]
Cu,38.4283,47.3481,Iran,Zaglik [sir20105090z/pcu_deps_pros.csv]
Cu,38.4306,-108.8206,United States,Adak [sedcu/main.csv]
Cu,38.4389,-77.9156,United States,Stevensburg [sir20105090z/sedcu_deps_pros.csv]
Cu,38.4416,29.1075,Turkey,Sayacik [sir20105090z/pcu_deps_pros.csv]
Cu,38.4475,140.3631,Japan,Tsuchihata (Shiratsuchi) [vms/main.csv]
Cu,38.4497,140.3831,Japan,Tsuchihata (Washinosu) [vms/main.csv]
Cu,38.45,-113.063,United States,Rocky Range [ofr20051294/deposit.csv]
Cu,38.4547,140.3531,Japan,Tsuchihata (Hatabira) [vms/main.csv]
Cu,38.4575,140.3533,Japan,Tsuchihata (Honniozawa) [vms/main.csv]
Cu,38.4667,102.1,China,Jinchuan [ofr20051294/deposit.csv]
Cu,38.4717,140.3439,Japan,Tsuchihata (Uenono-Okinazsawa) [vms/main.csv]
Cu,38.4806,-113.2997,United States,OK [porcu/main.csv]
Cu,38.4833,29.1833,Turkey,Kişladağ [sir20105090z/pcu_deps_pros.csv]
Cu,38.4919,-118.075,United States,SFS [porcu/main.csv]
Cu,38.5,-105.5,United States,Cotopaxi Cordova [sedcu/main.csv]
Cu,38.5,47.125,Iran,Shirin Daragh [sir20105090z/pcu_deps_pros.csv]
Cu,38.5025,-120.9697,United States,Copper Hill [vms/main.csv]
Cu,38.5239,30.3653,Turkey,AS [sir20105090z/pcu_deps_pros.csv]
Cu,38.5484,47.5368,Iran,Dustbeiglu [sir20105090z/pcu_deps_pros.csv]
Cu,38.5497,46.2586,Iran,Miveh Rud [sir20105090z/pcu_deps_pros.csv]
Cu,38.5514,67.6011,Uzbekistan,Khandiza [vms/main.csv]
Cu,38.5552,38.825,Turkey,Nazarusagi [sir20105090z/pcu_deps_pros.csv]
Cu,38.5667,-106.3702,United States,Tomichi [sir20105090z/pcu_deps_pros.csv]
Cu,38.5833,46.7667,Iran,Gumusholan [sir20105090z/pcu_deps_pros.csv]
Cu,38.6004,47.1332,Iran,Gavdel [sir20105090z/pcu_deps_pros.csv]
Cu,38.609,46.6395,Iran,Kighal [sir20105090z/pcu_deps_pros.csv]
Cu,38.6167,-118.4333,United States,Red  Hills [porcu/main.csv]
Cu,38.6167,46.9333,Iran,Zand Abad [sir20105090z/pcu_deps_pros.csv]
Cu,38.637,47.281,Iran,Safikhanlu Naghduz [sir20105090z/pcu_deps_pros.csv]
Cu,38.645,47.0627,Iran,Mazraeh [sir20105090z/pcu_deps_pros.csv]
Cu,38.6528,-77.6775,United States,Calverton [sir20105090z/sedcu_deps_pros.csv]
Cu,38.6601,47.0017,Iran,Gharanigh Daragh [sir20105090z/pcu_deps_pros.csv]
Cu,38.6667,47.05,Iran,Javan Shakh [sir20105090z/pcu_deps_pros.csv]
Cu,38.6832,46.1686,Iran,Kharvana [sir20105090z/pcu_deps_pros.csv]
Cu,38.6833,46.9333,Iran,Anjerd [sir20105090z/pcu_deps_pros.csv]
Cu,38.6892,-77.4989,United States,Brentsville [sir20105090z/sedcu_deps_pros.csv]
Cu,38.6948,46.7028,Iran,Sungun [sir20105090z/pcu_deps_pros.csv]
Cu,38.7,46.9333,Iran,Alvigh [sir20105090z/pcu_deps_pros.csv]
Cu,38.7083,46.4167,Iran,Astamal [sir20105090z/pcu_deps_pros.csv]
Cu,38.7333,46.4083,Iran,Cheshmeh Khan [sir20105090z/pcu_deps_pros.csv]
Cu,38.75,-104.75,United States,Lyons Fm. [sedcu/main.csv]
Cu,38.75,46.6167,Iran,Balucheh [sir20105090z/pcu_deps_pros.csv]
Cu,38.7541,46.8098,Iran,Nabijan [sir20105090z/pcu_deps_pros.csv]
Cu,38.7667,46.35,Iran,Qareh Darreh1 [sir20105090z/pcu_deps_pros.csv]
Cu,38.78,-117.95,United States,Sullivan [porcu/main.csv]
Cu,38.8,-110.9,United States,Copper Globe [sedcu/main.csv]
Cu,38.8058,140.9006,Japan,Hosokura [ofr20051294/deposit.csv]
Cu,38.8075,46.3711,Iran,Sungun [porcu/main.csv]
Cu,38.8075,99.5111,China,Xialiugou [vms/main.csv]
Cu,38.8083,46.375,Iran,Sungun [ofr20051294/deposit.csv]
Cu,38.8167,46.1667,Iran,Chamtal [sir20105090z/pcu_deps_pros.csv]
Cu,38.8167,46.65,Iran,Haft Cheshmeh [sir20105090z/pcu_deps_pros.csv]
Cu,38.8167,46.8333,Iran,Mahmud Abad [sir20105090z/pcu_deps_pros.csv]
Cu,38.8205,46.3701,Iran,Annigh [sir20105090z/pcu_deps_pros.csv]
Cu,38.8224,38.7224,Turkey,Keban [sir20105090z/pcu_deps_pros.csv]
Cu,38.8333,46.55,Iran,Mardanghom [sir20105090z/pcu_deps_pros.csv]
Cu,38.85,46.4,Iran,Gharehchilar [sir20105090z/pcu_deps_pros.csv]
Cu,38.8612,-118.4493,United States,Bounder [sir20105090z/pcu_deps_pros.csv]
Cu,38.8772,45.9386,Iran,Masjed Daghi [sir20105090z/pcu_deps_pros.csv]
Cu,38.8792,-77.3167,United States,Chantilly [sedcu/main.csv]
Cu,38.8806,-77.4189,United States,Chantilly [sir20105090z/sedcu_deps_pros.csv]
Cu,38.8833,46.75,Iran,Abbas Abad1 [sir20105090z/pcu_deps_pros.csv]
Cu,38.8897,46.0639,Azerbaijan,Ghezalja [sir20105090z/pcu_deps_pros.csv]
Cu,38.9052,-114.9262,United States,Ellison [sir20105090z/pcu_deps_pros.csv]
Cu,38.9219,46.1883,Armenia,Agarak [porcu/main.csv]
Cu,38.96,-119.27,United States,Ann  Mason [porcu/main.csv]
Cu,38.9771,46.0497,Azerbaijan,Gekgundur [sir20105090z/pcu_deps_pros.csv]
Cu,38.9785,46.2077,Armenia,Aigedzor [sir20105090z/pcu_deps_pros.csv]
Cu,38.98,-119.2,United States,Yerington [porcu/main.csv]
Cu,38.983,-119.183,United States,Yerington [ofr20051294/deposit.csv]
Cu,38.9907,-107.0604,United States,Paradise Basin [sir20105090z/pcu_deps_pros.csv]
Cu,38.9926,-119.3536,United States,Buckskin [sir20105090z/pcu_deps_pros.csv]
Cu,39.0,68.0,Tajikistan,Gissar Range [sedcu/main.csv]
Cu,39.0056,-77.4347,United States,Sterling [sir20105090z/sedcu_deps_pros.csv]
Cu,39.0169,29.3119,Turkey,Pinarbasi [sir20105090z/pcu_deps_pros.csv]
Cu,39.0292,-121.2883,United States,Dairy Farm [vms/main.csv]
Cu,39.03,-119.18,United States,Bear-Lagomarsino [porcu/main.csv]
Cu,39.0315,46.1953,Armenia,Lichk [sir20105090z/pcu_deps_pros.csv]
Cu,39.05,-119.24,United States,MacArthur [porcu/main.csv]
Cu,39.05,46.05,Azerbaijan,Misdag [porcu/main.csv]
Cu,39.056,46.1728,Armenia,Jindarin [sir20105090z/pcu_deps_pros.csv]
Cu,39.0768,113.616,China,Houyu [sir20105090z/pcu_deps_pros.csv]
Cu,39.0958,93.4079,China,Longweigou [sir20105090z/pcu_deps_pros.csv]
Cu,39.0976,45.9371,Azerbaijan,Paraghachay [sir20105090z/pcu_deps_pros.csv]
Cu,39.1,46.4667,Armenia,Shikahoh [porcu/main.csv]
Cu,39.1261,-121.2761,United States,Spenceville [vms/main.csv]
Cu,39.1276,46.2251,Armenia,Pkhrut [sir20105090z/pcu_deps_pros.csv]
Cu,39.1439,46.1378,Armenia,Kadjaran [porcu/main.csv]
Cu,39.1484,45.9749,Azerbaijan,Gey-Gel [sir20105090z/pcu_deps_pros.csv]
Cu,39.15,-109.1,United States,Lisbon Valley [sedcu/main.csv]
Cu,39.1651,-118.7781,United States,Afterthought [sir20105090z/pcu_deps_pros.csv]
Cu,39.1697,46.0853,Armenia,Kadzharanskoe [ofr20051294/deposit.csv]
Cu,39.1706,8.4964,Italy,Carbonia [porcu/main.csv]
Cu,39.1715,39.4863,Turkey,Silic [sir20105090z/pcu_deps_pros.csv]
Cu,39.1811,-121.2833,United States,Western World [vms/main.csv]
Cu,39.1953,39.3749,Turkey,Sin [sir20105090z/pcu_deps_pros.csv]
Cu,39.2028,140.5944,Japan,Yoshino [vms/main.csv]
Cu,39.2331,46.3977,Armenia,Kavarta [sir20105090z/pcu_deps_pros.csv]
Cu,39.2362,39.259,Turkey,Mamlis [sir20105090z/pcu_deps_pros.csv]
Cu,39.2395,-115.5687,United States,Monte Cristo [sir20105090z/pcu_deps_pros.csv]
Cu,39.25,-106.25,United States,Leadville [ofr20051294/deposit.csv]
Cu,39.25,68.0,Tajikistan,Khozretishi [sedcu/main.csv]
Cu,39.26,-114.9994,United States,Ely [porcu/main.csv]
Cu,39.2616,27.113,Turkey,Ayazmant [sir20105090z/pcu_deps_pros.csv]
Cu,39.2667,39.6,Turkey,Cevizlidere [porcu/main.csv]
Cu,39.2726,39.0418,Turkey,Cevizlidere [sir20105090z/pcu_deps_pros.csv]
Cu,39.2952,-106.4735,United States,Timberline Lake [sir20105090z/pcu_deps_pros.csv]
Cu,39.3042,140.9417,Japan,Tsunatori [vms/main.csv]
Cu,39.3056,141.7111,Japan,Kamaishi [ofr20051294/deposit.csv]
Cu,39.3102,38.6963,Turkey,Karakartal [sir20105090z/pcu_deps_pros.csv]
Cu,39.318,26.256,Greece,Stypsi [sir20105090z/pcu_deps_pros.csv]
Cu,39.32,8.85,Italy,Siliqua [sir20105090z/pcu_deps_pros.csv]
Cu,39.3317,97.945,China,Huashugou [vms/main.csv]
Cu,39.3333,72.5,Tajikistan,Daraitang [sedcu/main.csv]
Cu,39.3341,45.8655,Azerbaijan,Gora Karanlykh [sir20105090z/pcu_deps_pros.csv]
Cu,39.3521,38.6171,Turkey,Kabatas South [sir20105090z/pcu_deps_pros.csv]
Cu,39.3533,-121.23,United States,Boss [vms/main.csv]
Cu,39.375,46.0228,Armenia,Dastakert [porcu/main.csv]
Cu,39.3914,46.0148,Armenia,Dastakert [sir20105090z/pcu_deps_pros.csv]
Cu,39.4,38.516,Turkey,Zanga Dere [sir20105090z/pcu_deps_pros.csv]
Cu,39.4007,38.5913,Turkey,Sabirli [sir20105090z/pcu_deps_pros.csv]
Cu,39.414,38.447,Turkey,Demirmagara [sir20105090z/pcu_deps_pros.csv]
Cu,39.4285,38.5024,Turkey,Çöpler [sir20105090z/pcu_deps_pros.csv]
Cu,39.439,38.5817,Turkey,Bahce [sir20105090z/pcu_deps_pros.csv]
Cu,39.4409,38.5638,Turkey,Bayram Dere [sir20105090z/pcu_deps_pros.csv]
Cu,39.533,-106.376,United States,Gilman [ofr20051294/deposit.csv]
Cu,39.6,27.15,Turkey,Tereoba [porcu/main.csv]
Cu,39.63,27.1069,Turkey,Tepeoba [sir20105090z/pcu_deps_pros.csv]
Cu,39.6747,26.2398,Turkey,Karakisla [sir20105090z/pcu_deps_pros.csv]
Cu,39.6793,30.7812,Turkey,Turkmen [sir20105090z/pcu_deps_pros.csv]
Cu,39.6886,-121.4319,United States,Big Bend [vms/main.csv]
Cu,39.7038,34.7963,Turkey,Başnayayla [sir20105090z/pcu_deps_pros.csv]
Cu,39.7167,74.0333,China,Gaudan [sedcu/main.csv]
Cu,39.7314,34.762,Turkey,Merkez Salmanfakili [sir20105090z/pcu_deps_pros.csv]
Cu,39.7333,74.0333,China,Kungitang [sedcu/main.csv]
Cu,39.7456,34.7157,Turkey,Merkez Basibuyuklu [sir20105090z/pcu_deps_pros.csv]
Cu,39.8,-115.15,United States,Butte  Valley [porcu/main.csv]
Cu,39.8117,25.1922,Greece,Fakos [porcu/main.csv]
Cu,39.8169,9.5158,Italy,Ogliastra [porcu/main.csv]
Cu,39.8335,29.599,Turkey,Karapinar [sir20105090z/pcu_deps_pros.csv]
Cu,39.8505,33.7312,Turkey,Balişeyh [sir20105090z/pcu_deps_pros.csv]
Cu,39.8581,-112.125,United States,Southwest  Tintic [porcu/main.csv]
Cu,39.8761,29.6344,Turkey,Gürcüler [sir20105090z/pcu_deps_pros.csv]
Cu,39.8834,26.5205,Turkey,Palamutoba [sir20105090z/pcu_deps_pros.csv]
Cu,39.8852,33.5417,Turkey,Karacaali [sir20105090z/pcu_deps_pros.csv]
Cu,39.886,29.639,Turkey,Demirtepe [sir20105090z/pcu_deps_pros.csv]
Cu,39.8897,29.4653,Turkey,Topukdere [sir20105090z/pcu_deps_pros.csv]
Cu,39.8922,29.8966,Turkey,Muratdere [sir20105090z/pcu_deps_pros.csv]
Cu,39.8936,29.2749,Turkey,Gelemiç [sir20105090z/pcu_deps_pros.csv]
Cu,39.9069,29.4613,Turkey,Sarıçayıryayla [sir20105090z/pcu_deps_pros.csv]
Cu,39.91,-112.1,United States,Tintic - East Tintic [ofr20051294/deposit.csv]
Cu,39.9106,27.776,Turkey,Samli [sir20105090z/pcu_deps_pros.csv]
Cu,39.9172,46.0429,Azerbaijan,Dalidagskoe [sir20105090z/pcu_deps_pros.csv]
Cu,39.9181,26.9413,Turkey,Aği Daği [sir20105090z/pcu_deps_pros.csv]
Cu,39.923,29.617,Turkey,Tufekcikonak [sir20105090z/pcu_deps_pros.csv]
Cu,39.9364,26.634,Turkey,Karaayi [sir20105090z/pcu_deps_pros.csv]
Cu,39.9383,26.8537,Turkey,Halilaga [sir20105090z/pcu_deps_pros.csv]
Cu,39.975,25.186,Greece,Sardes [sir20105090z/pcu_deps_pros.csv]
Cu,39.9833,4.0833,Spain,Menorca Island [sedcu/main.csv]
Cu,40.0,74.75,China,Naykatskoye [sedcu/main.csv]
Cu,40.0017,30.6961,Turkey,Mayislar [sir20105090z/pcu_deps_pros.csv]
Cu,40.0167,46.75,Azerbaijan,Damirli [porcu/main.csv]
Cu,40.0171,26.7772,Turkey,Alankoy [sir20105090z/pcu_deps_pros.csv]
Cu,40.0522,26.7372,Turkey,Kirazli [sir20105090z/pcu_deps_pros.csv]
Cu,40.0673,29.0895,Turkey,Sogukpinar [sir20105090z/pcu_deps_pros.csv]
Cu,40.1366,27.1467,Turkey,Dikmen [sir20105090z/pcu_deps_pros.csv]
Cu,40.1399,46.777,Azerbaijan,Djanyatag [sir20105090z/pcu_deps_pros.csv]
Cu,40.1667,-7.55,Portugal,Panasqueira [ofr20051294/deposit.csv]
Cu,40.1769,46.8266,Azerbaijan,Damirli [sir20105090z/pcu_deps_pros.csv]
Cu,40.18,140.8725,Japan,Hanawa [ofr20051294/deposit.csv]
Cu,40.1808,140.7472,Japan,Osarizawa [ofr20051294/deposit.csv]
Cu,40.1881,140.8722,Japan,Hanawa (Aketoshi-Osaki) [vms/main.csv]
Cu,40.195,-120.8539,United States,Lights  Creek [porcu/main.csv]
Cu,40.1983,-76.1308,United States,Glenwood Station [sir20105090z/sedcu_deps_pros.csv]
Cu,40.2,72.4,Kyrghyzstan,Ravinou [sedcu/main.csv]
Cu,40.2303,-115.9053,United States,Spar Lake [sedcu/main.csv]
Cu,40.25,73.0,Kyrghyzstan,Chimbai-Saluk [sedcu/main.csv]
Cu,40.2569,140.6003,Japan,Ezuri [vms/main.csv]
Cu,40.2592,140.685,Japan,Fukazawa [vms/main.csv]
Cu,40.2644,39.5987,Turkey,Kose Tizik [sir20105090z/pcu_deps_pros.csv]
Cu,40.2667,-117.75,United States,Kennedy [porcu/main.csv]
Cu,40.2861,140.6694,Japan,Hanaoka-Fukasawa [ofr20051294/deposit.csv]
Cu,40.2889,140.56,Japan,Hanaoka (Mats-Sha) [vms/main.csv]
Cu,40.295,140.5653,Japan,Matsuki [vms/main.csv]
Cu,40.3067,140.5586,Japan,Hanaoka-Matsumine [ofr20051294/deposit.csv]
Cu,40.3167,140.5561,Japan,Shakanai [ofr20051294/deposit.csv]
Cu,40.3214,140.5439,Japan,Hanaoka (Doy-Tsut-Kam) [vms/main.csv]
Cu,40.3239,-106.2487,United States,A-O [sir20105090z/pcu_deps_pros.csv]
Cu,40.3286,-114.5516,United States,Victoria [sir20105090z/pcu_deps_pros.csv]
Cu,40.3311,140.7608,Japan,Kosaka (Uchinotai-Uwamuki) [vms/main.csv]
Cu,40.3461,140.7656,Japan,Kosaka [ofr20051294/deposit.csv]
Cu,40.3486,140.7606,Japan,Kosaka (Motoyama) [vms/main.csv]
Cu,40.3697,-115.0848,United States,Delcer Buttes [sir20105090z/pcu_deps_pros.csv]
Cu,40.3798,27.1531,Turkey,Karabiga Bakirtepe [sir20105090z/pcu_deps_pros.csv]
Cu,40.385,-75.4731,United States,Red Hill [sir20105090z/sedcu_deps_pros.csv]
Cu,40.4,140.7167,Japan,Furutobe-Ainai [vms/main.csv]
Cu,40.4008,38.005,Turkey,Sisorta [sir20105090z/pcu_deps_pros.csv]
Cu,40.4099,42.0566,Turkey,Ardes Pitkir [sir20105090z/pcu_deps_pros.csv]
Cu,40.4167,-117.2167,United States,Fish  Creek [porcu/main.csv]
Cu,40.4417,23.725,Greece,Tsikara [sir20105090z/pcu_deps_pros.csv]
Cu,40.45,40.8833,Turkey,Uluta? [porcu/main.csv]
Cu,40.4511,39.4162,Turkey,Gümüshane [ofr20051294/deposit.csv]
Cu,40.4639,-75.2233,United States,Keller's Church [sir20105090z/sedcu_deps_pros.csv]
Cu,40.4667,23.7208,Greece,Katsoures [sir20105090z/pcu_deps_pros.csv]
Cu,40.4722,23.7036,Greece,Skouries/Fisoka [porcu/main.csv]
Cu,40.4778,23.7708,Greece,Alatina [sir20105090z/pcu_deps_pros.csv]
Cu,40.4784,41.7035,Turkey,Inanmiş [sir20105090z/pcu_deps_pros.csv]
Cu,40.4885,23.7722,Greece,Fisoka [sir20105090z/pcu_deps_pros.csv]
Cu,40.5028,23.7792,Greece,Dilofon [sir20105090z/pcu_deps_pros.csv]
Cu,40.5042,23.7903,Greece,Dilofon East [sir20105090z/pcu_deps_pros.csv]
Cu,40.5134,46.0806,Azerbaijan,Goshgarchai [sir20105090z/pcu_deps_pros.csv]
Cu,40.5292,-112.1539,United States,Bingham [porcu/main.csv]
Cu,40.5319,8.365,Italy,Calabona [porcu/main.csv]
Cu,40.5331,42.0134,Turkey,Oltu Lisbek [sir20105090z/pcu_deps_pros.csv]
Cu,40.5333,-106.75,United States,Steamboat Ssprings [sedcu/main.csv]
Cu,40.5333,46.15,Azerbaijan,Goshgarchai [porcu/main.csv]
Cu,40.54,-112.14,United States,Bingham Canyon [ofr20051294/deposit.csv]
Cu,40.5431,-117.5603,United States,Big Mike [vms/main.csv]
Cu,40.5444,39.2319,Turkey,Kalkanli [vms/main.csv]
Cu,40.5469,-117.1267,United States,Copper  Canyon [porcu/main.csv]
Cu,40.5535,41.1024,Turkey,Hisen [sir20105090z/pcu_deps_pros.csv]
Cu,40.5631,38.6469,Turkey,Emeksendere [sir20105090z/pcu_deps_pros.csv]
Cu,40.5644,45.7914,Azerbaijan,Kedabek [porcu/main.csv]
Cu,40.5753,38.6462,Turkey,Koyyerideresi [sir20105090z/pcu_deps_pros.csv]
Cu,40.5777,40.9047,Turkey,Ulutaş [sir20105090z/pcu_deps_pros.csv]
Cu,40.5793,45.7984,Azerbaijan,Karadag [sir20105090z/pcu_deps_pros.csv]
Cu,40.5867,45.8603,Azerbaijan,Kedabek [sir20105090z/pcu_deps_pros.csv]
Cu,40.5893,38.671,Turkey,Kaytangelisobasi [sir20105090z/pcu_deps_pros.csv]
Cu,40.5955,38.6349,Turkey,Esenlidere [sir20105090z/pcu_deps_pros.csv]
Cu,40.5961,39.4511,Turkey,Kostere [vms/main.csv]
Cu,40.6052,-117.2496,United States,Buffalo Valley [sir20105090z/pcu_deps_pros.csv]
Cu,40.6096,39.6133,Turkey,Kolat Hani [sir20105090z/pcu_deps_pros.csv]
Cu,40.6118,-117.0517,United States,Buckingham-Copper Basin [sir20105090z/pcu_deps_pros.csv]
Cu,40.6119,-117.0361,United States,Copper  Basin [porcu/main.csv]
Cu,40.6167,-111.5167,United States,Uinta [sedcu/main.csv]
Cu,40.617,-117.075,United States,Buckingham [ofr20051294/deposit.csv]
Cu,40.62,-111.51,United States,Park City [ofr20051294/deposit.csv]
Cu,40.625,-111.3797,United States,Park  Premier [porcu/main.csv]
Cu,40.626,38.3096,Turkey,Kosehasan [sir20105090z/pcu_deps_pros.csv]
Cu,40.6307,44.4841,Armenia,Ankavan [sir20105090z/pcu_deps_pros.csv]
Cu,40.6331,99.4466,China,Baishantang [sir20105090z/pcu_deps_pros.csv]
Cu,40.6333,44.5167,Armenia,Ankavan [porcu/main.csv]
Cu,40.6333,45.85,Azerbaijan,Garadag [porcu/main.csv]
Cu,40.6352,45.8201,Azerbaijan,Maarif [sir20105090z/pcu_deps_pros.csv]
Cu,40.6442,29.1204,Turkey,Katirli [sir20105090z/pcu_deps_pros.csv]
Cu,40.6562,40.7224,Turkey,Sivrikaya [sir20105090z/pcu_deps_pros.csv]
Cu,40.6616,39.5088,Turkey,Güzelyayla [sir20105090z/pcu_deps_pros.csv]
Cu,40.6753,-122.5278,United States,Iron Mountain [vms/main.csv]
Cu,40.685,40.7255,Turkey,Ikizdere [sir20105090z/pcu_deps_pros.csv]
Cu,40.6875,-117.0833,United States,Elder  Creek [porcu/main.csv]
Cu,40.6912,40.4016,Turkey,Demirkapi [sir20105090z/pcu_deps_pros.csv]
Cu,40.6953,40.7228,Turkey,Sarikaya [sir20105090z/pcu_deps_pros.csv]
Cu,40.7016,45.8476,Azerbaijan,Khar-Khar [sir20105090z/pcu_deps_pros.csv]
Cu,40.7108,-122.5144,United States,Stowell [vms/main.csv]
Cu,40.7194,-122.5086,United States,Keystone [vms/main.csv]
Cu,40.7258,-122.4997,United States,Balaklala [vms/main.csv]
Cu,40.7267,-122.5214,United States,Early Bird [vms/main.csv]
Cu,40.7333,140.9183,Japan,Kamikita [vms/main.csv]
Cu,40.735,-122.0678,United States,Afterthought [vms/main.csv]
Cu,40.7438,40.6025,Turkey,Tozköy [sir20105090z/pcu_deps_pros.csv]
Cu,40.749,41.4578,Turkey,Çeltik [sir20105090z/pcu_deps_pros.csv]
Cu,40.75,-74.2,United States,East Orange [sedcu/main.csv]
Cu,40.7611,-122.4544,United States,Mammoth [vms/main.csv]
Cu,40.7676,40.7029,Turkey,Ilicaköy [sir20105090z/pcu_deps_pros.csv]
Cu,40.7769,69.7792,Uzbekistan,Sarycheku [porcu/main.csv]
Cu,40.7773,41.4045,Turkey,Cevreli Phorenk [sir20105090z/pcu_deps_pros.csv]
Cu,40.7827,40.6898,Turkey,Llicakoy [sir20105090z/pcu_deps_pros.csv]
Cu,40.7833,-74.1331,United States,Schuyler [sedcu/main.csv]
Cu,40.7833,37.4117,Turkey,Kabatas North [sir20105090z/pcu_deps_pros.csv]
Cu,40.7882,42.239,Turkey,Komurlu Kaban [sir20105090z/pcu_deps_pros.csv]
Cu,40.7986,69.7061,Uzbekistan,Kyzata [porcu/main.csv]
Cu,40.8,-74.1667,United States,Glen Ridge [sedcu/main.csv]
Cu,40.8,69.6667,Uzbekistan,Kalmakyr [ofr20051294/deposit.csv]
Cu,40.8003,-122.2036,United States,Bully Hill-Rising Star [vms/main.csv]
Cu,40.806,-116.247,United States,Mike [ofr20051294/deposit.csv]
Cu,40.8139,69.6464,Uzbekistan,Almalyk [porcu/main.csv]
Cu,40.8169,38.6831,Turkey,Killik-Akkoy [vms/main.csv]
Cu,40.8206,38.7089,Turkey,Kizilkaya [vms/main.csv]
Cu,40.8333,39.6167,Turkey,Gzelyayla [ofr20051294/deposit.csv]
Cu,40.8333,41.3333,Turkey,Salikvan [sir20105090z/pcu_deps_pros.csv]
Cu,40.8333,71.6,Uzbekistan,Naukat [sedcu/main.csv]
Cu,40.8417,38.6983,Turkey,Lahanos [vms/main.csv]
Cu,40.8467,40.3489,Turkey,Haysat Buyuk [sir20105090z/pcu_deps_pros.csv]
Cu,40.8489,38.3097,Turkey,Akkoy [vms/main.csv]
Cu,40.8567,39.6531,Turkey,Güzelyayla [porcu/main.csv]
Cu,40.8667,25.555,Greece,Maronia [porcu/main.csv]
Cu,40.8747,40.1147,Turkey,Kotarak Dere [vms/main.csv]
Cu,40.8792,40.0769,Turkey,Kutlular [vms/main.csv]
Cu,40.8887,40.0376,Turkey,Surmene Sincan [sir20105090z/pcu_deps_pros.csv]
Cu,40.9261,35.44,Turkey,Bakircay [porcu/main.csv]
Cu,40.9283,38.8786,Turkey,Israil [vms/main.csv]
Cu,40.9312,41.4125,Turkey,Taskiran [sir20105090z/pcu_deps_pros.csv]
Cu,40.9486,38.8983,Turkey,Harkoy [vms/main.csv]
Cu,40.9519,40.6451,Turkey,Kibledag [sir20105090z/pcu_deps_pros.csv]
Cu,40.9521,41.1507,Turkey,Yukari [sir20105090z/pcu_deps_pros.csv]
Cu,40.9531,41.1002,Turkey,Ayder [sir20105090z/pcu_deps_pros.csv]
Cu,40.9591,41.4135,Turkey,Borekli [sir20105090z/pcu_deps_pros.csv]
Cu,40.9609,35.3959,Turkey,Bakirçay [sir20105090z/pcu_deps_pros.csv]
Cu,40.9641,41.5717,Turkey,Esendal [sir20105090z/pcu_deps_pros.csv]
Cu,40.9667,39.0,Turkey,Kankoy [vms/main.csv]
Cu,40.9667,106.8333,China,Tanyaokou [ofr20051294/deposit.csv]
Cu,40.9694,41.1441,Turkey,Kavran Yayla [sir20105090z/pcu_deps_pros.csv]
Cu,40.9737,35.4459,Turkey,Merzifon Bakirçay [sir20105090z/pcu_deps_pros.csv]
Cu,41.0,38.8461,Turkey,Koprubasi [vms/main.csv]
Cu,41.0114,25.8844,Greece,Pagoni Rachi [sir20105090z/pcu_deps_pros.csv]
Cu,41.0204,41.445,Turkey,Balcili-Yüksekoba [sir20105090z/pcu_deps_pros.csv]
Cu,41.0233,25.7875,Greece,Kassiteres [porcu/main.csv]
Cu,41.0236,40.927,Turkey,Avup Daği [sir20105090z/pcu_deps_pros.csv]
Cu,41.0333,-75.0331,United States,Pahaquarry [sedcu/main.csv]
Cu,41.0417,23.325,Greece,Strimonikon [sir20105090z/pcu_deps_pros.csv]
Cu,41.0444,23.2083,Greece,Koukouta Lofos [sir20105090z/pcu_deps_pros.csv]
Cu,41.0464,40.7583,Turkey,Madenkoy [vms/main.csv]
Cu,41.05,118.601,China,Xiaosigou [sir20105090z/pcu_deps_pros.csv]
Cu,41.055,23.19,Greece,Pontokerassia [porcu/main.csv]
Cu,41.056,25.786,Greece,St. Demetrios [sir20105090z/pcu_deps_pros.csv]
Cu,41.0662,45.0584,Armenia,Veskepar [sir20105090z/pcu_deps_pros.csv]
Cu,41.0667,40.8,Turkey,Cayelli [ofr20051294/deposit.csv]
Cu,41.075,23.1417,Greece,Didimi Lofi [sir20105090z/pcu_deps_pros.csv]
Cu,41.0833,41.8667,Turkey,Derinkoy [sir20105090z/pcu_deps_pros.csv]
Cu,41.0978,70.1258,Uzbekistan,Tekeli [porcu/main.csv]
Cu,41.1,44.5833,Armenia,Tsitelisopel [sir20105090z/pcu_deps_pros.csv]
Cu,41.1047,44.8567,Armenia,Teghout [porcu/main.csv]
Cu,41.1167,22.9222,Greece,Jerakario [sir20105090z/pcu_deps_pros.csv]
Cu,41.118,44.8457,Armenia,Teghout [sir20105090z/pcu_deps_pros.csv]
Cu,41.1268,41.7303,Turkey,Durusu [sir20105090z/pcu_deps_pros.csv]
Cu,41.1315,41.9562,Turkey,Gümüşhane [sir20105090z/pcu_deps_pros.csv]
Cu,41.1389,22.9458,Greece,Divounon [sir20105090z/pcu_deps_pros.csv]
Cu,41.145,-105.1861,United States,Copper  King [porcu/main.csv]
Cu,41.145,22.975,Greece,Vathi [sir20105090z/pcu_deps_pros.csv]
Cu,41.1541,41.6757,Turkey,Meydancik Yayladeresi [sir20105090z/pcu_deps_pros.csv]
Cu,41.1583,22.75,Greece,Akritas [sir20105090z/pcu_deps_pros.csv]
Cu,41.1583,22.8444,Greece,Monolithi I [sir20105090z/pcu_deps_pros.csv]
Cu,41.1583,22.8667,Greece,Monolithi III [sir20105090z/pcu_deps_pros.csv]
Cu,41.1639,22.8333,Greece,Korifi [sir20105090z/pcu_deps_pros.csv]
Cu,41.1644,41.1678,Turkey,Tunca [vms/main.csv]
Cu,41.1667,22.7611,Greece,Doirani [sir20105090z/pcu_deps_pros.csv]
Cu,41.1667,107.0667,China,Dongshengmiao [ofr20051294/deposit.csv]
Cu,41.17,22.8495,Greece,Monolithi II [sir20105090z/pcu_deps_pros.csv]
Cu,41.175,22.8,Greece,Drosaton [sir20105090z/pcu_deps_pros.csv]
Cu,41.175,22.8389,Greece,Gavra [sir20105090z/pcu_deps_pros.csv]
Cu,41.175,41.8528,Turkey,Gümü?hane [porcu/main.csv]
Cu,41.18,41.81,Turkey,Cerateppe [ofr20051294/deposit.csv]
Cu,41.1939,140.8928,Japan,Taisho-Nishimata [vms/main.csv]
Cu,41.2,41.9,Turkey,Berta [porcu/main.csv]
Cu,41.2153,140.5681,Japan,Kamiiso [vms/main.csv]
Cu,41.2226,106.328,China,Oblaga [sir20105090z/pcu_deps_pros.csv]
Cu,41.2414,41.5783,Turkey,Anayatak-Cakmakkaya [vms/main.csv]
Cu,41.2465,41.9838,Turkey,Berta [sir20105090z/pcu_deps_pros.csv]
Cu,41.25,41.55,Turkey,Murgul [ofr20051294/deposit.csv]
Cu,41.25,41.8183,Turkey,Kuvarshan [vms/main.csv]
Cu,41.25,140.9986,Japan,Abeshiro [vms/main.csv]
Cu,41.2553,41.5975,Turkey,Damar [vms/main.csv]
Cu,41.2617,71.0542,Kyrgyzstan,Bozymchak [sir20105090z/pcu_deps_pros.csv]
Cu,41.275,-76.3831,United States,Grassmere Park area [sedcu/main.csv]
Cu,41.285,41.8139,Turkey,Irsahan [vms/main.csv]
Cu,41.2917,-76.5997,United States,Beaver Lake area [sedcu/main.csv]
Cu,41.2968,41.3029,Turkey,Yolgeçen Mezrasi [sir20105090z/pcu_deps_pros.csv]
Cu,41.3131,41.5164,Turkey,Baskoy [vms/main.csv]
Cu,41.3333,81.25,China,Disue-1 [ofr20051294/deposit.csv]
Cu,41.35,110.075,China,China One [sir20105090z/pcu_deps_pros.csv]
Cu,41.3542,-111.5414,United States,Elk Ridge [sedcu/main.csv]
Cu,41.3617,44.4917,Georgia,Madneuli [vms/main.csv]
Cu,41.3667,22.8167,Macedonia,Ilovitza [porcu/main.csv]
Cu,41.3771,70.0274,Uzbekistan,Tekeli [sir20105090z/pcu_deps_pros.csv]
Cu,41.38,88.6333,China,Baowenbulake [sir20105090z/pcu_deps_pros.csv]
Cu,41.42,44.5533,Georgia,Kvemo Bolnisi [vms/main.csv]
Cu,41.4233,44.6181,Georgia,Tsiteli Sopeli [vms/main.csv]
Cu,41.425,44.5014,Georgia,Davidgaredzhi [vms/main.csv]
Cu,41.4624,22.8433,The former Yugoslav Republic of  Macedonia,Ilovitza [sir20105090z/pcu_deps_pros.csv]
Cu,41.5,-76.1167,United States,Forkston [sedcu/main.csv]
Cu,41.5,81.25,China,Disue-1 [sedcu/main.csv]
Cu,41.5041,44.199,Georgia,Mamulo-Sopheli [sir20105090z/pcu_deps_pros.csv]
Cu,41.5106,22.6019,Macedonia,Buchim [porcu/main.csv]
Cu,41.5167,44.7667,Georgia,Madneuli [ofr20051294/deposit.csv]
Cu,41.5667,82.0,China,Disue-2 [sedcu/main.csv]
Cu,41.5714,42.0836,Georgia,Namonastevi [sir20105090z/pcu_deps_pros.csv]
Cu,41.5833,-76.4581,United States,New Albany area [sedcu/main.csv]
Cu,41.5833,-0.9167,Spain,Zaragoza [sedcu/main.csv]
Cu,41.6,80.3,China,Aksu [sedcu/main.csv]
Cu,41.6167,22.8833,Macedonia,Kadiica [porcu/main.csv]
Cu,41.6265,22.3445,The former Yugoslav Republic of  Macedonia,Damjan [sir20105090z/pcu_deps_pros.csv]
Cu,41.6359,97.2475,China,Gongpoquan [sir20105090z/pcu_deps_pros.csv]
Cu,41.6391,97.4736,China,Dakouzi [sir20105090z/pcu_deps_pros.csv]
Cu,41.6667,22.3486,The former Yugoslav Republic of  Macedonia,Bučim [sir20105090z/pcu_deps_pros.csv]
Cu,41.6667,22.3667,Macedonia,Bucim [ofr20051294/deposit.csv]
Cu,41.6914,28.0743,Turkey,Kiyikoy Uzunkum Kecikaya Police [sir20105090z/pcu_deps_pros.csv]
Cu,41.6955,28.0696,Turkey,Uzunkum [sir20105090z/pcu_deps_pros.csv]
Cu,41.7167,112.55,China,Bainamiao [porcu/main.csv]
Cu,41.739,25.314,Bulgaria,Spahievo [sir20105090z/pcu_deps_pros.csv]
Cu,41.75,82.75,China,Kucha [sedcu/main.csv]
Cu,41.7669,-114.7669,United States,Contact [porcu/main.csv]
Cu,41.7967,33.7031,Turkey,Kure (Bakibaba) [vms/main.csv]
Cu,41.8,22.8667,Macedonia,Osogovo [porcu/main.csv]
Cu,41.8,81.8333,China,Dschurger [sedcu/main.csv]
Cu,41.806,27.8914,Turkey,Demirkoy Sivriler [sir20105090z/pcu_deps_pros.csv]
Cu,41.8072,22.9083,The former Yugoslav Republic of  Macedonia,Kadiica [sir20105090z/pcu_deps_pros.csv]
Cu,41.8081,33.6919,Turkey,Kure (Asikoy) [vms/main.csv]
Cu,41.8158,-123.0886,United States,Blue Ledge [vms/main.csv]
Cu,41.8333,27.6783,Turkey,Ikiztepe [porcu/main.csv]
Cu,41.8333,27.7129,Turkey,Ikiztepeler [sir20105090z/pcu_deps_pros.csv]
Cu,41.846,27.8407,Turkey,Demirkoy Kavakdere [sir20105090z/pcu_deps_pros.csv]
Cu,41.8633,-123.3714,United States,Grey Eagle [vms/main.csv]
Cu,41.8918,27.5726,Turkey,Armutveren Karanlikdere [sir20105090z/pcu_deps_pros.csv]
Cu,41.9027,27.5485,Turkey,Demirkoy Rezve [sir20105090z/pcu_deps_pros.csv]
Cu,41.9114,27.3167,Turkey,Derekoy [porcu/main.csv]
Cu,41.9167,-72.75,United States,Newgate Prison [sedcu/main.csv]
Cu,41.9167,27.3167,Turkey,Derekoy [ofr20051294/deposit.csv]
Cu,41.9269,27.5765,Turkey,Demirkoy Enverkule [sir20105090z/pcu_deps_pros.csv]
Cu,41.9276,27.4021,Turkey,Derekoy-Karadere [sir20105090z/pcu_deps_pros.csv]
Cu,41.9333,27.45,Turkey,Sukrupasa [porcu/main.csv]
Cu,41.9383,27.5063,Turkey,Sukrupasa [sir20105090z/pcu_deps_pros.csv]
Cu,41.9471,43.6557,Georgia,Garta [sir20105090z/pcu_deps_pros.csv]
Cu,41.9742,27.5344,Bulgaria,Byrdtseto [porcu/main.csv]
Cu,42.0,-123.7567,United States,Turner-Albright [vms/main.csv]
Cu,42.0303,124.52,China,Hongtoushan [vms/main.csv]
Cu,42.0412,27.9354,Bulgaria,Silistar [sir20105090z/pcu_deps_pros.csv]
Cu,42.0439,71.4117,Kyrgyzstan,Kuru Tegerek [sir20105090z/pcu_deps_pros.csv]
Cu,42.0506,-123.5994,United States,Queen of Bronze [vms/main.csv]
Cu,42.0833,92.5236,China,Yandong [porcu/main.csv]
Cu,42.0854,92.3229,China,Da Hong Shan [sir20105090z/pcu_deps_pros.csv]
Cu,42.1038,92.5576,China,Tuwu-Yandong-Yanxi [sir20105090z/pcu_deps_pros.csv]
Cu,42.1067,22.5428,The former Yugoslav Republic of  Macedonia,Sasa [sir20105090z/pcu_deps_pros.csv]
Cu,42.1167,25.25,Bulgaria,Spahievo [porcu/main.csv]
Cu,42.1167,92.6167,China,Tuwu [porcu/main.csv]
Cu,42.1297,92.8107,China,Linglong [sir20105090z/pcu_deps_pros.csv]
Cu,42.145,27.743,Bulgaria,Velikovets [sir20105090z/pcu_deps_pros.csv]
Cu,42.164,93.0235,China,Chihu [sir20105090z/pcu_deps_pros.csv]
Cu,42.1667,19.9333,Albania,Gjegjan [ofr20051294/deposit.csv]
Cu,42.1667,92.85,China,Linglong [porcu/main.csv]
Cu,42.2,92.9667,China,Chihu [porcu/main.csv]
Cu,42.2269,112.502,China,Bainaimiao [sir20105090z/pcu_deps_pros.csv]
Cu,42.25,72.5,Kyrgyzstan,Talas Alatau [sedcu/main.csv]
Cu,42.2806,89.5225,China,Xiaorequanzi [vms/main.csv]
Cu,42.3,112.7833,China,Bainaimiao [ofr20051294/deposit.csv]
Cu,42.3333,-111.25,United States,Montpelier [sedcu/main.csv]
Cu,42.3422,26.2958,Bulgaria,Prohorovo [porcu/main.csv]
Cu,42.3481,24.2281,Bulgaria,Vlaykov  Vruh [porcu/main.csv]
Cu,42.35,94.8333,China,Sanchakou [porcu/main.csv]
Cu,42.35,113.4333,China,Bieluwutu [vms/main.csv]
Cu,42.353,24.2138,Bulgaria,Vlaykov Vruh [sir20105090z/pcu_deps_pros.csv]
Cu,42.3553,24.3392,Bulgaria,Tsar  Assen [porcu/main.csv]
Cu,42.3583,94.7555,China,Sanchakou [sir20105090z/pcu_deps_pros.csv]
Cu,42.3714,24.1543,Bulgaria,Popovo Dere [sir20105090z/pcu_deps_pros.csv]
Cu,42.3783,26.2629,Bulgaria,Prohorovo [sir20105090z/pcu_deps_pros.csv]
Cu,42.3794,99.0418,China,Wuzhuergashun [sir20105090z/pcu_deps_pros.csv]
Cu,42.4191,118.507,China,Chehugou [sir20105090z/pcu_deps_pros.csv]
Cu,42.4202,119.83,China,Yajishan [sir20105090z/pcu_deps_pros.csv]
Cu,42.4558,24.278,Bulgaria,Petelovo [sir20105090z/pcu_deps_pros.csv]
Cu,42.4733,141.0417,Japan,Horobetsu [vms/main.csv]
Cu,42.4833,23.4167,Bulgaria,Plana [porcu/main.csv]
Cu,42.487,24.254,Bulgaria,Kominsko Mountain [sir20105090z/pcu_deps_pros.csv]
Cu,42.5,72.0,Kyrgyzstan,Kyzyl-Bel [sedcu/main.csv]
Cu,42.5,75.6667,Kyrgyzstan,Rybachye [sedcu/main.csv]
Cu,42.5054,72.9613,Kyrgyzstan,Andash [sir20105090z/pcu_deps_pros.csv]
Cu,42.5167,73.8333,Kyrgyzstan,Kara Balty [sedcu/main.csv]
Cu,42.525,78.6667,Kyrgyzstan,Przheval [sedcu/main.csv]
Cu,42.5333,24.1833,Bulgaria,Asarel [ofr20051294/deposit.csv]
Cu,42.5333,74.9167,Kyrgyzstan,Frunzeul [sedcu/main.csv]
Cu,42.5333,91.9167,China,Kalatage [porcu/main.csv]
Cu,42.539,24.128,Bulgaria,Orlovo Gnezdo [sir20105090z/pcu_deps_pros.csv]
Cu,42.5444,24.1367,Bulgaria,Assarel [sir20105090z/pcu_deps_pros.csv]
Cu,42.5511,72.7678,Kyrgyzstan,Taldy-Bulak [sir20105090z/pcu_deps_pros.csv]
Cu,42.5833,23.9833,Bulgaria,Assarel [porcu/main.csv]
Cu,42.6049,24.1873,Bulgaria,Medet [sir20105090z/pcu_deps_pros.csv]
Cu,42.624,23.272,Bulgaria,Choupetlovo [sir20105090z/pcu_deps_pros.csv]
Cu,42.6277,106.6852,Mongolia,South Gobi [sir20105090z/pcu_deps_pros.csv]
Cu,42.6332,110.449,China,Chaganuoer [sir20105090z/pcu_deps_pros.csv]
Cu,42.6333,75.2333,Kyrgyzstan,Northern Kirgizia [sedcu/main.csv]
Cu,42.6333,79.0,Kyrgyzstan,Dzhergalansk [sedcu/main.csv]
Cu,42.6364,72.6075,Kyrgyzstan,Chonur [sir20105090z/pcu_deps_pros.csv]
Cu,42.6579,91.8175,China,Kalatage [sir20105090z/pcu_deps_pros.csv]
Cu,42.6943,24.121,Bulgaria,Karlievo [sir20105090z/pcu_deps_pros.csv]
Cu,42.7,75.65,Kyrgyzstan,Taldy-Bulak [porcu/main.csv]
Cu,42.7106,106.1483,Mongolia,Shadow Mountain [sir20105090z/pcu_deps_pros.csv]
Cu,42.7167,24.0833,Bulgaria,Medet [ofr20051294/deposit.csv]
Cu,42.7187,105.1028,Mongolia,Mandal Uul [sir20105090z/pcu_deps_pros.csv]
Cu,42.72,24.0853,Bulgaria,Medet [porcu/main.csv]
Cu,42.7314,93.3671,China,Dananhu Nan [sir20105090z/pcu_deps_pros.csv]
Cu,42.7333,-105.8331,United States,Jasper [sedcu/main.csv]
Cu,42.747,22.217,Serbia,Mackatica [sir20105090z/pcu_deps_pros.csv]
Cu,42.75,24.0333,Bulgaria,Elatsite [porcu/main.csv]
Cu,42.75,71.5,Kazakstan,Dzhambul [sedcu/main.csv]
Cu,42.776,21.623,Serbia,Sijarinska Banja [sir20105090z/pcu_deps_pros.csv]
Cu,42.791,73.275,Kazakhstan,Unnamed 2 [sir20105090z/sedcu_deps_pros.csv]
Cu,42.7922,22.9629,Bulgaria,Gourgoulyatski kamuk [sir20105090z/pcu_deps_pros.csv]
Cu,42.795,21.443,Serbia,Tulare [sir20105090z/pcu_deps_pros.csv]
Cu,42.8036,106.5127,Mongolia,Khatsaych Uul [sir20105090z/pcu_deps_pros.csv]
Cu,42.8167,23.9833,Bulgaria,Elatsite [ofr20051294/deposit.csv]
Cu,42.8175,71.7286,Kazakhstan,Almalysai [sir20105090z/pcu_deps_pros.csv]
Cu,42.8417,22.9649,Bulgaria,Bratoushkovo [sir20105090z/pcu_deps_pros.csv]
Cu,42.8431,22.8998,Bulgaria,Radulovtsi [sir20105090z/pcu_deps_pros.csv]
Cu,42.8497,-8.4917,Spain,Fornas [vms/main.csv]
Cu,42.8778,-8.3492,Spain,Bama [vms/main.csv]
Cu,42.8847,-8.3231,Spain,Arinteiro [vms/main.csv]
Cu,42.892,22.874,Bulgaria,Dragotintsi [sir20105090z/pcu_deps_pros.csv]
Cu,42.9167,129.9839,China,Tianbaoshan [ofr20051294/deposit.csv]
Cu,42.95,128.417,China,Xinhe [sir20105090z/pcu_deps_pros.csv]
Cu,42.9922,140.6647,Japan,Kunitomi (1-5-IN-Fuden) [vms/main.csv]
Cu,42.9947,140.6428,Japan,Kunitomi (7-8) [vms/main.csv]
Cu,43.0,-110.75,United States,Watercress Canyon [sedcu/main.csv]
Cu,43.0,106.8667,Mongolia,Oyu  Tolgoi [porcu/main.csv]
Cu,43.0025,140.6842,Japan,Kunitomi (3-4-6) [vms/main.csv]
Cu,43.0028,106.8583,Mongolia,Oyu Tolgoi [ofr20051294/deposit.csv]
Cu,43.0136,106.8535,Mongolia,Oyu Tolgoi [sir20105090z/pcu_deps_pros.csv]
Cu,43.0333,140.8917,Japan,Meiji [vms/main.csv]
Cu,43.034,21.425,Serbia,Djavolja Varos [sir20105090z/pcu_deps_pros.csv]
Cu,43.0453,140.7692,Japan,Yoichi [vms/main.csv]
Cu,43.062,106.1452,Mongolia,Bayan Ovoo [sir20105090z/pcu_deps_pros.csv]
Cu,43.0667,6.3167,France,Cap Garonne [sedcu/main.csv]
Cu,43.088,20.612,Serbia,Karavansalija [sir20105090z/pcu_deps_pros.csv]
Cu,43.0931,-111.3231,United States,Caribou  Mountain [porcu/main.csv]
Cu,43.109,109.9301,Mongolia,Hutag Uul [sir20105090z/pcu_deps_pros.csv]
Cu,43.1235,106.2236,Mongolia,Ring Dyke [sir20105090z/pcu_deps_pros.csv]
Cu,43.1244,106.9066,Mongolia,Ulan Khud [sir20105090z/pcu_deps_pros.csv]
Cu,43.138,127.942,China,Shibadougou [sir20105090z/pcu_deps_pros.csv]
Cu,43.1482,102.9264,Mongolia,Khongor [sir20105090z/pcu_deps_pros.csv]
Cu,43.1667,22.25,Yugoslavia,Suva Planina Mountain [sedcu/main.csv]
Cu,43.1667,102.8,Mongolia,Khongor [porcu/main.csv]
Cu,43.2133,130.885,China,Xiaoxinancha [sir20105090z/pcu_deps_pros.csv]
Cu,43.2291,20.6684,Serbia,Plavkovo [sir20105090z/pcu_deps_pros.csv]
Cu,43.2333,20.7167,Serbia,Rudnitsa [porcu/main.csv]
Cu,43.2857,101.732,Mongolia,Zurumtai [sir20105090z/pcu_deps_pros.csv]
Cu,43.3102,74.952,Kazakhstan,Kurdai Drevny [sir20105090z/pcu_deps_pros.csv]
Cu,43.33,70.61,Kazakhstan,Unnamed 1 [sir20105090z/sedcu_deps_pros.csv]
Cu,43.3333,104.4167,Mongolia,Gashuun hudag [sir20105090z/pcu_deps_pros.csv]
Cu,43.3833,106.5,Mongolia,unnamed [sir20105090z/pcu_deps_pros.csv]
Cu,43.4,107.7167,Mongolia,Alag Bayan [sir20105090z/pcu_deps_pros.csv]
Cu,43.4311,-72.2514,United States,Croydon [vms/main.csv]
Cu,43.4333,-103.5,United States,Hot Brook Canyon [sedcu/main.csv]
Cu,43.4467,113.818,China,Wuritu [sir20105090z/pcu_deps_pros.csv]
Cu,43.4477,117.493,China,Yangchang [sir20105090z/pcu_deps_pros.csv]
Cu,43.45,68.4833,Kazakstan,Mirgalim-Sai [sedcu/main.csv]
Cu,43.478,20.485,Serbia,Ceovishte [sir20105090z/pcu_deps_pros.csv]
Cu,43.4891,126.324,China,Daheishan [sir20105090z/pcu_deps_pros.csv]
Cu,43.5,69.8333,Kazakstan,Zhanatas [sedcu/main.csv]
Cu,43.537,70.283,Kazakhstan,MalyKaratau [sir20105090z/sedcu_deps_pros.csv]
Cu,43.5597,83.8413,China,Songshugou [sir20105090z/pcu_deps_pros.csv]
Cu,43.5873,101.7067,Mongolia,Bayan Goya [sir20105090z/pcu_deps_pros.csv]
Cu,43.6,108.15,Mongolia,Ulgei Hiyd [sir20105090z/pcu_deps_pros.csv]
Cu,43.6167,105.9667,Mongolia,Budagt [sir20105090z/pcu_deps_pros.csv]
Cu,43.6203,74.2611,Kazakhstan,Chatyrkul [porcu/main.csv]
Cu,43.668,107.1182,Mongolia,Amgalant [sir20105090z/pcu_deps_pros.csv]
Cu,43.68,82.4667,China,Qunji [sir20105090z/pcu_deps_pros.csv]
Cu,43.7,40.9667,Russia,Urup Sandstone [sedcu/main.csv]
Cu,43.7171,117.3225,China,unnamed [sir20105090z/pcu_deps_pros.csv]
Cu,43.73,113.691,China,Marmot Ridge [sir20105090z/pcu_deps_pros.csv]
Cu,43.7333,3.3167,France,Lodeve [sedcu/main.csv]
Cu,43.7461,120.409,China,Haoliabao [sir20105090z/pcu_deps_pros.csv]
Cu,43.7538,22.0561,Serbia,Dobro Polje [sir20105090z/pcu_deps_pros.csv]
Cu,43.767,107.775,Mongolia,Argalant Uul [sir20105090z/pcu_deps_pros.csv]
Cu,43.7701,118.7588,China,unnamed [sir20105090z/pcu_deps_pros.csv]
Cu,43.8003,95.2516,China,He'ersai [sir20105090z/pcu_deps_pros.csv]
Cu,43.8474,119.494,China,unnamed [sir20105090z/pcu_deps_pros.csv]
Cu,43.8605,108.3441,Mongolia,Tsagaan-Suvarga [sir20105090z/pcu_deps_pros.csv]
Cu,43.8667,108.3333,Mongolia,Tsagaan-Suvarga [porcu/main.csv]
Cu,43.871,-109.288,United States,Kirwin [sir20105090z/pcu_deps_pros.csv]
Cu,43.8806,-72.3575,United States,Orange & Gove [vms/main.csv]
Cu,43.8825,-109.3111,United States,Kirwin [porcu/main.csv]
Cu,43.9,107.65,Mongolia,Tsohiot [sir20105090z/pcu_deps_pros.csv]
Cu,43.9036,-109.3371,United States,Yellow Ridge [sir20105090z/pcu_deps_pros.csv]
Cu,43.9372,-71.9486,United States,Ore Hill [vms/main.csv]
Cu,43.942,107.6962,Mongolia,Shuteen [sir20105090z/pcu_deps_pros.csv]
Cu,43.9789,98.3649,Mongolia,Khul Morit [sir20105090z/pcu_deps_pros.csv]
Cu,43.9824,99.2196,Mongolia,Zuun Mod [sir20105090z/pcu_deps_pros.csv]
Cu,43.9833,107.7333,Mongolia,Shuteen har Tolgoi [sir20105090z/pcu_deps_pros.csv]
Cu,43.9867,6.8917,France,Cerisier [sedcu/main.csv]
Cu,43.9958,-109.7816,United States,Robinson Creek [sir20105090z/pcu_deps_pros.csv]
Cu,44.0,-115.783,United States,Cumo [ofr20051294/deposit.csv]
Cu,44.0,105.3167,Mongolia,Hatsar [sir20105090z/pcu_deps_pros.csv]
Cu,44.0,105.3833,Mongolia,Khatsar [sir20105090z/pcu_deps_pros.csv]
Cu,44.0,106.1667,Mongolia,Kharmagtai [porcu/main.csv]
Cu,44.0044,82.4045,China,Dongtujin [sir20105090z/pcu_deps_pros.csv]
Cu,44.0167,105.9833,Mongolia,Khan Khudag [sir20105090z/pcu_deps_pros.csv]
Cu,44.0167,106.05,Mongolia,Ovotiin Khar [sir20105090z/pcu_deps_pros.csv]
Cu,44.0193,-109.6305,United States,Stinkingwater [sir20105090z/pcu_deps_pros.csv]
Cu,44.0217,106.1995,Mongolia,Kharmagtai [sir20105090z/pcu_deps_pros.csv]
Cu,44.0262,-109.6734,United States,Silver Creek [sir20105090z/pcu_deps_pros.csv]
Cu,44.0289,-109.6831,United States,Silver  Creek [porcu/main.csv]
Cu,44.0292,6.8333,France,Liouc [sedcu/main.csv]
Cu,44.03,-109.6014,United States,Stinkingwater [porcu/main.csv]
Cu,44.0312,21.9999,Serbia,Tilva Skorus [sir20105090z/pcu_deps_pros.csv]
Cu,44.0333,6.8583,France,Giordannet [sedcu/main.csv]
Cu,44.0333,106.2,Mongolia,Ukhaa Khudag II [sir20105090z/pcu_deps_pros.csv]
Cu,44.035,-115.7836,United States,Cumo [sir20105090z/pcu_deps_pros.csv]
Cu,44.0376,105.9992,Mongolia,Ovoot Hyar [sir20105090z/pcu_deps_pros.csv]
Cu,44.0542,6.86,France,Bancairon [sedcu/main.csv]
Cu,44.0667,6.8583,France,Pont des Roberts [sedcu/main.csv]
Cu,44.0719,22.1303,Serbia,Borska Reka [sir20105090z/pcu_deps_pros.csv]
Cu,44.0742,107.8743,Mongolia,Bronze Fox [sir20105090z/pcu_deps_pros.csv]
Cu,44.0867,106.316,Mongolia,Duchin Khural [sir20105090z/pcu_deps_pros.csv]
Cu,44.0878,22.1012,Serbia,Bor [sir20105090z/pcu_deps_pros.csv]
Cu,44.095,22.0942,Serbia,Bor [porcu/main.csv]
Cu,44.0953,107.7509,Mongolia,Tourmaline Hills [sir20105090z/pcu_deps_pros.csv]
Cu,44.1,22.1,Serbia and Montenegro,Bor-Majdanpek [ofr20051294/deposit.csv]
Cu,44.1,134.4,Russian Federation,Lazurnoe [sir20105090z/pcu_deps_pros.csv]
Cu,44.1214,82.9451,China,Lalisigaoer-3571 [sir20105090z/pcu_deps_pros.csv]
Cu,44.1218,22.1155,Serbia,Veliki Krivelj [sir20105090z/pcu_deps_pros.csv]
Cu,44.1311,22.0969,Serbia,Veliki  Krivelj [porcu/main.csv]
Cu,44.1439,83.0267,China,Qiuxing [sir20105090z/pcu_deps_pros.csv]
Cu,44.16,99.5,Mongolia,Bayanbulag [sir20105090z/pcu_deps_pros.csv]
Cu,44.165,22.029,Serbia,Cerovo [sir20105090z/pcu_deps_pros.csv]
Cu,44.1667,107.5,Mongolia,Shuteen [porcu/main.csv]
Cu,44.1667,107.7833,Mongolia,Kharaat Uul [sir20105090z/pcu_deps_pros.csv]
Cu,44.1808,98.3602,Mongolia,Shurtiin Khundii [sir20105090z/pcu_deps_pros.csv]
Cu,44.1826,107.9284,Mongolia,Bunkhan Khudag [sir20105090z/pcu_deps_pros.csv]
Cu,44.1955,95.307,China,Mengxi [sir20105090z/pcu_deps_pros.csv]
Cu,44.2033,21.9369,Serbia,Valja Strz [sir20105090z/pcu_deps_pros.csv]
Cu,44.2052,83.2784,China,Kendenggaoer [sir20105090z/pcu_deps_pros.csv]
Cu,44.2156,-68.7275,United States,Deer Isle [vms/main.csv]
Cu,44.219,131.3338,Russian Federation,Baikal [sir20105090z/pcu_deps_pros.csv]
Cu,44.2208,108.0182,Mongolia,Nariin Khudag [sir20105090z/pcu_deps_pros.csv]
Cu,44.2233,142.6861,Japan,Shimokawa [vms/main.csv]
Cu,44.2323,21.9322,Serbia,Dumitru Potok [sir20105090z/pcu_deps_pros.csv]
Cu,44.2333,108.0333,Mongolia,Nariin  Khudag [porcu/main.csv]
Cu,44.241,116.3213,China,unnamed [sir20105090z/pcu_deps_pros.csv]
Cu,44.2458,145.8908,Russia,Valentina [vms/main.csv]
Cu,44.2541,-109.7266,United States,Clouds Home Peak [sir20105090z/pcu_deps_pros.csv]
Cu,44.3053,108.1987,Mongolia,Khairkhan Uul [sir20105090z/pcu_deps_pros.csv]
Cu,44.3167,105.75,Mongolia,No. XXXIV-32 [sir20105090z/pcu_deps_pros.csv]
Cu,44.3333,104.1333,Mongolia,Khurelt Khudag [sir20105090z/pcu_deps_pros.csv]
Cu,44.3333,107.1667,Mongolia,No. XXXVI-2 Narangiin [sir20105090z/pcu_deps_pros.csv]
Cu,44.3486,-68.8103,United States,Penobscot [vms/main.csv]
Cu,44.3767,-68.7494,United States,Tapley [vms/main.csv]
Cu,44.3808,119.3842,China,unnamed [sir20105090z/pcu_deps_pros.csv]
Cu,44.3827,-110.0016,United States,Eagle Creek [sir20105090z/pcu_deps_pros.csv]
Cu,44.3833,21.95,Serbia,Majdanpek [porcu/main.csv]
Cu,44.3833,107.6333,Mongolia,Sumbur Khudag [sir20105090z/pcu_deps_pros.csv]
Cu,44.3833,108.25,Mongolia,Mandakh [sir20105090z/pcu_deps_pros.csv]
Cu,44.3833,108.4667,Mongolia,Mankhan Chuluu [sir20105090z/pcu_deps_pros.csv]
Cu,44.4,108.1,Mongolia,Ulaan Tolgoi [sir20105090z/pcu_deps_pros.csv]
Cu,44.4108,21.9324,Serbia,Majdanpek [sir20105090z/pcu_deps_pros.csv]
Cu,44.4111,-68.6306,United States,Douglas [vms/main.csv]
Cu,44.4161,-68.7725,United States,Emerson [vms/main.csv]
Cu,44.4464,109.5385,Mongolia,Ulaan Ovoo [sir20105090z/pcu_deps_pros.csv]
Cu,44.45,78.4333,Kazakhstan,Koksai [porcu/main.csv]
Cu,44.45,108.3,Mongolia,Buyant Uul [sir20105090z/pcu_deps_pros.csv]
Cu,44.4633,107.7268,Mongolia,Amar Shavagtai Khudag [sir20105090z/pcu_deps_pros.csv]
Cu,44.4667,50.75,Kazakstan,Mangyshlak Peninsula-Tartala [sedcu/main.csv]
Cu,44.4818,78.4498,Kazakhstan,Koksai [sir20105090z/pcu_deps_pros.csv]
Cu,44.4833,78.4667,Kazakhstan,Koksai [ofr20051294/deposit.csv]
Cu,44.5,51.0,Kazakstan,Mangyshlak Peninsula-Karaduan [sedcu/main.csv]
Cu,44.5722,109.4296,Mongolia,Oyut Ulaan [sir20105090z/pcu_deps_pros.csv]
Cu,44.5742,109.4358,Mongolia,Oyuut  Ulaar  Ovoo [porcu/main.csv]
Cu,44.5786,-71.2575,United States,Milan [vms/main.csv]
Cu,44.5833,108.0333,Mongolia,Mogoit Khudag [sir20105090z/pcu_deps_pros.csv]
Cu,44.614,71.694,Kazakhstan,Karakol well C5 [sir20105090z/sedcu_deps_pros.csv]
Cu,44.6247,-109.7529,United States,Sunlight [sir20105090z/pcu_deps_pros.csv]
Cu,44.6331,119.603,China,Aonaodaba [sir20105090z/pcu_deps_pros.csv]
Cu,44.6529,136.2031,Russian Federation,Plastun [sir20105090z/pcu_deps_pros.csv]
Cu,44.653,71.732,Kazakhstan,Karakol well C9 [sir20105090z/sedcu_deps_pros.csv]
Cu,44.654,71.755,Kazakhstan,Karakol well C6 [sir20105090z/sedcu_deps_pros.csv]
Cu,44.6581,134.65,Russian Federation,Zarechnoe [sir20105090z/pcu_deps_pros.csv]
Cu,44.666,71.814,Kazakhstan,Karakol well C10 [sir20105090z/sedcu_deps_pros.csv]
Cu,44.6736,80.9754,China,Lamasu [sir20105090z/pcu_deps_pros.csv]
Cu,44.6864,-66.8731,Canada,Sloop Cove [sedcu/main.csv]
Cu,44.7153,81.7814,China,Kekesai [sir20105090z/pcu_deps_pros.csv]
Cu,44.7378,21.7025,Romania,Moldova  Noua [porcu/main.csv]
Cu,44.7436,81.4257,China,Beidabate [sir20105090z/pcu_deps_pros.csv]
Cu,44.75,21.95,Romania,Sopot [porcu/main.csv]
Cu,44.75,22.0,Romania,Bozovici [porcu/main.csv]
Cu,44.7603,120.556,China,Aolunhua [sir20105090z/pcu_deps_pros.csv]
Cu,44.765,21.9622,Romania,Sopot [sir20105090z/pcu_deps_pros.csv]
Cu,44.815,112.852,China,Ulandler [sir20105090z/pcu_deps_pros.csv]
Cu,44.8667,21.7167,Romania,Sasca [porcu/main.csv]
Cu,44.8667,65.4667,Kazakstan,Naukatski [sedcu/main.csv]
Cu,44.945,22.0359,Romania,Bozovici [sir20105090z/pcu_deps_pros.csv]
Cu,44.962,-114.115,United States,Iron Creek [ofr20051294/deposit.csv]
Cu,44.9656,-67.2225,United States,Big Hill [vms/main.csv]
Cu,44.9689,-67.2269,United States,Barrett [vms/main.csv]
Cu,44.9833,21.7833,Romania,Ciclova [porcu/main.csv]
Cu,44.999,71.305,Kazakhstan,Karatuz [sir20105090z/sedcu_deps_pros.csv]
Cu,44.9991,121.426,China,Budunhua [sir20105090z/pcu_deps_pros.csv]
Cu,45.0,70.0,Kazakstan,Chu River [sedcu/main.csv]
Cu,45.0264,-116.8583,United States,Iron Dyke [vms/main.csv]
Cu,45.0433,21.7426,Romania,Ciclova [sir20105090z/pcu_deps_pros.csv]
Cu,45.0665,-109.9599,United States,New World [sir20105090z/pcu_deps_pros.csv]
Cu,45.0667,-113.8497,United States,Pope-Shenon [sedcu/main.csv]
Cu,45.073,21.717,Romania,Oravita [sir20105090z/pcu_deps_pros.csv]
Cu,45.0833,14.25,Slovenia,Skofje [sedcu/main.csv]
Cu,45.1,21.8167,Romania,Oravita [porcu/main.csv]
Cu,45.1148,-109.9101,United States,Goose Lake [sir20105090z/pcu_deps_pros.csv]
Cu,45.121,-114.339,United States,Blackbird [ofr20051294/deposit.csv]
Cu,45.1364,135.0367,Russian Federation,Malinovskoe [sir20105090z/pcu_deps_pros.csv]
Cu,45.14,-114.36,United States,Ram (Idaho Cobalt Project) [ofr20051294/deposit.csv]
Cu,45.1917,-70.9583,United States,Ledge Ridge [vms/main.csv]
Cu,45.1947,-63.1978,Canada,Middle Stewiacke [sedcu/main.csv]
Cu,45.2153,-110.2179,United States,Independence [sir20105090z/pcu_deps_pros.csv]
Cu,45.2292,-116.6703,United States,Red Ledge [vms/main.csv]
Cu,45.2501,112.119,Mongolia,Temuujin [sir20105090z/pcu_deps_pros.csv]
Cu,45.2622,-72.3292,Canada,Huntingdon [vms/main.csv]
Cu,45.2641,-110.6512,United States,Emigrant [sir20105090z/pcu_deps_pros.csv]
Cu,45.269,74.2925,Kazakhstan,Vostok II [sir20105090z/pcu_deps_pros.csv]
Cu,45.2734,116.433,China,Xiaobaliang [sir20105090z/pcu_deps_pros.csv]
Cu,45.2737,74.343,Kazakhstan,Vostok III [sir20105090z/pcu_deps_pros.csv]
Cu,45.2756,-63.2183,Canada,Brookfield copper showing [sedcu/main.csv]
Cu,45.3178,-71.92,Canada,Eustis [vms/main.csv]
Cu,45.3225,-71.9119,Canada,Albert [vms/main.csv]
Cu,45.3245,83.9633,China,Jaertasi [sir20105090z/pcu_deps_pros.csv]
Cu,45.3333,98.2833,Mongolia,Chandmani [sir20105090z/pcu_deps_pros.csv]
Cu,45.335,-70.2142,United States,Alder Pond [vms/main.csv]
Cu,45.3469,74.3909,Kazakhstan,Vostok [sir20105090z/pcu_deps_pros.csv]
Cu,45.35,-75.9331,Canada,South March-1 [sedcu/main.csv]
Cu,45.3564,-113.9939,United States,Bobcat  Gulch [porcu/main.csv]
Cu,45.3581,90.6808,China,Wulunbulake [sir20105090z/pcu_deps_pros.csv]
Cu,45.3744,-75.9708,Canada,South March-3 [sedcu/main.csv]
Cu,45.3764,-61.5886,Canada,Guysborough area 2-03-abcd [sedcu/main.csv]
Cu,45.3834,74.1577,Kazakhstan,Kazkyrmys [sir20105090z/pcu_deps_pros.csv]
Cu,45.3834,84.0366,China,unnamed [sir20105090z/pcu_deps_pros.csv]
Cu,45.3894,136.95,Russian Federation,Malo-Kemskoe [sir20105090z/pcu_deps_pros.csv]
Cu,45.4,-62.6331,Canada,"Elgin, Black Rock [sedcu/main.csv]"
Cu,45.4042,-62.05,Canada,Lochaber Lake [sedcu/main.csv]
Cu,45.4264,-71.8133,Canada,Moulton Hill [vms/main.csv]
Cu,45.4378,-91.1197,United States,Flambeau [vms/main.csv]
Cu,45.4389,-61.5678,Canada,Guysborough area 2-03-f [sedcu/main.csv]
Cu,45.4411,-61.6703,Canada,Guysborough Area 2 - 03 - K [sir20105090z/sedcu_deps_pros.csv]
Cu,45.4608,-62.6106,Canada,Springhill [sedcu/main.csv]
Cu,45.473,68.147,Kazakhstan,Pridorozhnoye [sir20105090z/sedcu_deps_pros.csv]
Cu,45.4756,74.2659,Kazakhstan,Vostok I [sir20105090z/pcu_deps_pros.csv]
Cu,45.4767,-62.6517,Canada,The Island Roadcut [sir20105090z/sedcu_deps_pros.csv]
Cu,45.48,-72.1083,Canada,Brompton [vms/main.csv]
Cu,45.4806,-88.9231,United States,Crandon [vms/main.csv]
Cu,45.4822,-62.6653,Canada,Hopewell [sir20105090z/sedcu_deps_pros.csv]
Cu,45.4822,-62.665,Canada,Hopewell [sedcu/main.csv]
Cu,45.483,-88.926,United States,Crandon [ofr20051294/deposit.csv]
Cu,45.4833,74.2833,Kazakhstan,Kazkyrmyskoye [porcu/main.csv]
Cu,45.498,68.77,Kazakhstan,Tasty [sir20105090z/sedcu_deps_pros.csv]
Cu,45.5011,84.4781,China,Baogutu [sir20105090z/pcu_deps_pros.csv]
Cu,45.5031,-62.6789,Canada,Eureka [sedcu/main.csv]
Cu,45.508,67.163,Kazakhstan,Irkuduk drill hole 1 [sir20105090z/sedcu_deps_pros.csv]
Cu,45.5092,-62.0772,Canada,Ohio [sedcu/main.csv]
Cu,45.5094,-62.6481,Canada,Churchville Road [sedcu/main.csv]
Cu,45.5244,-62.6139,Canada,Mclellan Brook holes 1 2 and 3 [sedcu/main.csv]
Cu,45.5283,-61.9069,Canada,Mcpherson [sedcu/main.csv]
Cu,45.5296,105.8025,Mongolia,Bulag Shand [sir20105090z/pcu_deps_pros.csv]
Cu,45.5344,-62.0844,Canada,St Josephs - 2 [sir20105090z/sedcu_deps_pros.csv]
Cu,45.5344,-61.9622,Canada,Pitchers Farm-2 [sedcu/main.csv]
Cu,45.5361,-70.2169,United States,Catheart  Mt. [porcu/main.csv]
Cu,45.5372,-61.9847,Canada,Pitchers Farm-1 [sedcu/main.csv]
Cu,45.5383,-62.5969,Canada,Mclellan Brook [sedcu/main.csv]
Cu,45.5419,-62.0972,Canada,St Joseph [sedcu/main.csv]
Cu,45.5483,-62.755,Canada,Union Centre [sir20105090z/sedcu_deps_pros.csv]
Cu,45.5483,-62.7547,Canada,Union Centre [sedcu/main.csv]
Cu,45.55,-62.85,Canada,Limerock [sedcu/main.csv]
Cu,45.55,22.35,Romania,Cofu [porcu/main.csv]
Cu,45.5511,-62.0275,Canada,Glen Road [sedcu/main.csv]
Cu,45.5511,-61.8136,Canada,Meadow Green [sedcu/main.csv]
Cu,45.5617,-61.3588,Canada,Steep Creek [sir20105090z/sedcu_deps_pros.csv]
Cu,45.5661,-61.3544,Canada,Steep Creek [sedcu/main.csv]
Cu,45.5667,22.2333,Romania,Tincova [porcu/main.csv]
Cu,45.5706,-61.8319,Canada,Pomquet River [sedcu/main.csv]
Cu,45.5739,-89.4019,United States,Pelican [vms/main.csv]
Cu,45.5778,-62.1206,Canada,James River station [sedcu/main.csv]
Cu,45.5811,-62.4892,Canada,Telford [sedcu/main.csv]
Cu,45.5833,102.7333,Mongolia,unnamed [sir20105090z/pcu_deps_pros.csv]
Cu,45.5972,-61.6456,Canada,Monastery [sedcu/main.csv]
Cu,45.6,-70.3333,United States,Sally  Mountain [porcu/main.csv]
Cu,45.6,97.25,Mongolia,Biger [sir20105090z/pcu_deps_pros.csv]
Cu,45.6,97.35,Mongolia,Mogoinshand [sir20105090z/pcu_deps_pros.csv]
Cu,45.6,104.5,Mongolia,Khairkhan Tugrug [sir20105090z/pcu_deps_pros.csv]
Cu,45.6027,-109.936,United States,Gold Hill [sir20105090z/pcu_deps_pros.csv]
Cu,45.6122,-62.0625,Canada,Brierly Brook-2 [sedcu/main.csv]
Cu,45.6169,-62.0575,Canada,Sylvan Glen Area [sir20105090z/sedcu_deps_pros.csv]
Cu,45.6195,-61.4024,Canada,Keaton Point [sir20105090z/sedcu_deps_pros.csv]
Cu,45.6264,-61.3892,Canada,Keaton Point [sedcu/main.csv]
Cu,45.6294,-62.0333,Canada,Rights River-railway showing [sedcu/main.csv]
Cu,45.6319,-63.5222,Canada,East Wallace River [sedcu/main.csv]
Cu,45.6322,-62.7956,Canada,Durham [sedcu/main.csv]
Cu,45.6333,-62.02,Canada,Rights River-main showing [sedcu/main.csv]
Cu,45.6333,98.1,Mongolia,Altan-Khad [sir20105090z/pcu_deps_pros.csv]
Cu,45.6339,-62.05,Canada,Willies Brook [sedcu/main.csv]
Cu,45.6342,-62.9572,Canada,Plainfield Brook [sedcu/main.csv]
Cu,45.6358,-63.3122,Canada,Central New Annan [sir20105090z/sedcu_deps_pros.csv]
Cu,45.6456,-63.3133,Canada,Oliver south [sedcu/main.csv]
Cu,45.6469,-61.9903,Canada,Lower North Grant [sedcu/main.csv]
Cu,45.6472,-64.7372,Canada,Little Ridge-pit 13 [sedcu/main.csv]
Cu,45.6508,121.926,China,Lianhuashan [sir20105090z/pcu_deps_pros.csv]
Cu,45.6514,-64.8097,Canada,Midway Copper Belt-pit 1 [sedcu/main.csv]
Cu,45.6522,-63.2203,Canada,Balmoral Brook [sedcu/main.csv]
Cu,45.6561,-62.8786,Canada,Scotsburn Brook [sedcu/main.csv]
Cu,45.6567,-64.8017,Canada,Midway Copper Belt-pit 2 [sedcu/main.csv]
Cu,45.6575,-71.3833,Canada,Lingwick [vms/main.csv]
Cu,45.6583,-64.7283,Canada,New Horton - Pit 12 [sir20105090z/sedcu_deps_pros.csv]
Cu,45.659,70.456,Kazakhstan,Tesbulak [sir20105090z/sedcu_deps_pros.csv]
Cu,45.6608,-63.1878,Canada,Yellow Brook [sedcu/main.csv]
Cu,45.661,67.088,Kazakhstan,Irkuduk drill hole 7 [sir20105090z/sedcu_deps_pros.csv]
Cu,45.6614,-63.3233,Canada,Oliver - No 2 [sir20105090z/sedcu_deps_pros.csv]
Cu,45.6622,-63.3258,Canada,Oliver-no 1 [sedcu/main.csv]
Cu,45.667,67.133,Kazakhstan,Glubokoe [sir20105090z/sedcu_deps_pros.csv]
Cu,45.6672,-63.6053,Canada,Palmer Mine [sir20105090z/sedcu_deps_pros.csv]
Cu,45.6672,-63.605,Canada,Palmer mine [sedcu/main.csv]
Cu,45.6683,-63.3219,Canada,Oliver [sedcu/main.csv]
Cu,45.6689,-61.5919,Canada,Cape Blue [sedcu/main.csv]
Cu,45.6725,-64.7853,Canada,Midway Copper Belt-shaft no 1 [sedcu/main.csv]
Cu,45.6728,-63.2278,Canada,Balfron - 1 [sir20105090z/sedcu_deps_pros.csv]
Cu,45.6736,-63.2247,Canada,Balfron [sedcu/main.csv]
Cu,45.676,67.177,Kazakhstan,Irkuduk drill hole 2 [sir20105090z/sedcu_deps_pros.csv]
Cu,45.6772,-63.21,Canada,Black River-2 [sedcu/main.csv]
Cu,45.6797,-63.2472,Canada,Mine hole Brook [sedcu/main.csv]
Cu,45.68,-64.7719,Canada,Midway Copper Belt - Pit 5 [sir20105090z/sedcu_deps_pros.csv]
Cu,45.6817,-63.2372,Canada,Mine Hole Brook/ No 2 [sir20105090z/sedcu_deps_pros.csv]
Cu,45.6819,-63.3169,Canada,Oliver North Prospect [sir20105090z/sedcu_deps_pros.csv]
Cu,45.6867,-64.7114,Canada,New Horton mine [sedcu/main.csv]
Cu,45.6875,-63.2386,Canada,Matheson prospect [sedcu/main.csv]
Cu,45.6889,-61.5619,Canada,Cape Jack [sedcu/main.csv]
Cu,45.69,-63.5522,Canada,Feeley mine [sedcu/main.csv]
Cu,45.6903,-61.1292,Canada,Black River-1 [sedcu/main.csv]
Cu,45.6919,-64.7581,Canada,Midway Copper Belt - Pit 6 [sir20105090z/sedcu_deps_pros.csv]
Cu,45.6919,-64.7417,Canada,Midway Copper Belt-occ 7 [sedcu/main.csv]
Cu,45.6931,-62.8289,Canada,Scotch Hill [sedcu/main.csv]
Cu,45.6944,-63.2833,Canada,Woodlock Brook Prospect [sir20105090z/sedcu_deps_pros.csv]
Cu,45.6944,-60.3558,Canada,Bear Cove [sedcu/main.csv]
Cu,45.6953,-63.1692,Canada,Biz Brook [sedcu/main.csv]
Cu,45.6956,-63.0472,Canada,River john (east branch) [sedcu/main.csv]
Cu,45.696,67.169,Kazakhstan,Aryss area [sir20105090z/sedcu_deps_pros.csv]
Cu,45.6964,-63.2806,Canada,Tatamagouche [sedcu/main.csv]
Cu,45.7,104.6,Mongolia,Oyut Ovoo [sir20105090z/pcu_deps_pros.csv]
Cu,45.7039,-71.3722,Canada,Weedon [vms/main.csv]
Cu,45.7167,-60.7467,Canada,Soldier Cove north [sedcu/main.csv]
Cu,45.7186,-63.5611,Canada,Fleming Brook mine [sedcu/main.csv]
Cu,45.7192,-63.3017,Canada,French River mouth [sedcu/main.csv]
Cu,45.7219,-62.2358,Canada,Knoydart Point and Brook [sedcu/main.csv]
Cu,45.7278,-60.4375,Canada,Stirling [vms/main.csv]
Cu,45.7333,-64.25,Canada,Nappan [sedcu/main.csv]
Cu,45.7342,-63.3339,Canada,Blockhouse Claim Group [sir20105090z/sedcu_deps_pros.csv]
Cu,45.7351,-63.3319,Canada,Blockhouse No 2 [sir20105090z/sedcu_deps_pros.csv]
Cu,45.7383,-63.3389,Canada,Blockhouse Point [sedcu/main.csv]
Cu,45.7394,-62.0056,Canada,Big Marsh [sedcu/main.csv]
Cu,45.7406,-63.5731,Canada,Grant Brook [sedcu/main.csv]
Cu,45.7427,-63.1696,Canada,King Mine [sir20105090z/sedcu_deps_pros.csv]
Cu,45.7497,-63.8453,Canada,Riverside mine [sedcu/main.csv]
Cu,45.7506,-63.17,Canada,King mine [sedcu/main.csv]
Cu,45.7506,-62.8042,Canada,Caribou River [sedcu/main.csv]
Cu,45.7528,-62.7831,Canada,Waterside [sedcu/main.csv]
Cu,45.763,100.6022,Mongolia,Saran Uul [sir20105090z/pcu_deps_pros.csv]
Cu,45.7667,-65.1667,Canada,Goshen [sedcu/main.csv]
Cu,45.7667,-63.6667,Canada,Canfield Dome [sedcu/main.csv]
Cu,45.7694,-63.3233,Canada,Malagash centre [sedcu/main.csv]
Cu,45.7728,-63.5706,Canada,Kerrs Mills [sedcu/main.csv]
Cu,45.7733,-71.3133,Canada,Cupra D'Estrie [vms/main.csv]
Cu,45.7789,104.8294,Mongolia,Khokh ovoo [sir20105090z/pcu_deps_pros.csv]
Cu,45.78,121.709,China,Naoniushan [sir20105090z/pcu_deps_pros.csv]
Cu,45.7833,100.6,Mongolia,Saran  Uul [porcu/main.csv]
Cu,45.7867,-61.9269,Canada,Lakevale [sir20105090z/sedcu_deps_pros.csv]
Cu,45.7867,-61.9103,Canada,Lakevale [sedcu/main.csv]
Cu,45.79,-60.2564,Canada,Mcintyre Lake [sedcu/main.csv]
Cu,45.7958,4.6092,France,Sain Bel [vms/main.csv]
Cu,45.7989,-63.3486,Canada,Malagash (north shore) [sedcu/main.csv]
Cu,45.8,-63.6667,Canada,Canfield Creek [sir20105090z/sedcu_deps_pros.csv]
Cu,45.8039,-63.2397,Canada,Malagash Point [sedcu/main.csv]
Cu,45.8046,-63.2956,Canada,Treen Point [sir20105090z/sedcu_deps_pros.csv]
Cu,45.8047,-71.2861,Canada,Solbec [vms/main.csv]
Cu,45.805,-60.7214,Canada,Johnstown [sedcu/main.csv]
Cu,45.8094,-63.2961,Canada,Treen Point [sedcu/main.csv]
Cu,45.8167,-60.2167,Canada,Garbarus Lake [sedcu/main.csv]
Cu,45.8167,104.3667,Mongolia,Tsogt Chandmani [sir20105090z/pcu_deps_pros.csv]
Cu,45.8183,-63.7539,Canada,Rockley [sedcu/main.csv]
Cu,45.8194,-63.6864,Canada,South Pugwash-2 [sedcu/main.csv]
Cu,45.8194,-63.6842,Canada,Chisholm Brook [sir20105090z/sedcu_deps_pros.csv]
Cu,45.8201,102.593,Mongolia,Mogoit [sir20105090z/pcu_deps_pros.csv]
Cu,45.8202,111.4317,Mongolia,Chandman Uul [sir20105090z/pcu_deps_pros.csv]
Cu,45.8225,-63.6611,Canada,South Pugwash-1 [sedcu/main.csv]
Cu,45.825,-64.5817,Canada,Hopewell Cape [sedcu/main.csv]
Cu,45.8267,-63.6772,Canada,South Pugwash/ No 2 [sir20105090z/sedcu_deps_pros.csv]
Cu,45.8281,-63.6353,Canada,South Pugwash/ No 3 [sir20105090z/sedcu_deps_pros.csv]
Cu,45.8281,-63.635,Canada,"South Pugwash, no 3 [sedcu/main.csv]"
Cu,45.8461,-61.9398,Canada,Ballantynes Cove [sir20105090z/sedcu_deps_pros.csv]
Cu,45.8461,-61.9181,Canada,Ballantynes Cove [sedcu/main.csv]
Cu,45.85,67.847,Kazakhstan,Oppak West [sir20105090z/sedcu_deps_pros.csv]
Cu,45.8639,84.509,China,unnamed [sir20105090z/pcu_deps_pros.csv]
Cu,45.8667,110.9333,Mongolia,Khushutiin [sir20105090z/pcu_deps_pros.csv]
Cu,45.87,22.87,Romania,Deva [sir20105090z/pcu_deps_pros.csv]
Cu,45.8767,22.8878,Romania,Deva [porcu/main.csv]
Cu,45.8942,4.6119,France,Chessy [vms/main.csv]
Cu,45.8948,102.8991,Mongolia,Tsagaan Ovoo [sir20105090z/pcu_deps_pros.csv]
Cu,45.9125,-60.3081,Canada,Salmon River [sedcu/main.csv]
Cu,45.9167,104.3,Mongolia,Budag tolgoi [sir20105090z/pcu_deps_pros.csv]
Cu,45.9247,-61.4372,Canada,Little Judique [sedcu/main.csv]
Cu,45.9286,-64.4764,Canada,Dorchester [sedcu/main.csv]
Cu,45.9422,-70.8089,Canada,Clinton River [vms/main.csv]
Cu,45.9488,116.162,Mongolia,Auyoute [sir20105090z/pcu_deps_pros.csv]
Cu,45.95,100.1694,Mongolia,Tsavyn Tsagaan [sir20105090z/pcu_deps_pros.csv]
Cu,45.95,110.5,Mongolia,Nogoon Tolgoi [sir20105090z/pcu_deps_pros.csv]
Cu,45.9517,84.8483,China,unnamed [sir20105090z/pcu_deps_pros.csv]
Cu,45.9538,84.4013,China,unnamed [sir20105090z/pcu_deps_pros.csv]
Cu,45.9596,-60.8014,Canada,Iona [sir20105090z/sedcu_deps_pros.csv]
Cu,45.9619,-61.1011,Canada,Whycocomagh [sedcu/main.csv]
Cu,45.9619,-60.7789,Canada,Christmas Island-2 [sedcu/main.csv]
Cu,45.9625,-60.8097,Canada,Iona [sedcu/main.csv]
Cu,45.9633,-60.7681,Canada,Christmas Island - 2 [sir20105090z/sedcu_deps_pros.csv]
Cu,45.9651,84.6566,China,unnamed [sir20105090z/pcu_deps_pros.csv]
Cu,45.9734,-61.1004,Canada,Whycocomagh [sir20105090z/sedcu_deps_pros.csv]
Cu,45.9753,-60.7392,Canada,Christmas Island-1 [sedcu/main.csv]
Cu,45.9833,-60.3167,Canada,Glen Morrison (gm-1) [sedcu/main.csv]
Cu,45.9833,23.0333,Romania,Bolcana [porcu/main.csv]
Cu,45.984,22.937,Romania,Magura [sir20105090z/pcu_deps_pros.csv]
Cu,45.99,-61.4147,Canada,Southwest Mabou River [sedcu/main.csv]
Cu,45.9903,-59.9914,Canada,Catalone Lake [sedcu/main.csv]
Cu,45.994,23.01,Romania,Bolcana [sir20105090z/pcu_deps_pros.csv]
Cu,45.9975,-60.4248,Canada,East Bay [sir20105090z/sedcu_deps_pros.csv]
Cu,46.0008,-60.4269,Canada,East Bay [sedcu/main.csv]
Cu,46.0144,-81.8003,Canada,Lewis Lake [sedcu/main.csv]
Cu,46.0172,-112.5111,United States,Continental/Butte [porcu/main.csv]
Cu,46.0183,4.3281,France,Sibert [sir20105090z/pcu_deps_pros.csv]
Cu,46.0183,84.4441,China,unnamed [sir20105090z/pcu_deps_pros.csv]
Cu,46.02,-112.526,United States,"Butte (Continental, Berkeley etc.) [ofr20051294/deposit.csv]"
Cu,46.0217,-61.4633,Canada,Delhanty Brook [sir20105090z/sedcu_deps_pros.csv]
Cu,46.0267,-60.445,Canada,Boisdale [sir20105090z/sedcu_deps_pros.csv]
Cu,46.0267,-60.4447,Canada,Bois Dale [sedcu/main.csv]
Cu,46.0367,-61.4681,Canada,Campbell's Brook [sedcu/main.csv]
Cu,46.0417,-60.4667,Canada,Steele Crossing [sedcu/main.csv]
Cu,46.044,22.954,Romania,Draica [sir20105090z/pcu_deps_pros.csv]
Cu,46.05,96.4333,Mongolia,Satyr Hudag [sir20105090z/pcu_deps_pros.csv]
Cu,46.0542,-60.8019,Canada,Washabuck-2 [sedcu/main.csv]
Cu,46.0567,-60.3519,Canada,Carr Brook [sedcu/main.csv]
Cu,46.0611,22.9667,Romania,Voia [porcu/main.csv]
Cu,46.0656,-81.7853,Canada,Moredolphton Warehouse and Landing [sedcu/main.csv]
Cu,46.0686,-60.7666,Canada,Washabuck - Crow Point [sir20105090z/sedcu_deps_pros.csv]
Cu,46.0714,-60.3858,Canada,Coxheath-contact zone [sedcu/main.csv]
Cu,46.0722,-60.3269,Canada,Macbeth Brook [sedcu/main.csv]
Cu,46.075,-60.7667,Canada,Washabuck-1 [sedcu/main.csv]
Cu,46.0833,-60.3667,Canada,Coxheath [porcu/main.csv]
Cu,46.0835,84.7486,China,unnamed [sir20105090z/pcu_deps_pros.csv]
Cu,46.0837,22.864,Romania,Valea Morii [sir20105090z/pcu_deps_pros.csv]
Cu,46.085,6.5417,France,La Riolle [sedcu/main.csv]
Cu,46.095,69.485,Kazakhstan,Drill hole SP-4 [sir20105090z/sedcu_deps_pros.csv]
Cu,46.0954,22.8999,Romania,Ciresata [sir20105090z/pcu_deps_pros.csv]
Cu,46.0988,84.9336,China,unnamed [sir20105090z/pcu_deps_pros.csv]
Cu,46.1,111.0833,Mongolia,Dund Bayan [sir20105090z/pcu_deps_pros.csv]
Cu,46.1039,-60.3844,Canada,Macmullin Brook [sedcu/main.csv]
Cu,46.105,69.588,Kazakhstan,Dautbay area [sir20105090z/sedcu_deps_pros.csv]
Cu,46.1137,22.8668,Romania,Valea Arsului [sir20105090z/pcu_deps_pros.csv]
Cu,46.116,23.169,Romania,Breaza [sir20105090z/pcu_deps_pros.csv]
Cu,46.12,-60.3564,Canada,Mackay showing [sedcu/main.csv]
Cu,46.122,23.129,Romania,Baba-Babuta [sir20105090z/pcu_deps_pros.csv]
Cu,46.1289,23.1554,Romania,Hanes-Large [sir20105090z/pcu_deps_pros.csv]
Cu,46.13,-60.3414,Canada,Musgrave showing [sedcu/main.csv]
Cu,46.131,23.103,Romania,Almas [sir20105090z/pcu_deps_pros.csv]
Cu,46.1314,-61.4603,Canada,Finlay Beach [sedcu/main.csv]
Cu,46.1325,-62.9656,Canada,Gallas Point [sedcu/main.csv]
Cu,46.1325,23.0713,Romania,Muncaceasca East [sir20105090z/pcu_deps_pros.csv]
Cu,46.1331,-60.9167,Canada,Yankee Line Road [sedcu/main.csv]
Cu,46.1367,-68.4639,United States,Mount Chase [vms/main.csv]
Cu,46.14,23.139,Romania,Trimpoiele [sir20105090z/pcu_deps_pros.csv]
Cu,46.1411,22.9078,Romania,Colnic [sir20105090z/pcu_deps_pros.csv]
Cu,46.1489,22.995,Romania,Valea Tisei [sir20105090z/pcu_deps_pros.csv]
Cu,46.15,22.8,Romania,Musariu [porcu/main.csv]
Cu,46.15,22.85,Romania,Valea  Morii [porcu/main.csv]
Cu,46.1592,-60.3048,Canada,Frenchvale -  Leitches Creek [sir20105090z/sedcu_deps_pros.csv]
Cu,46.164,69.485,Kazakhstan,Drill hole SP-6 [sir20105090z/sedcu_deps_pros.csv]
Cu,46.1647,-61.4361,Canada,Mabou [sedcu/main.csv]
Cu,46.1667,-61.1497,Canada,Kirkwood [sedcu/main.csv]
Cu,46.1667,-60.2997,Canada,Frenchvale [sedcu/main.csv]
Cu,46.1667,22.9,Romania,Rovina [porcu/main.csv]
Cu,46.1672,-60.2719,Canada,Point Edward [sedcu/main.csv]
Cu,46.1836,-111.6574,United States,Radersburg [sir20105090z/pcu_deps_pros.csv]
Cu,46.2069,-82.6492,Canada,Pater [vms/main.csv]
Cu,46.2083,6.5167,France,Jambaz [sedcu/main.csv]
Cu,46.2178,-60.5894,Canada,Squire Point [sedcu/main.csv]
Cu,46.2286,-61.1481,Canada,Gillis Dale [sedcu/main.csv]
Cu,46.2333,23.2,Romania,Bucium  Tarnita [porcu/main.csv]
Cu,46.2353,-60.6111,Canada,Mcleod Point [sedcu/main.csv]
Cu,46.2377,-60.6214,Canada,Mcleod Point [sir20105090z/sedcu_deps_pros.csv]
Cu,46.2378,-60.2667,Canada,Highway showing [sedcu/main.csv]
Cu,46.242,23.127,Romania,Bucium Tarnita [sir20105090z/pcu_deps_pros.csv]
Cu,46.25,6.65,France,Le Biot [sedcu/main.csv]
Cu,46.2567,73.1986,Kazakhstan,Saryshagan [porcu/main.csv]
Cu,46.2667,22.15,Romania,Talagiu [porcu/main.csv]
Cu,46.2667,102.8,Mongolia,Arvaikheer [sir20105090z/pcu_deps_pros.csv]
Cu,46.2833,103.6333,Mongolia,Khuv Khashaatyn [sir20105090z/pcu_deps_pros.csv]
Cu,46.3,23.3,Romania,Apuseni District [ofr20051294/deposit.csv]
Cu,46.3042,6.7333,France,Ubine [sedcu/main.csv]
Cu,46.31,23.1774,Romania,Rosia Poieni [sir20105090z/pcu_deps_pros.csv]
Cu,46.3117,-111.6695,United States,Morning Glory [sir20105090z/pcu_deps_pros.csv]
Cu,46.3333,23.1667,Romania,Rosia  Poieni [porcu/main.csv]
Cu,46.3415,-111.9965,United States,Golconda [sir20105090z/pcu_deps_pros.csv]
Cu,46.3417,-112.0792,United States,Beavertown [porcu/main.csv]
Cu,46.35,-89.3167,United States,Watersmeet [sedcu/main.csv]
Cu,46.35,7.0167,Switzerland,Leysin [sedcu/main.csv]
Cu,46.355,69.549,Kazakhstan,Dautbay prospect [sir20105090z/sedcu_deps_pros.csv]
Cu,46.3564,-122.0808,United States,Margaret [porcu/main.csv]
Cu,46.3592,-83.9667,Canada,Desbarats [sedcu/main.csv]
Cu,46.3833,11.4333,Italy,South Tyrol [sedcu/main.csv]
Cu,46.392,68.961,Kazakhstan,East Karakoin area [sir20105090z/sedcu_deps_pros.csv]
Cu,46.4,111.2167,Mongolia,Baruun [sir20105090z/pcu_deps_pros.csv]
Cu,46.4132,73.9908,Kazakhstan,Sokurkoi [sir20105090z/pcu_deps_pros.csv]
Cu,46.45,99.2833,Mongolia,Omnod [sir20105090z/pcu_deps_pros.csv]
Cu,46.4667,-81.1833,Canada,Creighton [ofr20051294/deposit.csv]
Cu,46.4667,-81.0667,Canada,Copper Cliff [ofr20051294/deposit.csv]
Cu,46.4713,-112.1797,United States,Chessman [sir20105090z/pcu_deps_pros.csv]
Cu,46.4833,99.6,Mongolia,Khokhbulgiin khondii [ofr20051294/deposit.csv]
Cu,46.4906,25.5817,Romania,Ivo-Cocoizas [sir20105090z/pcu_deps_pros.csv]
Cu,46.5167,-81.0667,Canada,Murray [ofr20051294/deposit.csv]
Cu,46.5197,-81.3553,Canada,Vermilion [vms/main.csv]
Cu,46.5333,-87.45,United States,Kona Dolomite [sedcu/main.csv]
Cu,46.5333,136.4303,Russian Federation,Verkhnezolotoe [sir20105090z/pcu_deps_pros.csv]
Cu,46.5394,-81.2558,Canada,Errington [vms/main.csv]
Cu,46.5403,-80.9936,Canada,Frood - Stobie [ofr20051294/deposit.csv]
Cu,46.5709,90.0597,China,Xilketehalasu [sir20105090z/pcu_deps_pros.csv]
Cu,46.571,25.782,Romania,Ostoros [sir20105090z/pcu_deps_pros.csv]
Cu,46.5833,-80.8,Canada,Falconbridge [ofr20051294/deposit.csv]
Cu,46.5833,104.9667,Mongolia,Khondlon ovoo [sir20105090z/pcu_deps_pros.csv]
Cu,46.5861,-82.6042,Canada,Stag Lake [sedcu/main.csv]
Cu,46.6,-82.7667,Canada,Flack Lake area [sedcu/main.csv]
Cu,46.6,74.4167,Kazakhstan,Sokurkoiy [porcu/main.csv]
Cu,46.6027,90.0192,China,Yulekenhalasu [sir20105090z/pcu_deps_pros.csv]
Cu,46.6108,25.3939,Romania,Sumulea [sir20105090z/pcu_deps_pros.csv]
Cu,46.6292,-81.2,Canada,Cobre Lake [sedcu/main.csv]
Cu,46.6333,104.8,Mongolia,Gurvan ovoo [sir20105090z/pcu_deps_pros.csv]
Cu,46.6347,104.85,Mongolia,unnamed [sir20105090z/pcu_deps_pros.csv]
Cu,46.6388,73.6135,Kazakhstan,Karatas Ore Field [sir20105090z/pcu_deps_pros.csv]
Cu,46.65,69.235,Kazakhstan,Zhektytau area [sir20105090z/sedcu_deps_pros.csv]
Cu,46.65,73.6333,Kazakhstan,Karatas [porcu/main.csv]
Cu,46.6509,-81.378,Canada,Levack [ofr20051294/deposit.csv]
Cu,46.6667,88.8333,China,Lierkuduk [sir20105090z/pcu_deps_pros.csv]
Cu,46.673,-81.342,Canada,Strathcona [ofr20051294/deposit.csv]
Cu,46.6833,-89.9833,United States,Presque Isle [sedcu/main.csv]
Cu,46.6833,104.8833,Mongolia,Bayan-Uul [porcu/main.csv]
Cu,46.7048,85.498,China,Xiemistai [sir20105090z/pcu_deps_pros.csv]
Cu,46.7167,103.1333,Mongolia,unnamed [sir20105090z/pcu_deps_pros.csv]
Cu,46.7167,104.7667,Mongolia,Turmaline [sir20105090z/pcu_deps_pros.csv]
Cu,46.7292,104.7542,Mongolia,Unegtei ovoo-2 [sir20105090z/pcu_deps_pros.csv]
Cu,46.7379,104.8669,Mongolia,Unegtei ovoo-1 [sir20105090z/pcu_deps_pros.csv]
Cu,46.7383,-68.7333,United States,Bald Mountain [vms/main.csv]
Cu,46.7472,104.1333,Mongolia,Oyut [sir20105090z/pcu_deps_pros.csv]
Cu,46.755,68.017,Kazakhstan,Borsengir area [sir20105090z/sedcu_deps_pros.csv]
Cu,46.7667,-89.5667,United States,White Pine [sedcu/main.csv]
Cu,46.802,68.735,Kazakhstan,Taskora-deep [sir20105090z/sedcu_deps_pros.csv]
Cu,46.8025,-81.6972,Canada,Stralak (East Zone) [vms/main.csv]
Cu,46.8083,89.8347,China,Kalatongke [ofr20051294/deposit.csv]
Cu,46.8167,104.4333,Mongolia,Tariat Gol [sir20105090z/pcu_deps_pros.csv]
Cu,46.8333,68.75,Kazakhstan,Zhaman-Aibat [ofr20051294/deposit.csv]
Cu,46.834,25.232,Romania,Lepes [sir20105090z/pcu_deps_pros.csv]
Cu,46.8389,115.5333,Mongolia,Zuun Matad [sir20105090z/pcu_deps_pros.csv]
Cu,46.85,68.941,Kazakhstan,area around  Zhaman-Aibat [sir20105090z/sedcu_deps_pros.csv]
Cu,46.857,89.2245,China,Xilekuduke [sir20105090z/pcu_deps_pros.csv]
Cu,46.8574,104.1268,Mongolia,Ulaan shand [sir20105090z/pcu_deps_pros.csv]
Cu,46.8667,-112.1167,United States,Wolf Creek [sedcu/main.csv]
Cu,46.8833,115.4889,Mongolia,Suul Tsagaan [sir20105090z/pcu_deps_pros.csv]
Cu,46.8875,-112.5676,United States,Rochester [sir20105090z/pcu_deps_pros.csv]
Cu,46.9167,-112.0831,United States,"Canyon Creek, Rogers Pass [sedcu/main.csv]"
Cu,46.93,-60.4981,Canada,Dingwall [sedcu/main.csv]
Cu,46.9333,79.9667,Kazakhstan,Aktogai [porcu/main.csv]
Cu,46.9696,79.9795,Kazakhstan,Aktogai-Aidarly [sir20105090z/pcu_deps_pros.csv]
Cu,46.974,69.061,Kazakhstan,Kulen area [sir20105090z/sedcu_deps_pros.csv]
Cu,46.9833,80.0,Kazakhstan,Aqtogai [ofr20051294/deposit.csv]
Cu,46.9873,80.0527,Kazakhstan,Kyzylkia [sir20105090z/pcu_deps_pros.csv]
Cu,46.9897,74.9872,Kazakhstan,Kounrad [porcu/main.csv]
Cu,47.0,74.75,Kazakhstan,Qonyrat (Kounrad) [ofr20051294/deposit.csv]
Cu,47.0,77.4167,Kazakhstan,Sayak-II (Tastau) [ofr20051294/deposit.csv]
Cu,47.0,79.9167,Kazakhstan,Aidarly [ofr20051294/deposit.csv]
Cu,47.0258,-112.36,United States,Heddleston [porcu/main.csv]
Cu,47.0431,-84.6153,Canada,Jogran [porcu/main.csv]
Cu,47.065,-88.634,United States,Baltic [ofr20051294/deposit.csv]
Cu,47.0667,9.25,Switzerland,Murtschenalp [sedcu/main.csv]
Cu,47.0919,-84.4783,Canada,Tribag [porcu/main.csv]
Cu,47.0978,135.0722,Russian Federation,Malakhitovoe [sir20105090z/pcu_deps_pros.csv]
Cu,47.0986,-66.2272,Canada,Chester [vms/main.csv]
Cu,47.1111,112.685,Mongolia,Gaikhamshigt [sir20105090z/pcu_deps_pros.csv]
Cu,47.133,-88.567,United States,Pewabic [ofr20051294/deposit.csv]
Cu,47.15,112.3333,Mongolia,Berkhiin Ovoo [sir20105090z/pcu_deps_pros.csv]
Cu,47.1588,93.1741,Mongolia,Tana [sir20105090z/pcu_deps_pros.csv]
Cu,47.166,119.9176,China,unnamed [sir20105090z/pcu_deps_pros.csv]
Cu,47.184,66.987,Kazakhstan,Drill hole U-23 [sir20105090z/sedcu_deps_pros.csv]
Cu,47.1971,74.7086,Kazakhstan,Borly [sir20105090z/pcu_deps_pros.csv]
Cu,47.21,93.1166,Mongolia,Bumbat [sir20105090z/pcu_deps_pros.csv]
Cu,47.22,67.097,Kazakhstan,Drill hole U-22 [sir20105090z/sedcu_deps_pros.csv]
Cu,47.225,-88.459,United States,Osceola [ofr20051294/deposit.csv]
Cu,47.2333,-112.7667,United States,Scapegoat Wilderness [sedcu/main.csv]
Cu,47.2459,85.9564,China,Sawuer [sir20105090z/pcu_deps_pros.csv]
Cu,47.246,-88.45,United States,Calumet - Hecla [ofr20051294/deposit.csv]
Cu,47.25,105.2667,Mongolia,unnamed [sir20105090z/pcu_deps_pros.csv]
Cu,47.2581,75.2913,Kazakhstan,Kenkuduk [sir20105090z/pcu_deps_pros.csv]
Cu,47.2667,134.6,Russian Federation,Pravy Olen [sir20105090z/pcu_deps_pros.csv]
Cu,47.269,67.174,Kazakhstan,Kyzlkak area [sir20105090z/sedcu_deps_pros.csv]
Cu,47.278,-88.418,United States,Kearsarge [ofr20051294/deposit.csv]
Cu,47.2833,-66.0833,Canada,Heath Steele (B) [ofr20051294/deposit.csv]
Cu,47.2833,-65.8772,Canada,Captain [vms/main.csv]
Cu,47.289,-88.404,United States,Allouez [ofr20051294/deposit.csv]
Cu,47.291,-88.385,United States,Kingston Conglomerate [ofr20051294/deposit.csv]
Cu,47.2925,-66.0614,Canada,Heath Steele (A-C-D) [vms/main.csv]
Cu,47.2997,-66.0369,Canada,Heath Steele (B) [vms/main.csv]
Cu,47.3028,75.2955,Kazakhstan,Kaskyrkazgan [sir20105090z/pcu_deps_pros.csv]
Cu,47.3083,-66.1317,Canada,Tomogonops [vms/main.csv]
Cu,47.3167,-66.0,Canada,North Boundary [vms/main.csv]
Cu,47.3167,112.5167,Mongolia,Erdeniin Shand [sir20105090z/pcu_deps_pros.csv]
Cu,47.3203,-66.1086,Canada,Stratmat [vms/main.csv]
Cu,47.3336,112.6039,Mongolia,Chuluut kholvoo [sir20105090z/pcu_deps_pros.csv]
Cu,47.337,68.939,Kazakhstan,Sarysu-Tobylga area [sir20105090z/sedcu_deps_pros.csv]
Cu,47.3528,89.1983,China,Keketale [vms/main.csv]
Cu,47.3633,75.2287,Kazakhstan,Kengam [sir20105090z/pcu_deps_pros.csv]
Cu,47.38,-66.0306,Canada,Nepisiguit [vms/main.csv]
Cu,47.3833,-79.7167,Canada,Cobalt [ofr20051294/deposit.csv]
Cu,47.3833,75.2333,Kazakhstan,Kenkuduk [porcu/main.csv]
Cu,47.3839,92.8833,Mongolia,KY [sir20105090z/pcu_deps_pros.csv]
Cu,47.3875,-65.9353,Canada,Louvicourt [vms/main.csv]
Cu,47.3958,-66.1289,Canada,Wedge [vms/main.csv]
Cu,47.3967,-65.8258,Canada,Austin Brook [vms/main.csv]
Cu,47.4103,-65.82,Canada,Brunswick No. 6 [vms/main.csv]
Cu,47.4187,-115.2944,United States,Brooks Mountain [sir20105090z/sedcu_deps_pros.csv]
Cu,47.423,68.858,Kazakhstan,North Tobylga area [sir20105090z/sedcu_deps_pros.csv]
Cu,47.4308,-66.3992,Canada,Devils Elbow [vms/main.csv]
Cu,47.4364,-115.3585,United States,Copper Rock [sir20105090z/sedcu_deps_pros.csv]
Cu,47.442,68.209,Kazakhstan,Well U-29 [sir20105090z/sedcu_deps_pros.csv]
Cu,47.4506,-65.9242,Canada,Pabineau River [vms/main.csv]
Cu,47.4667,-65.8833,Canada,Brunswick No. 12 [ofr20051294/deposit.csv]
Cu,47.4758,-65.8889,Canada,Brunswick No. 12 [vms/main.csv]
Cu,47.482,-115.7344,United States,Snowstorm [sir20105090z/sedcu_deps_pros.csv]
Cu,47.4825,-115.7247,United States,Snowstorm [sedcu/main.csv]
Cu,47.4884,-115.7408,United States,Snowshoe mine [sir20105090z/sedcu_deps_pros.csv]
Cu,47.4955,75.0905,Kazakhstan,Kepcham [sir20105090z/pcu_deps_pros.csv]
Cu,47.497,67.606,Kazakhstan,South Zhezdy [sir20105090z/sedcu_deps_pros.csv]
Cu,47.5,-121.3667,United States,Middle  Fork [porcu/main.csv]
Cu,47.5,-114.0831,United States,Mission Mountains [sedcu/main.csv]
Cu,47.5,37.5,Ukraine,Kal Mius [sedcu/main.csv]
Cu,47.5,75.1,Kazakhstan,Kepcham [porcu/main.csv]
Cu,47.501,-116.068,United States,Sunshine [ofr20051294/deposit.csv]
Cu,47.5013,-115.7495,United States,Missoula National [sir20105090z/sedcu_deps_pros.csv]
Cu,47.5019,74.0833,Kazakhstan,Borly [porcu/main.csv]
Cu,47.5044,-115.7436,United States,Missoula National [sedcu/main.csv]
Cu,47.5044,-66.5544,Canada,Third Portage [vms/main.csv]
Cu,47.5049,-115.6413,United States,Chipmunk Creek [sir20105090z/sedcu_deps_pros.csv]
Cu,47.5219,-115.7603,United States,Military Gulch [sir20105090z/sedcu_deps_pros.csv]
Cu,47.5253,-66.4344,Canada,Murray Brook [vms/main.csv]
Cu,47.5333,84.4167,Kazakhstan,Kyzylkain [porcu/main.csv]
Cu,47.5364,-115.9579,United States,Twomile [sir20105090z/sedcu_deps_pros.csv]
Cu,47.538,67.605,Kazakhstan,Kingir area [sir20105090z/sedcu_deps_pros.csv]
Cu,47.5442,92.787,Mongolia,Takhilt [sir20105090z/pcu_deps_pros.csv]
Cu,47.5504,84.3305,Kazakhstan,Kyzylkain [sir20105090z/pcu_deps_pros.csv]
Cu,47.5598,-115.7586,United States,Revett Lake [sir20105090z/sedcu_deps_pros.csv]
Cu,47.5614,-66.2972,Canada,Caribou [vms/main.csv]
Cu,47.5708,-65.6206,Canada,Nepisiguit River copper [sedcu/main.csv]
Cu,47.572,68.53,Kazakhstan,Sarydaly area [sir20105090z/sedcu_deps_pros.csv]
Cu,47.5726,-115.6794,United States,Janstan group [sir20105090z/sedcu_deps_pros.csv]
Cu,47.5833,66.8667,Kazakstan,Dzhezdy [sedcu/main.csv]
Cu,47.6,-66.0403,Canada,Armstrong A [vms/main.csv]
Cu,47.6067,-66.2336,Canada,McMaster [vms/main.csv]
Cu,47.61,-91.96,United States,Dunka Road - Northmet project [ofr20051294/deposit.csv]
Cu,47.6227,-115.6429,United States,Clear Peak [sir20105090z/sedcu_deps_pros.csv]
Cu,47.6317,-66.0722,Canada,Rocky Turn [vms/main.csv]
Cu,47.641,-91.883,United States,Babbit (Minnamax) - Mesaba project [ofr20051294/deposit.csv]
Cu,47.65,110.5333,Mongolia,Okhashi [sir20105090z/pcu_deps_pros.csv]
Cu,47.6775,-121.6364,United States,North  Fork  Snoqualmie  River [porcu/main.csv]
Cu,47.6819,-115.9336,United States,Copper Camp [sir20105090z/sedcu_deps_pros.csv]
Cu,47.6831,-115.8606,United States,Niagara [sedcu/main.csv]
Cu,47.7133,-82.6583,Canada,Shunsby [vms/main.csv]
Cu,47.7242,-115.6429,United States,Sex Peak [sir20105090z/sedcu_deps_pros.csv]
Cu,47.738,-115.6291,United States,Ripper Creek [sir20105090z/sedcu_deps_pros.csv]
Cu,47.744,-115.8019,United States,Silver Creek [sir20105090z/sedcu_deps_pros.csv]
Cu,47.75,68.236,Kazakhstan,Ungurlisay area [sir20105090z/sedcu_deps_pros.csv]
Cu,47.753,67.052,Kazakhstan,Kumola south [sir20105090z/sedcu_deps_pros.csv]
Cu,47.7629,-115.6348,United States,White Pine Creek [sir20105090z/sedcu_deps_pros.csv]
Cu,47.779,67.077,Kazakhstan,Kysylborbas area [sir20105090z/sedcu_deps_pros.csv]
Cu,47.78,67.283,Kazakhstan,Zhezdy [sir20105090z/sedcu_deps_pros.csv]
Cu,47.8,67.1333,Kazakstan,Shipisai [sedcu/main.csv]
Cu,47.801,-91.756,United States,Maturi [ofr20051294/deposit.csv]
Cu,47.8166,-115.718,United States,Trout Creek [sir20105090z/sedcu_deps_pros.csv]
Cu,47.8167,-115.3331,United States,Daisy Creek [sedcu/main.csv]
Cu,47.8167,67.3,Kazakstan,Spasski [sedcu/main.csv]
Cu,47.817,-91.733,United States,Birch Lake [ofr20051294/deposit.csv]
Cu,47.8236,-59.3297,Canada,Searston [sedcu/main.csv]
Cu,47.8242,135.8599,Russian Federation,Oborsky [sir20105090z/pcu_deps_pros.csv]
Cu,47.8402,-115.6738,United States,White Penney [sir20105090z/sedcu_deps_pros.csv]
Cu,47.8472,-59.1844,Canada,Grand Codroy River-on railway [sedcu/main.csv]
Cu,47.8511,-115.3697,United States,Vermillion River [sedcu/main.csv]
Cu,47.863,67.159,Kazakhstan,Shilisay west [sir20105090z/sedcu_deps_pros.csv]
Cu,47.8689,-59.1153,Canada,Grand Codroy River-highway one [sedcu/main.csv]
Cu,47.877,67.204,Kazakhstan,Shilisay east [sir20105090z/sedcu_deps_pros.csv]
Cu,47.882,67.432,Kazakhstan,Dzhezkazgan [sir20105090z/sedcu_deps_pros.csv]
Cu,47.898,67.061,Kazakhstan,Talsay area [sir20105090z/sedcu_deps_pros.csv]
Cu,47.9,20.0833,Hungary,Recsk-Lahoca [ofr20051294/deposit.csv]
Cu,47.9061,-59.0731,Canada,Grand Codroy River -S branch [sedcu/main.csv]
Cu,47.91,19.0143,Hungary,Borzsony Mountains [sir20105090z/pcu_deps_pros.csv]
Cu,47.91,19.0483,Hungary,Börzsöny  Mountains [porcu/main.csv]
Cu,47.9167,79.3333,Kazakhstan,Nurbay [porcu/main.csv]
Cu,47.9168,-115.4226,United States,Sims Creek [sir20105090z/sedcu_deps_pros.csv]
Cu,47.9235,-115.6635,United States,Hill Farm [sir20105090z/sedcu_deps_pros.csv]
Cu,47.9333,20.1,Hungary,Recsk [porcu/main.csv]
Cu,47.935,67.347,Kazakhstan,Unnamed 1 [sir20105090z/sedcu_deps_pros.csv]
Cu,47.9393,20.0778,Hungary,Recsk [sir20105090z/pcu_deps_pros.csv]
Cu,47.943,67.527,Kazakhstan,Taskuduk [sir20105090z/sedcu_deps_pros.csv]
Cu,47.945,66.892,Kazakhstan,Talsay [sir20105090z/sedcu_deps_pros.csv]
Cu,47.945,67.031,Kazakhstan,Kumola north [sir20105090z/sedcu_deps_pros.csv]
Cu,47.948,67.216,Kazakhstan,Besentisay [sir20105090z/sedcu_deps_pros.csv]
Cu,47.9667,-80.75,Canada,Stancop [porcu/main.csv]
Cu,47.967,-115.6849,United States,McKay Creek [sir20105090z/sedcu_deps_pros.csv]
Cu,47.971,67.099,Kazakhstan,Keldybek [sir20105090z/sedcu_deps_pros.csv]
Cu,47.9719,79.1575,Kazakhstan,Nurbai [sir20105090z/pcu_deps_pros.csv]
Cu,47.972,67.191,Kazakhstan,Adilbeksay [sir20105090z/sedcu_deps_pros.csv]
Cu,47.9744,136.1861,Russian Federation,Khvoshchovoe [sir20105090z/pcu_deps_pros.csv]
Cu,47.981,-121.369,United States,Pride of the Mountains [ofr20051294/deposit.csv]
Cu,47.991,67.745,Kazakhstan,Karakengir [sir20105090z/sedcu_deps_pros.csv]
Cu,47.9931,121.3002,China,unnamed [sir20105090z/pcu_deps_pros.csv]
Cu,48.0,106.4167,Mongolia,Khetsiin Am [sir20105090z/pcu_deps_pros.csv]
Cu,48.003,67.598,Kazakhstan,Zhartas (Sorkuduk) [sir20105090z/sedcu_deps_pros.csv]
Cu,48.0086,-121.5036,United States,Sunrise [porcu/main.csv]
Cu,48.0167,67.5403,Kazakstan,Sorkuduk [sedcu/main.csv]
Cu,48.02,23.2083,Romania,Oas [sir20105090z/pcu_deps_pros.csv]
Cu,48.025,-115.6635,United States,Late Group [sir20105090z/sedcu_deps_pros.csv]
Cu,48.025,-58.8558,Canada,Bald Mountain [sedcu/main.csv]
Cu,48.03,67.484,Kazakhstan,Dzhezkazgan sub-basin area [sir20105090z/sedcu_deps_pros.csv]
Cu,48.042,67.594,Kazakhstan,Pektas l [sir20105090z/sedcu_deps_pros.csv]
Cu,48.05,-118.7,United States,Mount Tolman [ofr20051294/deposit.csv]
Cu,48.05,105.6,Mongolia,Khadat [sir20105090z/pcu_deps_pros.csv]
Cu,48.0511,-77.7108,Canada,Dumont Bourlamaque [vms/main.csv]
Cu,48.0557,-118.6954,United States,Mount Tolman [sir20105090z/pcu_deps_pros.csv]
Cu,48.0639,-115.6649,United States,Rock Peak [sir20105090z/sedcu_deps_pros.csv]
Cu,48.0667,66.25,Kazakhstan,Dzhezqasghan [ofr20051294/deposit.csv]
Cu,48.0686,-77.7314,Canada,East Sullivan [vms/main.csv]
Cu,48.0764,-115.6596,United States,Rock Creek/Montanore [sir20105090z/sedcu_deps_pros.csv]
Cu,48.0767,-77.57,Canada,Dunraine [vms/main.csv]
Cu,48.079,67.385,Kazakhstan,Kokdombak [sir20105090z/sedcu_deps_pros.csv]
Cu,48.0794,-115.6767,United States,Rock Creek [sedcu/main.csv]
Cu,48.0827,-115.7093,United States,Copper Gulch [sir20105090z/sedcu_deps_pros.csv]
Cu,48.0833,138.1667,Russian Federation,Zolotoy [sir20105090z/pcu_deps_pros.csv]
Cu,48.0867,-77.61,Canada,Manitou-Barvue [vms/main.csv]
Cu,48.087,-115.6692,United States,Horizon Basin [sir20105090z/sedcu_deps_pros.csv]
Cu,48.09,67.631,Kazakhstan,Pektas 2 [sir20105090z/sedcu_deps_pros.csv]
Cu,48.0928,-115.9212,United States,Squaw Peak [sir20105090z/sedcu_deps_pros.csv]
Cu,48.0948,114.7997,Mongolia,South Valley [sir20105090z/pcu_deps_pros.csv]
Cu,48.0956,-77.5836,Canada,Quebec Manitou [vms/main.csv]
Cu,48.0983,-77.5197,Canada,Louvem [vms/main.csv]
Cu,48.0992,-77.5147,Canada,Aur-Louvem [vms/main.csv]
Cu,48.1036,-77.4953,Canada,Louvicourt [vms/main.csv]
Cu,48.1114,-115.9115,United States,Star Gulch [sir20105090z/sedcu_deps_pros.csv]
Cu,48.1167,114.2653,Mongolia,Davhar Uul [sir20105090z/pcu_deps_pros.csv]
Cu,48.117,67.452,Kazakhstan,West Saryoba (south extension) [sir20105090z/sedcu_deps_pros.csv]
Cu,48.1222,67.3919,Kazakstan,Dzhezkazgan [sedcu/main.csv]
Cu,48.1258,114.5395,Mongolia,Bayantumen [sir20105090z/pcu_deps_pros.csv]
Cu,48.1264,-115.7491,United States,Snake Creek [sir20105090z/sedcu_deps_pros.csv]
Cu,48.1264,-115.6849,United States,Hayes Ridge [sir20105090z/sedcu_deps_pros.csv]
Cu,48.1267,67.5417,Kazakstan,Dzhartas [sedcu/main.csv]
Cu,48.1387,-115.6832,United States,Devils Club Creek [sir20105090z/sedcu_deps_pros.csv]
Cu,48.156,67.444,Kazakhstan,West Saryoba [sir20105090z/sedcu_deps_pros.csv]
Cu,48.158,67.549,Kazakhstan,Kipshakpay [sir20105090z/sedcu_deps_pros.csv]
Cu,48.1636,-115.863,United States,Dry Creek [sir20105090z/sedcu_deps_pros.csv]
Cu,48.165,67.385,Kazakhstan,Itauz [sir20105090z/sedcu_deps_pros.csv]
Cu,48.1667,67.4667,Kazakhstan,Saryoba [ofr20051294/deposit.csv]
Cu,48.1667,102.95,Mongolia,Oyuutkhonkhor [sir20105090z/pcu_deps_pros.csv]
Cu,48.171,67.488,Kazakhstan,East Saryoba [sir20105090z/sedcu_deps_pros.csv]
Cu,48.181,67.692,Kazakhstan,Unnamed 2 [sir20105090z/sedcu_deps_pros.csv]
Cu,48.188,67.61,Kazakhstan,Karashoshak [sir20105090z/sedcu_deps_pros.csv]
Cu,48.1891,-115.9509,United States,Ross Point [sir20105090z/sedcu_deps_pros.csv]
Cu,48.1902,-115.9635,United States,Ross Point West [sir20105090z/sedcu_deps_pros.csv]
Cu,48.1933,68.0,Kazakstan,Kengir [sedcu/main.csv]
Cu,48.1978,-120.9792,United States,Glacier  Peak [porcu/main.csv]
Cu,48.1978,138.1997,Russian Federation,Sukhoi Creek [sir20105090z/pcu_deps_pros.csv]
Cu,48.1986,-115.895,United States,JF [sedcu/main.csv]
Cu,48.2012,102.9799,Mongolia,Turquoise [sir20105090z/pcu_deps_pros.csv]
Cu,48.2133,-115.8347,United States,Bull Lake East [sir20105090z/sedcu_deps_pros.csv]
Cu,48.2158,-121.3342,United States,Gold  Mountain [porcu/main.csv]
Cu,48.2167,102.8667,Mongolia,Ulaan Tolgoi [sir20105090z/pcu_deps_pros.csv]
Cu,48.2186,-79.2311,Canada,Aldermac [vms/main.csv]
Cu,48.223,67.365,Kazakhstan,Donyzaus [sir20105090z/sedcu_deps_pros.csv]
Cu,48.2267,76.2722,Kazakhstan,Besshoky [porcu/main.csv]
Cu,48.23,-115.905,United States,Spar Lake (Troy mine) [ofr20051294/deposit.csv]
Cu,48.2304,-115.9035,United States,Spar Lake [sir20105090z/sedcu_deps_pros.csv]
Cu,48.2333,103.1667,Mongolia,Khoshoot gol [sir20105090z/pcu_deps_pros.csv]
Cu,48.235,67.806,Kazakhstan,Taldybulak [sir20105090z/sedcu_deps_pros.csv]
Cu,48.2361,-84.6278,Canada,Ego [vms/main.csv]
Cu,48.2397,-115.9708,United States,Cub Creek [sir20105090z/sedcu_deps_pros.csv]
Cu,48.2422,-58.8231,Canada,Jeffreys Village [sedcu/main.csv]
Cu,48.25,-78.4833,Canada,Doyon-BousquetLaRhonde [ofr20051294/deposit.csv]
Cu,48.2508,-78.4397,Canada,LaRonde-Dumagami [vms/main.csv]
Cu,48.2533,-79.1833,Canada,Halliwell [vms/main.csv]
Cu,48.2544,-79.0114,Canada,Horne-Quemont [vms/main.csv]
Cu,48.2571,-115.9152,United States,Twilight Creek [sir20105090z/sedcu_deps_pros.csv]
Cu,48.265,-78.965,Canada,Delbridge [vms/main.csv]
Cu,48.2656,-79.0244,Canada,Joliet [vms/main.csv]
Cu,48.2667,-79.0,Canada,Don  Rouyn [porcu/main.csv]
Cu,48.2667,67.3333,Kazakstan,Itauz [sedcu/main.csv]
Cu,48.2765,-115.9732,United States,Hiatt Creek [sir20105090z/sedcu_deps_pros.csv]
Cu,48.2769,-78.5644,Canada,Mic Mac [vms/main.csv]
Cu,48.2803,2.9436,France,Port Aux Moines [vms/main.csv]
Cu,48.2833,67.4333,Kazakstan,Sarioba [sedcu/main.csv]
Cu,48.2833,86.4667,China,Aselei/Ashele [ofr20051294/deposit.csv]
Cu,48.285,-78.94,Canada,South Dufault [vms/main.csv]
Cu,48.2867,-79.1,Canada,Despina [vms/main.csv]
Cu,48.2917,-115.9345,United States,Fairway Creek [sir20105090z/sedcu_deps_pros.csv]
Cu,48.3,-79.0817,Canada,Corbet [vms/main.csv]
Cu,48.3,67.5667,Kazakstan,Kipshakpay [sedcu/main.csv]
Cu,48.3011,-79.0519,Canada,Millenbach [vms/main.csv]
Cu,48.3039,-58.5497,Canada,Fischells Brook [sedcu/main.csv]
Cu,48.305,-79.3208,Canada,Inmont [vms/main.csv]
Cu,48.3067,-79.0669,Canada,Amulet A [vms/main.csv]
Cu,48.3117,-79.11,Canada,Bedford Hill [vms/main.csv]
Cu,48.3167,-79.0819,Canada,Amulet F [vms/main.csv]
Cu,48.3256,-78.9533,Canada,West McDonald [vms/main.csv]
Cu,48.3303,86.0483,China,Ashele [vms/main.csv]
Cu,48.3333,21.5,Hungary,Darno-Hegy [sedcu/main.csv]
Cu,48.3403,-79.0897,Canada,Old Waite [vms/main.csv]
Cu,48.3411,67.7236,Kazakstan,Karashoshak [sedcu/main.csv]
Cu,48.3433,-79.0803,Canada,Waite East [vms/main.csv]
Cu,48.3461,76.2501,Kazakhstan,Besshoky [sir20105090z/pcu_deps_pros.csv]
Cu,48.3517,-79.0553,Canada,Norbec [vms/main.csv]
Cu,48.3597,-79.0814,Canada,Vauze [vms/main.csv]
Cu,48.3608,-79.1122,Canada,Ansil [vms/main.csv]
Cu,48.3644,142.1167,Russia,Krasnogorskoe [ofr20051294/deposit.csv]
Cu,48.3667,38.1167,Ukraine,Donbass [sedcu/main.csv]
Cu,48.3889,-78.8958,Canada,Mobrun [vms/main.csv]
Cu,48.425,18.899,Slovakia,Sementlov [sir20105090z/pcu_deps_pros.csv]
Cu,48.4375,18.8619,Slovakia,Zlatno [porcu/main.csv]
Cu,48.4389,85.5089,Kazakhstan,Karchiginskoe [vms/main.csv]
Cu,48.4408,-79.3725,Canada,Iso-Magusi [vms/main.csv]
Cu,48.4408,-79.3508,Canada,New Insco [vms/main.csv]
Cu,48.443,18.886,Slovakia,Vysoká-Zlatno [sir20105090z/pcu_deps_pros.csv]
Cu,48.4475,-124.0322,Canada,Sunro [vms/main.csv]
Cu,48.4667,3.6333,France,Bodennec [vms/main.csv]
Cu,48.4706,18.8987,Slovakia,Banska Štiavnica [sir20105090z/pcu_deps_pros.csv]
Cu,48.4974,103.8584,Mongolia,Oyuut Ovoo [sir20105090z/pcu_deps_pros.csv]
Cu,48.5,-81.25,Canada,McIntyre [porcu/main.csv]
Cu,48.5,27.0,Ukraine,Dnestr [sedcu/main.csv]
Cu,48.5,36.0,Ukraine,Bakhmut Basinn [sedcu/main.csv]
Cu,48.5128,-57.2008,Canada,Tulk's Pond [vms/main.csv]
Cu,48.5167,67.0,Kazakstan,Ulutau South [sedcu/main.csv]
Cu,48.5353,-81.5581,Canada,Canadian Jamieson [vms/main.csv]
Cu,48.5517,-79.1344,Canada,Hunter [vms/main.csv]
Cu,48.561,19.38,Slovakia,Biely Vrch [sir20105090z/pcu_deps_pros.csv]
Cu,48.5639,138.5705,Russian Federation,Nochnoe [sir20105090z/pcu_deps_pros.csv]
Cu,48.5644,136.6944,Russian Federation,Obor [sir20105090z/pcu_deps_pros.csv]
Cu,48.5658,102.9166,Mongolia,Mogod [sir20105090z/pcu_deps_pros.csv]
Cu,48.5667,20.3,Slovak Republic,Sankovce [sedcu/main.csv]
Cu,48.5686,-58.8139,Canada,Boswarlos [sedcu/main.csv]
Cu,48.5792,-81.5878,Canada,Jameland [vms/main.csv]
Cu,48.5833,97.7833,Mongolia,Naran  Bulag [porcu/main.csv]
Cu,48.5917,-81.6067,Canada,Kam Kotia [vms/main.csv]
Cu,48.596,104.593,Mongolia,Tsagaan Gozgor [sir20105090z/pcu_deps_pros.csv]
Cu,48.5967,-78.0583,Canada,Conigo [vms/main.csv]
Cu,48.5994,77.7867,Kazakhstan,Kusmurun [vms/main.csv]
Cu,48.6,38.0333,Ukraine,Artemovsk Basin [sedcu/main.csv]
Cu,48.6,38.3333,Ukraine,Artemovsk Basin [ofr20051294/deposit.csv]
Cu,48.6,98.95,Mongolia,Tsetsuuh [sir20105090z/pcu_deps_pros.csv]
Cu,48.6067,77.7883,Kazakhstan,Akbastau [vms/main.csv]
Cu,48.6147,-120.3819,United States,Mazama [porcu/main.csv]
Cu,48.615,-77.87,Canada,Monpas [vms/main.csv]
Cu,48.6208,101.1333,Mongolia,Burigiin gorhi [sir20105090z/pcu_deps_pros.csv]
Cu,48.625,-56.8967,Canada,Daniels Pond [vms/main.csv]
Cu,48.6333,103.8583,Mongolia,Aguin davaa [sir20105090z/pcu_deps_pros.csv]
Cu,48.6776,73.9461,Kazakhstan,Almaly ore field [sir20105090z/pcu_deps_pros.csv]
Cu,48.6833,73.7,Kazakhstan,Almaly [porcu/main.csv]
Cu,48.6833,102.1333,Mongolia,Sairyn khondii [sir20105090z/pcu_deps_pros.csv]
Cu,48.686,102.7427,Mongolia,Gezeg [sir20105090z/pcu_deps_pros.csv]
Cu,48.69,-81.3656,Canada,Kidd Creek [vms/main.csv]
Cu,48.7,-81.3667,Canada,Kidd Creek [ofr20051294/deposit.csv]
Cu,48.7,102.7667,Mongolia,Undrah [sir20105090z/pcu_deps_pros.csv]
Cu,48.7,102.8167,Mongolia,Burged hyar [sir20105090z/pcu_deps_pros.csv]
Cu,48.7014,103.3159,Mongolia,Khar uul [sir20105090z/pcu_deps_pros.csv]
Cu,48.7083,-77.76,Canada,Trinity [vms/main.csv]
Cu,48.7083,98.3417,Mongolia,Zos  Uul [porcu/main.csv]
Cu,48.7122,18.9022,Slovakia,Kremnica [sir20105090z/pcu_deps_pros.csv]
Cu,48.7167,98.3417,Mongolia,Zost  Tolgoi [porcu/main.csv]
Cu,48.7167,100.3,Mongolia,Ikh khujirtyn khuree [sir20105090z/pcu_deps_pros.csv]
Cu,48.7169,120.8925,China,unnamed [sir20105090z/pcu_deps_pros.csv]
Cu,48.726,98.3725,Mongolia,Zos Uul [sir20105090z/pcu_deps_pros.csv]
Cu,48.75,102.1167,Mongolia,Khustai [sir20105090z/pcu_deps_pros.csv]
Cu,48.75,102.8833,Mongolia,Ar bulag [sir20105090z/pcu_deps_pros.csv]
Cu,48.7708,100.6833,Mongolia,Bayangol [sir20105090z/pcu_deps_pros.csv]
Cu,48.775,104.2167,Mongolia,Shand [porcu/main.csv]
Cu,48.7828,102.9419,Mongolia,Deed muruu gol [sir20105090z/pcu_deps_pros.csv]
Cu,48.7833,101.3167,Mongolia,Yargait [sir20105090z/pcu_deps_pros.csv]
Cu,48.7833,103.4333,Mongolia,Jasyn buuts [sir20105090z/pcu_deps_pros.csv]
Cu,48.7905,102.9215,Mongolia,Ormiin Tsagaan nuur [sir20105090z/pcu_deps_pros.csv]
Cu,48.8,102.0667,Mongolia,Zuun oortsog [sir20105090z/pcu_deps_pros.csv]
Cu,48.8167,-56.8833,Canada,Buchans [ofr20051294/deposit.csv]
Cu,48.8167,102.5667,Mongolia,Sharhad group (Ereen iher) [sir20105090z/pcu_deps_pros.csv]
Cu,48.8167,102.7,Mongolia,Zairan [sir20105090z/pcu_deps_pros.csv]
Cu,48.8236,-56.8667,Canada,Buchans (Lucky Strike-Rothermere) [vms/main.csv]
Cu,48.825,-56.8375,Canada,Buchans (Old Buchan-Oriental) [vms/main.csv]
Cu,48.8306,104.2306,Mongolia,Ondor (South ore-junction) [sir20105090z/pcu_deps_pros.csv]
Cu,48.8319,-56.8842,Canada,Buchans (McLean) [vms/main.csv]
Cu,48.8321,139.7679,Russian Federation,Chipali [sir20105090z/pcu_deps_pros.csv]
Cu,48.8334,104.8095,Mongolia,Khoshuu tolgoi [sir20105090z/pcu_deps_pros.csv]
Cu,48.85,103.3639,Mongolia,Azargyn davaa [sir20105090z/pcu_deps_pros.csv]
Cu,48.8556,113.5292,Mongolia,unnamed [sir20105090z/pcu_deps_pros.csv]
Cu,48.8664,-123.7903,Canada,Lenora-Twin J [vms/main.csv]
Cu,48.8667,104.6667,Mongolia,Yardag uul [sir20105090z/pcu_deps_pros.csv]
Cu,48.8825,-123.9064,Canada,Lara [vms/main.csv]
Cu,48.8833,97.1333,Mongolia,Ondor ulaan [sir20105090z/pcu_deps_pros.csv]
Cu,48.9,104.8,Mongolia,Zuslan tolgoi [sir20105090z/pcu_deps_pros.csv]
Cu,48.9042,101.9215,Mongolia,Khoo Ulaan Uul [sir20105090z/pcu_deps_pros.csv]
Cu,48.9222,113.05,Mongolia,Erdenetolgoi [sir20105090z/pcu_deps_pros.csv]
Cu,48.9333,58.6833,Kazakhstan,Yubileinoe [porcu/main.csv]
Cu,48.9333,97.7333,Mongolia,Davaa [sir20105090z/pcu_deps_pros.csv]
Cu,48.9333,97.9333,Mongolia,Deed shumuultai [sir20105090z/pcu_deps_pros.csv]
Cu,48.9333,104.8333,Mongolia,Yashiltyn [sir20105090z/pcu_deps_pros.csv]
Cu,48.9333,113.45,Mongolia,unnamed [sir20105090z/pcu_deps_pros.csv]
Cu,48.9461,58.6651,Kazakhstan,Yubileinoe [sir20105090z/pcu_deps_pros.csv]
Cu,48.95,97.8333,Mongolia,Quartzitic [sir20105090z/pcu_deps_pros.csv]
Cu,48.9519,77.4236,Kazakhstan,Mizek [ofr20051294/deposit.csv]
Cu,48.9667,-65.5194,Canada,Gaspé [porcu/main.csv]
Cu,48.9667,97.25,Mongolia,Tagiin nuur [sir20105090z/pcu_deps_pros.csv]
Cu,48.9778,-87.3592,Canada,Zenith [vms/main.csv]
Cu,48.9786,-87.3753,Canada,Winston Lake [vms/main.csv]
Cu,48.9833,113.4,Mongolia,unnamed [sir20105090z/pcu_deps_pros.csv]
Cu,48.9833,116.433,China,Group 6 and 7 [sir20105090z/pcu_deps_pros.csv]
Cu,48.988,-119.4712,United States,Kelsey [sir20105090z/pcu_deps_pros.csv]
Cu,48.995,-119.4781,United States,Kelsey [porcu/main.csv]
Cu,49.0,104.1333,Mongolia,Erdenet [porcu/main.csv]
Cu,49.0,113.85,Mongolia,Arbulag [sir20105090z/pcu_deps_pros.csv]
Cu,49.0025,-79.3656,Canada,Normetal [vms/main.csv]
Cu,49.0083,-114.1667,Canada,Starvation Creek-2 [sedcu/main.csv]
Cu,49.01,-114.2219,Canada,Starvation Creek-1 [sedcu/main.csv]
Cu,49.0117,-118.6153,Canada,Lexington-Lone Star [sir20105090z/pcu_deps_pros.csv]
Cu,49.0139,-114.0956,Canada,Wall Lake 1 [sedcu/main.csv]
Cu,49.0167,112.8417,Mongolia,Khust [sir20105090z/pcu_deps_pros.csv]
Cu,49.0172,104.1192,Mongolia,Erdenet [ofr20051294/deposit.csv]
Cu,49.0212,104.1316,Mongolia,Erdenet [sir20105090z/pcu_deps_pros.csv]
Cu,49.025,-114.0667,Canada,Wall Lake 2 [sedcu/main.csv]
Cu,49.0333,-114.2719,Canada,Kishinena Creek [sedcu/main.csv]
Cu,49.0356,-58.3014,Canada,York Harbour [vms/main.csv]
Cu,49.04,-114.2681,Canada,"Akamina, Flathead Valley [sedcu/main.csv]"
Cu,49.05,113.4,Mongolia,Temeenchuluut [sir20105090z/pcu_deps_pros.csv]
Cu,49.0633,113.1406,Mongolia,Ikh gazar [sir20105090z/pcu_deps_pros.csv]
Cu,49.065,-114.0147,Canada,Cameron Brook [sedcu/main.csv]
Cu,49.0808,-114.0075,Canada,Mount Lineham [sedcu/main.csv]
Cu,49.0817,103.8978,Mongolia,Tsagaan Chulut [sir20105090z/pcu_deps_pros.csv]
Cu,49.0833,105.05,Mongolia,Zuuvchiin gol [sir20105090z/pcu_deps_pros.csv]
Cu,49.1,67.0,Kazakstan,Ulutau North [sedcu/main.csv]
Cu,49.1,113.85,Mongolia,Zesiin [sir20105090z/pcu_deps_pros.csv]
Cu,49.1072,-119.812,Canada,King Edward [sir20105090z/pcu_deps_pros.csv]
Cu,49.1325,-114.0156,Canada,Blakiston Creek [sedcu/main.csv]
Cu,49.1333,-117.3306,Canada,Katie [porcu/main.csv]
Cu,49.1333,-114.3775,Canada,Sage Creek 3 [sedcu/main.csv]
Cu,49.1333,103.65,Mongolia,Khongoot [porcu/main.csv]
Cu,49.1333,105.7,Mongolia,Tsogt tolgoi [sir20105090z/pcu_deps_pros.csv]
Cu,49.1342,113.3506,Mongolia,Sant uul [sir20105090z/pcu_deps_pros.csv]
Cu,49.1375,-114.3344,Canada,Sage Creek 4 [sedcu/main.csv]
Cu,49.1481,-117.3369,Canada,Katie [sir20105090z/pcu_deps_pros.csv]
Cu,49.1486,-88.9914,Canada,Disraeli Lake [sedcu/main.csv]
Cu,49.15,-114.2858,Canada,Sage Creek 2 [sedcu/main.csv]
Cu,49.1508,-85.7839,Canada,Geco [vms/main.csv]
Cu,49.1528,-114.3456,Canada,Sage Creek 1 [sedcu/main.csv]
Cu,49.1542,-85.7944,Canada,Geco [ofr20051294/deposit.csv]
Cu,49.1558,-85.8075,Canada,Willroy No. 1 [vms/main.csv]
Cu,49.1575,-85.8253,Canada,Willroy No. 3 [vms/main.csv]
Cu,49.1592,75.6008,Kazakhstan,Baiskoe [porcu/main.csv]
Cu,49.1617,58.6078,Kazakhstan,Kunduzdy [vms/main.csv]
Cu,49.1636,-121.0247,Canada,Giant Copper AM Breccia [sir20105090z/pcu_deps_pros.csv]
Cu,49.1667,-121.0333,Canada,Giant  Copper [porcu/main.csv]
Cu,49.1694,-85.8594,Canada,Nama Creek [vms/main.csv]
Cu,49.1697,-114.3878,Canada,Commerce Creek [sedcu/main.csv]
Cu,49.1717,-120.0022,Canada,Prince [sir20105090z/pcu_deps_pros.csv]
Cu,49.1778,-121.0314,Canada,Invermay [sir20105090z/pcu_deps_pros.csv]
Cu,49.1803,-114.1114,Canada,"Castle River, Loaf Mountain-1 [sedcu/main.csv]"
Cu,49.1814,-85.8919,Canada,Willecho [vms/main.csv]
Cu,49.1833,99.7,Mongolia,Bugsein gol [sir20105090z/pcu_deps_pros.csv]
Cu,49.1856,-114.0967,Canada,"Castle River, Loaf Mountain-2 [sedcu/main.csv]"
Cu,49.1909,103.7639,Mongolia,Sharchuluut Uul [sir20105090z/pcu_deps_pros.csv]
Cu,49.1953,-113.9981,Canada,Yarrow Creek-main zone [sedcu/main.csv]
Cu,49.1969,-56.155,Canada,Gullbridge [vms/main.csv]
Cu,49.2011,-113.9822,Canada,Yarrow Creek [sedcu/main.csv]
Cu,49.2086,-114.35,Canada,West Castle River-1 [sedcu/main.csv]
Cu,49.2149,104.2263,Mongolia,Zuukhin gol [sir20105090z/pcu_deps_pros.csv]
Cu,49.215,-114.0042,Canada,Blind Canyon-2 [sedcu/main.csv]
Cu,49.2158,-114.1247,Canada,Loaf Mountain [sedcu/main.csv]
Cu,49.2188,75.677,Kazakhstan,Baiskoe [sir20105090z/pcu_deps_pros.csv]
Cu,49.2208,-114.1369,Canada,Bovin Lake [sedcu/main.csv]
Cu,49.222,-115.732,Canada,Forestry Road Outcrops [sir20105090z/sedcu_deps_pros.csv]
Cu,49.2267,-114.0042,Canada,Spionkop Creek 1 [sedcu/main.csv]
Cu,49.2278,-114.0167,Canada,Spionkop Creek 2 [sedcu/main.csv]
Cu,49.231,139.169,Russian Federation,Sisinku [sir20105090z/pcu_deps_pros.csv]
Cu,49.233,113.4793,Mongolia,Urtyn gol [sir20105090z/pcu_deps_pros.csv]
Cu,49.2333,104.0167,Mongolia,Inget [sir20105090z/pcu_deps_pros.csv]
Cu,49.237,-115.714,Canada,Teepee Creek [sir20105090z/sedcu_deps_pros.csv]
Cu,49.2478,-125.9569,Canada,Hecate Bay [sir20105090z/pcu_deps_pros.csv]
Cu,49.25,-114.3747,Canada,Middle Kootenay Pass [sedcu/main.csv]
Cu,49.25,104.7167,Mongolia,Naran [sir20105090z/pcu_deps_pros.csv]
Cu,49.2552,103.7373,Mongolia,Mogoin Gol [sir20105090z/pcu_deps_pros.csv]
Cu,49.2556,-125.9833,Canada,Catface [porcu/main.csv]
Cu,49.2626,103.931,Mongolia,Davaa [sir20105090z/pcu_deps_pros.csv]
Cu,49.2658,-125.9869,Canada,Irishman Creek [sir20105090z/pcu_deps_pros.csv]
Cu,49.2667,95.9667,Mongolia,Oyut tolgoi 2 [ofr20051294/deposit.csv]
Cu,49.2739,-114.3378,Canada,West Castle River-2 [sedcu/main.csv]
Cu,49.275,-55.6328,Canada,New Bay Pond [vms/main.csv]
Cu,49.28,-55.63,Canada,Point Leamington [vms/main.csv]
Cu,49.2819,-56.0806,Canada,Hand Camp [vms/main.csv]
Cu,49.2853,-120.5453,Canada,Reco [sir20105090z/pcu_deps_pros.csv]
Cu,49.2919,-120.5139,Canada,Marquis of Lorne [sir20105090z/pcu_deps_pros.csv]
Cu,49.2933,-120.7594,Canada,Whipsaw [porcu/main.csv]
Cu,49.2939,-120.5556,Canada,ILK [sir20105090z/pcu_deps_pros.csv]
Cu,49.2964,-114.0375,Canada,Drywood Creek [sedcu/main.csv]
Cu,49.3,-120.5606,Canada,Friday Creek [sir20105090z/pcu_deps_pros.csv]
Cu,49.3081,-114.3431,Canada,Grizzly Creek [sedcu/main.csv]
Cu,49.3128,-120.5081,Canada,Jennie Silkman [sir20105090z/pcu_deps_pros.csv]
Cu,49.3142,-120.5572,Canada,Deep Gulch [sir20105090z/pcu_deps_pros.csv]
Cu,49.3167,93.95,Mongolia,Borts Uul [ofr20051294/deposit.csv]
Cu,49.3186,-120.5139,Canada,Oriole [sir20105090z/pcu_deps_pros.csv]
Cu,49.3224,105.1605,Mongolia,Dartsagt [sir20105090z/pcu_deps_pros.csv]
Cu,49.3264,75.9825,Kazakhstan,Ozernoe [porcu/main.csv]
Cu,49.3297,-114.3086,Canada,Whistler Mountain-2 [sedcu/main.csv]
Cu,49.3306,76.2394,Kazakhstan,Abyz [vms/main.csv]
Cu,49.3317,-120.5489,Canada,Fraser [sir20105090z/pcu_deps_pros.csv]
Cu,49.3325,-114.3658,Canada,Barnaby Ridge [sedcu/main.csv]
Cu,49.3325,-114.3044,Canada,Whistler Mountain-1 [sedcu/main.csv]
Cu,49.333,-120.533,Canada,Copper Mountain [ofr20051294/deposit.csv]
Cu,49.3333,104.1667,Mongolia,Khavchuu [sir20105090z/pcu_deps_pros.csv]
Cu,49.3347,99.5014,Mongolia,Jimbe tolgoi [sir20105090z/pcu_deps_pros.csv]
Cu,49.3397,-120.5008,Canada,Voigt [sir20105090z/pcu_deps_pros.csv]
Cu,49.3403,-120.5553,Canada,Copper  Mountain [porcu/main.csv]
Cu,49.3406,-120.5119,Canada,Virginia [sir20105090z/pcu_deps_pros.csv]
Cu,49.3425,-120.5189,Canada,Alabama [sir20105090z/pcu_deps_pros.csv]
Cu,49.3467,-120.5444,Canada,Duke of York [sir20105090z/pcu_deps_pros.csv]
Cu,49.3481,92.1222,Mongolia,Shiveen Gol [sir20105090z/pcu_deps_pros.csv]
Cu,49.3497,-120.5486,Canada,Ray [sir20105090z/pcu_deps_pros.csv]
Cu,49.3553,116.5891,China,unnamed [sir20105090z/pcu_deps_pros.csv]
Cu,49.3667,-114.25,Canada,Table Mountain [sedcu/main.csv]
Cu,49.3667,93.8333,Mongolia,Morinchuluut [sir20105090z/pcu_deps_pros.csv]
Cu,49.375,-120.8969,Canada,WEL [sir20105090z/pcu_deps_pros.csv]
Cu,49.3775,131.7369,Russia,Tumannoe [ofr20051294/deposit.csv]
Cu,49.3786,75.9453,Kazakhstan,Ozernoe [sir20105090z/pcu_deps_pros.csv]
Cu,49.3864,-119.0681,Canada,Jay [sir20105090z/pcu_deps_pros.csv]
Cu,49.3864,-114.5756,Canada,North Kootenay Pass [sedcu/main.csv]
Cu,49.3883,-119.3378,Canada,Lynx [sir20105090z/pcu_deps_pros.csv]
Cu,49.39,117.4333,China,Wunugetushan [porcu/main.csv]
Cu,49.3961,-114.5636,Canada,North Kootenay Pass area-1 [sedcu/main.csv]
Cu,49.4058,-114.5644,Canada,North Kootenay Pass area-2 [sedcu/main.csv]
Cu,49.4167,105.4167,Mongolia,Usanseer [sir20105090z/pcu_deps_pros.csv]
Cu,49.4208,-93.6508,Canada,Maybrun [vms/main.csv]
Cu,49.4219,-114.575,Canada,North Kootenay Pass area-3 [sedcu/main.csv]
Cu,49.4239,117.301,China,Wunugetushan [sir20105090z/pcu_deps_pros.csv]
Cu,49.4247,-120.4572,Canada,Bud - South zone [sir20105090z/pcu_deps_pros.csv]
Cu,49.4333,84.15,Kazakhstan,Maiskoe [vms/main.csv]
Cu,49.4361,103.6474,Mongolia,Bayan gol [sir20105090z/pcu_deps_pros.csv]
Cu,49.4372,-114.5683,Canada,North Kootenay Pass area-4 [sedcu/main.csv]
Cu,49.4399,104.9423,Mongolia,Deed ust [sir20105090z/pcu_deps_pros.csv]
Cu,49.4422,116.896,China,Changling [sir20105090z/pcu_deps_pros.csv]
Cu,49.4447,-120.4347,Canada,Bud - North zone [sir20105090z/pcu_deps_pros.csv]
Cu,49.4464,-114.5728,Canada,North Kootenay Pass area-6 [sedcu/main.csv]
Cu,49.4467,-76.1583,Canada,Empire Le Tac [vms/main.csv]
Cu,49.4486,-117.3636,Canada,Star [sir20105090z/pcu_deps_pros.csv]
Cu,49.4533,-78.3533,Canada,Joutel [vms/main.csv]
Cu,49.455,-55.4981,Canada,Lockport [vms/main.csv]
Cu,49.4607,104.9454,Mongolia,Dalh ovoo [sir20105090z/pcu_deps_pros.csv]
Cu,49.4764,-120.4742,Canada,Miner [sir20105090z/pcu_deps_pros.csv]
Cu,49.4861,-120.4583,Canada,G.E. [sir20105090z/pcu_deps_pros.csv]
Cu,49.4918,116.6704,China,unnamed [sir20105090z/pcu_deps_pros.csv]
Cu,49.5,-123.4167,Canada,Gambier  Island [porcu/main.csv]
Cu,49.5083,105.0219,Mongolia,Amarhiid [sir20105090z/pcu_deps_pros.csv]
Cu,49.5086,-55.7186,Canada,Pilleys Island [vms/main.csv]
Cu,49.5145,-123.3692,Canada,Gambier Island [sir20105090z/pcu_deps_pros.csv]
Cu,49.5167,95.8167,Mongolia,Tesiin Oyut [sir20105090z/pcu_deps_pros.csv]
Cu,49.5178,-120.0136,Canada,HED [sir20105090z/pcu_deps_pros.csv]
Cu,49.5333,105.2333,Mongolia,Teltiin gol [sir20105090z/pcu_deps_pros.csv]
Cu,49.5394,-55.7906,Canada,Miles Cove [vms/main.csv]
Cu,49.5436,-120.4331,Canada,Lucky [sir20105090z/pcu_deps_pros.csv]
Cu,49.5447,-118.41,Canada,IXL [sir20105090z/pcu_deps_pros.csv]
Cu,49.5493,83.828,Kazakhstan,Bukhtarma [sir20105090z/pcu_deps_pros.csv]
Cu,49.5606,-125.5589,Canada,Trumpeter [vms/main.csv]
Cu,49.5614,-120.4656,Canada,Rats [sir20105090z/pcu_deps_pros.csv]
Cu,49.5622,-125.5769,Canada,Price [vms/main.csv]
Cu,49.5622,105.6305,Mongolia,Sharkhad [sir20105090z/pcu_deps_pros.csv]
Cu,49.5631,-56.1811,Canada,Rendall-Jackman [vms/main.csv]
Cu,49.5821,118.571,China,Babayi [sir20105090z/pcu_deps_pros.csv]
Cu,49.5917,-56.0083,Canada,Whalesback [vms/main.csv]
Cu,49.5978,-55.9389,Canada,Little Bay [vms/main.csv]
Cu,49.6075,105.614,Mongolia,Sharhad [sir20105090z/pcu_deps_pros.csv]
Cu,49.6083,-77.935,Canada,Allard River [vms/main.csv]
Cu,49.6111,-123.1417,Canada,Britannia [vms/main.csv]
Cu,49.6167,89.1167,Russian Federation,Ulandryk [sir20105090z/pcu_deps_pros.csv]
Cu,49.6297,-124.3117,Canada,Tex [sir20105090z/pcu_deps_pros.csv]
Cu,49.6306,-120.4781,Canada,Rita [sir20105090z/pcu_deps_pros.csv]
Cu,49.6333,106.1833,Mongolia,Oyuut Uul [sir20105090z/pcu_deps_pros.csv]
Cu,49.6381,-120.9672,Canada,Independence [sir20105090z/pcu_deps_pros.csv]
Cu,49.6392,-56.0819,Canada,Colchester [vms/main.csv]
Cu,49.6411,-120.5261,Canada,Axe South zone [sir20105090z/pcu_deps_pros.csv]
Cu,49.6453,-120.5131,Canada,Pip [sir20105090z/pcu_deps_pros.csv]
Cu,49.6467,-77.7217,Canada,Lynx Yellowknife [vms/main.csv]
Cu,49.6483,-120.5261,Canada,Axe [porcu/main.csv]
Cu,49.6545,-120.5422,Canada,Axe West zone [sir20105090z/pcu_deps_pros.csv]
Cu,49.6708,-120.1756,Canada,Empress [sir20105090z/pcu_deps_pros.csv]
Cu,49.6708,114.8444,Mongolia,Avdartolgoi [porcu/main.csv]
Cu,49.6833,106.15,Mongolia,Khanjargalant uul [sir20105090z/pcu_deps_pros.csv]
Cu,49.6844,-125.4108,Canada,Gem Lake [sir20105090z/pcu_deps_pros.csv]
Cu,49.6897,-77.6942,Canada,Bell Allard South [vms/main.csv]
Cu,49.6975,-120.5981,Canada,Pine (Axe-Primer) [sir20105090z/pcu_deps_pros.csv]
Cu,49.7,104.9333,Mongolia,Ovgon sant uul [sir20105090z/pcu_deps_pros.csv]
Cu,49.7,105.8,Mongolia,Lam zah tolgoi [sir20105090z/pcu_deps_pros.csv]
Cu,49.7083,-77.7089,Canada,Orchan [vms/main.csv]
Cu,49.7095,-122.9236,Canada,Lori [sir20105090z/pcu_deps_pros.csv]
Cu,49.7136,-77.7489,Canada,Orchan West [vms/main.csv]
Cu,49.7178,-77.7167,Canada,Mattagami Lake [vms/main.csv]
Cu,49.725,84.3139,Kazakhstan,Grekhovskoe [vms/main.csv]
Cu,49.7269,-77.7425,Canada,Isle Dieu [vms/main.csv]
Cu,49.7333,105.3,Mongolia,Toilbyn [sir20105090z/pcu_deps_pros.csv]
Cu,49.7342,-120.5325,Canada,Rum [sir20105090z/pcu_deps_pros.csv]
Cu,49.7428,84.3008,Kazakhstan,Zyryanovskoe [vms/main.csv]
Cu,49.7439,-77.555,Canada,Radiore E [vms/main.csv]
Cu,49.7456,-120.5325,Canada,Coke [sir20105090z/pcu_deps_pros.csv]
Cu,49.7506,-120.4825,Canada,Man [sir20105090z/pcu_deps_pros.csv]
Cu,49.7561,-120.46,Canada,Primer [porcu/main.csv]
Cu,49.7578,-77.5639,Canada,Garon Lake [vms/main.csv]
Cu,49.7597,-78.1447,Canada,Phelps Dodge [vms/main.csv]
Cu,49.7606,-74.1067,Canada,Lemoine [vms/main.csv]
Cu,49.7611,-125.25,Canada,Murex [sir20105090z/pcu_deps_pros.csv]
Cu,49.7633,-125.3022,Canada,Mount Washington Copper [sir20105090z/pcu_deps_pros.csv]
Cu,49.7667,104.95,Mongolia,Sharon [sir20105090z/pcu_deps_pros.csv]
Cu,49.7678,-120.4747,Canada,Primer North zone [sir20105090z/pcu_deps_pros.csv]
Cu,49.7742,-77.6186,Canada,Bell Channel [vms/main.csv]
Cu,49.78,-120.5542,Canada,Log [sir20105090z/pcu_deps_pros.csv]
Cu,49.7844,-77.6492,Canada,Norita [vms/main.csv]
Cu,49.7897,-77.8347,Canada,New Hosco [vms/main.csv]
Cu,49.8003,106.2448,Mongolia,Bayan Kharaat [sir20105090z/pcu_deps_pros.csv]
Cu,49.8089,-78.945,Canada,Detour A-1 [vms/main.csv]
Cu,49.81,58.78,Kazakhstan,Limannoe [vms/main.csv]
Cu,49.8117,-55.8067,Canada,Betts Cove [vms/main.csv]
Cu,49.8172,-78.9553,Canada,Detour B [vms/main.csv]
Cu,49.8217,-120.3942,Canada,Siwash [sir20105090z/pcu_deps_pros.csv]
Cu,49.8232,118.825,China,Badaguan [sir20105090z/pcu_deps_pros.csv]
Cu,49.8333,-91.0,Canada,Beidelman  Bay [porcu/main.csv]
Cu,49.8333,105.9,Mongolia,Arshaant [sir20105090z/pcu_deps_pros.csv]
Cu,49.8369,-120.5672,Canada,Thalia [sir20105090z/pcu_deps_pros.csv]
Cu,49.8603,-74.4028,Canada,Tache Lake [vms/main.csv]
Cu,49.8667,-74.2333,Canada,Chibougamau [porcu/main.csv]
Cu,49.8683,-91.0372,Canada,F Group [vms/main.csv]
Cu,49.8708,-90.8844,Canada,Sturgeon Lake [vms/main.csv]
Cu,49.875,-90.975,Canada,Mattabi [vms/main.csv]
Cu,49.8775,84.2633,Kazakhstan,Putintsevskoe [vms/main.csv]
Cu,49.8778,-120.0056,Canada,Brenda [porcu/main.csv]
Cu,49.8806,-56.0958,Canada,Rambler-Main [vms/main.csv]
Cu,49.8811,-56.0947,Canada,Big Rambler Pond [vms/main.csv]
Cu,49.8833,-117.3667,Canada,Willa [porcu/main.csv]
Cu,49.8833,84.3167,Kazakhstan,Maleevskoe [ofr20051294/deposit.csv]
Cu,49.8856,-90.8894,Canada,Lyon Lake [vms/main.csv]
Cu,49.8897,84.2931,Kazakhstan,Maleevskoe [vms/main.csv]
Cu,49.8972,-56.0644,Canada,Rambler-East [vms/main.csv]
Cu,49.9069,-125.6156,Canada,Camp Lake [sir20105090z/pcu_deps_pros.csv]
Cu,49.9165,136.8961,Russian Federation,Malmyzh [sir20105090z/pcu_deps_pros.csv]
Cu,49.9406,-124.3592,Canada,Hi-Mars [sir20105090z/pcu_deps_pros.csv]
Cu,49.9433,-120.5961,Canada,Big Kidd [sir20105090z/pcu_deps_pros.csv]
Cu,49.9808,-120.5986,Canada,Blue Jay [sir20105090z/pcu_deps_pros.csv]
Cu,50.0,-124.6667,Canada,Okeover [sir20105090z/pcu_deps_pros.csv]
Cu,50.0028,-119.7783,Canada,Dobbin [sir20105090z/pcu_deps_pros.csv]
Cu,50.0269,76.7272,Kazakhstan,Nurkazgan [porcu/main.csv]
Cu,50.0317,-126.8125,Canada,Uebell [sir20105090z/pcu_deps_pros.csv]
Cu,50.0419,-124.6511,Canada,OK [sir20105090z/pcu_deps_pros.csv]
Cu,50.0467,-124.645,Canada,O.K. [porcu/main.csv]
Cu,50.05,105.1167,Mongolia,Orhin [sir20105090z/pcu_deps_pros.csv]
Cu,50.0517,68.3365,Kazakhstan,unnamed [sir20105090z/sedcu_deps_pros.csv]
Cu,50.0583,68.3652,Kazakhstan,unnamed [sir20105090z/sedcu_deps_pros.csv]
Cu,50.0711,9.2652,Germany,Schollkrippen [sir20105090z/sedcu_deps_pros.csv]
Cu,50.0836,-123.1439,Canada,Tedi [vms/main.csv]
Cu,50.1163,9.2836,Germany,"Hilfe Gottes mine, Grosskahl [sir20105090z/sedcu_deps_pros.csv]"
Cu,50.1166,125.768,China,Tongshan [sir20105090z/pcu_deps_pros.csv]
Cu,50.1167,19.95,Poland,Dolina  Bedkowska [porcu/main.csv]
Cu,50.1286,82.5006,Kazakhstan,Belousovskoe [vms/main.csv]
Cu,50.1444,91.4792,Mongolia,Baruun Turaag Uul [sedcu/main.csv]
Cu,50.1494,82.3731,Kazakhstan,Irtyshskoe [vms/main.csv]
Cu,50.1573,9.3467,Germany,Bieber [sir20105090z/sedcu_deps_pros.csv]
Cu,50.1622,76.1622,Kazakhstan,Koktasdzhal [porcu/main.csv]
Cu,50.1667,9.3333,Germany,Bieber [sedcu/main.csv]
Cu,50.1667,125.6922,China,Duobaoshan [porcu/main.csv]
Cu,50.1731,-121.2044,Canada,Copper Canyon [sir20105090z/pcu_deps_pros.csv]
Cu,50.1766,69.9528,Kazakhstan,Byrkutunbay [sir20105090z/sedcu_deps_pros.csv]
Cu,50.1833,125.6833,China,Doubaoshan [ofr20051294/deposit.csv]
Cu,50.1931,-120.6094,Canada,Turlight [sir20105090z/pcu_deps_pros.csv]
Cu,50.2066,68.3436,Kazakhstan,Kipshapskoe [sir20105090z/sedcu_deps_pros.csv]
Cu,50.2169,70.1506,Kazakhstan,Kulan-Utles [sir20105090z/sedcu_deps_pros.csv]
Cu,50.2304,68.2322,Kazakhstan,Berden [sir20105090z/sedcu_deps_pros.csv]
Cu,50.2353,68.151,Kazakhstan,unnamed [sir20105090z/sedcu_deps_pros.csv]
Cu,50.2403,125.7779,China,Duobaoshan [sir20105090z/pcu_deps_pros.csv]
Cu,50.25,9.1667,Germany,Huttengesass [sedcu/main.csv]
Cu,50.2511,9.1409,Germany,Huttengesass [sir20105090z/sedcu_deps_pros.csv]
Cu,50.2516,136.2934,Russian Federation,Prostornoe [sir20105090z/pcu_deps_pros.csv]
Cu,50.2584,10.0239,Germany,Spessart-Rhon East [sir20105090z/sedcu_deps_pros.csv]
Cu,50.2589,-127.6164,Canada,Lois [sir20105090z/pcu_deps_pros.csv]
Cu,50.2631,9.6949,Germany,Spessart-Rhon [sir20105090z/sedcu_deps_pros.csv]
Cu,50.2667,57.3333,Kazakstan,Aktubinsk [sedcu/main.csv]
Cu,50.2678,82.24,Kazakhstan,Novo-Berezovskoe [vms/main.csv]
Cu,50.2742,136.2209,Russian Federation,Kljuch Lagernyj [sir20105090z/pcu_deps_pros.csv]
Cu,50.2764,83.3656,Kazakhstan,Tishinskoe [vms/main.csv]
Cu,50.2833,5.9167,Belgium,Herzogenhugel [porcu/main.csv]
Cu,50.2922,-120.6369,Canada,Clapper [sir20105090z/pcu_deps_pros.csv]
Cu,50.3007,9.1107,Germany,Hain-Grundau [sir20105090z/sedcu_deps_pros.csv]
Cu,50.304,5.912,Belgium,Herzogenhugel [sir20105090z/pcu_deps_pros.csv]
Cu,50.3167,83.25,Kazakhstan,Gabrielevskoe [vms/main.csv]
Cu,50.3217,-120.8494,Canada,Dot [sir20105090z/pcu_deps_pros.csv]
Cu,50.3333,83.6,Kazakhstan,Dolinnoe-Obruchevskoe [vms/main.csv]
Cu,50.335,-120.8614,Canada,Wiz [sir20105090z/pcu_deps_pros.csv]
Cu,50.3383,-120.7108,Canada,Rey Lake [sir20105090z/pcu_deps_pros.csv]
Cu,50.3417,68.0,Kazakstan,Kenen [sedcu/main.csv]
Cu,50.3547,83.5419,Kazakhstan,Ridder-Sokolnoe [vms/main.csv]
Cu,50.356,68.0397,Kazakhstan,unnamed [sir20105090z/sedcu_deps_pros.csv]
Cu,50.3642,83.5675,Kazakhstan,Novo-Leninogorskoe [vms/main.csv]
Cu,50.3647,82.425,Kazakhstan,Krasnoyarskoe [vms/main.csv]
Cu,50.3664,-120.9575,Canada,Rateria [sir20105090z/pcu_deps_pros.csv]
Cu,50.3667,4.0667,Belgium,Rouveroy [sedcu/main.csv]
Cu,50.3696,68.0715,Kazakhstan,Tersakkanskoe [sir20105090z/sedcu_deps_pros.csv]
Cu,50.3702,68.0068,Kazakhstan,Kopkazgan [sir20105090z/sedcu_deps_pros.csv]
Cu,50.38,-122.7581,Canada,Owl Creek A zone [sir20105090z/pcu_deps_pros.csv]
Cu,50.38,-120.9581,Canada,Yubet [sir20105090z/pcu_deps_pros.csv]
Cu,50.3856,83.6844,Kazakhstan,Shubinskoe [vms/main.csv]
Cu,50.3981,-122.7947,Canada,Owl Creek C zone [sir20105090z/pcu_deps_pros.csv]
Cu,50.41,81.3567,Kazakhstan,Vavilonskoe [vms/main.csv]
Cu,50.4167,67.8833,Kazakstan,Teniz-Sarysu Divide [sedcu/main.csv]
Cu,50.4194,83.8183,Kazakhstan,Starkovskoe [vms/main.csv]
Cu,50.4204,67.8284,Kazakhstan,Mialy [sir20105090z/sedcu_deps_pros.csv]
Cu,50.4231,-120.9872,Canada,Ann [sir20105090z/pcu_deps_pros.csv]
Cu,50.4258,-120.9947,Canada,IDE-AM [sir20105090z/pcu_deps_pros.csv]
Cu,50.4294,135.9331,Russia,Osennee [ofr20051294/deposit.csv]
Cu,50.4317,-120.9981,Canada,Highmont [sir20105090z/pcu_deps_pros.csv]
Cu,50.4328,-120.9206,Canada,Highmont [porcu/main.csv]
Cu,50.437,-121.0075,Canada,Highmont West [sir20105090z/pcu_deps_pros.csv]
Cu,50.4445,-120.9136,Canada,Jericho [sir20105090z/pcu_deps_pros.csv]
Cu,50.45,-121.05,Canada,Lornex [ofr20051294/deposit.csv]
Cu,50.4503,-121.0431,Canada,Lornex [porcu/main.csv]
Cu,50.4617,-121.0197,Canada,Victor [sir20105090z/pcu_deps_pros.csv]
Cu,50.4667,15.5333,Czech Republic,Horni Kalna [sedcu/main.csv]
Cu,50.4667,19.6167,Poland,Pilica [porcu/main.csv]
Cu,50.4667,59.15,Kazakhstan,50 Let Oktyabrya [ofr20051294/deposit.csv]
Cu,50.475,-120.9781,Canada,JA [sir20105090z/pcu_deps_pros.csv]
Cu,50.4776,68.1014,Kazakhstan,Kenen [sir20105090z/sedcu_deps_pros.csv]
Cu,50.4818,67.7333,Kazakhstan,Shabdar [sir20105090z/sedcu_deps_pros.csv]
Cu,50.4856,-121.0483,Canada,Valley [porcu/main.csv]
Cu,50.4856,59.1081,Kazakhstan,50 Let Oktyabrya [vms/main.csv]
Cu,50.4942,-120.9967,Canada,Bethlehem [porcu/main.csv]
Cu,50.4981,-120.9878,Canada,Bethlehem [sir20105090z/pcu_deps_pros.csv]
Cu,50.5,68.1167,Kazakstan,Aschilin Bay [sedcu/main.csv]
Cu,50.5,91.5,Mongolia,Baruun Termis Uul [sedcu/main.csv]
Cu,50.5031,-121.1369,Canada,MER [sir20105090z/pcu_deps_pros.csv]
Cu,50.5101,9.7937,Germany,Fulda [sir20105090z/sedcu_deps_pros.csv]
Cu,50.5106,-120.935,Canada,BX [sir20105090z/pcu_deps_pros.csv]
Cu,50.5167,-3.5,England,Exmouth [sedcu/main.csv]
Cu,50.5292,83.6653,Kazakhstan,Strezhanskoe [vms/main.csv]
Cu,50.5314,-125.2025,Canada,Colossus [sir20105090z/pcu_deps_pros.csv]
Cu,50.5328,81.8758,Kazakhstan,Nikolaevskoe [vms/main.csv]
Cu,50.5333,5.6167,Belgium,Dolembreux [sedcu/main.csv]
Cu,50.5333,59.0667,Kazakhstan,Priorskoe [ofr20051294/deposit.csv]
Cu,50.5371,68.1367,Kazakhstan,unnamed [sir20105090z/sedcu_deps_pros.csv]
Cu,50.5414,-120.993,Canada,Getty South [sir20105090z/pcu_deps_pros.csv]
Cu,50.5419,58.9964,Kazakhstan,Priorskoe [vms/main.csv]
Cu,50.5526,68.4433,Kazakhstan,unnamed [sir20105090z/sedcu_deps_pros.csv]
Cu,50.5542,16.5,Poland,Okrzeszyn [sedcu/main.csv]
Cu,50.5544,-120.2986,Canada,Phil [sir20105090z/pcu_deps_pros.csv]
Cu,50.5602,68.5937,Kazakhstan,Aksu-2 [sir20105090z/sedcu_deps_pros.csv]
Cu,50.5614,-121.0164,Canada,Getty West [sir20105090z/pcu_deps_pros.csv]
Cu,50.563,68.6346,Kazakhstan,Aksu [sir20105090z/sedcu_deps_pros.csv]
Cu,50.5667,-121.0,Canada,Trojan [porcu/main.csv]
Cu,50.5667,16.1667,Czech Republic,Horni Vernerovice [sedcu/main.csv]
Cu,50.5679,68.4978,Kazakhstan,unnamed [sir20105090z/sedcu_deps_pros.csv]
Cu,50.5702,67.9206,Kazakhstan,unnamed [sir20105090z/sedcu_deps_pros.csv]
Cu,50.5814,-120.2975,Canada,Grey Mask [sir20105090z/pcu_deps_pros.csv]
Cu,50.5833,-120.9667,Canada,Krain [porcu/main.csv]
Cu,50.5844,-120.3517,Canada,Fargo [sir20105090z/pcu_deps_pros.csv]
Cu,50.5853,-120.3183,Canada,Ace [sir20105090z/pcu_deps_pros.csv]
Cu,50.5859,68.2331,Kazakhstan,Shoum [sir20105090z/sedcu_deps_pros.csv]
Cu,50.5881,-127.39,Canada,Rupert [sir20105090z/pcu_deps_pros.csv]
Cu,50.5889,-120.3267,Canada,Admiral Dewy [sir20105090z/pcu_deps_pros.csv]
Cu,50.5912,67.9697,Kazakhstan,unnamed [sir20105090z/sedcu_deps_pros.csv]
Cu,50.5928,-127.4558,Canada,Yankee Girl [sir20105090z/pcu_deps_pros.csv]
Cu,50.5961,-127.4558,Canada,Bay 29 [sir20105090z/pcu_deps_pros.csv]
Cu,50.5997,-127.475,Canada,Island Copper [sir20105090z/pcu_deps_pros.csv]
Cu,50.6,-127.4778,Canada,Island  Copper [porcu/main.csv]
Cu,50.6,82.81,Kazakhstan,Artemievskoe [vms/main.csv]
Cu,50.6008,81.7839,Kazakhstan,Kamyshinskoe [vms/main.csv]
Cu,50.6011,68.3704,Kazakhstan,unnamed [sir20105090z/sedcu_deps_pros.csv]
Cu,50.606,139.52,Russian Federation,Zimovye [sir20105090z/pcu_deps_pros.csv]
Cu,50.6081,-120.4044,Canada,Ajax JV [sir20105090z/pcu_deps_pros.csv]
Cu,50.6108,-127.5117,Canada,Bay 21 [sir20105090z/pcu_deps_pros.csv]
Cu,50.6142,-120.5308,Canada,Ajax [porcu/main.csv]
Cu,50.6147,59.0308,Kazakhstan,Avangard [vms/main.csv]
Cu,50.6167,15.6667,Czech Republic,Kostalov [sedcu/main.csv]
Cu,50.6167,19.3667,Poland,Myszkow [porcu/main.csv]
Cu,50.6192,68.0924,Kazakhstan,unnamed [sir20105090z/sedcu_deps_pros.csv]
Cu,50.625,68.1333,Kazakstan,Kopkazgen [sedcu/main.csv]
Cu,50.6275,-120.3544,Canada,Kimberly [sir20105090z/pcu_deps_pros.csv]
Cu,50.6299,67.6719,Kazakhstan,unnamed [sir20105090z/sedcu_deps_pros.csv]
Cu,50.6311,-127.5217,Canada,Bay 56 [sir20105090z/pcu_deps_pros.csv]
Cu,50.6342,59.4517,Kazakhstan,Vesennee [vms/main.csv]
Cu,50.6345,68.6288,Kazakhstan,unnamed [sir20105090z/sedcu_deps_pros.csv]
Cu,50.6361,-120.465,Canada,Rainbow [sir20105090z/pcu_deps_pros.csv]
Cu,50.6379,68.8397,Kazakhstan,unnamed [sir20105090z/sedcu_deps_pros.csv]
Cu,50.6417,-74.6417,Canada,Frotet Lake [vms/main.csv]
Cu,50.6433,-120.4233,Canada,Galaxy [porcu/main.csv]
Cu,50.6434,11.4048,Germany,Saalfeld [sir20105090z/sedcu_deps_pros.csv]
Cu,50.6436,-120.3978,Canada,Python [sir20105090z/pcu_deps_pros.csv]
Cu,50.6439,83.6178,Kazakhstan,Chekmar' [vms/main.csv]
Cu,50.6458,11.489,Germany,Könitz [sir20105090z/sedcu_deps_pros.csv]
Cu,50.6498,68.9237,Kazakhstan,unnamed [sir20105090z/sedcu_deps_pros.csv]
Cu,50.6547,-120.4375,Canada,Iron Mask [sir20105090z/pcu_deps_pros.csv]
Cu,50.6561,68.5736,Kazakhstan,unnamed [sir20105090z/sedcu_deps_pros.csv]
Cu,50.6611,-120.515,Canada,Afton [porcu/main.csv]
Cu,50.6628,-120.4367,Canada,Big Onion [sir20105090z/pcu_deps_pros.csv]
Cu,50.6647,-120.4858,Canada,DM-Audra-Crescent [sir20105090z/pcu_deps_pros.csv]
Cu,50.6647,-120.4683,Canada,Crescent [sir20105090z/pcu_deps_pros.csv]
Cu,50.6685,11.0922,Germany,unnamed [sir20105090z/sedcu_deps_pros.csv]
Cu,50.675,-127.8583,Canada,Hushamu (Expo) [ofr20051294/deposit.csv]
Cu,50.6753,-127.8581,Canada,Hushamu [porcu/main.csv]
Cu,50.6756,82.9958,Kazakhstan,Anisimov Klyuch [vms/main.csv]
Cu,50.6767,82.9786,Kazakhstan,Yubileino-Snegirikhinskoe [vms/main.csv]
Cu,50.6833,11.2115,Germany,Bad Blankenburg [sir20105090z/sedcu_deps_pros.csv]
Cu,50.6844,81.8742,Kazakhstan,Shemonaikhinskoe [vms/main.csv]
Cu,50.693,10.947,Germany,Ilmenau [sir20105090z/sedcu_deps_pros.csv]
Cu,50.6939,-127.8925,Canada,HEP [sir20105090z/pcu_deps_pros.csv]
Cu,50.7,10.89,Germany,Ilmenau [sedcu/main.csv]
Cu,50.7,92.4,Mongolia,Bulgin Shiver [sedcu/main.csv]
Cu,50.7083,-74.7917,Canada,Moleon Lake [vms/main.csv]
Cu,50.7099,11.7049,Germany,Neustadt an der Orla [sir20105090z/sedcu_deps_pros.csv]
Cu,50.7108,-127.9706,Canada,Red  Dog [porcu/main.csv]
Cu,50.7205,10.8447,Germany,Geraberg [sir20105090z/sedcu_deps_pros.csv]
Cu,50.7344,67.0874,Kazakhstan,unnamed [sir20105090z/sedcu_deps_pros.csv]
Cu,50.7431,10.4856,Germany,Schmalkalden [sir20105090z/sedcu_deps_pros.csv]
Cu,50.7475,-120.6322,Canada,Hilltop [sir20105090z/pcu_deps_pros.csv]
Cu,50.75,68.5,Kazakstan,Akken [sedcu/main.csv]
Cu,50.7556,68.4604,Kazakhstan,Kzyl-Oba [sir20105090z/sedcu_deps_pros.csv]
Cu,50.7557,138.7646,Russian Federation,Udumin [sir20105090z/pcu_deps_pros.csv]
Cu,50.7581,-120.6578,Canada,Maxine [sir20105090z/pcu_deps_pros.csv]
Cu,50.7589,67.131,Kazakhstan,unnamed [sir20105090z/sedcu_deps_pros.csv]
Cu,50.7622,60.0566,Kazakhstan,Soyusnoe [sir20105090z/pcu_deps_pros.csv]
Cu,50.7713,67.0857,Kazakhstan,Ushkarasu [sir20105090z/sedcu_deps_pros.csv]
Cu,50.7978,10.7301,Germany,Luisenthal [sir20105090z/sedcu_deps_pros.csv]
Cu,50.8027,10.401,Germany,Trusetal [sir20105090z/sedcu_deps_pros.csv]
Cu,50.8033,68.1667,Kazakstan,Kokpekty [sedcu/main.csv]
Cu,50.805,120.8169,China,unnamed [sir20105090z/pcu_deps_pros.csv]
Cu,50.825,68.4333,Kazakstan,Kyzyloba [sedcu/main.csv]
Cu,50.8264,10.6764,Germany,Ohrdruf [sir20105090z/sedcu_deps_pros.csv]
Cu,50.83,10.3,Germany,Schweina [sedcu/main.csv]
Cu,50.8385,10.3133,Germany,Schweina [sir20105090z/sedcu_deps_pros.csv]
Cu,50.843,10.624,Germany,Waltershausen [sir20105090z/sedcu_deps_pros.csv]
Cu,50.85,-74.5833,Canada,Lac Troilus [ofr20051294/deposit.csv]
Cu,50.8661,81.5692,Russia,Yubileinoe [vms/main.csv]
Cu,50.8908,59.8319,Russian Federation,Yelenevskoe [sir20105090z/pcu_deps_pros.csv]
Cu,50.8976,12.0467,Germany,Gera [sir20105090z/sedcu_deps_pros.csv]
Cu,50.9164,59.5367,Russia,Osennee [vms/main.csv]
Cu,50.9167,73.5,Kazakstan,Olenty River [sedcu/main.csv]
Cu,50.9239,-121.4211,Canada,Maggie [porcu/main.csv]
Cu,50.9284,10.2591,Germany,Eckardtshausen [sir20105090z/sedcu_deps_pros.csv]
Cu,50.9289,81.3583,Kazakhstan,Orlovskoe [vms/main.csv]
Cu,50.9294,59.4756,Russia,Letnee [vms/main.csv]
Cu,50.9433,9.8414,Germany,"Richelsdorf - St. Joe, South Hollow [sir20105090z/sedcu_deps_pros.csv]"
Cu,50.9484,67.4177,Kazakhstan,unnamed [sir20105090z/sedcu_deps_pros.csv]
Cu,50.9828,59.9233,Russia,Zimnee [vms/main.csv]
Cu,50.9833,9.9,Germany,Richelsdorf [sedcu/main.csv]
Cu,50.9857,116.9645,Russian Federation,Kurunzulaiskaya [sir20105090z/pcu_deps_pros.csv]
Cu,50.9906,81.4353,Russia,Zolotushinskoe [vms/main.csv]
Cu,51.0,90.0,Russia,Kazyngol [ofr20051294/deposit.csv]
Cu,51.0017,-123.1397,Canada,Copper Mountain (Trigger Lake) [sir20105090z/pcu_deps_pros.csv]
Cu,51.0064,-94.2131,Canada,Trout Bay [vms/main.csv]
Cu,51.027,9.937,Germany,Richelsdorf [sir20105090z/sedcu_deps_pros.csv]
Cu,51.0336,10.1786,Germany,Eisenach [sir20105090z/sedcu_deps_pros.csv]
Cu,51.0397,-123.3708,Canada,Copper zone [sir20105090z/pcu_deps_pros.csv]
Cu,51.0437,9.6457,Germany,Baumbach [sir20105090z/sedcu_deps_pros.csv]
Cu,51.0456,114.7397,Russia,Orlovskoe [ofr20051294/deposit.csv]
Cu,51.0552,15.9558,Poland,Grzedy 11 [sir20105090z/sedcu_deps_pros.csv]
Cu,51.0568,15.9678,Poland,Grzedy 13 [sir20105090z/sedcu_deps_pros.csv]
Cu,51.0585,15.9772,Poland,Grzedy 14 [sir20105090z/sedcu_deps_pros.csv]
Cu,51.0591,15.9355,Poland,Grzedy 10 [sir20105090z/sedcu_deps_pros.csv]
Cu,51.0627,15.9196,Poland,Biegoszów 7 [sir20105090z/sedcu_deps_pros.csv]
Cu,51.0647,15.8976,Poland,Biegoszów 4 [sir20105090z/sedcu_deps_pros.csv]
Cu,51.065,15.909,Poland,Biegoszów 6 [sir20105090z/sedcu_deps_pros.csv]
Cu,51.0651,8.8357,Germany,Frankenberg [sir20105090z/sedcu_deps_pros.csv]
Cu,51.0667,8.7799,Germany,Stateberg [sir20105090z/sedcu_deps_pros.csv]
Cu,51.0679,15.9077,Poland,Biegoszów 5 [sir20105090z/sedcu_deps_pros.csv]
Cu,51.0708,-92.5958,Canada,Uchi [vms/main.csv]
Cu,51.0783,-123.4167,Canada,Rowbottom [sir20105090z/pcu_deps_pros.csv]
Cu,51.081,15.912,Poland,Lena-Nowy Kosciól [sir20105090z/sedcu_deps_pros.csv]
Cu,51.0819,8.8617,Germany,Geismar [sir20105090z/sedcu_deps_pros.csv]
Cu,51.0833,8.8667,Germany,Geismar [sedcu/main.csv]
Cu,51.086,67.3083,Kazakhstan,Orta-Kara [sir20105090z/sedcu_deps_pros.csv]
Cu,51.0947,-123.3883,Canada,Mohawk [sir20105090z/pcu_deps_pros.csv]
Cu,51.0994,61.7997,Kazakhstan,Benkala South [sir20105090z/pcu_deps_pros.csv]
Cu,51.1,15.9,Poland,Nowy Kosciol [sedcu/main.csv]
Cu,51.1,61.8167,Kazakhstan,Benqala South [ofr20051294/deposit.csv]
Cu,51.1,67.83,Kazakhstan,Drill-hole 138 [sir20105090z/sedcu_deps_pros.csv]
Cu,51.1011,-123.3528,Canada,Buzzer [sir20105090z/pcu_deps_pros.csv]
Cu,51.1044,-123.4,Canada,Taseko [porcu/main.csv]
Cu,51.1083,15.8167,Poland,Lena [sedcu/main.csv]
Cu,51.1189,126.7135,China,unnamed [sir20105090z/pcu_deps_pros.csv]
Cu,51.1333,-122.6142,Canada,Poison  Mountain [porcu/main.csv]
Cu,51.1333,-122.6,Canada,Poison Mountain [ofr20051294/deposit.csv]
Cu,51.1444,-119.8094,Canada,Samatosum [vms/main.csv]
Cu,51.1492,-119.8125,Canada,Rea Gold Discovery Zone [vms/main.csv]
Cu,51.1525,82.1842,Russia,Zmeinogorskoe [vms/main.csv]
Cu,51.1533,17.1743,Poland,Mirkow [sir20105090z/sedcu_deps_pros.csv]
Cu,51.155,67.4459,Kazakhstan,Kayuk-Kalkan [sir20105090z/sedcu_deps_pros.csv]
Cu,51.1653,60.2639,Russia,Barsuchiy Log [vms/main.csv]
Cu,51.1667,67.7167,Kazakstan,Turgan Gulf [sedcu/main.csv]
Cu,51.1761,82.1189,Russia,Zarechenskoe [vms/main.csv]
Cu,51.1767,-123.6714,Canada,Charlie [sir20105090z/pcu_deps_pros.csv]
Cu,51.1967,67.5832,Kazakhstan,unnamed [sir20105090z/sedcu_deps_pros.csv]
Cu,51.2,61.7833,Kazakhstan,Benqala North [ofr20051294/deposit.csv]
Cu,51.2011,132.3614,Russian Federation,Suluk [sir20105090z/pcu_deps_pros.csv]
Cu,51.2027,126.666,China,unnamed [sir20105090z/pcu_deps_pros.csv]
Cu,51.2064,61.7705,Kazakhstan,Benkala North [sir20105090z/pcu_deps_pros.csv]
Cu,51.2167,8.7833,Germany,Korbach [sedcu/main.csv]
Cu,51.217,15.685,Poland,Konrad-Grodziec-Wartowice [sir20105090z/sedcu_deps_pros.csv]
Cu,51.2225,-124.4889,Canada,Blue 33-36 [sir20105090z/pcu_deps_pros.csv]
Cu,51.2334,9.927,Germany,Albungen [sir20105090z/sedcu_deps_pros.csv]
Cu,51.2406,8.8551,Germany,Korbach [sir20105090z/sedcu_deps_pros.csv]
Cu,51.2473,133.7553,Russian Federation,Yankanskoe [sir20105090z/pcu_deps_pros.csv]
Cu,51.25,-123.5356,Canada,Chita [sir20105090z/pcu_deps_pros.csv]
Cu,51.25,13.7167,Poland,Konrad [sedcu/main.csv]
Cu,51.25,55.0,Russia,Bolshoi Bogdo Mountains [sedcu/main.csv]
Cu,51.25,139.65,Russian Federation,Limonite [sir20105090z/pcu_deps_pros.csv]
Cu,51.2661,-124.2906,Canada,Rum 66 [sir20105090z/pcu_deps_pros.csv]
Cu,51.2669,-123.8572,Canada,Tarn Creek [sir20105090z/pcu_deps_pros.csv]
Cu,51.2696,67.7023,Kazakhstan,Baltaly [sir20105090z/sedcu_deps_pros.csv]
Cu,51.2711,59.5189,Russia,Dzhusinskoe [vms/main.csv]
Cu,51.275,15.5667,Poland,Lubichow [sedcu/main.csv]
Cu,51.2788,67.2793,Kazakhstan,unnamed [sir20105090z/sedcu_deps_pros.csv]
Cu,51.28,82.3175,Russia,Korbalikhinskoe [vms/main.csv]
Cu,51.283,117.883,Russian Federation,Shaktama [sir20105090z/pcu_deps_pros.csv]
Cu,51.2908,-125.4044,Canada,"Hannah 8, 10, 11 [sir20105090z/pcu_deps_pros.csv]"
Cu,51.2949,11.2522,Germany,Feld Heldrungen (Thuringen) [sir20105090z/sedcu_deps_pros.csv]
Cu,51.3044,-124.4167,Canada,Ben 37 [sir20105090z/pcu_deps_pros.csv]
Cu,51.3047,58.8711,Russia,Zapadno-Ashchebutakskoe [vms/main.csv]
Cu,51.3133,-121.0889,Canada,Rayfield [porcu/main.csv]
Cu,51.3167,11.3954,Germany,Bottendorf [sir20105090z/sedcu_deps_pros.csv]
Cu,51.32,69.85,Kazakhstan,Lozovskoe [sir20105090z/sedcu_deps_pros.csv]
Cu,51.3263,9.8312,Germany,Witzenhausen [sir20105090z/sedcu_deps_pros.csv]
Cu,51.3333,9.8667,Germany,Witzenhausen [sedcu/main.csv]
Cu,51.3808,-120.0617,Canada,Chu Chua [vms/main.csv]
Cu,51.3815,11.1688,Germany,Kyffhaus [sir20105090z/sedcu_deps_pros.csv]
Cu,51.3824,11.0625,Germany,Udersleben [sir20105090z/sedcu_deps_pros.csv]
Cu,51.3833,16.1833,Poland,Malomice [sedcu/main.csv]
Cu,51.3836,57.5706,Russia,Yaman-Kasy [vms/main.csv]
Cu,51.4,8.85,Germany,Leitmar [sedcu/main.csv]
Cu,51.4,10.2567,Germany,Udersleben [sedcu/main.csv]
Cu,51.4,16.1333,Poland,Lubin [sedcu/main.csv]
Cu,51.4013,8.8593,Germany,Leitmar [sir20105090z/sedcu_deps_pros.csv]
Cu,51.4061,57.6939,Russia,Komsomolskoe [vms/main.csv]
Cu,51.4207,15.287,Poland,Nowiny [sir20105090z/sedcu_deps_pros.csv]
Cu,51.434,11.361,Germany,Sangerhausen [sir20105090z/sedcu_deps_pros.csv]
Cu,51.4488,16.8823,Poland,Borzecin [sir20105090z/sedcu_deps_pros.csv]
Cu,51.4494,11.4808,Germany,Tiefscholle Osterhausen [sir20105090z/sedcu_deps_pros.csv]
Cu,51.45,-123.6167,Canada,Fish Lake [ofr20051294/deposit.csv]
Cu,51.4501,139.9117,Russian Federation,Shaman [sir20105090z/pcu_deps_pros.csv]
Cu,51.4521,120.1996,China,unnamed [sir20105090z/pcu_deps_pros.csv]
Cu,51.4531,57.6656,Russia,Blyavinskoe [vms/main.csv]
Cu,51.4578,69.5009,Kazakhstan,Narymbay [sir20105090z/sedcu_deps_pros.csv]
Cu,51.458,17.6539,Poland,Surmin [sir20105090z/sedcu_deps_pros.csv]
Cu,51.462,14.669,Germany,Weisswasser [sir20105090z/sedcu_deps_pros.csv]
Cu,51.4628,58.4881,Russia,Gaiskoe [vms/main.csv]
Cu,51.4636,-123.6256,Canada,Fish  Lake [porcu/main.csv]
Cu,51.4667,-115.8667,Canada,Panther Creek [sedcu/main.csv]
Cu,51.4667,8.8875,Germany,Marsberg [sedcu/main.csv]
Cu,51.4667,58.4833,Russia,Gai [ofr20051294/deposit.csv]
Cu,51.4667,81.5,Russia,Rubtsovskoye [ofr20051294/deposit.csv]
Cu,51.475,17.0499,Poland,Radziadz [sir20105090z/sedcu_deps_pros.csv]
Cu,51.48,118.57,Russian Federation,Bystrinskoe [sir20105090z/pcu_deps_pros.csv]
Cu,51.4817,8.9146,Germany,Marsberg [sir20105090z/sedcu_deps_pros.csv]
Cu,51.49,11.28,Germany,Sangerhausen [sedcu/main.csv]
Cu,51.4917,16.0417,Poland,Polkovice [sedcu/main.csv]
Cu,51.4918,11.1352,Germany,unnamed [sir20105090z/sedcu_deps_pros.csv]
Cu,51.4987,16.4836,Poland,Scinawa NE [sir20105090z/sedcu_deps_pros.csv]
Cu,51.5021,10.9353,Germany,Sudharz [sir20105090z/sedcu_deps_pros.csv]
Cu,51.5038,11.2128,Germany,unnamed [sir20105090z/sedcu_deps_pros.csv]
Cu,51.5055,16.3175,Poland,Scinawa W [sir20105090z/sedcu_deps_pros.csv]
Cu,51.5077,17.5093,Poland,Henrykowice [sir20105090z/sedcu_deps_pros.csv]
Cu,51.5194,-119.8178,Canada,Harper Creek [vms/main.csv]
Cu,51.5273,17.2947,Poland,Milicz [sir20105090z/sedcu_deps_pros.csv]
Cu,51.528,16.091,Poland,Lubin-Sieroszowice [sir20105090z/sedcu_deps_pros.csv]
Cu,51.5311,-120.2867,Canada,Worldstock [sir20105090z/pcu_deps_pros.csv]
Cu,51.5316,10.8543,Germany,Nordhausen [sir20105090z/sedcu_deps_pros.csv]
Cu,51.5324,67.4136,Kazakhstan,Tastyadyr [sir20105090z/sedcu_deps_pros.csv]
Cu,51.55,15.9,Poland,Sierozovice [sedcu/main.csv]
Cu,51.553,11.58,Germany,Mansfeld [sir20105090z/sedcu_deps_pros.csv]
Cu,51.5667,17.25,Poland,Borzecin/Sulmierzyce [ofr20051294/deposit.csv]
Cu,51.5726,14.4737,Germany,Graustein [sir20105090z/sedcu_deps_pros.csv]
Cu,51.5833,14.3667,Germany,Spremberg [sedcu/main.csv]
Cu,51.5833,16.0,Poland,Lubin [ofr20051294/deposit.csv]
Cu,51.5888,17.6989,Poland,Sulmierzyce [sir20105090z/sedcu_deps_pros.csv]
Cu,51.5893,10.5939,Germany,unnamed [sir20105090z/sedcu_deps_pros.csv]
Cu,51.5915,10.5103,Germany,Walkenried [sir20105090z/sedcu_deps_pros.csv]
Cu,51.5916,10.5336,Germany,unnamed [sir20105090z/sedcu_deps_pros.csv]
Cu,51.5953,16.6406,Poland,Slubow [sir20105090z/sedcu_deps_pros.csv]
Cu,51.5982,67.6547,Kazakhstan,unnamed [sir20105090z/sedcu_deps_pros.csv]
Cu,51.6,11.4667,Germany,Mansfeld [sedcu/main.csv]
Cu,51.6051,14.3611,Germany,Spremberg [sir20105090z/sedcu_deps_pros.csv]
Cu,51.606,17.2534,Poland,Janowo [sir20105090z/sedcu_deps_pros.csv]
Cu,51.6081,-124.4917,Canada,Fly [sir20105090z/pcu_deps_pros.csv]
Cu,51.6131,10.4846,Germany,unnamed [sir20105090z/sedcu_deps_pros.csv]
Cu,51.6156,10.4449,Germany,unnamed [sir20105090z/sedcu_deps_pros.csv]
Cu,51.6167,19.3667,Poland,Myskow [ofr20051294/deposit.csv]
Cu,51.62,68.1,Kazakhstan,Kokpekty-I [sir20105090z/sedcu_deps_pros.csv]
Cu,51.6289,10.443,Germany,unnamed [sir20105090z/sedcu_deps_pros.csv]
Cu,51.6292,-118.4258,Canada,Goldstream [vms/main.csv]
Cu,51.6297,16.3654,Poland,Luboszyce [sir20105090z/sedcu_deps_pros.csv]
Cu,51.63,66.55,Kazakhstan,Area No 8 [sir20105090z/sedcu_deps_pros.csv]
Cu,51.6353,67.951,Kazakhstan,unnamed [sir20105090z/sedcu_deps_pros.csv]
Cu,51.6357,66.54,Kazakhstan,unnamed [sir20105090z/sedcu_deps_pros.csv]
Cu,51.637,68.0316,Kazakhstan,unnamed [sir20105090z/sedcu_deps_pros.csv]
Cu,51.6417,15.0917,Poland,Zary [sedcu/main.csv]
Cu,51.6493,10.3857,Germany,unnamed [sir20105090z/sedcu_deps_pros.csv]
Cu,51.6565,66.4388,Kazakhstan,Kokbaytal [sir20105090z/sedcu_deps_pros.csv]
Cu,51.6591,10.3741,Germany,unnamed [sir20105090z/sedcu_deps_pros.csv]
Cu,51.6613,11.6715,Germany,Strenznaundorf [sir20105090z/sedcu_deps_pros.csv]
Cu,51.663,15.1629,Poland,Zary pericline [sir20105090z/sedcu_deps_pros.csv]
Cu,51.6637,11.7995,Germany,Golbitz [sir20105090z/sedcu_deps_pros.csv]
Cu,51.6667,-8.8667,Ireland,Southwest Cork [sedcu/main.csv]
Cu,51.6687,67.6036,Kazakhstan,Kiyminskoe [sir20105090z/sedcu_deps_pros.csv]
Cu,51.6705,67.5291,Kazakhstan,Kieilin [sir20105090z/sedcu_deps_pros.csv]
Cu,51.6738,10.3404,Germany,unnamed [sir20105090z/sedcu_deps_pros.csv]
Cu,51.6763,10.335,Germany,unnamed [sir20105090z/sedcu_deps_pros.csv]
Cu,51.6769,11.5014,Germany,Wiederstedt [sir20105090z/sedcu_deps_pros.csv]
Cu,51.685,10.3244,Germany,unnamed [sir20105090z/sedcu_deps_pros.csv]
Cu,51.6971,67.9404,Kazakhstan,Algabas [sir20105090z/sedcu_deps_pros.csv]
Cu,51.7134,10.3044,Germany,unnamed [sir20105090z/sedcu_deps_pros.csv]
Cu,51.7136,10.2837,Germany,Osterode [sir20105090z/sedcu_deps_pros.csv]
Cu,51.724,86.752,Russian Federation,Kulbich [sir20105090z/pcu_deps_pros.csv]
Cu,51.732,-124.6356,Canada,Newmac [sir20105090z/pcu_deps_pros.csv]
Cu,51.7333,10.2667,Germany,Osterode [sedcu/main.csv]
Cu,51.7333,67.9726,Kazakhstan,Altynkazgan [sir20105090z/sedcu_deps_pros.csv]
Cu,51.7385,10.2686,Germany,unnamed [sir20105090z/sedcu_deps_pros.csv]
Cu,51.7419,15.5673,Poland,Kozuchow [sir20105090z/sedcu_deps_pros.csv]
Cu,51.745,67.9618,Kazakhstan,unnamed [sir20105090z/sedcu_deps_pros.csv]
Cu,51.75,56.85,Russia,Kargala [sedcu/main.csv]
Cu,51.763,11.8664,Germany,Wohlsdorf [sir20105090z/sedcu_deps_pros.csv]
Cu,51.7667,61.75,Kazakhstan,Benkala [porcu/main.csv]
Cu,51.7833,55.85,Russia,Vyasovka [sedcu/main.csv]
Cu,51.7867,16.0211,Poland,Kulow [sir20105090z/sedcu_deps_pros.csv]
Cu,51.8031,-123.6353,Canada,Newton Hill [sir20105090z/pcu_deps_pros.csv]
Cu,51.804,13.3616,Germany,Sudbrandenburg [sir20105090z/sedcu_deps_pros.csv]
Cu,51.8167,74.1833,Kazakhstan,Boshchekul [porcu/main.csv]
Cu,51.8247,81.6728,Russia,Zakharovskoe [vms/main.csv]
Cu,51.8283,68.594,Kazakhstan,unnamed [sir20105090z/sedcu_deps_pros.csv]
Cu,51.8298,67.8639,Kazakhstan,unnamed [sir20105090z/sedcu_deps_pros.csv]
Cu,51.8306,68.45,Kazakstan,Atbasar-1 [sedcu/main.csv]
Cu,51.8333,67.0,Kazakstan,Ushkarasu [sedcu/main.csv]
Cu,51.838,68.5314,Kazakhstan,unnamed [sir20105090z/sedcu_deps_pros.csv]
Cu,51.8462,74.2897,Kazakhstan,Bozshakol [sir20105090z/pcu_deps_pros.csv]
Cu,51.8493,67.9485,Kazakhstan,Tassay [sir20105090z/sedcu_deps_pros.csv]
Cu,51.85,10.2333,Germany,Grund [ofr20051294/deposit.csv]
Cu,51.85,74.3167,Kazakhstan,Bozshakol [ofr20051294/deposit.csv]
Cu,51.864,11.8072,Germany,Anderstedt-Bernburg [sir20105090z/sedcu_deps_pros.csv]
Cu,51.8758,68.541,Kazakhstan,Borisovskoe [sir20105090z/sedcu_deps_pros.csv]
Cu,51.8772,10.1827,Germany,unnamed [sir20105090z/sedcu_deps_pros.csv]
Cu,51.8803,-120.9217,Canada,Clay [sir20105090z/pcu_deps_pros.csv]
Cu,51.8833,-9.95,Ireland,Wild Goat [sedcu/main.csv]
Cu,51.8871,15.1311,Poland,Zarkow [sir20105090z/sedcu_deps_pros.csv]
Cu,51.908,16.5322,Poland,Zakowo [sir20105090z/sedcu_deps_pros.csv]
Cu,51.9167,68.0333,Kazakstan,Atbasar-2 [sedcu/main.csv]
Cu,51.9285,68.3434,Kazakhstan,Smirnovskoe [sir20105090z/sedcu_deps_pros.csv]
Cu,51.9298,10.1908,Germany,Hahausen [sir20105090z/sedcu_deps_pros.csv]
Cu,51.937,-121.2492,Canada,Tim #1 [sir20105090z/pcu_deps_pros.csv]
Cu,51.9379,10.2125,Germany,unnamed [sir20105090z/sedcu_deps_pros.csv]
Cu,51.9472,-121.3108,Canada,Miracle [sir20105090z/pcu_deps_pros.csv]
Cu,51.95,68.25,Kazakhstan,Drill-hole +-103 [sir20105090z/sedcu_deps_pros.csv]
Cu,51.95,72.3333,Kazakhstan,Kyzyltu [porcu/main.csv]
Cu,51.9552,68.3668,Kazakhstan,unnamed [sir20105090z/sedcu_deps_pros.csv]
Cu,51.9556,58.1636,Russia,Buribaiskoe [vms/main.csv]
Cu,51.9578,-121.2856,Canada,Aurizon Gold zone [sir20105090z/pcu_deps_pros.csv]
Cu,51.9606,-121.295,Canada,Peach 3 [sir20105090z/pcu_deps_pros.csv]
Cu,51.9662,68.3663,Kazakhstan,Proletarskoe V [sir20105090z/sedcu_deps_pros.csv]
Cu,51.9671,68.3348,Kazakhstan,Lyudmilovskoe [sir20105090z/sedcu_deps_pros.csv]
Cu,51.9687,14.973,Poland,Czeklin [sir20105090z/sedcu_deps_pros.csv]
Cu,51.97,68.35,Kazakhstan,Proletarskoe IV-IX [sir20105090z/sedcu_deps_pros.csv]
Cu,51.9742,-121.3128,Canada,Ann North [sir20105090z/pcu_deps_pros.csv]
Cu,51.9792,68.7854,Kazakhstan,unnamed [sir20105090z/sedcu_deps_pros.csv]
Cu,51.98,68.57,Kazakhstan,Spasskoe [sir20105090z/sedcu_deps_pros.csv]
Cu,51.9808,-121.3372,Canada,Peach-Melba [sir20105090z/pcu_deps_pros.csv]
Cu,51.9827,68.4103,Kazakhstan,unnamed [sir20105090z/sedcu_deps_pros.csv]
Cu,51.9833,10.2083,Germany,Hahausen [sedcu/main.csv]
Cu,51.9837,68.3339,Kazakhstan,unnamed [sir20105090z/sedcu_deps_pros.csv]
Cu,51.9948,68.3585,Kazakhstan,unnamed [sir20105090z/sedcu_deps_pros.csv]
Cu,51.9958,58.3047,Russia,Makanskoe [vms/main.csv]
Cu,52.0,55.3333,Russia,Sakmara [sedcu/main.csv]
Cu,52.0054,68.2955,Kazakhstan,Proletarskoe [sir20105090z/sedcu_deps_pros.csv]
Cu,52.0143,16.0163,Poland,Wilcze [sir20105090z/sedcu_deps_pros.csv]
Cu,52.0178,95.5856,Russia,Kyzyl-Tashtyg [vms/main.csv]
Cu,52.02,68.3,Kazakhstan,Drill-hole X-124 [sir20105090z/sedcu_deps_pros.csv]
Cu,52.0217,95.6044,Russia,Dalnee [vms/main.csv]
Cu,52.0222,58.255,Russia,Oktyabrskoe [vms/main.csv]
Cu,52.027,69.0923,Kazakhstan,unnamed [sir20105090z/sedcu_deps_pros.csv]
Cu,52.0292,-121.2644,Canada,Murphy Lake [sir20105090z/pcu_deps_pros.csv]
Cu,52.03,68.22,Kazakhstan,Drill-hole N-10 [sir20105090z/sedcu_deps_pros.csv]
Cu,52.03,69.08,Kazakhstan,Achily-I [sir20105090z/sedcu_deps_pros.csv]
Cu,52.045,58.4467,Russia,Podolskoe [vms/main.csv]
Cu,52.0536,68.1653,Kazakhstan,Kochubay [sir20105090z/sedcu_deps_pros.csv]
Cu,52.0655,15.4817,Poland,Mozow [sir20105090z/sedcu_deps_pros.csv]
Cu,52.0667,59.85,Russia,Aidyrlinskoe [vms/main.csv]
Cu,52.0712,69.6424,Kazakhstan,unnamed [sir20105090z/sedcu_deps_pros.csv]
Cu,52.0772,68.3453,Kazakhstan,Trtyakovskoe [sir20105090z/sedcu_deps_pros.csv]
Cu,52.08,68.37,Kazakhstan,Drill-hole N-11 [sir20105090z/sedcu_deps_pros.csv]
Cu,52.0931,69.1274,Kazakhstan,unnamed [sir20105090z/sedcu_deps_pros.csv]
Cu,52.1167,-8.65,Ireland,Mallow [sedcu/main.csv]
Cu,52.1229,69.3222,Kazakhstan,unnamed [sir20105090z/sedcu_deps_pros.csv]
Cu,52.1457,69.3205,Kazakhstan,Konyr [sir20105090z/sedcu_deps_pros.csv]
Cu,52.15,58.5,Russia,Podolska [ofr20051294/deposit.csv]
Cu,52.15,68.65,Kazakhstan,Poltavskoe [sir20105090z/sedcu_deps_pros.csv]
Cu,52.1532,68.7851,Kazakhstan,Krasnopolyanskoe [sir20105090z/sedcu_deps_pros.csv]
Cu,52.1661,58.1281,Russia,Yubileinoe [vms/main.csv]
Cu,52.1667,68.6667,Kazakstan,Atbasar-3 [sedcu/main.csv]
Cu,52.1851,119.0959,Russian Federation,Kultuminskaya [sir20105090z/pcu_deps_pros.csv]
Cu,52.1966,68.916,Kazakhstan,Doroginskoe [sir20105090z/sedcu_deps_pros.csv]
Cu,52.1993,124.3408,China,unnamed [sir20105090z/pcu_deps_pros.csv]
Cu,52.2302,11.3031,Germany,Alvensleben [sir20105090z/sedcu_deps_pros.csv]
Cu,52.2487,68.7806,Kazakhstan,Bogorodskoe [sir20105090z/sedcu_deps_pros.csv]
Cu,52.2572,-121.3811,Canada,Woodjam [sir20105090z/pcu_deps_pros.csv]
Cu,52.2667,-7.2,Ireland,Ballymacarbry [sedcu/main.csv]
Cu,52.306,68.6412,Kazakhstan,Valimirovskoe [sir20105090z/sedcu_deps_pros.csv]
Cu,52.32,58.2186,Russia,Maiskoe [vms/main.csv]
Cu,52.3333,62.1833,Kazakhstan,Spiridonovskoe [porcu/main.csv]
Cu,52.35,88.15,Russian Federation,Andobinskoe II [sir20105090z/pcu_deps_pros.csv]
Cu,52.3628,58.3631,Russia,Balta-Tau [vms/main.csv]
Cu,52.4106,70.0573,Kazakhstan,Zholboldy [sir20105090z/sedcu_deps_pros.csv]
Cu,52.4197,58.3131,Russia,Yulalinskoe [vms/main.csv]
Cu,52.4361,58.1844,Russia,Bakr-Tau [vms/main.csv]
Cu,52.4378,58.2217,Russia,Tash-Tau [vms/main.csv]
Cu,52.45,57.9167,Russia,Ivanovskoe [vms/main.csv]
Cu,52.4639,-121.4842,Canada,Redgold [sir20105090z/pcu_deps_pros.csv]
Cu,52.4681,-122.2733,Canada,Sawmill [sir20105090z/pcu_deps_pros.csv]
Cu,52.5,55.1167,Russia,Salmysh [sedcu/main.csv]
Cu,52.5033,-122.2339,Canada,Gunn [sir20105090z/pcu_deps_pros.csv]
Cu,52.5053,58.3272,Russia,Vostochno-Semenovskoe [vms/main.csv]
Cu,52.5167,-122.2833,Canada,Gibraltar [ofr20051294/deposit.csv]
Cu,52.5181,-122.2875,Canada,Gibraltar [porcu/main.csv]
Cu,52.5324,62.4486,Kazakhstan,Spiridonovskoe [sir20105090z/pcu_deps_pros.csv]
Cu,52.5544,-121.6417,Canada,Mt.  Polly [porcu/main.csv]
Cu,52.5606,59.6244,Russia,Amurskoe [vms/main.csv]
Cu,52.5714,-121.6447,Canada,Lloyd-Nordik [sir20105090z/pcu_deps_pros.csv]
Cu,52.5914,-121.7775,Canada,Ml [sedcu/main.csv]
Cu,52.6072,138.7567,Russian Federation,Kentavr 100 [sir20105090z/pcu_deps_pros.csv]
Cu,52.614,119.7446,Russian Federation,Lugokanskaya [sir20105090z/pcu_deps_pros.csv]
Cu,52.6167,-122.3028,Canada,Copper Ace South [sir20105090z/pcu_deps_pros.csv]
Cu,52.6594,141.2488,Russian Federation,Dzhaore [sir20105090z/pcu_deps_pros.csv]
Cu,52.6641,125.011,China,Twenty-one Station [sir20105090z/pcu_deps_pros.csv]
Cu,52.6833,58.6333,Russia,Sibay [ofr20051294/deposit.csv]
Cu,52.695,58.6392,Russia,Sibaiskoe [vms/main.csv]
Cu,52.7382,139.6222,Russian Federation,Gedama-Yarku-Pravo Interfluve [sir20105090z/pcu_deps_pros.csv]
Cu,52.75,-2.6667,England,Grinshill [sedcu/main.csv]
Cu,52.75,-2.0167,England,Shore Hill [sedcu/main.csv]
Cu,52.8144,-3.932,United Kingdom of Great Britain and Northern Ireland,Coed y Brenin [sir20105090z/pcu_deps_pros.csv]
Cu,52.8222,61.7947,Kazakhstan,Bataly [sir20105090z/pcu_deps_pros.csv]
Cu,52.8333,-2.9833,England,Eardiston [sedcu/main.csv]
Cu,52.843,117.36,Russian Federation,Zhireken [sir20105090z/pcu_deps_pros.csv]
Cu,52.85,-6.15,Ireland,Avoca [vms/main.csv]
Cu,52.8822,58.2244,Russia,Tubinskoe [vms/main.csv]
Cu,52.8833,-8.9167,Ireland,Ballyvergin [sedcu/main.csv]
Cu,52.8833,58.2417,Russia,Bakr-Usyak [vms/main.csv]
Cu,52.8833,61.4167,Kazakhstan,Bataly [porcu/main.csv]
Cu,52.9333,96.7833,Russia,Kyzyk-Chadr [porcu/main.csv]
Cu,52.9449,62.1524,Kazakhstan,Varvarinskoe [sir20105090z/pcu_deps_pros.csv]
Cu,53.0,94.0,Russia,Tustuzhul [ofr20051294/deposit.csv]
Cu,53.0167,62.5667,Kazakhstan,Varvarinskoye [porcu/main.csv]
Cu,53.05,-122.3211,Canada,Mouse Mountain [sir20105090z/pcu_deps_pros.csv]
Cu,53.0875,57.4683,Russia,Salavat [porcu/main.csv]
Cu,53.1,57.5,Russia,Salavat [ofr20051294/deposit.csv]
Cu,53.152,60.948,Russian Federation,Novonikolaevsk [sir20105090z/pcu_deps_pros.csv]
Cu,53.1921,60.9946,Russian Federation,Mikheyevskoe [sir20105090z/pcu_deps_pros.csv]
Cu,53.2261,60.8236,Russia,Miheevskoye [porcu/main.csv]
Cu,53.2333,60.5667,Russia,Novonikolaevsk [porcu/main.csv]
Cu,53.2438,121.6999,China,unnamed [sir20105090z/pcu_deps_pros.csv]
Cu,53.2784,140.1222,Russian Federation,Maginskoe [sir20105090z/pcu_deps_pros.csv]
Cu,53.2992,-127.0103,Canada,Red Bird [sir20105090z/pcu_deps_pros.csv]
Cu,53.3,-2.25,England,Alderly Edge [sedcu/main.csv]
Cu,53.3,-2.2167,England,Mottram -St.Andews [sedcu/main.csv]
Cu,53.318,140.0665,Russian Federation,Blagodatnevskoe [sir20105090z/pcu_deps_pros.csv]
Cu,53.3758,140.1586,Russian Federation,Krasnaya Gorka [sir20105090z/pcu_deps_pros.csv]
Cu,53.3833,158.0,Russian Federation,Yuzhno-Ganalsky [sir20105090z/pcu_deps_pros.csv]
Cu,53.4,2.9,England,Well 49/20-1 [sedcu/main.csv]
Cu,53.4333,96.6667,Russia,Aksug [porcu/main.csv]
Cu,53.436,96.5834,Russian Federation,Aksug [sir20105090z/pcu_deps_pros.csv]
Cu,53.5,55.0833,Russia,Federovo Sterlibasevo [sedcu/main.csv]
Cu,53.5,107.9167,Russia,Iliktinsk Suite [sedcu/main.csv]
Cu,53.5158,59.3725,Russia,Aleksandrinskoe [vms/main.csv]
Cu,53.5167,1.2833,England,Well 48/12-2 [sedcu/main.csv]
Cu,53.5333,-127.2333,Canada,Coles  Creek [porcu/main.csv]
Cu,53.5732,58.4352,Russian Federation,Salavat [sir20105090z/pcu_deps_pros.csv]
Cu,53.6538,-127.0941,Canada,Seel [sir20105090z/pcu_deps_pros.csv]
Cu,53.6667,96.8,Russia,Baza [sedcu/main.csv]
Cu,53.6736,-127.0569,Canada,Ox  Lake [porcu/main.csv]
Cu,53.6811,-127.1781,Canada,Huckleberry [porcu/main.csv]
Cu,53.75,108.0,Russia,Malokos [sedcu/main.csv]
Cu,53.75,126.6167,Russia,Borgulikan [porcu/main.csv]
Cu,53.7511,-127.6867,Canada,New Nanik [sir20105090z/pcu_deps_pros.csv]
Cu,53.7583,-127.215,Canada,Whiting  Creek/Rusty  Zone [porcu/main.csv]
Cu,53.7909,126.6351,Russian Federation,Borgulikan [sir20105090z/pcu_deps_pros.csv]
Cu,53.797,61.008,Russian Federation,Tarutinskoye [sir20105090z/pcu_deps_pros.csv]
Cu,53.8036,-127.435,Canada,Berg [porcu/main.csv]
Cu,53.8503,-127.1808,Canada,Sylvia [sir20105090z/pcu_deps_pros.csv]
Cu,53.8594,-127.0164,Canada,Pam [sir20105090z/pcu_deps_pros.csv]
Cu,53.9167,54.9167,Russia,Urshak [sedcu/main.csv]
Cu,53.9167,157.3833,Russia,Krasnogorskoe [porcu/main.csv]
Cu,54.0,54.2333,Russia,Aksakovskaya [sedcu/main.csv]
Cu,54.0,98.0,Russia,Tagul-Uda Rivers [sedcu/main.csv]
Cu,54.0107,90.1986,Russian Federation,Sora [sir20105090z/pcu_deps_pros.csv]
Cu,54.0167,-126.99,Canada,Poplar [porcu/main.csv]
Cu,54.05,89.5667,Russia,Kiyalykh-uzen [porcu/main.csv]
Cu,54.0833,54.1167,Russia,Belebey [sedcu/main.csv]
Cu,54.0833,123.8333,Russian Federation,Takhtamygdinsky ore knot [sir20105090z/pcu_deps_pros.csv]
Cu,54.085,59.4214,Russia,Molodezhnoe [vms/main.csv]
Cu,54.0983,59.4047,Russia,Chebache [vms/main.csv]
Cu,54.1181,59.3919,Russia,"Uchalinskoe, Uzel'ginskoe [ofr20051294/deposit.csv]"
Cu,54.1328,59.3378,Russia,Uzelginskoe [vms/main.csv]
Cu,54.1378,59.3708,Russia,Talganskoe [vms/main.csv]
Cu,54.1483,59.3678,Russia,XIX Partsiezda [vms/main.csv]
Cu,54.15,7.8667,Germany,Helgoland [sedcu/main.csv]
Cu,54.1667,-126.1167,Canada,Equity Silver [ofr20051294/deposit.csv]
Cu,54.1833,59.25,Russia,Uzelga [ofr20051294/deposit.csv]
Cu,54.1878,59.2847,Russia,Zapadno-Ozernoe [vms/main.csv]
Cu,54.2017,59.3492,Russia,Ozernoe [vms/main.csv]
Cu,54.2158,142.9069,Russia,Tominskoe [ofr20051294/deposit.csv]
Cu,54.2292,-127.2678,Canada,Copper Star [sir20105090z/pcu_deps_pros.csv]
Cu,54.2397,85.7844,Russia,Salairskoe [vms/main.csv]
Cu,54.25,5.5,England,Well 41/25A-1 [sedcu/main.csv]
Cu,54.2583,-61.5714,Canada,Whiskey Lake south showing [sedcu/main.csv]
Cu,54.2669,-61.7761,Canada,No Mans Lake-2 [sedcu/main.csv]
Cu,54.2806,-61.9947,Canada,Adeline Lake east-showing no 7 [sedcu/main.csv]
Cu,54.2833,157.6667,Russia,Tumannoe [porcu/main.csv]
Cu,54.2878,-126.817,Canada,Croesus [sir20105090z/pcu_deps_pros.csv]
Cu,54.2958,-61.6803,Canada,Seal Lake-18 [sedcu/main.csv]
Cu,54.2981,-62.0581,Canada,Adeline Island prospect [sedcu/main.csv]
Cu,54.3,-62.0303,Canada,Adeline Lake-3 [sedcu/main.csv]
Cu,54.3025,85.7772,Russian Federation,Kamenushinskoye [sir20105090z/pcu_deps_pros.csv]
Cu,54.3028,-61.6908,Canada,Seal Lake-19 [sedcu/main.csv]
Cu,54.3031,-61.6003,Canada,Brandy Lake prospect [sedcu/main.csv]
Cu,54.3042,-61.7581,Canada,Duck Lake east showing [sedcu/main.csv]
Cu,54.3064,59.425,Russia,Uchalinskoe [vms/main.csv]
Cu,54.3069,-61.7947,Canada,Duck Lake south [sedcu/main.csv]
Cu,54.3111,-61.8928,Canada,Gull Lake [sedcu/main.csv]
Cu,54.3139,-61.9661,Canada,Ellis Pond mineral occ no 26 [sedcu/main.csv]
Cu,54.3236,89.9072,Russian Federation,Kiyalykh-Uzen [sir20105090z/pcu_deps_pros.csv]
Cu,54.3792,85.8097,Russia,Kamenushinskoe [vms/main.csv]
Cu,54.4486,85.4025,Russia,Urskoe [vms/main.csv]
Cu,54.45,96.2167,Russian Federation,Agulskoye [sir20105090z/pcu_deps_pros.csv]
Cu,54.4606,111.2728,Russia,Skalistoe [ofr20051294/deposit.csv]
Cu,54.4931,-61.6831,Canada,Spriggs Lake [sedcu/main.csv]
Cu,54.5236,59.5892,Russian Federation,Dunguray [sir20105090z/pcu_deps_pros.csv]
Cu,54.5333,52.7667,Russia,Bugulma [sedcu/main.csv]
Cu,54.5382,61.0293,Russian Federation,Zelenodolskoe [sir20105090z/pcu_deps_pros.csv]
Cu,54.5581,-128.3267,Canada,Kino [sir20105090z/pcu_deps_pros.csv]
Cu,54.575,-101.475,Canada,Fourmile Island [vms/main.csv]
Cu,54.5756,-100.4011,Canada,Spruce Point [vms/main.csv]
Cu,54.5833,89.2,Russian Federation,Agaskyr [sir20105090z/pcu_deps_pros.csv]
Cu,54.5847,-101.9978,Canada,Coronation [vms/main.csv]
Cu,54.6286,-102.8275,Canada,McIlvenna Bay [vms/main.csv]
Cu,54.6333,59.8,Russia,Voznesenskoe [porcu/main.csv]
Cu,54.6414,-101.8367,Canada,Westarm [vms/main.csv]
Cu,54.6492,-99.8733,Canada,Copper Man [vms/main.csv]
Cu,54.6614,-102.0328,Canada,Birch Lake (Main Shear Zone) [vms/main.csv]
Cu,54.665,-102.0689,Canada,Konuto Lake [vms/main.csv]
Cu,54.675,-102.85,Canada,Hanson Lake [vms/main.csv]
Cu,54.6769,-102.0286,Canada,Flexar [vms/main.csv]
Cu,54.7,157.3,Russian Federation,Kalderny [sir20105090z/pcu_deps_pros.csv]
Cu,54.7,157.5333,Russian Federation,Sredneandrianovsky [sir20105090z/pcu_deps_pros.csv]
Cu,54.7008,-101.6664,Canada,Centennial [vms/main.csv]
Cu,54.7019,-101.7192,Canada,White Lake [vms/main.csv]
Cu,54.7167,61.0667,Russia,Zelenodolskoe [porcu/main.csv]
Cu,54.7192,-101.8253,Canada,Schist Lake [vms/main.csv]
Cu,54.7206,-101.7108,Canada,Cuprus [vms/main.csv]
Cu,54.7269,-101.8322,Canada,Mandy [vms/main.csv]
Cu,54.75,-126.3378,Canada,Thezar 75 [sir20105090z/pcu_deps_pros.csv]
Cu,54.75,-126.3333,Canada,Lennac  Lake [porcu/main.csv]
Cu,54.7611,-101.5742,Canada,Don Jon [vms/main.csv]
Cu,54.7633,-101.6217,Canada,Sourdough Bay [vms/main.csv]
Cu,54.7639,-101.8836,Canada,Flin Flon [vms/main.csv]
Cu,54.7644,-101.58,Canada,North Star [vms/main.csv]
Cu,54.7656,-101.6175,Canada,Pine Bay [vms/main.csv]
Cu,54.7667,-101.8833,Canada,Flin Flon [ofr20051294/deposit.csv]
Cu,54.7775,-101.8825,Canada,Callinan [vms/main.csv]
Cu,54.78,-100.1817,Canada,Pot Lake [vms/main.csv]
Cu,54.7815,-132.0565,United States,unnamed [sir20105090z/pcu_deps_pros.csv]
Cu,54.7833,-127.6833,Canada,Louise  Lake [porcu/main.csv]
Cu,54.7833,98.85,Russian Federation,Maysky uchastok [sir20105090z/pcu_deps_pros.csv]
Cu,54.7833,157.1667,Russian Federation,Kvahonsky [sir20105090z/pcu_deps_pros.csv]
Cu,54.8097,-126.8961,Canada,Big Onion [sir20105090z/pcu_deps_pros.csv]
Cu,54.8097,-126.8944,Canada,Big  Onion [porcu/main.csv]
Cu,54.8172,-101.8158,Canada,Embury Lake [vms/main.csv]
Cu,54.8306,-100.1061,Canada,Ghost Lake [vms/main.csv]
Cu,54.8322,-100.1236,Canada,Chisel Lake [vms/main.csv]
Cu,54.8353,-127.9436,Canada,Zymo [sir20105090z/pcu_deps_pros.csv]
Cu,54.851,20.902,Russia,Murav'ev drill hole 1-P [sir20105090z/sedcu_deps_pros.csv]
Cu,54.8522,-127.69,Canada,Louise Lake [sir20105090z/pcu_deps_pros.csv]
Cu,54.8536,-126.0022,Canada,Babs [sir20105090z/pcu_deps_pros.csv]
Cu,54.8536,-100.49,Canada,Dickstone [vms/main.csv]
Cu,54.8561,-99.9422,Canada,Stall Lake [vms/main.csv]
Cu,54.8592,-99.9136,Canada,Rod [vms/main.csv]
Cu,54.8603,-99.9931,Canada,Anderson Lake [vms/main.csv]
Cu,54.8611,-100.1828,Canada,Bomber [vms/main.csv]
Cu,54.8617,-100.1031,Canada,Photo Lake [vms/main.csv]
Cu,54.8667,157.15,Russian Federation,Malakhitovoe [sir20105090z/pcu_deps_pros.csv]
Cu,54.87,61.173,Russian Federation,Kalinovskoe [sir20105090z/pcu_deps_pros.csv]
Cu,54.8735,-3.9761,United Kingdom of Great Britain and Northern Ireland,Black Stockarton Moor [sir20105090z/pcu_deps_pros.csv]
Cu,54.912,20.593,Russia,Murav'ev drill hole 41 [sir20105090z/sedcu_deps_pros.csv]
Cu,54.9331,61.2672,Russia,Tominskoe [porcu/main.csv]
Cu,54.9383,-101.1708,Canada,Vamp Lake [vms/main.csv]
Cu,54.9445,-126.1572,Canada,Granisle [sir20105090z/pcu_deps_pros.csv]
Cu,54.9464,-126.1567,Canada,Granisle [porcu/main.csv]
Cu,54.9586,-99.73,Canada,Osborne Lake [vms/main.csv]
Cu,54.959,61.187,Russian Federation,Tominskoe [sir20105090z/pcu_deps_pros.csv]
Cu,54.9611,61.1256,Russia,Yaguzak [porcu/main.csv]
Cu,54.994,61.003,Russian Federation,Yaguzak [sir20105090z/pcu_deps_pros.csv]
Cu,54.9961,61.0385,Russian Federation,Birgildinskoe [sir20105090z/pcu_deps_pros.csv]
Cu,54.9964,61.0881,Russia,Birgildinskoe [porcu/main.csv]
Cu,55.0,116.0,Russia,Butun [ofr20051294/deposit.csv]
Cu,55.0028,-126.2319,Canada,Bell  Copper [porcu/main.csv]
Cu,55.013,21.921,Russia,Murav'ev drill hole 43 [sir20105090z/sedcu_deps_pros.csv]
Cu,55.0825,-124.585,Canada,Camp [sir20105090z/pcu_deps_pros.csv]
Cu,55.1,61.1833,Russia,Yaguzak [ofr20051294/deposit.csv]
Cu,55.105,-124.9561,Canada,Jean [sir20105090z/pcu_deps_pros.csv]
Cu,55.1239,-124.0275,Canada,Mt.  Milligan [porcu/main.csv]
Cu,55.1333,-124.0667,Canada,Mount Milligan [ofr20051294/deposit.csv]
Cu,55.1333,61.1167,Russia,Birgildinskoe [ofr20051294/deposit.csv]
Cu,55.1372,-124.5311,Canada,Moss [sir20105090z/pcu_deps_pros.csv]
Cu,55.1531,135.5511,Russian Federation,Olgondo [sir20105090z/pcu_deps_pros.csv]
Cu,55.1831,-126.2861,Canada,Morrison [sir20105090z/pcu_deps_pros.csv]
Cu,55.1842,-124.8628,Canada,Eagle [sir20105090z/pcu_deps_pros.csv]
Cu,55.1944,-126.3153,Canada,Morrison [porcu/main.csv]
Cu,55.2,-124.5283,Canada,Skook [sir20105090z/pcu_deps_pros.csv]
Cu,55.2017,-124.8886,Canada,Vector [sir20105090z/pcu_deps_pros.csv]
Cu,55.2044,-125.0947,Canada,Falcon [sir20105090z/pcu_deps_pros.csv]
Cu,55.2153,-126.3672,Canada,Wolf [sir20105090z/pcu_deps_pros.csv]
Cu,55.2333,157.75,Russian Federation,Lazurny [sir20105090z/pcu_deps_pros.csv]
Cu,55.2336,-124.5225,Canada,SRM [sir20105090z/pcu_deps_pros.csv]
Cu,55.2412,157.6781,Russian Federation,Kirganik [sir20105090z/pcu_deps_pros.csv]
Cu,55.2478,-126.1664,Canada,Dorothy [porcu/main.csv]
Cu,55.2492,-124.7592,Canada,COL [sir20105090z/pcu_deps_pros.csv]
Cu,55.254,-160.633,United States,unnamed [sir20105090z/pcu_deps_pros.csv]
Cu,55.2631,-124.5453,Canada,Chuchi [sir20105090z/pcu_deps_pros.csv]
Cu,55.2631,-124.5436,Canada,Chuchi [porcu/main.csv]
Cu,55.2667,157.6333,Russian Federation,Icha River [sir20105090z/pcu_deps_pros.csv]
Cu,55.2708,-125.1628,Canada,Heath #1 [sir20105090z/pcu_deps_pros.csv]
Cu,55.28,157.4564,Russian Federation,Khim [sir20105090z/pcu_deps_pros.csv]
Cu,55.2861,-126.2381,Canada,NAK [sir20105090z/pcu_deps_pros.csv]
Cu,55.2892,-132.3867,United States,Khayyam [vms/main.csv]
Cu,55.3236,-124.8794,Canada,Aplite Creek [sir20105090z/pcu_deps_pros.csv]
Cu,55.3311,-105.3667,Canada,Elizabeth Lake [sedcu/main.csv]
Cu,55.3806,-129.8869,Canada,Redwing [vms/main.csv]
Cu,55.3925,-129.8511,Canada,Bonanza [vms/main.csv]
Cu,55.4098,-133.2989,United States,unnamed [sir20105090z/pcu_deps_pros.csv]
Cu,55.4122,-126.3122,Canada,Trail Peak [sir20105090z/pcu_deps_pros.csv]
Cu,55.4167,53.0,Russia,Kandrykul [sedcu/main.csv]
Cu,55.4231,-129.8847,Canada,Eden [vms/main.csv]
Cu,55.4392,-129.8242,Canada,Hidden Creek [vms/main.csv]
Cu,55.4394,60.2067,Russia,Pervomaiskoe [vms/main.csv]
Cu,55.4894,60.2039,Russia,Dzerzhinskoe [vms/main.csv]
Cu,55.5,-125.3,Canada,Kwanika [porcu/main.csv]
Cu,55.5,103.75,Russia,Bryansk Rapids [sedcu/main.csv]
Cu,55.5075,-125.3333,Canada,Kwanika South [sir20105090z/pcu_deps_pros.csv]
Cu,55.53,-125.352,Canada,Kwanika Central [sir20105090z/pcu_deps_pros.csv]
Cu,55.607,-161.1,United States,Four Bear [sir20105090z/pcu_deps_pros.csv]
Cu,55.625,-160.6669,United States,Pyramid [porcu/main.csv]
Cu,55.6298,-160.6753,United States,Pyramid [sir20105090z/pcu_deps_pros.csv]
Cu,55.6306,61.71,Russia,Sultanovskoe [vms/main.csv]
Cu,55.6631,-129.3486,Canada,Big Bulk [sir20105090z/pcu_deps_pros.csv]
Cu,55.7,-97.9167,Canada,Birchtree [ofr20051294/deposit.csv]
Cu,55.7036,-125.2461,Canada,TAK [sir20105090z/pcu_deps_pros.csv]
Cu,55.7167,-97.85,Canada,Thompson [ofr20051294/deposit.csv]
Cu,55.7222,136.5806,Russian Federation,Maloe [sir20105090z/pcu_deps_pros.csv]
Cu,55.74,-125.43,Canada,Auddie [sir20105090z/pcu_deps_pros.csv]
Cu,55.7736,136.6189,Russian Federation,Birandya-1 [sir20105090z/pcu_deps_pros.csv]
Cu,55.8281,-125.3025,Canada,Discovery [sir20105090z/pcu_deps_pros.csv]
Cu,55.8308,-125.3225,Canada,Timber [sir20105090z/pcu_deps_pros.csv]
Cu,55.8311,-125.3325,Canada,MacKenzie [sir20105090z/pcu_deps_pros.csv]
Cu,55.8333,61.8667,Russia,Kasarginskoe [vms/main.csv]
Cu,55.8424,61.7674,Russian Federation,Takhtalym [sir20105090z/pcu_deps_pros.csv]
Cu,55.8833,-4.7,Scotland,Larkfield [sedcu/main.csv]
Cu,55.8853,-125.3375,Canada,Dorothy [sir20105090z/pcu_deps_pros.csv]
Cu,55.8876,-159.4223,United States,Ivanof [sir20105090z/pcu_deps_pros.csv]
Cu,55.9067,-125.4206,Canada,Jeno [sir20105090z/pcu_deps_pros.csv]
Cu,55.9133,-125.2917,Canada,ATO [sir20105090z/pcu_deps_pros.csv]
Cu,55.9158,-125.5136,Canada,Misty [porcu/main.csv]
Cu,55.9269,-125.4311,Canada,Lorraine [porcu/main.csv]
Cu,55.9278,-125.4408,Canada,Jajay [sir20105090z/pcu_deps_pros.csv]
Cu,55.9333,-4.7833,Scotland,Drumshantie [sedcu/main.csv]
Cu,55.9392,-125.4647,Canada,All Alone Dome [sir20105090z/pcu_deps_pros.csv]
Cu,55.9708,137.2306,Russian Federation,Birandya [sir20105090z/pcu_deps_pros.csv]
Cu,55.972,-125.5039,Canada,TAM [sir20105090z/pcu_deps_pros.csv]
Cu,56.0,60.2903,Russia,Maukskoe [vms/main.csv]
Cu,56.0,117.0,Russia,Naminga Suite [ofr20051294/deposit.csv]
Cu,56.05,-126.2667,Canada,Northstar Main [sedcu/main.csv]
Cu,56.0583,-67.7167,Canada,Dunphy Lake [sedcu/main.csv]
Cu,56.0631,-125.36,Canada,Osilinka [sir20105090z/pcu_deps_pros.csv]
Cu,56.0633,-3.225,Scotland,Firth of Forth [sedcu/main.csv]
Cu,56.1031,-126.8745,Canada,Bear [sir20105090z/pcu_deps_pros.csv]
Cu,56.1136,-126.8833,Canada,Bear Lake [sir20105090z/pcu_deps_pros.csv]
Cu,56.1222,-103.7011,Canada,McKenzie [vms/main.csv]
Cu,56.15,-158.41,United States,Warner Bay [sir20105090z/pcu_deps_pros.csv]
Cu,56.2111,-130.345,Canada,Granduc [vms/main.csv]
Cu,56.2333,-105.7167,Canada,Tosi [sedcu/main.csv]
Cu,56.2358,-127.3231,Canada,Jake North [sir20105090z/pcu_deps_pros.csv]
Cu,56.2632,-5.4657,United Kingdom of Great Britain and Northern Ireland,Kilmelford [sir20105090z/pcu_deps_pros.csv]
Cu,56.2711,-67.7956,Canada,Bacon Lake [sedcu/main.csv]
Cu,56.2822,-67.8317,Canada,Romanet Lake [sedcu/main.csv]
Cu,56.3167,-76.4167,Canada,Richmond Gulf-4 [sedcu/main.csv]
Cu,56.34,-157.88,United States,unnamed [sir20105090z/pcu_deps_pros.csv]
Cu,56.3458,-76.4275,Canada,Richmond Gulf-2 [sedcu/main.csv]
Cu,56.35,-76.4486,Canada,Copper cove [sedcu/main.csv]
Cu,56.3667,-109.25,Canada,La Loche [sedcu/main.csv]
Cu,56.3751,118.6786,Russia,unnamed [sir20105090z/sedcu_deps_pros.csv]
Cu,56.3784,118.8232,Russia,unnamed [sir20105090z/sedcu_deps_pros.csv]
Cu,56.3933,-67.8942,Canada,Romanet River [sedcu/main.csv]
Cu,56.3955,118.8224,Russia,unnamed [sir20105090z/sedcu_deps_pros.csv]
Cu,56.4016,118.6645,Russia,Sakukan [sir20105090z/sedcu_deps_pros.csv]
Cu,56.4056,-76.4636,Canada,Richmond Gulf-3 [sedcu/main.csv]
Cu,56.4139,118.6158,Russia,unnamed [sir20105090z/sedcu_deps_pros.csv]
Cu,56.4165,118.5681,Russia,unnamed [sir20105090z/sedcu_deps_pros.csv]
Cu,56.4167,-62.0833,Canada,Voisey's Bay [ofr20051294/deposit.csv]
Cu,56.4167,118.6667,Russia,Pravo-Ingamakitsk [sedcu/main.csv]
Cu,56.4228,118.8598,Russia,unnamed [sir20105090z/sedcu_deps_pros.csv]
Cu,56.431,118.5505,Russia,Pravo Ingamakit [sir20105090z/sedcu_deps_pros.csv]
Cu,56.4412,119.5943,Russia,unnamed [sir20105090z/sedcu_deps_pros.csv]
Cu,56.4417,-76.4331,Canada,Richmond Gulf-1 [sedcu/main.csv]
Cu,56.452,-125.9953,Canada,Porphyry Creek [sir20105090z/pcu_deps_pros.csv]
Cu,56.4532,119.6001,Russia,unnamed [sir20105090z/sedcu_deps_pros.csv]
Cu,56.4604,118.9973,Russia,unnamed [sir20105090z/sedcu_deps_pros.csv]
Cu,56.4655,118.733,Russia,unnamed [sir20105090z/sedcu_deps_pros.csv]
Cu,56.4672,118.7887,Russia,unnamed [sir20105090z/sedcu_deps_pros.csv]
Cu,56.4675,-130.2689,Canada,Kerr [porcu/main.csv]
Cu,56.4691,118.7568,Russia,unnamed [sir20105090z/sedcu_deps_pros.csv]
Cu,56.475,-99.6372,Canada,Ruttan [vms/main.csv]
Cu,56.4766,60.1916,Russian Federation,Gumyshevskoe [sir20105090z/pcu_deps_pros.csv]
Cu,56.4801,118.8339,Russia,unnamed [sir20105090z/sedcu_deps_pros.csv]
Cu,56.4842,118.8184,Russia,unnamed [sir20105090z/sedcu_deps_pros.csv]
Cu,56.4848,119.6095,Russia,unnamed [sir20105090z/sedcu_deps_pros.csv]
Cu,56.4858,-130.2772,Canada,Bornite [sir20105090z/pcu_deps_pros.csv]
Cu,56.489,119.6721,Russia,Burpala [sir20105090z/sedcu_deps_pros.csv]
Cu,56.4901,118.9576,Russia,unnamed [sir20105090z/sedcu_deps_pros.csv]
Cu,56.4903,118.8092,Russia,unnamed [sir20105090z/sedcu_deps_pros.csv]
Cu,56.4933,119.5596,Russia,unnamed [sir20105090z/sedcu_deps_pros.csv]
Cu,56.4935,119.5989,Russia,unnamed [sir20105090z/sedcu_deps_pros.csv]
Cu,56.5,-130.25,Canada,Sulphurets [ofr20051294/deposit.csv]
Cu,56.5,50.75,Russia,Perm Vyatka [sedcu/main.csv]
Cu,56.5,115.0,Russia,Burpala [ofr20051294/deposit.csv]
Cu,56.5,118.1667,Russia,Udokan [ofr20051294/deposit.csv]
Cu,56.5,119.9167,Russia,Burpalin [sedcu/main.csv]
Cu,56.5002,118.8534,Russia,unnamed [sir20105090z/sedcu_deps_pros.csv]
Cu,56.5029,119.7463,Russia,unnamed [sir20105090z/sedcu_deps_pros.csv]
Cu,56.5044,-130.2678,Canada,Sulphurets Gold [sir20105090z/pcu_deps_pros.csv]
Cu,56.5044,-130.2628,Canada,Sulphurets [porcu/main.csv]
Cu,56.5117,-158.3846,United States,Bee Creek [sir20105090z/pcu_deps_pros.csv]
Cu,56.5139,-4.1275,United Kingdom of Great Britain and Northern Ireland,Tomnadashan [sir20105090z/pcu_deps_pros.csv]
Cu,56.5167,-158.4,United States,Bee  Creek [porcu/main.csv]
Cu,56.5254,119.7615,Russia,unnamed [sir20105090z/sedcu_deps_pros.csv]
Cu,56.5271,118.674,Russia,unnamed [sir20105090z/sedcu_deps_pros.csv]
Cu,56.5311,-130.2503,Canada,Mitchell [sir20105090z/pcu_deps_pros.csv]
Cu,56.5483,118.6336,Russia,Sakin II [sir20105090z/sedcu_deps_pros.csv]
Cu,56.575,118.6479,Russia,Sakin I [sir20105090z/sedcu_deps_pros.csv]
Cu,56.5833,118.5,Russia,Udokan [sedcu/main.csv]
Cu,56.5871,118.7407,Russia,unnamed [sir20105090z/sedcu_deps_pros.csv]
Cu,56.5883,118.6184,Russia,unnamed [sir20105090z/sedcu_deps_pros.csv]
Cu,56.5886,118.5067,Russia,Udokan [sir20105090z/sedcu_deps_pros.csv]
Cu,56.6098,118.4416,Russia,unnamed [sir20105090z/sedcu_deps_pros.csv]
Cu,56.6199,118.8335,Russia,unnamed [sir20105090z/sedcu_deps_pros.csv]
Cu,56.6211,118.4923,Russia,unnamed [sir20105090z/sedcu_deps_pros.csv]
Cu,56.6364,-101.6525,Canada,Fox [vms/main.csv]
Cu,56.6512,119.4122,Russia,unnamed [sir20105090z/sedcu_deps_pros.csv]
Cu,56.6522,118.8335,Russia,unnamed [sir20105090z/sedcu_deps_pros.csv]
Cu,56.6556,-68.5831,Canada,Swampy Bay River [sedcu/main.csv]
Cu,56.6582,119.3026,Russia,unnamed [sir20105090z/sedcu_deps_pros.csv]
Cu,56.6652,-5.1785,United Kingdom of Great Britain and Northern Ireland,Ballachulish [sir20105090z/pcu_deps_pros.csv]
Cu,56.6667,-131.1,Canada,Red  Bluff [porcu/main.csv]
Cu,56.6667,-131.0925,Canada,Bronson [porcu/main.csv]
Cu,56.6765,118.3858,Russia,Klyukvenoe [sir20105090z/sedcu_deps_pros.csv]
Cu,56.6844,119.3647,Russia,unnamed [sir20105090z/sedcu_deps_pros.csv]
Cu,56.7022,119.3205,Russia,unnamed [sir20105090z/sedcu_deps_pros.csv]
Cu,56.7111,60.0917,Russia,Degtyarskoe [vms/main.csv]
Cu,56.7128,119.0781,Russia,unnamed [sir20105090z/sedcu_deps_pros.csv]
Cu,56.7194,119.1681,Russia,unnamed [sir20105090z/sedcu_deps_pros.csv]
Cu,56.7284,118.3192,Russia,unnamed [sir20105090z/sedcu_deps_pros.csv]
Cu,56.7305,119.0151,Russia,unnamed [sir20105090z/sedcu_deps_pros.csv]
Cu,56.7333,60.1333,Russia,Degtyarskoye [ofr20051294/deposit.csv]
Cu,56.735,-126.3008,Canada,Red [sir20105090z/pcu_deps_pros.csv]
Cu,56.74,-126.3272,Canada,Hat [sir20105090z/pcu_deps_pros.csv]
Cu,56.742,119.2112,Russia,Ikaby [sir20105090z/sedcu_deps_pros.csv]
Cu,56.7441,119.1709,Russia,unnamed [sir20105090z/sedcu_deps_pros.csv]
Cu,56.7481,116.9184,Russia,unnamed [sir20105090z/sedcu_deps_pros.csv]
Cu,56.75,118.3333,Russia,Unkursk [sedcu/main.csv]
Cu,56.75,119.2,Russia,Krasnoye [sedcu/main.csv]
Cu,56.7513,119.0569,Russia,unnamed [sir20105090z/sedcu_deps_pros.csv]
Cu,56.7546,119.153,Russia,unnamed [sir20105090z/sedcu_deps_pros.csv]
Cu,56.7612,119.1526,Russia,unnamed [sir20105090z/sedcu_deps_pros.csv]
Cu,56.7612,119.2192,Russia,unnamed [sir20105090z/sedcu_deps_pros.csv]
Cu,56.7639,119.257,Russia,unnamed [sir20105090z/sedcu_deps_pros.csv]
Cu,56.7641,119.0574,Russia,unnamed [sir20105090z/sedcu_deps_pros.csv]
Cu,56.7654,119.225,Russia,unnamed [sir20105090z/sedcu_deps_pros.csv]
Cu,56.7673,137.0195,Russian Federation,Chelasin [sir20105090z/pcu_deps_pros.csv]
Cu,56.7719,119.0435,Russia,unnamed [sir20105090z/sedcu_deps_pros.csv]
Cu,56.7772,118.9883,Russia,unnamed [sir20105090z/sedcu_deps_pros.csv]
Cu,56.7802,119.3197,Russia,unnamed [sir20105090z/sedcu_deps_pros.csv]
Cu,56.7809,119.2366,Russia,unnamed [sir20105090z/sedcu_deps_pros.csv]
Cu,56.7833,117.0833,Russia,Kukurunde [sedcu/main.csv]
Cu,56.7891,117.0754,Russia,unnamed [sir20105090z/sedcu_deps_pros.csv]
Cu,56.7891,119.2652,Russia,unnamed [sir20105090z/sedcu_deps_pros.csv]
Cu,56.7935,119.3307,Russia,unnamed [sir20105090z/sedcu_deps_pros.csv]
Cu,56.7951,117.1279,Russia,unnamed [sir20105090z/sedcu_deps_pros.csv]
Cu,56.7989,119.413,Russia,unnamed [sir20105090z/sedcu_deps_pros.csv]
Cu,56.8,117.0913,Russia,unnamed [sir20105090z/sedcu_deps_pros.csv]
Cu,56.8,119.0255,Russia,unnamed [sir20105090z/sedcu_deps_pros.csv]
Cu,56.8028,117.4771,Russia,unnamed [sir20105090z/sedcu_deps_pros.csv]
Cu,56.8033,119.1823,Russia,unnamed [sir20105090z/sedcu_deps_pros.csv]
Cu,56.8064,119.0748,Russia,unnamed [sir20105090z/sedcu_deps_pros.csv]
Cu,56.8072,118.9695,Russia,unnamed [sir20105090z/sedcu_deps_pros.csv]
Cu,56.8081,118.9499,Russia,unnamed [sir20105090z/sedcu_deps_pros.csv]
Cu,56.8108,119.0064,Russia,unnamed [sir20105090z/sedcu_deps_pros.csv]
Cu,56.8109,119.028,Russia,Krasnoe [sir20105090z/sedcu_deps_pros.csv]
Cu,56.813,119.1406,Russia,unnamed [sir20105090z/sedcu_deps_pros.csv]
Cu,56.8131,119.4028,Russia,unnamed [sir20105090z/sedcu_deps_pros.csv]
Cu,56.8141,117.1298,Russia,unnamed [sir20105090z/sedcu_deps_pros.csv]
Cu,56.8168,117.2264,Russia,unnamed [sir20105090z/sedcu_deps_pros.csv]
Cu,56.8177,118.9346,Russia,unnamed [sir20105090z/sedcu_deps_pros.csv]
Cu,56.8255,117.321,Russia,unnamed [sir20105090z/sedcu_deps_pros.csv]
Cu,56.8292,-101.025,Canada,Z [vms/main.csv]
Cu,56.8327,118.5785,Russia,Unkur [sir20105090z/sedcu_deps_pros.csv]
Cu,56.8333,-101.0083,Canada,FL and DH [vms/main.csv]
Cu,56.8345,119.2117,Russia,unnamed [sir20105090z/sedcu_deps_pros.csv]
Cu,56.8393,119.1958,Russia,unnamed [sir20105090z/sedcu_deps_pros.csv]
Cu,56.8456,117.4473,Russia,unnamed [sir20105090z/sedcu_deps_pros.csv]
Cu,56.8476,119.4782,Russia,unnamed [sir20105090z/sedcu_deps_pros.csv]
Cu,56.8591,117.1464,Russia,Kukugunda [Sulban Group - Seregli-Kukugunda] [sir20105090z/sedcu_deps_pros.csv]
Cu,56.8644,117.084,Russia,unnamed [sir20105090z/sedcu_deps_pros.csv]
Cu,56.8656,117.1028,Russia,unnamed [sir20105090z/sedcu_deps_pros.csv]
Cu,56.875,-104.9733,Canada,Janice Lake [sedcu/main.csv]
Cu,56.8772,-104.9158,Canada,Juno Lake [sedcu/main.csv]
Cu,56.895,-101.0917,Canada,Goodenough [vms/main.csv]
Cu,56.9083,-104.9431,Canada,Rafuse Lake [sedcu/main.csv]
Cu,57.0,120.0,Russia,Aleksandrovka Suite [ofr20051294/deposit.csv]
Cu,57.0058,-126.7508,Canada,Kemess  South [porcu/main.csv]
Cu,57.054,-157.235,United States,Mike [sir20105090z/pcu_deps_pros.csv]
Cu,57.0594,-131.5495,Canada,Ann [sir20105090z/pcu_deps_pros.csv]
Cu,57.06,-126.7594,Canada,Kemess  North [porcu/main.csv]
Cu,57.1103,-131.4317,Canada,Galore Saddle [sir20105090z/pcu_deps_pros.csv]
Cu,57.1144,-131.465,Canada,Galore West Fork Glacier [sir20105090z/pcu_deps_pros.csv]
Cu,57.1164,-131.3469,Canada,Copper  Canyon [porcu/main.csv]
Cu,57.1225,-131.4756,Canada,Galore Southwest [sir20105090z/pcu_deps_pros.csv]
Cu,57.125,-131.45,Canada,Galore  Creek [porcu/main.csv]
Cu,57.1294,-130.6392,Canada,Grizzly [sir20105090z/pcu_deps_pros.csv]
Cu,57.1358,-131.4556,Canada,Galore [sir20105090z/pcu_deps_pros.csv]
Cu,57.1406,-131.485,Canada,Galore Junction [sir20105090z/pcu_deps_pros.csv]
Cu,57.1514,-131.4717,Canada,Galore North Rim [sir20105090z/pcu_deps_pros.csv]
Cu,57.2042,-126.6686,Canada,MEX [sir20105090z/pcu_deps_pros.csv]
Cu,57.2333,-126.7333,Canada,Pine [porcu/main.csv]
Cu,57.25,113.5,Russia,South Muya Range [sedcu/main.csv]
Cu,57.254,60.797,Russian Federation,Talitska [sir20105090z/pcu_deps_pros.csv]
Cu,57.255,-157.084,United States,Rex [sir20105090z/pcu_deps_pros.csv]
Cu,57.2783,-130.4167,Canada,Ball Creek [sir20105090z/pcu_deps_pros.csv]
Cu,57.2931,61.9428,Russian Federation,Artemovskoe [sir20105090z/pcu_deps_pros.csv]
Cu,57.3325,-126.802,Canada,Sofia [sir20105090z/pcu_deps_pros.csv]
Cu,57.3333,119.9167,Russia,Olekma Branch [sedcu/main.csv]
Cu,57.35,-131.0,Canada,Schaft Creek (Liard Copper) [ofr20051294/deposit.csv]
Cu,57.3642,-130.9903,Canada,Schaft  Creek [porcu/main.csv]
Cu,57.3664,-127.0156,Canada,Pil [sir20105090z/pcu_deps_pros.csv]
Cu,57.3747,-131.0058,Canada,NABS [sir20105090z/pcu_deps_pros.csv]
Cu,57.3833,61.5333,Russia,Safyanovskoe [vms/main.csv]
Cu,57.4583,-104.1692,Canada,Johnson Lake area [sedcu/main.csv]
Cu,57.4872,138.6544,Russian Federation,Etandzha [sir20105090z/pcu_deps_pros.csv]
Cu,57.5,95.0,Russia,Kan-Taseyeva Basin [sedcu/main.csv]
Cu,57.5,121.0,Russia,Krasnoye [ofr20051294/deposit.csv]
Cu,57.5833,59.9167,Russia,Levikhinskoe [vms/main.csv]
Cu,57.5833,139.1167,Russian Federation,Levy Turmachan [sir20105090z/pcu_deps_pros.csv]
Cu,57.6139,139.3472,Russian Federation,Chapka [sir20105090z/pcu_deps_pros.csv]
Cu,57.6181,139.4556,Russian Federation,Chernoe [sir20105090z/pcu_deps_pros.csv]
Cu,57.6539,-130.2436,Canada,Kinaskan [porcu/main.csv]
Cu,57.6558,-130.2589,Canada,Goat [sir20105090z/pcu_deps_pros.csv]
Cu,57.6822,-130.1717,Canada,Wolf [sir20105090z/pcu_deps_pros.csv]
Cu,57.7,-129.8053,Canada,Red  Chris [porcu/main.csv]
Cu,57.7,-129.7833,Canada,Red Chris [ofr20051294/deposit.csv]
Cu,57.7442,-130.3353,Canada,AL [sir20105090z/pcu_deps_pros.csv]
Cu,57.7608,-130.2936,Canada,QC [sir20105090z/pcu_deps_pros.csv]
Cu,57.7767,-133.4478,United States,Sumdum [vms/main.csv]
Cu,57.7833,-103.7331,Canada,Nekweaga Bay [sedcu/main.csv]
Cu,57.7961,-129.8725,Canada,MFJ [sir20105090z/pcu_deps_pros.csv]
Cu,57.8083,140.2131,Russian Federation,Kekra [sir20105090z/pcu_deps_pros.csv]
Cu,57.8375,61.7511,Russian Federation,Alapaevskoe [sir20105090z/pcu_deps_pros.csv]
Cu,57.9119,-136.3477,United States,unnamed [sir20105090z/pcu_deps_pros.csv]
Cu,58.0,107.5,Russia,Irkutsk Amphitheater [sedcu/main.csv]
Cu,58.1169,59.8394,Russia,Volkovskoe [ofr20051294/deposit.csv]
Cu,58.1203,-131.6781,Canada,Wolverine [sir20105090z/pcu_deps_pros.csv]
Cu,58.1895,-131.5767,Canada,Hoey [sir20105090z/pcu_deps_pros.csv]
Cu,58.2,-128.333,Canada,Kutcho Creek [ofr20051294/deposit.csv]
Cu,58.2053,-128.36,Canada,Kutcho Creek [vms/main.csv]
Cu,58.2136,-131.7942,Canada,Go [sir20105090z/pcu_deps_pros.csv]
Cu,58.2192,-131.7061,Canada,Copper Creek [sir20105090z/pcu_deps_pros.csv]
Cu,58.2344,-131.7331,Canada,Dick Creek [sir20105090z/pcu_deps_pros.csv]
Cu,58.2406,-131.8836,Canada,Kid [sir20105090z/pcu_deps_pros.csv]
Cu,58.2536,-129.8267,Canada,Gnat  Lake [porcu/main.csv]
Cu,58.3333,49.8333,Russia,Kirov Region [sedcu/main.csv]
Cu,58.3392,-124.5419,Canada,Callison [sedcu/main.csv]
Cu,58.3447,-130.1908,Canada,HU [sir20105090z/pcu_deps_pros.csv]
Cu,58.3694,60.0567,Russia,Krasnogvardeiskoe [vms/main.csv]
Cu,58.3833,14.5,Sweden,Visingso [sedcu/main.csv]
Cu,58.3986,-131.787,Canada,Mineral Hill [sir20105090z/pcu_deps_pros.csv]
Cu,58.4839,-129.1072,Canada,Eaglehead [porcu/main.csv]
Cu,58.5,94.0,Russia,Yenisei Ridge [sedcu/main.csv]
Cu,58.6292,60.2006,Russia,Kaluginskoe [vms/main.csv]
Cu,58.7389,-63.1142,Canada,Ramah [sedcu/main.csv]
Cu,58.75,139.0,Russia,Bilyakchan Series [sedcu/main.csv]
Cu,58.7667,106.5,Russia,Lena [sedcu/main.csv]
Cu,58.8333,97.25,Russia,Bedoba River [sedcu/main.csv]
Cu,58.85,-2.9333,Scotland,Burray Island [sedcu/main.csv]
Cu,58.9667,152.6833,Russia,Viking [porcu/main.csv]
Cu,58.983,-136.341,United States,unnamed [sir20105090z/pcu_deps_pros.csv]
Cu,58.9833,12.5,Sweden,Stora Strand [sedcu/main.csv]
Cu,58.9875,-136.1028,United States,Nunatak [porcu/main.csv]
Cu,59.0,119.9833,Russia,Ugui Graben [sedcu/main.csv]
Cu,59.0194,-137.0833,United States,Margerie  Glacier [porcu/main.csv]
Cu,59.0607,152.3179,Russian Federation,Viking [sir20105090z/pcu_deps_pros.csv]
Cu,59.1908,5.3019,Norway,Vigsnes [vms/main.csv]
Cu,59.2329,-154.4713,United States,Kamishak [sir20105090z/pcu_deps_pros.csv]
Cu,59.25,153.7667,Russia,Lora [porcu/main.csv]
Cu,59.3167,5.25,Norway,Rodkleiv [vms/main.csv]
Cu,59.351,153.506,Russian Federation,Pryamoi [sir20105090z/pcu_deps_pros.csv]
Cu,59.4,153.45,Russian Federation,Lora [sir20105090z/pcu_deps_pros.csv]
Cu,59.4114,153.4803,Russia,Nakhtandjin (Lora) [ofr20051294/deposit.csv]
Cu,59.48,162.98,Russian Federation,Tymlat [sir20105090z/pcu_deps_pros.csv]
Cu,59.5,98.25,Russia,Irkineeva River [sedcu/main.csv]
Cu,59.5,100.75,Russia,Katanga-Chadobets [sedcu/main.csv]
Cu,59.7167,150.3167,Russia,Osennee [porcu/main.csv]
Cu,59.7261,5.4369,Norway,Lillebo [vms/main.csv]
Cu,59.7333,-137.7333,Canada,Windy Craggy [ofr20051294/deposit.csv]
Cu,59.7779,-155.485,United States,308 Zone [sir20105090z/pcu_deps_pros.csv]
Cu,59.7981,-155.4219,United States,38 Porphyry [sir20105090z/pcu_deps_pros.csv]
Cu,59.8242,59.6178,Russia,Valentorskoe [vms/main.csv]
Cu,59.8983,-155.2956,United States,Pebble  Copper [porcu/main.csv]
Cu,60.0103,5.8833,Norway,Grevdal [vms/main.csv]
Cu,60.0464,-147.9,United States,Beatson [vms/main.csv]
Cu,60.0897,5.9969,Norway,Valaheien [vms/main.csv]
Cu,60.1244,-152.965,United States,Johnson River Prospect [vms/main.csv]
Cu,60.1558,114.09,Russia,Lena [ofr20051294/deposit.csv]
Cu,60.1853,-135.3908,Canada,Fawley [sir20105090z/pcu_deps_pros.csv]
Cu,60.1856,-100.5233,Canada,Poorfish Lake(Nueltin project) [sedcu/main.csv]
Cu,60.19,23.3425,Finland,Metsamonttu [vms/main.csv]
Cu,60.1919,23.3661,Finland,Aijala [vms/main.csv]
Cu,60.2261,-135.0489,Canada,Silver Queen [sir20105090z/pcu_deps_pros.csv]
Cu,60.2267,23.5447,Finland,Orijarvi [vms/main.csv]
Cu,60.29,-154.24,United States,Gull [sir20105090z/pcu_deps_pros.csv]
Cu,60.3425,-147.6567,United States,Rua Cove [vms/main.csv]
Cu,60.3531,-154.315,United States,Kijik  River [porcu/main.csv]
Cu,60.38,-154.47,United States,Pass [sir20105090z/pcu_deps_pros.csv]
Cu,60.5,97.5,Russia,Kamo River [sedcu/main.csv]
Cu,60.5608,59.9456,Russia,Novo-Shemurskoe [vms/main.csv]
Cu,60.6068,25.2855,Finland,Mäntymäki [sir20105090z/pcu_deps_pros.csv]
Cu,60.6139,-101.2,Canada,Ennadai Lake [sedcu/main.csv]
Cu,60.75,92.5,Russia,Velmo River [sedcu/main.csv]
Cu,60.7511,59.8031,Russia,Tarnyerskoe [vms/main.csv]
Cu,60.7667,-146.4167,United States,Port Fidalgo [vms/main.csv]
Cu,60.8,144.2667,Russian Federation,Aulia [sir20105090z/pcu_deps_pros.csv]
Cu,60.8161,-135.4808,Canada,Suits [sir20105090z/pcu_deps_pros.csv]
Cu,60.8625,-146.5678,United States,Threeman-Standard Copper [vms/main.csv]
Cu,60.8947,-146.7011,United States,Ellamar [vms/main.csv]
Cu,60.904,23.6098,Finland,Arolanmäki [sir20105090z/pcu_deps_pros.csv]
Cu,60.9191,23.5263,Finland,Kedonojankulma [sir20105090z/pcu_deps_pros.csv]
Cu,60.9247,23.789,Finland,Liesjärvi [sir20105090z/pcu_deps_pros.csv]
Cu,61.0217,-146.2786,United States,Midas [vms/main.csv]
Cu,61.25,137.5,Russia,Kurpandzha [sedcu/main.csv]
Cu,61.2667,-127.0831,Canada,Flat River [sedcu/main.csv]
Cu,61.2903,-134.8225,Canada,TUV [sir20105090z/pcu_deps_pros.csv]
Cu,61.4035,28.2499,Finland,Luukkolansaari [sir20105090z/pcu_deps_pros.csv]
Cu,61.4269,-130.1322,Canada,Wolverine [vms/main.csv]
Cu,61.4583,-130.6083,Canada,Kudz Ze Kayah [vms/main.csv]
Cu,61.5017,5.0822,Norway,Svano [vms/main.csv]
Cu,61.528,-142.84,United States,Kennecott [ofr20051294/deposit.csv]
Cu,61.5333,-142.8667,United States,Kennecott [sedcu/main.csv]
Cu,61.55,-73.45,Canada,Raglan [ofr20051294/deposit.csv]
Cu,61.5666,-143.7166,United States,London and Cape [sir20105090z/pcu_deps_pros.csv]
Cu,61.609,23.4991,Finland,Ylöjärvi [sir20105090z/pcu_deps_pros.csv]
Cu,61.6164,23.5172,Finland,Paronen [vms/main.csv]
Cu,61.6405,23.5307,Finland,Järvenpää [sir20105090z/pcu_deps_pros.csv]
Cu,61.6414,23.4783,Finland,Lavajärvi [sir20105090z/pcu_deps_pros.csv]
Cu,61.6529,24.157,Finland,Kutemajärvi [sir20105090z/pcu_deps_pros.csv]
Cu,61.6922,143.9202,Russian Federation,Darpichan [sir20105090z/pcu_deps_pros.csv]
Cu,61.7108,23.2331,Finland,Haveri [vms/main.csv]
Cu,61.7167,9.3667,Norway,Asoren [vms/main.csv]
Cu,61.7554,22.3791,Finland,Majajärvi [sir20105090z/pcu_deps_pros.csv]
Cu,61.8029,25.7812,Finland,Tammijärvi [sir20105090z/pcu_deps_pros.csv]
Cu,61.8475,-138.5075,Canada,Rhyolite [sir20105090z/pcu_deps_pros.csv]
Cu,61.8833,-131.4167,Canada,Ice [vms/main.csv]
Cu,61.9999,28.7824,Finland,Varparanta [sir20105090z/pcu_deps_pros.csv]
Cu,62.0089,-137.9045,Canada,Maloney [sir20105090z/pcu_deps_pros.csv]
Cu,62.0145,155.9277,Russian Federation,Degdenreken [sir20105090z/pcu_deps_pros.csv]
Cu,62.0333,-141.5833,United States,Carl  Creek [porcu/main.csv]
Cu,62.0333,9.9,Norway,Grimsdalen [vms/main.csv]
Cu,62.0443,24.322,Finland,Majaniemi [sir20105090z/pcu_deps_pros.csv]
Cu,62.0451,-141.5805,United States,unnamed [sir20105090z/pcu_deps_pros.csv]
Cu,62.0469,-140.9825,Canada,Trudi [sir20105090z/pcu_deps_pros.csv]
Cu,62.0486,23.6565,Finland,Riuttaskorpi [sir20105090z/pcu_deps_pros.csv]
Cu,62.0511,-141.2181,United States,Horsfield [porcu/main.csv]
Cu,62.052,-141.5937,United States,unnamed [sir20105090z/pcu_deps_pros.csv]
Cu,62.0667,10.0833,Norway,Nordre Gjetryggen [vms/main.csv]
Cu,62.0775,-137.1936,Canada,Goulter [sir20105090z/pcu_deps_pros.csv]
Cu,62.0786,-141.2527,United States,unnamed [sir20105090z/pcu_deps_pros.csv]
Cu,62.09,-137.1989,Canada,Cyprus [sir20105090z/pcu_deps_pros.csv]
Cu,62.1096,-141.6273,United States,unnamed [sir20105090z/pcu_deps_pros.csv]
Cu,62.1106,-141.2119,United States,Baultoff [porcu/main.csv]
Cu,62.1363,-149.2603,United States,Gunsite [sir20105090z/pcu_deps_pros.csv]
Cu,62.1422,9.9989,Norway,Gamle Folldal [vms/main.csv]
Cu,62.1803,-142.8361,United States,unnamed [sir20105090z/pcu_deps_pros.csv]
Cu,62.1854,-142.8493,United States,unnamed [sir20105090z/pcu_deps_pros.csv]
Cu,62.2,-142.767,United States,Bond Creek - Orange Hill [ofr20051294/deposit.csv]
Cu,62.204,-142.8449,United States,Orange Hill [sir20105090z/pcu_deps_pros.csv]
Cu,62.2058,-142.8419,United States,Orange  Hill [porcu/main.csv]
Cu,62.2167,-142.7333,United States,Bond  Creek [porcu/main.csv]
Cu,62.2169,-142.9296,United States,unnamed [sir20105090z/pcu_deps_pros.csv]
Cu,62.2189,-142.7603,United States,Nike [sir20105090z/pcu_deps_pros.csv]
Cu,62.2272,-142.7283,United States,Neil [sir20105090z/pcu_deps_pros.csv]
Cu,62.2845,-148.9806,United States,unnamed [sir20105090z/pcu_deps_pros.csv]
Cu,62.2854,-149.4151,United States,Bear Gulch [sir20105090z/pcu_deps_pros.csv]
Cu,62.2948,-153.9485,United States,Ozzna Creek [sir20105090z/pcu_deps_pros.csv]
Cu,62.3,9.6667,Norway,Tverrfjellet [vms/main.csv]
Cu,62.3173,23.6205,Finland,Äijänneva [sir20105090z/pcu_deps_pros.csv]
Cu,62.3253,-137.2692,Canada,Revenue [sir20105090z/pcu_deps_pros.csv]
Cu,62.3342,-137.3358,Canada,Nucleus [sir20105090z/pcu_deps_pros.csv]
Cu,62.3375,25.8101,Finland,Riuttamäki [sir20105090z/pcu_deps_pros.csv]
Cu,62.3417,-136.6917,Canada,Williams  Creek [porcu/main.csv]
Cu,62.3489,-136.6936,Canada,Williams Creek [sir20105090z/pcu_deps_pros.csv]
Cu,62.3569,-138.5708,Canada,MIM [sir20105090z/pcu_deps_pros.csv]
Cu,62.3624,-147.9406,United States,Old Gold [sir20105090z/pcu_deps_pros.csv]
Cu,62.3806,-137.4925,Canada,Klazan [sir20105090z/pcu_deps_pros.csv]
Cu,62.3833,10.3667,Norway,Rostvangen [vms/main.csv]
Cu,62.4125,-147.8753,United States,Lucky Strike [sir20105090z/pcu_deps_pros.csv]
Cu,62.413,-149.3233,United States,Wells Mountain [sir20105090z/pcu_deps_pros.csv]
Cu,62.4167,-137.6167,Canada,Cash [porcu/main.csv]
Cu,62.4292,-137.62,Canada,Cash [sir20105090z/pcu_deps_pros.csv]
Cu,62.4342,29.9478,Finland,Hammaslahti [vms/main.csv]
Cu,62.4461,-126.4295,Canada,PP#23 [sir20105090z/sedcu_deps_pros.csv]
Cu,62.4667,-110.1581,Canada,Stark Lake-Wilson Lake [sedcu/main.csv]
Cu,62.4833,10.5,Norway,Kvikne [vms/main.csv]
Cu,62.5131,-126.2119,Canada,Thundercloud Range [sedcu/main.csv]
Cu,62.5258,-138.6142,Canada,Pattison [sir20105090z/pcu_deps_pros.csv]
Cu,62.5667,-126.5667,Canada,Mt. Cleo [sir20105090z/sedcu_deps_pros.csv]
Cu,62.5667,28.9667,Finland,Outokumpu district [ofr20051294/deposit.csv]
Cu,62.5694,-98.8061,Canada,Y-12 [sedcu/main.csv]
Cu,62.6092,-137.2383,Canada,Minto [sir20105090z/pcu_deps_pros.csv]
Cu,62.61,-137.2039,Canada,PAL [sir20105090z/pcu_deps_pros.csv]
Cu,62.6225,11.3478,Norway,Hersjo [vms/main.csv]
Cu,62.6439,-137.3039,Canada,Giant [sir20105090z/pcu_deps_pros.csv]
Cu,62.6681,-126.6331,Canada,Thundercloud Creek [sedcu/main.csv]
Cu,62.6725,-126.6389,Canada,Thundercloud Creek [sir20105090z/sedcu_deps_pros.csv]
Cu,62.6942,-126.62,Canada,Coates Lake [sedcu/main.csv]
Cu,62.7004,-126.6273,Canada,Coates Lake [sir20105090z/sedcu_deps_pros.csv]
Cu,62.704,-126.6164,Canada,unnamed [sir20105090z/sedcu_deps_pros.csv]
Cu,62.7167,-138.8167,Canada,Casino [ofr20051294/deposit.csv]
Cu,62.7214,-126.6183,Canada,unnamed [sir20105090z/sedcu_deps_pros.csv]
Cu,62.7222,28.9958,Finland,Outokumpu [vms/main.csv]
Cu,62.7361,-138.8292,Canada,Casino [porcu/main.csv]
Cu,62.7611,29.0925,Finland,Vuonos [vms/main.csv]
Cu,62.7888,-144.0327,United States,Grubstake [sir20105090z/pcu_deps_pros.csv]
Cu,62.79,-144.01,United States,unnamed [sir20105090z/pcu_deps_pros.csv]
Cu,62.7947,11.4731,Norway,Killingdal [vms/main.csv]
Cu,62.8,-144.17,United States,Elizabeth [sir20105090z/pcu_deps_pros.csv]
Cu,62.81,-144.08,United States,The Dome [sir20105090z/pcu_deps_pros.csv]
Cu,62.8225,10.0614,Norway,Undals [vms/main.csv]
Cu,62.8597,-149.3179,United States,unnamed [sir20105090z/pcu_deps_pros.csv]
Cu,62.8777,-149.2943,United States,Treasure Creek [sir20105090z/pcu_deps_pros.csv]
Cu,62.8917,-126.6053,Canada,Extension (kvale) [sedcu/main.csv]
Cu,62.9,-144.08,United States,unnamed [sir20105090z/pcu_deps_pros.csv]
Cu,62.9271,-126.7735,Canada,unnamed [sir20105090z/sedcu_deps_pros.csv]
Cu,62.9667,12.3667,Sweden,Sylarna [vms/main.csv]
Cu,62.9923,-126.6473,Canada,unnamed [sir20105090z/sedcu_deps_pros.csv]
Cu,63.0111,-110.7917,Canada,Susu Lake [vms/main.csv]
Cu,63.0236,11.4611,Norway,Gressli [vms/main.csv]
Cu,63.0336,-147.8503,United States,Duchess [vms/main.csv]
Cu,63.05,-126.7667,Canada,Reg (central Redstone) [sedcu/main.csv]
Cu,63.0646,26.158,Finland,Lahnanen [sir20105090z/pcu_deps_pros.csv]
Cu,63.0763,-126.8855,Canada,Purple Peak [sir20105090z/sedcu_deps_pros.csv]
Cu,63.0768,-126.8584,Canada,unnamed [sir20105090z/sedcu_deps_pros.csv]
Cu,63.0905,-126.9095,Canada,unnamed [sir20105090z/sedcu_deps_pros.csv]
Cu,63.0913,-126.9043,Canada,Jasper Valley [sir20105090z/sedcu_deps_pros.csv]
Cu,63.0918,-126.8869,Canada,unnamed [sir20105090z/sedcu_deps_pros.csv]
Cu,63.0954,-126.8779,Canada,unnamed [sir20105090z/sedcu_deps_pros.csv]
Cu,63.0985,-147.745,United States,Gold Hill [sir20105090z/pcu_deps_pros.csv]
Cu,63.1,-141.1,United States,Shady Ridge [sir20105090z/pcu_deps_pros.csv]
Cu,63.1,-126.8914,Canada,Sh Group-3 [sedcu/main.csv]
Cu,63.1,8.7167,Norway,Lokken [ofr20051294/deposit.csv]
Cu,63.1009,-126.8593,Canada,unnamed [sir20105090z/sedcu_deps_pros.csv]
Cu,63.108,-126.8639,Canada,Galena Ridge [sir20105090z/sedcu_deps_pros.csv]
Cu,63.1083,-126.8833,Canada,SH Group - 3/4 [sir20105090z/sedcu_deps_pros.csv]
Cu,63.1147,9.745,Norway,Hoida [vms/main.csv]
Cu,63.1208,-126.8667,Canada,Sh Group-5 [sedcu/main.csv]
Cu,63.1214,9.7022,Norway,Lokken [vms/main.csv]
Cu,63.1334,-126.8252,Canada,unnamed [sir20105090z/sedcu_deps_pros.csv]
Cu,63.1984,24.1676,Finland,Hallapuro [sir20105090z/pcu_deps_pros.csv]
Cu,63.2494,-127.0261,Canada,Ut Group-1 [sedcu/main.csv]
Cu,63.2502,24.1998,Finland,Vinnolinneva [sir20105090z/pcu_deps_pros.csv]
Cu,63.2503,-144.0861,United States,DW-LP [vms/main.csv]
Cu,63.2603,-127.0308,Canada,18 miles NW of Dal Lake [sir20105090z/sedcu_deps_pros.csv]
Cu,63.2617,-144.0333,United States,Trio [vms/main.csv]
Cu,63.2639,-127.0469,Canada,18 miles nw of Dal Lake [sedcu/main.csv]
Cu,63.2694,-144.2583,United States,DD North [vms/main.csv]
Cu,63.2711,-159.2846,United States,McLeod [sir20105090z/pcu_deps_pros.csv]
Cu,63.2833,-130.1833,Canada,Mactung [ofr20051294/deposit.csv]
Cu,63.3134,-145.9856,United States,Pioneer [sir20105090z/pcu_deps_pros.csv]
Cu,63.3167,-146.5973,United States,Cathedral Creek [sir20105090z/pcu_deps_pros.csv]
Cu,63.3658,11.6478,Norway,Mannfjell [vms/main.csv]
Cu,63.3702,-142.5104,United States,Triple Z [sir20105090z/pcu_deps_pros.csv]
Cu,63.38,-141.81,United States,Oreo [sir20105090z/pcu_deps_pros.csv]
Cu,63.3819,-127.0033,Canada,Hayhook South [sir20105090z/sedcu_deps_pros.csv]
Cu,63.382,24.2401,Finland,Tienpää [sir20105090z/pcu_deps_pros.csv]
Cu,63.3892,-127.0133,Canada,Hayhook AI [sir20105090z/sedcu_deps_pros.csv]
Cu,63.4194,11.6839,Norway,Fonnfjell [vms/main.csv]
Cu,63.4222,-123.2247,Canada,Cap Mountain [sedcu/main.csv]
Cu,63.4292,-127.045,Canada,Hayhook H [sir20105090z/sedcu_deps_pros.csv]
Cu,63.4292,-127.03,Canada,Hayhook Central [sir20105090z/sedcu_deps_pros.csv]
Cu,63.4331,-127.1075,Canada,Hayhook E [sir20105090z/sedcu_deps_pros.csv]
Cu,63.4486,-127.1064,Canada,Hayhook D [sir20105090z/sedcu_deps_pros.csv]
Cu,63.4694,-127.0683,Canada,Hayhook [sedcu/main.csv]
Cu,63.4697,-127.0633,Canada,Hayhook C [sir20105090z/sedcu_deps_pros.csv]
Cu,63.478,-142.806,United States,Bush [sir20105090z/pcu_deps_pros.csv]
Cu,63.5167,158.5667,Russian Federation,Evening [sir20105090z/pcu_deps_pros.csv]
Cu,63.5208,-141.3236,United States,Taurus [porcu/main.csv]
Cu,63.5233,137.0164,Russia,Kurpandzha [ofr20051294/deposit.csv]
Cu,63.55,158.833,Russian Federation,Vecherny [sir20105090z/pcu_deps_pros.csv]
Cu,63.5833,-139.5,Canada,Lucky Joe [sedcu/main.csv]
Cu,63.61,-142.99,United States,Peternie [sir20105090z/pcu_deps_pros.csv]
Cu,63.62,-141.48,United States,Bluff [sir20105090z/pcu_deps_pros.csv]
Cu,63.6333,165.5833,Russian Federation,Shtokverk [sir20105090z/pcu_deps_pros.csv]
Cu,63.6589,26.0425,Finland,Pyhasalmi [vms/main.csv]
Cu,63.67,-141.1,United States,Baggage [sir20105090z/pcu_deps_pros.csv]
Cu,63.672,-142.869,United States,North Peternie [sir20105090z/pcu_deps_pros.csv]
Cu,63.6888,-142.2599,United States,Mount Fairplay [sir20105090z/pcu_deps_pros.csv]
Cu,63.717,160.033,Russian Federation,Tabor [sir20105090z/pcu_deps_pros.csv]
Cu,63.7222,-127.3031,Canada,Lisa [sedcu/main.csv]
Cu,63.725,-127.3111,Canada,Lisa [sir20105090z/sedcu_deps_pros.csv]
Cu,63.751,160.067,Russian Federation,Orliny [sir20105090z/pcu_deps_pros.csv]
Cu,63.7525,11.2183,Norway,Ytteroen [vms/main.csv]
Cu,63.7542,-147.3719,United States,Dry Creek North [vms/main.csv]
Cu,63.7583,-127.5483,Canada,Keele River [sir20105090z/sedcu_deps_pros.csv]
Cu,63.7585,-127.4161,Canada,Scholtes 4 [sir20105090z/sedcu_deps_pros.csv]
Cu,63.7708,25.2339,Finland,Kopsa [porcu/main.csv]
Cu,63.7722,-127.8297,Canada,Jay [sedcu/main.csv]
Cu,63.7736,-127.4397,Canada,Scholtes 3 [sir20105090z/sedcu_deps_pros.csv]
Cu,63.7748,25.2574,Finland,Sorola [sir20105090z/pcu_deps_pros.csv]
Cu,63.775,-127.4331,Canada,"Scholtes-2, 3, 4 [sedcu/main.csv]"
Cu,63.7844,-127.5695,Canada,Jan [sir20105090z/sedcu_deps_pros.csv]
Cu,63.785,-127.4524,Canada,Coppercap 3 [sir20105090z/sedcu_deps_pros.csv]
Cu,63.7877,-127.4361,Canada,Little Dal 2 [sir20105090z/sedcu_deps_pros.csv]
Cu,63.7878,-127.4667,Canada,"Fa gp-3, strat section bb 76-1 [sedcu/main.csv]"
Cu,63.8029,-146.5229,United States,Ptarmigan Creek [sir20105090z/pcu_deps_pros.csv]
Cu,63.8167,-128.1997,Canada,Nite [sedcu/main.csv]
Cu,63.8167,-127.7167,Canada,Hutch East [sedcu/main.csv]
Cu,63.8207,-128.193,Canada,Nite [sir20105090z/sedcu_deps_pros.csv]
Cu,63.8217,-127.9722,Canada,June Creek [sedcu/main.csv]
Cu,63.8244,-127.7076,Canada,Hutch East [sir20105090z/sedcu_deps_pros.csv]
Cu,63.83,-141.41,United States,Pika Canyon [sir20105090z/pcu_deps_pros.csv]
Cu,63.8306,-127.9718,Canada,June Creek [sir20105090z/sedcu_deps_pros.csv]
Cu,63.8401,-128.228,Canada,Day-Noon [sir20105090z/sedcu_deps_pros.csv]
Cu,63.8425,-147.2664,United States,WTF [vms/main.csv]
Cu,63.8592,11.5019,Norway,Malsa [vms/main.csv]
Cu,63.8695,-128.0853,Canada,Frank [sir20105090z/sedcu_deps_pros.csv]
Cu,63.8758,-128.0964,Canada,Frank [sedcu/main.csv]
Cu,63.89,-143.47,United States,Mosquito [sir20105090z/pcu_deps_pros.csv]
Cu,63.9073,-128.0725,Canada,Coppercap 2 [sir20105090z/sedcu_deps_pros.csv]
Cu,64.0,11.0,Norway,Skrattas [vms/main.csv]
Cu,64.0,19.0,Sweden,Asen-East [vms/main.csv]
Cu,64.0016,24.1541,Finland,Susineva [sir20105090z/pcu_deps_pros.csv]
Cu,64.0208,24.2057,Finland,Taipale [sir20105090z/pcu_deps_pros.csv]
Cu,64.0467,24.7453,Finland,Rauhala [vms/main.csv]
Cu,64.0648,24.2282,Finland,Jouhineva [sir20105090z/pcu_deps_pros.csv]
Cu,64.1333,-157.05,United States,Round  Top [porcu/main.csv]
Cu,64.1422,19.1592,Sweden,Rakkejaur [vms/main.csv]
Cu,64.1736,-157.5568,United States,Round Top [sir20105090z/pcu_deps_pros.csv]
Cu,64.1895,-142.9676,United States,Little Enchilada [sir20105090z/pcu_deps_pros.csv]
Cu,64.2,-115.1167,Canada,Creek Zone Mat [vms/main.csv]
Cu,64.2075,-143.801,United States,Section 21 [sir20105090z/pcu_deps_pros.csv]
Cu,64.2262,-143.8916,United States,Quartz-Porphyry [sir20105090z/pcu_deps_pros.csv]
Cu,64.2287,-143.9312,United States,Airplane Ridge [sir20105090z/pcu_deps_pros.csv]
Cu,64.3367,160.3367,Russian Federation,Bebekan [sir20105090z/pcu_deps_pros.csv]
Cu,64.37,-144.13,United States,Boulder Creek [sir20105090z/pcu_deps_pros.csv]
Cu,64.4081,25.1267,Finland,Vihanti [vms/main.csv]
Cu,64.5167,20.2167,Sweden,Boliden [ofr20051294/deposit.csv]
Cu,64.5995,-129.574,Canada,Yellow Dolo [sir20105090z/sedcu_deps_pros.csv]
Cu,64.6333,13.1167,Norway,Skorovass [vms/main.csv]
Cu,64.6361,-136.8167,Canada,Hart River [vms/main.csv]
Cu,64.7833,-133.9308,Canada,Gillespie Lake [sedcu/main.csv]
Cu,64.8247,20.2286,Sweden,Langdal [vms/main.csv]
Cu,64.8464,20.2769,Sweden,Langsele [vms/main.csv]
Cu,64.8531,13.8842,Norway,Joma [vms/main.csv]
Cu,64.8667,13.45,Norway,Gjersvik [vms/main.csv]
Cu,64.8722,20.3789,Sweden,Boliden [vms/main.csv]
Cu,64.875,-118.5831,Canada,Hottah Lake (fns) [sedcu/main.csv]
Cu,64.9072,20.2511,Sweden,Akulla Vastra [vms/main.csv]
Cu,64.9117,20.2592,Sweden,Akulla East [vms/main.csv]
Cu,64.9217,20.2681,Sweden,Kankberg [vms/main.csv]
Cu,64.9242,20.0928,Sweden,Renstrom [vms/main.csv]
Cu,64.9353,20.0433,Sweden,Petiknäs S [vms/main.csv]
Cu,64.9386,20.0511,Sweden,Petiknäs N [vms/main.csv]
Cu,64.9667,19.8333,Sweden,Kedtrask [vms/main.csv]
Cu,64.9667,19.8833,Sweden,Udden [vms/main.csv]
Cu,64.9872,19.7717,Sweden,Tallberg [porcu/main.csv]
Cu,64.9925,19.7319,Sweden,Bjurtrask [vms/main.csv]
Cu,64.9958,19.6872,Sweden,Bjurliden [vms/main.csv]
Cu,65.0072,19.6111,Sweden,Bjurfors [vms/main.csv]
Cu,65.0164,19.4978,Sweden,Ostra Hogkulla [vms/main.csv]
Cu,65.0431,18.4606,Sweden,Morkliden 1 [vms/main.csv]
Cu,65.0461,18.5203,Sweden,Morkliden 4 [vms/main.csv]
Cu,65.0633,18.4775,Sweden,Rävliden [vms/main.csv]
Cu,65.0644,18.5633,Sweden,Kristineberg [vms/main.csv]
Cu,65.0678,14.4264,Sweden,Gelvenakko [vms/main.csv]
Cu,65.0783,18.4728,Sweden,Rävlidmyran [vms/main.csv]
Cu,65.0833,17.7833,Sweden,Adak-Lindskold [vms/main.csv]
Cu,65.0867,18.5203,Sweden,Horntrask [vms/main.csv]
Cu,65.0883,14.4578,Sweden,Stekenjokk [vms/main.csv]
Cu,65.0886,18.595,Sweden,Kimheden [vms/main.csv]
Cu,65.0986,14.4022,Sweden,Tjokkola [vms/main.csv]
Cu,65.0986,18.2928,Sweden,Vindelgransele [vms/main.csv]
Cu,65.0994,19.1039,Sweden,Nasliden [vms/main.csv]
Cu,65.1225,18.7108,Sweden,Nyborg [vms/main.csv]
Cu,65.135,14.4231,Sweden,Levi [vms/main.csv]
Cu,65.2056,14.5739,Sweden,Remdalen [vms/main.csv]
Cu,65.2156,148.0328,Russia,Agyndja [ofr20051294/deposit.csv]
Cu,65.2261,18.895,Sweden,Storliden [vms/main.csv]
Cu,65.25,60.0,Russia,Nidysei Syncline [sedcu/main.csv]
Cu,65.2742,-150.0279,United States,Elephant Mountain [sir20105090z/pcu_deps_pros.csv]
Cu,65.28,159.53,Russian Federation,Medgorskoe [sir20105090z/pcu_deps_pros.csv]
Cu,65.3167,-131.6997,Canada,Tawu Anticline [sedcu/main.csv]
Cu,65.3667,18.5,Sweden,Rudtjebacken [vms/main.csv]
Cu,65.4094,-118.8764,Canada,Cc Lake [sedcu/main.csv]
Cu,65.4408,14.7736,Sweden,Kittelgruvan [vms/main.csv]
Cu,65.5,60.5,Russia,Igadei-Yugan River [sedcu/main.csv]
Cu,65.6028,-107.9333,Canada,Yava [vms/main.csv]
Cu,65.6292,-112.7958,Canada,Izok Lake [vms/main.csv]
Cu,65.6847,170.4825,Russian Federation,Ol'khovka [sir20105090z/pcu_deps_pros.csv]
Cu,65.7783,165.1028,Russian Federation,Rzhavy [sir20105090z/pcu_deps_pros.csv]
Cu,65.915,-108.3631,Canada,Bathurst Norsemines A-Jo Zones [vms/main.csv]
Cu,65.9153,-108.4586,Canada,Bathurst Norsemines East Cleaver Lake [vms/main.csv]
Cu,65.9161,-108.4375,Canada,Bathurst Norsemines Boot Lake [vms/main.csv]
Cu,66.1167,164.3833,Russian Federation,Verny [sir20105090z/pcu_deps_pros.csv]
Cu,66.1809,-155.8346,United States,unnamed [sir20105090z/pcu_deps_pros.csv]
Cu,66.2417,14.4333,Norway,Mos [vms/main.csv]
Cu,66.2935,63.7334,Russian Federation,Yanaslor [sir20105090z/pcu_deps_pros.csv]
Cu,66.3272,14.0781,Norway,Bossmo [vms/main.csv]
Cu,66.3661,164.5328,Russia,Peschanka [ofr20051294/deposit.csv]
Cu,66.4472,141.1442,Russia,Khotoidokh [vms/main.csv]
Cu,66.4833,164.7333,Russia,Nakhodka [porcu/main.csv]
Cu,66.49,164.7,Russian Federation,Nakhodka [sir20105090z/pcu_deps_pros.csv]
Cu,66.4989,-116.2,Canada,Dumas Lake [sedcu/main.csv]
Cu,66.5167,87.55,Russia,Graviisk [sedcu/main.csv]
Cu,66.525,19.8136,Sweden,Vaikijaur [porcu/main.csv]
Cu,66.56,164.44,Russian Federation,Peschanka [sir20105090z/pcu_deps_pros.csv]
Cu,66.5804,175.5175,Russian Federation,Gora Krassnaya [sir20105090z/pcu_deps_pros.csv]
Cu,66.6,164.5667,Russia,Peschanka [porcu/main.csv]
Cu,66.8105,66.517,Russian Federation,Novogodnee-Monto [sir20105090z/pcu_deps_pros.csv]
Cu,67.0,65.0,Russia,Padyagin [sedcu/main.csv]
Cu,67.0725,20.9575,Sweden,Aitik [porcu/main.csv]
Cu,67.075,-155.0267,United States,Sun-Picnic Creek [vms/main.csv]
Cu,67.0828,15.3272,Norway,Anna [vms/main.csv]
Cu,67.0942,16.0006,Norway,Jakobsbakken [vms/main.csv]
Cu,67.1167,21.0,Sweden,Aitik [sedcu/main.csv]
Cu,67.1203,15.9925,Norway,Sagmo [vms/main.csv]
Cu,67.1364,16.055,Norway,Giken-Charlotta-Mons Petter-Palmberg-Hankabakken-Sturre [vms/main.csv]
Cu,67.1386,16.1242,Norway,Ny Sulitjelma [vms/main.csv]
Cu,67.1472,-155.7567,United States,BT [vms/main.csv]
Cu,67.1472,16.1228,Norway,Fjeldgruve [vms/main.csv]
Cu,67.1497,15.9608,Norway,Furuhaugen [vms/main.csv]
Cu,67.15,16.0025,Norway,Bursi [vms/main.csv]
Cu,67.1717,-156.3814,United States,Arctic [vms/main.csv]
Cu,67.181,-156.386,United States,Arctic Camp [ofr20051294/deposit.csv]
Cu,67.2239,163.719,Russian Federation,Asket [sir20105090z/pcu_deps_pros.csv]
Cu,67.2664,86.9314,Russia,Sukharikha [ofr20051294/deposit.csv]
Cu,67.3817,-110.8511,Canada,High Lake A/B [vms/main.csv]
Cu,67.4167,20.5667,Sweden,Aitik [ofr20051294/deposit.csv]
Cu,67.5,65.5,Russia,Pad-Yaga Musyur Range [sedcu/main.csv]
Cu,67.5347,-115.8956,Canada,Bud 942-947 [sedcu/main.csv]
Cu,67.5847,-115.5497,Canada,"Escape Rapids (esc 37, 38) [sedcu/main.csv]"
Cu,67.6,86.75,Russia,Izluchinsk [sedcu/main.csv]
Cu,67.6333,-149.3333,United States,Venus [porcu/main.csv]
Cu,67.6587,-149.2571,United States,Evelyn Lee [sir20105090z/pcu_deps_pros.csv]
Cu,67.6667,87.0,Russia,Sukharikha [sedcu/main.csv]
Cu,67.6804,-148.814,United States,unnamed [sir20105090z/pcu_deps_pros.csv]
Cu,67.785,20.0772,Sweden,Pahtohavare [vms/main.csv]
Cu,67.8333,86.8,Russia,Rudnii [sedcu/main.csv]
Cu,67.85,20.0,Sweden,Viscaria [vms/main.csv]
Cu,67.8667,66.3333,Russia,Lekyntelbei [porcu/main.csv]
Cu,68.0,66.8333,Russia,Mount Sauri Pe [sedcu/main.csv]
Cu,68.1085,66.8302,Russian Federation,Lekyn-Talbeiskaya [sir20105090z/pcu_deps_pros.csv]
Cu,68.2,-108.1831,Canada,Kent Peninsula-1 [sedcu/main.csv]
Cu,68.25,87.25,Russia,Chernorechenskaya [sedcu/main.csv]
Cu,68.3322,16.8075,Norway,Bjorkasen [vms/main.csv]
Cu,68.7,174.3392,Russian Federation,Shurykan [sir20105090z/pcu_deps_pros.csv]
Cu,69.2722,22.4861,Norway,Bidjovagge (C) [vms/main.csv]
Cu,69.285,22.4878,Norway,Bidjovagge (D) [vms/main.csv]
Cu,69.2894,22.4853,Norway,Bidjovagge (A) [vms/main.csv]
Cu,69.2969,22.4831,Norway,Bidjovagge (B) [vms/main.csv]
Cu,69.4067,21.0108,Norway,Sabetjok [vms/main.csv]
Cu,69.4094,20.9178,Norway,Moskogaissa [vms/main.csv]
Cu,69.4525,21.6942,Norway,Skaide [vms/main.csv]
Cu,69.7069,21.6,Norway,Rieppe [vms/main.csv]
Cu,69.7111,21.5833,Norway,Váddás [vms/main.csv]
Cu,70.4333,24.2167,Norway,Repparfjord [sedcu/main.csv]
Cu,71.3949,-22.5282,Greenland,Macknight Bjerg [sir20105090z/sedcu_deps_pros.csv]
Cu,71.5473,-22.8668,Greenland,Myalinadal-Ærenprisdal [sir20105090z/sedcu_deps_pros.csv]
Cu,71.5519,-22.7768,Greenland,Devondal SW [sir20105090z/sedcu_deps_pros.csv]
Cu,71.5674,-22.7607,Greenland,Devondal NE [sir20105090z/sedcu_deps_pros.csv]
Cu,71.6362,-22.8306,Greenland,Wegener Halvø [sir20105090z/sedcu_deps_pros.csv]
Cu,71.6923,-23.1317,Greenland,Malmros Klint SW [sir20105090z/sedcu_deps_pros.csv]
Cu,71.7498,-22.9916,Greenland,Malmros Klint NE [sir20105090z/sedcu_deps_pros.csv]
Cu,72.6172,-23.6806,Greenland,Rubjerg Knude [sedcu/main.csv]
Cu,72.6802,-23.6129,Greenland,Rubjerg Knude [sir20105090z/sedcu_deps_pros.csv]
Cu,73.4958,-22.0292,Greenland,Ladderbjerg [sedcu/main.csv]
Cu,73.5539,-22.0163,Greenland,Ladderbjerg (Giesecke Bjerge) [sir20105090z/sedcu_deps_pros.csv]
Cu,73.7458,-24.8317,Greenland,"Broget Dal, Strindberg Land [sir20105090z/sedcu_deps_pros.csv]"
Cu,73.8,-86.0,Canada,Brodeur Peninsula [sedcu/main.csv]
Diamond,-29.5833,17.0167,South Africa,Dreiyers Pan (Annex Klein Zee) [ofr20051294/deposit.csv]
Diamond,-29.5833,17.05,South Africa,"Koingnaas (Hondeklip Bay, Namaqualand Diamond Mines) [ofr20051294/deposit.csv]"
Diamond,-29.4333,25.0167,South Africa,Koffiefontein [ofr20051294/deposit.csv]
Diamond,-29.0333,28.8833,Lesotho,Letseng la Terai [ofr20051294/deposit.csv]
Diamond,-28.7667,24.8667,South Africa,Bultfontein [ofr20051294/deposit.csv]
Diamond,-28.7667,24.9,South Africa,Wesselton [ofr20051294/deposit.csv]
Diamond,-28.7333,24.7833,South Africa,De Beers [ofr20051294/deposit.csv]
Diamond,-28.3833,23.45,South Africa,Finsch [ofr20051294/deposit.csv]
Diamond,-28.3667,26.8,South Africa,Star [ofr20051294/deposit.csv]
Diamond,-27.1667,22.8333,South Africa,Belgravia [ofr20051294/deposit.csv]
Diamond,-26.1667,27.8833,South Africa,Roodepoort [ofr20051294/deposit.csv]
Diamond,-25.7,28.5,South Africa,Premier [ofr20051294/deposit.csv]
Diamond,-25.5667,27.8708,South Africa,Uitvalgrond [ofr20051294/deposit.csv]
Diamond,-25.5375,30.1083,South Africa,Middlepunt [ofr20051294/deposit.csv]
Diamond,-24.75,24.3333,Botswana,Jwaneng [ofr20051294/deposit.csv]
Diamond,-24.5,28.6167,South Africa,Welgevonden [ofr20051294/deposit.csv]
Diamond,-22.4303,29.3211,South Africa,Venetia (K1 Pipe) [ofr20051294/deposit.csv]
Diamond,-22.11,29.9,Zimbabwe,River Ranch [ofr20051294/deposit.csv]
Diamond,-21.3833,25.6667,Botswana,Letlhakane [ofr20051294/deposit.csv]
Diamond,-21.2833,25.35,Botswana,Orapa [ofr20051294/deposit.csv]
Diamond,-16.8508,136.3451,Australia,Merlin [ofr20051294/deposit.csv]
Diamond,-16.7144,128.3839,Australia,Argyle [ofr20051294/deposit.csv]
Diamond,-10.3333,27.9,Congo (Kinshasa),Talala [ofr20051294/deposit.csv]
Diamond,-9.4167,20.3333,Angola,Catoca [ofr20051294/deposit.csv]
Diamond,-9.0,17.5,Angola,Cuango (Kwango) Valley [ofr20051294/deposit.csv]
Diamond,-8.95,20.4833,Angola,Camatchia [ofr20051294/deposit.csv]
Diamond,-8.4525,20.5131,Angola,Camafuca Camazamba [ofr20051294/deposit.csv]
Diamond,-8.4167,20.25,Angola,Lunda District [ofr20051294/deposit.csv]
Diamond,-8.0,21.5,Angola,Lucapa area [ofr20051294/deposit.csv]
Diamond,-6.5,21.0,Congo (Kinshasa),Tshikapa area [ofr20051294/deposit.csv]
Diamond,-6.1667,23.5833,Congo (Kinshasa),Mbuji Mayi [ofr20051294/deposit.csv]
Diamond,-3.5167,33.6083,Tanzania,Alamasi [ofr20051294/deposit.csv]
Diamond,-3.4917,33.6619,Tanzania,Mwadui (Williamson) [ofr20051294/deposit.csv]
Diamond,4.7833,15.95,Central African Republic,"Sangha (Bassin de la ) - Sangha Amont, Sangoma [ofr20051294/deposit.csv]"
Diamond,6.0361,-0.8097,Ghana,Akwatia [ofr20051294/deposit.csv]
Diamond,7.6667,-6.1667,Côte DIvoire,"Seguela (Bobi, Toubabouko, Legbo Rivière, Sequéla, Diarabana, Marahoué (riv.), Zuenoula) [ofr20051294/deposit.csv]"
Diamond,8.2,-11.0,Sierra Leone,Tongo [ofr20051294/deposit.csv]
Diamond,8.4667,23.3333,Central African Republic,Kotto (Haute et Moyenne Rivière [ofr20051294/deposit.csv]
Diamond,8.6,-10.9667,Sierra Leone,Koidu [ofr20051294/deposit.csv]
Diamond,8.6833,-11.0333,Sierra Leone,"Yengema (Nimini Hills, Koidu) [ofr20051294/deposit.csv]"
Diamond,8.75,-5.5833,Côte DIvoire,"Tortiya (Tortiya 55, Katiola-15) [ofr20051294/deposit.csv]"
Diamond,9.5,-13.7,Ghana,Ghana Cons Diamonds [ofr20051294/deposit.csv]
Diamond,13.9667,-12.75,Senegal,Faleme [ofr20051294/deposit.csv]
Diamond,20.2,82.2,India,Bahradih pipes [ofr20051294/deposit.csv]
Diamond,39.5,122.1667,China,Toudaohe [ofr20051294/deposit.csv]
Diamond,63.6,-110.87,Canada,Snap Lake [ofr20051294/deposit.csv]
Diamond,64.4583,-110.2333,Canada,Diavik [ofr20051294/deposit.csv]
Diamond,64.72,-110.6,Canada,Ekati [ofr20051294/deposit.csv]
Diamond,65.6667,40.6667,Russia,Verkhotina [ofr20051294/deposit.csv]
Diamond,65.8197,111.5753,Russia,Internacional'naja pipe [ofr20051294/deposit.csv]
Diamond,65.9328,110.8544,Russia,"Ozjornaja, Jubilejnaja pipes [ofr20051294/deposit.csv]"
Diamond,66.0,111.6833,Russia,Yubileinaya [ofr20051294/deposit.csv]
Diamond,66.0017,111.6147,Russia,"Ajkhal pipe, Alakitskoe field [ofr20051294/deposit.csv]"
Diamond,66.3594,111.4333,Russia,"Sytykanskaja, Snezhinka pipes [ofr20051294/deposit.csv]"
Diamond,66.4333,112.2167,Russia,Udachnaya [ofr20051294/deposit.csv]
Diamond,68.2047,140.8919,Russia,Mir-Sputnik [ofr20051294/deposit.csv]
Diamond,71.7444,111.1508,Russia,"Udarnoe, Popigajskaja areas [ofr20051294/deposit.csv]"
Fe,-37.3527,174.7315,New Zealand,Waikato [ofr20051294/deposit.csv]
Fe,-33.05,137.15,Australia,Middleback Range [ofr20051294/deposit.csv]
Fe,-32.7,28.3667,South Africa,Cape Morgan [ofr20051294/deposit.csv]
Fe,-31.25,17.8333,South Africa,Brand-Se-Baai (Namakwa) [ofr20051294/deposit.csv]
Fe,-30.1333,30.85,South Africa,"Umgababa (Umkomaas, Usipingo) [ofr20051294/deposit.csv]"
Fe,-29.217,116.233,Australia,Koolanooka [ofr20051294/deposit.csv]
Fe,-28.3,22.9,South Africa,Omnia [ofr20051294/deposit.csv]
Fe,-28.2833,23.0,South Africa,Beeshoek (Olynfontein farm) [ofr20051294/deposit.csv]
Fe,-28.1333,23.1167,South Africa,Manganore [ofr20051294/deposit.csv]
Fe,-28.1,23.05,South Africa,Mokaning [ofr20051294/deposit.csv]
Fe,-28.05,23.0333,South Africa,Lohathla [ofr20051294/deposit.csv]
Fe,-27.8272,23.0333,South Africa,Lilyfield (Lylyveld) [ofr20051294/deposit.csv]
Fe,-27.7917,22.9667,South Africa,Gamagara [ofr20051294/deposit.csv]
Fe,-27.77,22.98,South Africa,Sishen [ofr20051294/deposit.csv]
Fe,-27.3833,22.95,South Africa,Mamatwan [ofr20051294/deposit.csv]
Fe,-27.2167,22.95,South Africa,Hotazel [ofr20051294/deposit.csv]
Fe,-27.0333,31.0167,Swaziland,Gege [ofr20051294/deposit.csv]
Fe,-26.25,31.0,Swaziland,"Ngwenya (Ngwenye, Bomvu Ridge, Bomwu Ridge) [ofr20051294/deposit.csv]"
Fe,-25.75,27.3333,South Africa,"Kroondal (Booekenhoutfontein, Bultfontein, Rietfontein) [ofr20051294/deposit.csv]"
Fe,-25.7333,27.5833,South Africa,Henry Gould [ofr20051294/deposit.csv]
Fe,-25.7167,27.2833,South Africa,Waterkloof [ofr20051294/deposit.csv]
Fe,-25.65,27.7833,South Africa,Brits [ofr20051294/deposit.csv]
Fe,-25.6083,28.1833,South Africa,Krokodilkraal 4261 [ofr20051294/deposit.csv]
Fe,-25.2833,28.2833,South Africa,"Vergenoeg (Rust de Winter, Kromdraai) [ofr20051294/deposit.csv]"
Fe,-25.2167,29.9167,South Africa,Mapochs [ofr20051294/deposit.csv]
Fe,-25.0833,26.25,South Africa,Marico [ofr20051294/deposit.csv]
Fe,-25.05,26.25,South Africa,Zeerust [ofr20051294/deposit.csv]
Fe,-24.6333,27.3667,South Africa,Thabazimbi [ofr20051294/deposit.csv]
Fe,-24.5333,30.1667,South Africa,Groothoek [ofr20051294/deposit.csv]
Fe,-24.4833,28.5167,South Africa,Union Tin [ofr20051294/deposit.csv]
Fe,-24.2667,29.8833,South Africa,Jagdlust [ofr20051294/deposit.csv]
Fe,-24.2589,-64.4714,Argentina,Santa Barbara [ofr20051294/deposit.csv]
Fe,-24.0,31.1333,South Africa,"Phalaborwa (Palabora, Foskor) [ofr20051294/deposit.csv]"
Fe,-23.8267,-67.4767,Chile,Laco [ofr20051294/deposit.csv]
Fe,-23.383,119.666,Australia,Mt. Newman [ofr20051294/deposit.csv]
Fe,-23.3623,119.6846,Australia,Mt Whaleback [ofr20051294/deposit.csv]
Fe,-23.1667,30.4,South Africa,Schiel (Venda) [ofr20051294/deposit.csv]
Fe,-22.8333,27.1667,South Africa,Black Rock [ofr20051294/deposit.csv]
Fe,-20.5,29.8833,Zimbabwe,"Buchwa (Buhwa, Doughnut, Fulano, Garrat-Diesel, Grandeux, Ironic, Norie, Vent, Whikwi) [ofr20051294/deposit.csv]"
Fe,-20.45,-43.93,Brazil,Quadrilátero Ferrífero [ofr20051294/deposit.csv]
Fe,-20.1667,-43.5,Brazil,Alegira [ofr20051294/deposit.csv]
Fe,-19.65,-43.2833,Brazil,Itabira [ofr20051294/deposit.csv]
Fe,-19.15,29.7,Zimbabwe,Ripple Creek [ofr20051294/deposit.csv]
Fe,-19.0333,31.75,Zimbabwe,Dorowa [ofr20051294/deposit.csv]
Fe,-19.0167,29.75,Zimbabwe,Que Que Iron (Kwekwe District) [ofr20051294/deposit.csv]
Fe,-18.6667,-43.3833,Brazil,Mato Grosso [ofr20051294/deposit.csv]
Fe,-18.5,30.6,Zimbabwe,Mwanesi [ofr20051294/deposit.csv]
Fe,-17.5,30.0389,Zimbabwe,Golden Kopje (Union Jack) [ofr20051294/deposit.csv]
Fe,-16.0,-42.6833,Brazil,Poteirinha [ofr20051294/deposit.csv]
Fe,-15.48,27.32,Zambia,Shimyoka (Shimwyoka) [ofr20051294/deposit.csv]
Fe,-15.35,28.7,Zambia,Chongwe East [ofr20051294/deposit.csv]
Fe,-15.27,28.65,Zambia,"Allies (Allies 2, Sisengo, Changwe) [ofr20051294/deposit.csv]"
Fe,-15.2,16.1333,Angola,Cassinga South [ofr20051294/deposit.csv]
Fe,-15.18,27.48,Zambia,Pamba [ofr20051294/deposit.csv]
Fe,-14.6667,16.0333,Angola,Cassinga North [ofr20051294/deposit.csv]
Fe,-14.4,28.55,Zambia,Kampumba [ofr20051294/deposit.csv]
Fe,-14.2667,-72.05,Peru,Colquemarca [ofr20051294/deposit.csv]
Fe,-13.38,29.27,Zambia,Chiwefwe [ofr20051294/deposit.csv]
Fe,-12.7157,143.2967,Australia,Iron Range [ofr20051294/deposit.csv]
Fe,-9.9,34.93,Tanzania,Liganga (Ligangu) [ofr20051294/deposit.csv]
Fe,-9.5,14.8333,Angola,Cassala-Quintungo [ofr20051294/deposit.csv]
Fe,-9.3667,14.3833,Angola,M'Bassa Deposit [ofr20051294/deposit.csv]
Fe,-6.0333,-50.2,Brazil,Carajas [ofr20051294/deposit.csv]
Fe,-5.2333,-79.4667,Peru,Huancabamba [ofr20051294/deposit.csv]
Fe,-1.3667,38.0167,Kenya,Ikutha (Kitui district) [ofr20051294/deposit.csv]
Fe,0.35,35.6167,Kenya,Kerio Valley [ofr20051294/deposit.csv]
Fe,0.6833,32.15,Uganda,Sukulu Hills [ofr20051294/deposit.csv]
Fe,2.6,10.0,Cameroon,Les Mamelles (Kribi) [ofr20051294/deposit.csv]
Fe,5.6,5.7667,Nigeria,"Dsc, Warri [ofr20051294/deposit.csv]"
Fe,6.2167,-2.2806,Ghana,"Sefwi (Bekwai, Awaso) [ofr20051294/deposit.csv]"
Fe,6.3106,-10.8047,Liberia,Bong [ofr20051294/deposit.csv]
Fe,6.6208,-1.2167,Ghana,Odumase [ofr20051294/deposit.csv]
Fe,6.9,-10.83,Liberia,Bomi Hills [ofr20051294/deposit.csv]
Fe,7.1333,-11.1,Liberia,Bea Mountain [ofr20051294/deposit.csv]
Fe,7.16,-7.48,Côte DIvoire,Mt. Klahoyo [ofr20051294/deposit.csv]
Fe,7.3344,-11.1247,Liberia,Mano River [ofr20051294/deposit.csv]
Fe,7.4394,-8.6572,Liberia,"Nimba (Nimba Mountains, Bitohn, Gbahm, Lamco mine, Yulitohn, Tokadeh, Western area) [ofr20051294/deposit.csv]"
Fe,7.4578,-63.398,Venezuela,Cerro Boliva/ San Isidro [ofr20051294/deposit.csv]
Fe,7.5,-10.5,Liberia,Wologisi (Wologosi) [ofr20051294/deposit.csv]
Fe,7.5839,-8.4669,Liberia,Yekepa [ofr20051294/deposit.csv]
Fe,7.6,6.3,Nigeria,Itakpe [ofr20051294/deposit.csv]
Fe,7.62,-8.4169,Guinea,Pierre Richaud (Mt. Nimba) [ofr20051294/deposit.csv]
Fe,8.53,-8.9,Guinea,Simandou (Pic de Fon) [ofr20051294/deposit.csv]
Fe,8.7,-13.3,Sierra Leone,Marampa [ofr20051294/deposit.csv]
Fe,8.97,35.45,Ethiopia,Yubdo [ofr20051294/deposit.csv]
Fe,9.5,-13.71,Guinea,Conakry [ofr20051294/deposit.csv]
Fe,11.7,3.55,Benin,Madekali [ofr20051294/deposit.csv]
Fe,12.2,2.97,Benin,Loumbou-Loumbou [ofr20051294/deposit.csv]
Fe,13.233,105.05,Cambodia,Phnom Deck [ofr20051294/deposit.csv]
Fe,13.2333,11.0,Gabon,Bélinga (Djadi) [ofr20051294/deposit.csv]
Fe,13.5,75.8667,India,Bababudan [ofr20051294/deposit.csv]
Fe,13.55,76.9,India,Chiknayakanhalli [ofr20051294/deposit.csv]
Fe,13.9667,-12.75,Senegal,Faleme [ofr20051294/deposit.csv]
Fe,14.4167,76.3,India,Chitaldrug area [ofr20051294/deposit.csv]
Fe,14.8,76.75,India,Sandur area [ofr20051294/deposit.csv]
Fe,15.6667,0.4833,Mali,Ansongo [ofr20051294/deposit.csv]
Fe,18.3,105.9333,Vietnam,Thach Khe [ofr20051294/deposit.csv]
Fe,18.7,81.4667,India,Bailadila [ofr20051294/deposit.csv]
Fe,19.017,103.0,Laos,Pha Lek [ofr20051294/deposit.csv]
Fe,19.357,-104.095,Mexico,Pena Colorado [ofr20051294/deposit.csv]
Fe,19.4,103.0,Laos,Phu Nhouan [ofr20051294/deposit.csv]
Fe,22.0833,85.2833,India,Kiriburu [ofr20051294/deposit.csv]
Fe,22.1333,85.3167,India,Bolani [ofr20051294/deposit.csv]
Fe,22.6667,-12.6667,Mauritania,Rouessa (Zouerate District) [ofr20051294/deposit.csv]
Fe,22.6833,-12.7167,Mauritania,F'Derik (Zouerate District) [ofr20051294/deposit.csv]
Fe,22.8736,-12.3375,Mauritania,Guelb El Rhein (Zouerate District) [ofr20051294/deposit.csv]
Fe,23.6225,36.1428,Egypt,St John [ofr20051294/deposit.csv]
Fe,24.08,32.93,Egypt,Aswan (Aswan East) [ofr20051294/deposit.csv]
Fe,24.1,32.9,Egypt,Bahariya [ofr20051294/deposit.csv]
Fe,24.25,32.8833,Egypt,Aswan [ofr20051294/deposit.csv]
Fe,24.6667,-101.35,Mexico,La Carmen [ofr20051294/deposit.csv]
Fe,26.7667,-7.3333,Algeria,Ghara Djebilet [ofr20051294/deposit.csv]
Fe,27.05,102.1667,China,Baima [ofr20051294/deposit.csv]
Fe,27.4333,14.2167,Libya,Wadi Ash Shatti [ofr20051294/deposit.csv]
Fe,27.9333,35.7833,Saudi Arabia,Wadi Sawawin [ofr20051294/deposit.csv]
Fe,28.3844,29.0897,Egypt,El Harra [ofr20051294/deposit.csv]
Fe,28.45,29.1833,Egypt,El Gedida [ofr20051294/deposit.csv]
Fe,28.4667,28.9667,Egypt,Baharlya (Bahariya Oasis) [ofr20051294/deposit.csv]
Fe,28.5,29.0167,Egypt,Nasser [ofr20051294/deposit.csv]
Fe,28.9833,33.3667,Egypt,Um Bogma [ofr20051294/deposit.csv]
Fe,29.0333,28.5,Egypt,Ghorabi (Gebel Ghorabi) [ofr20051294/deposit.csv]
Fe,29.1944,62.9139,Pakistan,Pachin Koh [ofr20051294/deposit.csv]
Fe,29.2667,55.5833,Iran,Golgohar [ofr20051294/deposit.csv]
Fe,30.2167,30.8,Egypt,Damietta [ofr20051294/deposit.csv]
Fe,31.7833,55.3333,Iran,Choghart [ofr20051294/deposit.csv]
Fe,32.2333,55.7667,Iran,Northern An [ofr20051294/deposit.csv]
Fe,32.3333,55.5,Iran,Chadar malu [ofr20051294/deposit.csv]
Fe,33.883,-115.542,United States,Eagle Mountain [ofr20051294/deposit.csv]
Fe,34.6667,68.0667,Afghanistan,Hajigak [ofr20051294/deposit.csv]
Fe,34.8167,-1.3333,Algeria,Kristel [ofr20051294/deposit.csv]
Fe,35.1667,-3.0,Morocco,Mines Del Rif [ofr20051294/deposit.csv]
Fe,35.2833,-1.3833,Algeria,Beni Saf [ofr20051294/deposit.csv]
Fe,35.58,8.1,Algeria,Khanguet [ofr20051294/deposit.csv]
Fe,35.7667,8.0444,Algeria,Bou Khadra [ofr20051294/deposit.csv]
Fe,35.8333,-0.4667,Algeria,Tazout [ofr20051294/deposit.csv]
Fe,35.8336,8.6333,Tunisia,Djerissa [ofr20051294/deposit.csv]
Fe,35.9667,8.1167,Algeria,Ouenza [ofr20051294/deposit.csv]
Fe,36.2333,1.8,Algeria,Rouina [ofr20051294/deposit.csv]
Fe,36.3167,2.2,Algeria,Zaccar [ofr20051294/deposit.csv]
Fe,36.4167,2.25,Algeria,Fondouk [ofr20051294/deposit.csv]
Fe,36.4833,2.2667,Algeria,Djebel Haddid [ofr20051294/deposit.csv]
Fe,36.5,2.1667,Algeria,Temoulga [ofr20051294/deposit.csv]
Fe,36.5,4.6667,Algeria,Beni-Felkal [ofr20051294/deposit.csv]
Fe,36.5667,6.4667,Algeria,Sidi Marouf [ofr20051294/deposit.csv]
Fe,36.5833,4.7667,Algeria,Timezrit [ofr20051294/deposit.csv]
Fe,36.6,3.2833,Algeria,El Maden [ofr20051294/deposit.csv]
Fe,36.6333,4.0667,Algeria,Beni Douala [ofr20051294/deposit.csv]
Fe,36.8161,114.2331,China,Xishimen [ofr20051294/deposit.csv]
Fe,36.8167,8.6833,Tunisia,Douaria [ofr20051294/deposit.csv]
Fe,36.855,118.1181,China,Jinling [ofr20051294/deposit.csv]
Fe,36.8833,7.1,Algeria,Ain Ben Merouane [ofr20051294/deposit.csv]
Fe,37.2778,128.7917,Korean Peninsula,Dongnam [ofr20051294/deposit.csv]
Fe,37.5167,40.5,Turkey,Mazidagi [ofr20051294/deposit.csv]
Fe,37.683,-113.25,United States,Iron Springs [ofr20051294/deposit.csv]
Fe,37.8583,128.0167,Korean Peninsula,Hongcheon-Jaun [ofr20051294/deposit.csv]
Fe,38.125,-91.042,United States,Pea Ridge [ofr20051294/deposit.csv]
Fe,38.2528,111.4633,China,Yuanjiachun [ofr20051294/deposit.csv]
Fe,38.4,125.6667,Korean Peninsula,Jaeryeong [ofr20051294/deposit.csv]
Fe,38.75,40.5,Turkey,Bingöl and Bitlis Area [ofr20051294/deposit.csv]
Fe,39.0861,113.7681,China,Baizhiyan [ofr20051294/deposit.csv]
Fe,39.1514,113.3361,China,Shanyangping [ofr20051294/deposit.csv]
Fe,39.3056,141.7111,Japan,Kamaishi [ofr20051294/deposit.csv]
Fe,39.3167,114.1194,China,Pingxingguan [ofr20051294/deposit.csv]
Fe,39.675,118.7569,China,Sijiaying [ofr20051294/deposit.csv]
Fe,39.7,125.95,Korean Peninsula,Geumdeogsan [ofr20051294/deposit.csv]
Fe,40.05,118.55,China,Caiyuan [ofr20051294/deposit.csv]
Fe,40.1667,118.5297,China,Mengjiagou [ofr20051294/deposit.csv]
Fe,40.2361,117.8806,China,Shirengou [ofr20051294/deposit.csv]
Fe,40.3278,119.3694,China,Zhalanzhangzh [ofr20051294/deposit.csv]
Fe,40.4278,117.0,China,Shachang [ofr20051294/deposit.csv]
Fe,40.5167,46.0667,Azerbaijan,Dashkesan [ofr20051294/deposit.csv]
Fe,40.6417,116.9681,China,Fengjiayu [ofr20051294/deposit.csv]
Fe,40.9833,123.3667,China,Anshan/Hongai [ofr20051294/deposit.csv]
Fe,41.1389,123.3417,China,Qidashan [ofr20051294/deposit.csv]
Fe,41.1667,117.8833,China,Bayan Obo [ofr20051294/deposit.csv]
Fe,41.2,65.3,Uzbekistan,Ayakkuduk [ofr20051294/deposit.csv]
Fe,41.2278,124.0,China,Nanfen [ofr20051294/deposit.csv]
Fe,41.4333,110.95,China,Sanheming [ofr20051294/deposit.csv]
Fe,41.5167,76.7,Kyrgyzstan,Dangy [ofr20051294/deposit.csv]
Fe,41.6667,-1.6,Spain,Tierga [ofr20051294/deposit.csv]
Fe,41.8667,109.9667,China,Bayan Obo [ofr20051294/deposit.csv]
Fe,42.1042,120.8444,China,"Baoguosi, Liaoning [ofr20051294/deposit.csv]"
Fe,42.1667,129.1667,Korean Peninsula,Musan [ofr20051294/deposit.csv]
Fe,42.4667,72.6167,Kyrgyzstan,Bala-Chichkan [ofr20051294/deposit.csv]
Fe,42.6667,41.9167,Georgia,Supsa-Natanebi [ofr20051294/deposit.csv]
Fe,42.8792,127.4611,China,Laoniugou [ofr20051294/deposit.csv]
Fe,43.8444,128.6444,China,Tadong [ofr20051294/deposit.csv]
Fe,44.179,-75.006,United States,Benson [ofr20051294/deposit.csv]
Fe,44.2167,28.6167,Romania,Palazu Mare [ofr20051294/deposit.csv]
Fe,44.293,-90.725,United States,Black River Falls [ofr20051294/deposit.csv]
Fe,45.993,-87.981,United States,Menominee Range - Groveland Mine [ofr20051294/deposit.csv]
Fe,46.059,-88.618,United States,Menominee Range - Buck Mine [ofr20051294/deposit.csv]
Fe,46.075,-88.645,United States,Menominee Range - Hiawatha Mine #1 [ofr20051294/deposit.csv]
Fe,46.077,-88.615,United States,Menominee Range - Cannon Mine [ofr20051294/deposit.csv]
Fe,46.111,-88.647,United States,Menominee Range - Wauseca - Aronson Mine (Konwinski) [ofr20051294/deposit.csv]
Fe,46.112,-88.641,United States,Menominee Range - Iron River - Sherwood Mine [ofr20051294/deposit.csv]
Fe,46.116,-88.657,United States,Menominee Range - Homer Mine [ofr20051294/deposit.csv]
Fe,46.2789,70.1869,Kazakhstan,Gvardejskoe [ofr20051294/deposit.csv]
Fe,46.297,-90.653,United States,Gogebic Range - West Gogebic Taconite Deposit [ofr20051294/deposit.csv]
Fe,46.4333,1.3333,France,Chaillac [ofr20051294/deposit.csv]
Fe,46.447,-87.642,United States,Marquette Range - Tilden Mine [ofr20051294/deposit.csv]
Fe,46.461,-87.597,United States,Marquette Range - Empire Mine [ofr20051294/deposit.csv]
Fe,46.469,-89.951,United States,Gogebic Range - Wakefield Mine [ofr20051294/deposit.csv]
Fe,46.47,-89.957,United States,Gogebic Range - Plymouth Mine [ofr20051294/deposit.csv]
Fe,46.476,-89.984,United States,Gogebic Range - Eureka - Asteroid Mine [ofr20051294/deposit.csv]
Fe,46.483,-89.92,United States,Gogebic Range - Sunday Lake Group Mines [ofr20051294/deposit.csv]
Fe,47.1,34.9167,Ukraine,Belozerka [ofr20051294/deposit.csv]
Fe,47.321,-93.396,United States,Mesabi Range - Plummer Mine [ofr20051294/deposit.csv]
Fe,47.423,-93.069,United States,Mesabi Range - National Steel Pellet Plant Mine [ofr20051294/deposit.csv]
Fe,47.448,-92.91,United States,Mesabi Range - Whitney Mine [ofr20051294/deposit.csv]
Fe,47.46,-92.958,United States,Mesabi Range - Hibbing Taconite [ofr20051294/deposit.csv]
Fe,47.478,-92.564,United States,Mesabi Range - Gross - Nelson Mine [ofr20051294/deposit.csv]
Fe,47.482,-92.548,United States,Mesabi Range - Thunderbird Mine [ofr20051294/deposit.csv]
Fe,47.483,-92.831,United States,Mesabi Range - Sherman Mine [ofr20051294/deposit.csv]
Fe,47.511,-92.523,United States,Mesabi Range - Rouchleau Mine [ofr20051294/deposit.csv]
Fe,47.52,-92.744,United States,Mesabi Range - Rana Mine [ofr20051294/deposit.csv]
Fe,47.522,-92.4,United States,Mesabi Range - Mckinley Mine [ofr20051294/deposit.csv]
Fe,47.531,-92.507,United States,Mesabi Range - Wyoming Mine [ofr20051294/deposit.csv]
Fe,47.543,-92.519,United States,Mesabi Range - Minorca Mine [ofr20051294/deposit.csv]
Fe,47.545,-92.654,United States,Mesabi Range - Minntac Mine [ofr20051294/deposit.csv]
Fe,47.55,14.9333,Austria,Erzberg [ofr20051294/deposit.csv]
Fe,47.666,-91.917,United States,Mesabi Range - Peter Mitchell Mine [ofr20051294/deposit.csv]
Fe,47.7667,66.7667,Kazakhstan,Karsaqpai [ofr20051294/deposit.csv]
Fe,47.9167,33.4,Ukraine,Krivoy Rog [ofr20051294/deposit.csv]
Fe,48.0167,70.8167,Kazakhstan,Qarazhal West [ofr20051294/deposit.csv]
Fe,48.4569,128.6889,China,Chuihongshan [ofr20051294/deposit.csv]
Fe,48.8833,20.6833,Slovakia,Rudnany [ofr20051294/deposit.csv]
Fe,49.1742,33.6167,Ukraine,Kremenchug [ofr20051294/deposit.csv]
Fe,49.2,120.6333,China,Xieertala [ofr20051294/deposit.csv]
Fe,49.3667,6.05,France,Lorraine [ofr20051294/deposit.csv]
Fe,49.5,6.05,Luxenbourg,Esch Rumelange [ofr20051294/deposit.csv]
Fe,49.6,107.0167,Mongolia,Bayan Gol [ofr20051294/deposit.csv]
Fe,49.6697,60.1875,Kazakhstan,Kijakinskoe [ofr20051294/deposit.csv]
Fe,49.6833,107.25,Mongolia,Tumurtei [ofr20051294/deposit.csv]
Fe,49.8178,-74.0019,Canada,Kellogg Property Deposit [ofr20051294/deposit.csv]
Fe,50.5,-61.8333,Canada,Natashquan [ofr20051294/deposit.csv]
Fe,50.55,-63.4167,Canada,Lac Tio (Allard Lake) [ofr20051294/deposit.csv]
Fe,51.0167,82.5,Russia,Beloretskoye [ofr20051294/deposit.csv]
Fe,51.0167,84.1667,Russia,Timofeevskoe [ofr20051294/deposit.csv]
Fe,51.3833,-64.0667,Canada,Magpie Mountain [ofr20051294/deposit.csv]
Fe,51.45,88.15,Russia,Jaryshol [ofr20051294/deposit.csv]
Fe,51.6519,82.9058,Russia,Kharlovskoye [ofr20051294/deposit.csv]
Fe,52.05,10.4167,Germany,Salzgitter [ofr20051294/deposit.csv]
Fe,52.1333,-1.0,United Kingdom,Northhampton [ofr20051294/deposit.csv]
Fe,52.3,35.3833,Russia,Mikhailovsky [ofr20051294/deposit.csv]
Fe,52.4167,90.0333,Russia,Abakanskoye [ofr20051294/deposit.csv]
Fe,52.4583,87.55,Russia,Tashtagol [ofr20051294/deposit.csv]
Fe,52.5314,62.4933,Kazakhstan,Lisakovskoe [ofr20051294/deposit.csv]
Fe,52.55,87.5667,Russia,Sheregesh [ofr20051294/deposit.csv]
Fe,52.6667,62.5333,Kazakhstan,Ayatskoe [ofr20051294/deposit.csv]
Fe,52.733,-67.25,Canada,Mount Wright [ofr20051294/deposit.csv]
Fe,52.7778,131.925,Russia,Gerbikanskoe [ofr20051294/deposit.csv]
Fe,52.9333,30.5333,Belarus,Okolovskoye [ofr20051294/deposit.csv]
Fe,53.0217,-66.975,Canada,Knob Lake [ofr20051294/deposit.csv]
Fe,53.0667,87.3667,Russia,Kazskoye [ofr20051294/deposit.csv]
Fe,53.1667,89.3417,Russia,Teiskoye [ofr20051294/deposit.csv]
Fe,53.1833,63.0833,Kazakhstan,Sarbai [ofr20051294/deposit.csv]
Fe,53.3522,62.9433,Kazakhstan,Kacharskoe [ofr20051294/deposit.csv]
Fe,53.4167,59.15,Russia,Magnitogorsk district [ofr20051294/deposit.csv]
Fe,53.4833,94.0917,Russia,Tabratskoye [ofr20051294/deposit.csv]
Fe,53.5833,-0.6167,United Kingdom,Frodingham [ofr20051294/deposit.csv]
Fe,53.6364,133.9042,Russia,Galamskoe [ofr20051294/deposit.csv]
Fe,53.8197,63.7031,Kazakhstan,Aleshinskoe [ofr20051294/deposit.csv]
Fe,54.0,92.5333,Russia,Irbinskoye [ofr20051294/deposit.csv]
Fe,54.15,88.2667,Russia,Lavrenovskoye [ofr20051294/deposit.csv]
Fe,54.2,93.0833,Russia,Odinochnoye [ofr20051294/deposit.csv]
Fe,55.7833,89.2,Russia,Barandatskoye [ofr20051294/deposit.csv]
Fe,56.4075,95.9558,Russia,Sokolovskoe [ofr20051294/deposit.csv]
Fe,56.5417,82.2083,Russia,Bakcharskoye [ofr20051294/deposit.csv]
Fe,57.6603,82.74,Russia,Kolpashevskoye [ofr20051294/deposit.csv]
Fe,57.7667,125.4333,Russia,Tayozhnoe 2 [ofr20051294/deposit.csv]
Fe,58.2667,94.55,Russia,Nizhne-Angarskoye [ofr20051294/deposit.csv]
Fe,58.3167,119.2833,Russia,Tarynnakh [ofr20051294/deposit.csv]
Fe,58.325,59.9186,Russia,Goroblagodatskoe [ofr20051294/deposit.csv]
Fe,58.3917,94.55,Russia,Udorongovskoye [ofr20051294/deposit.csv]
Fe,58.45,99.1333,Russia,Tagarskoye [ofr20051294/deposit.csv]
Fe,58.4511,80.9042,Russia,Parabel-Chuzikskoye [ofr20051294/deposit.csv]
Fe,58.5167,99.1,Russia,Pikhtovoye [ofr20051294/deposit.csv]
Fe,58.5167,103.75,Russia,Kapaevskoye 2 [ofr20051294/deposit.csv]
Fe,58.5917,98.3667,Russia,Levoberezhnoye [ofr20051294/deposit.csv]
Fe,58.6667,59.4833,Russia,Kachkanar [ofr20051294/deposit.csv]
Fe,58.8333,103.8,Russia,Nerjundinskoye [ofr20051294/deposit.csv]
Fe,59.1333,93.55,Russia,Lendakhskoye [ofr20051294/deposit.csv]
Fe,59.4833,92.4667,Russia,Enashiminskoye 2 [ofr20051294/deposit.csv]
Fe,59.5167,96.1417,Russia,Verkhne-Ollonokonskoye [ofr20051294/deposit.csv]
Fe,60.0167,101.55,Russia,Nizhne-Lakur-skoye 1 [ofr20051294/deposit.csv]
Fe,61.0,92.4167,Russia,Organovskoye [ofr20051294/deposit.csv]
Fe,61.55,93.15,Russia,Kamyshenskiy Baikitik [ofr20051294/deposit.csv]
Fe,62.5333,85.85,Russia,Eloguiskoye [ofr20051294/deposit.csv]
Fe,63.3506,158.3669,Russia,Verkhny-Omolon [ofr20051294/deposit.csv]
Fe,63.3667,91.2667,Russia,Suringdakonskoye [ofr20051294/deposit.csv]
Fe,64.0,-126.0,Canada,Snake River (Rapitan) [ofr20051294/deposit.csv]
Fe,64.5,-50.0,Kalaallit Nunaat (Greenland),Isua [ofr20051294/deposit.csv]
Fe,64.7167,30.5,Russia,Kostamuksha [ofr20051294/deposit.csv]
Fe,65.85,85.4417,Russia,Turukhanskoye [ofr20051294/deposit.csv]
Fe,67.5,20.1167,Sweden,Kiruna [ofr20051294/deposit.csv]
Fe,67.5667,30.4,Russia,Kovdor [ofr20051294/deposit.csv]
Fe,68.2667,33.0833,Russia,Olenegorskoye [ofr20051294/deposit.csv]
Fe,68.6686,32.4006,Russia,"Gremjakha-Vyrmes Group (Vostochnoe, Zapadnoe) [ofr20051294/deposit.csv]"
Fe,69.2667,102.25,Russia,Esseiy 1 [ofr20051294/deposit.csv]
Fe,71.0,101.8,Russia,Gulinskoye 1 [ofr20051294/deposit.csv]
Li,-33.8594,116.0653,Australia,Greenbushes [ofr20051294/deposit.csv]
Li,-28.7167,18.8,Namibia,Tantalite Valley [ofr20051294/deposit.csv]
Li,-27.0,30.7333,South Africa,Piet Retief Witkop 507 [ofr20051294/deposit.csv]
Li,-25.3833,-67.1,Argentina,Salar del Hombre Muerto [ofr20051294/deposit.csv]
Li,-23.5539,-68.4072,Chile,Salar de Atacama [ofr20051294/deposit.csv]
Li,-22.15,16.0,Namibia,Karibib District [ofr20051294/deposit.csv]
Li,-22.0,15.6167,Namibia,Usakos [ofr20051294/deposit.csv]
Li,-20.1666,-67.5,Bolivia,Salar de Uyuni [ofr20051294/deposit.csv]
Li,-19.95,31.4333,Zimbabwe,Bikita (Mdara) [ofr20051294/deposit.csv]
Li,-16.717,-41.933,Brazil,Aracuai [ofr20051294/deposit.csv]
Li,-15.775,38.2625,Mozambique,Nanro [ofr20051294/deposit.csv]
Li,-15.7125,38.2125,Mozambique,Maridge [ofr20051294/deposit.csv]
Li,-15.5792,38.3333,Mozambique,Nahora (Nahoza) [ofr20051294/deposit.csv]
Li,-7.325,27.3833,Congo (Kinshasa),Kitotolo [ofr20051294/deposit.csv]
Li,-7.2792,27.45,Congo (Kinshasa),Manono [ofr20051294/deposit.csv]
Li,-1.6667,29.2333,Congo (Kinshasa),Bishasha (Mumba and Kasangura deposits) [ofr20051294/deposit.csv]
Li,0.5833,32.9167,Uganda,Gamba Hill Nampeyo [ofr20051294/deposit.csv]
Li,11.4167,-7.4833,Mali,Sinsinkourou [ofr20051294/deposit.csv]
Li,34.755,-116.431,United States,Hector [ofr20051294/deposit.csv]
Li,35.25,-81.342,United States,Kings Mountain [ofr20051294/deposit.csv]
Li,35.333,-81.167,United States,Bessemer City [ofr20051294/deposit.csv]
Li,35.3928,71.0144,Afghanistan,Pasghushta [ofr20051294/deposit.csv]
Li,35.777,-118.4,United States,Searles Lake [ofr20051294/deposit.csv]
Li,37.5,95.0,China,Qaidam Qarhan [ofr20051294/deposit.csv]
Li,37.75,-117.633,United States,Silver Peak (Clayton Valley) [ofr20051294/deposit.csv]
Li,40.5,-7.3333,Portugal,Guarda [ofr20051294/deposit.csv]
Li,40.914,-112.733,United States,Great Salt Lake [ofr20051294/deposit.csv]
Li,41.767,-118.108,United States,Montana Mountains [ofr20051294/deposit.csv]
Li,43.939,-86.433,United States,Michigan Basin - Ludington Operation [ofr20051294/deposit.csv]
Li,49.8833,97.3,Russia,Tastygskoye [ofr20051294/deposit.csv]
Li,50.2667,-94.5,Canada,Big Whopper [ofr20051294/deposit.csv]
Li,50.4333,-95.45,Canada,Tanco (Bernic Lake) [ofr20051294/deposit.csv]
NiCo,-33.6464,120.3947,Australia,Ravensthorpe [laterite/main.csv]
NiCo,-31.2,121.67,Australia,Kambalda [ofr20051294/deposit.csv]
NiCo,-30.95,29.3,South Africa,Insizwa [ofr20051294/deposit.csv]
NiCo,-30.6875,121.8244,Australia,Bulong [laterite/main.csv]
NiCo,-30.3778,121.1539,Australia,Cawse [laterite/main.csv]
NiCo,-30.2397,120.9956,Australia,Ora Banda [laterite/main.csv]
NiCo,-28.7678,121.8911,Australia,Murrin Murrin [laterite/main.csv]
NiCo,-27.7167,120.5333,Australia,Mt Keith [ofr20051294/deposit.csv]
NiCo,-27.4667,120.7,Australia,Agnew/Leinster [ofr20051294/deposit.csv]
NiCo,-26.0644,128.9692,Australia,Wingellina [laterite/main.csv]
NiCo,-26.0069,129.1831,Australia,Claude Hills [laterite/main.csv]
NiCo,-25.7033,27.4461,South Africa,Western Bushveld [ofr20051294/deposit.csv]
NiCo,-25.6833,27.5333,South Africa,Western Platinum [ofr20051294/deposit.csv]
NiCo,-25.6667,27.3333,South Africa,"Rustenburg (Amplats, Union Section, Amandelbult Section, RPM) [ofr20051294/deposit.csv]"
NiCo,-25.6666,30.5,South Africa,Nkomati [ofr20051294/deposit.csv]
NiCo,-25.55,27.2167,South Africa,Impala [ofr20051294/deposit.csv]
NiCo,-25.5,27.25,South Africa,Bafokeng South [ofr20051294/deposit.csv]
NiCo,-25.4167,29.25,South Africa,Blaavwbank [ofr20051294/deposit.csv]
NiCo,-25.3417,27.0194,South Africa,Vlackfontein 902 [ofr20051294/deposit.csv]
NiCo,-24.8958,30.125,South Africa,Tweefontein [ofr20051294/deposit.csv]
NiCo,-24.7833,27.2833,South Africa,Amandelbult [ofr20051294/deposit.csv]
NiCo,-24.7308,-48.0806,Brazil,Jacupiranga [laterite/main.csv]
NiCo,-24.5,28.5,South Africa,Merensky Reef [ofr20051294/deposit.csv]
NiCo,-24.3217,29.8414,South Africa,"Atok (Lebowa, Leplats, Middelpunk Hill, Lobewa) [ofr20051294/deposit.csv]"
NiCo,-24.2917,29.875,South Africa,Eastern Bushveld Sector: Merensky Reef [ofr20051294/deposit.csv]
NiCo,-24.025,28.8208,South Africa,"Pp Rust (Potgietersrus, Pots Plat, Sandsloot Pit, Zwartfontein Pits, Tweefontein Pits, Platreef Pit, [ofr20051294/deposit.csv]"
NiCo,-24.0,28.8333,South Africa,Platreef [ofr20051294/deposit.csv]
NiCo,-24.0,28.8544,South Africa,Vaalkop - Zwartfontein Section [ofr20051294/deposit.csv]
NiCo,-23.9167,28.8833,South Africa,Drenthe 778 [ofr20051294/deposit.csv]
NiCo,-23.8333,28.8833,South Africa,Dorst Land 768 [ofr20051294/deposit.csv]
NiCo,-23.0394,150.3031,Australia,Brolga [laterite/main.csv]
NiCo,-23.0083,149.8917,Australia,Marlborough [laterite/main.csv]
NiCo,-22.3164,166.8061,New Caledonia,Prony [laterite/main.csv]
NiCo,-22.3047,166.9322,New Caledonia,Goro [laterite/main.csv]
NiCo,-21.9167,27.8333,Botswana,"Pikwe (Phikwe, Selebi-Phikwe - Selebi-Pakwe) [ofr20051294/deposit.csv]"
NiCo,-21.85,47.2167,Madagascar,Valozoro [ofr20051294/deposit.csv]
NiCo,-21.6167,166.1667,New Caledonia,Thio district [ofr20051294/deposit.csv]
NiCo,-21.6153,166.1819,New Caledonia,Thio [laterite/main.csv]
NiCo,-21.5139,166.0522,New Caledonia,Nakety [laterite/main.csv]
NiCo,-21.4153,165.7386,New Caledonia,Kouaoua [laterite/main.csv]
NiCo,-21.4,165.75,New Caledonia,Kouaoua [ofr20051294/deposit.csv]
NiCo,-21.3167,165.7,New Caledonia,Poro district [ofr20051294/deposit.csv]
NiCo,-21.3094,165.7353,New Caledonia,Poro [laterite/main.csv]
NiCo,-21.2667,27.7333,Botswana,Selkirk Mine [ofr20051294/deposit.csv]
NiCo,-21.2217,165.0417,New Caledonia,Nepoui [laterite/main.csv]
NiCo,-21.15,165.4833,New Caledonia,Moneo [ofr20051294/deposit.csv]
NiCo,-21.0408,164.8206,New Caledonia,Koniambo [laterite/main.csv]
NiCo,-20.9075,46.9975,Madagascar,Valozoro [laterite/main.csv]
NiCo,-20.7428,-46.8694,Brazil,Morro do Niquel [laterite/main.csv]
NiCo,-20.4447,164.2172,New Caledonia,Ti�baghi [laterite/main.csv]
NiCo,-20.4167,29.25,Zimbabwe,Epoch [ofr20051294/deposit.csv]
NiCo,-20.2908,29.8083,Zimbabwe,Wedza (Mimosa) [ofr20051294/deposit.csv]
NiCo,-20.2517,164.0392,New Caledonia,Poum [laterite/main.csv]
NiCo,-19.8897,-41.735,Brazil,Ipanema [laterite/main.csv]
NiCo,-19.6667,29.25,Zimbabwe,Shangani [ofr20051294/deposit.csv]
NiCo,-18.9703,144.9347,Australia,Greenvale [laterite/main.csv]
NiCo,-18.9167,144.9833,Australia,Greenvale [ofr20051294/deposit.csv]
NiCo,-18.8678,48.3531,Madagascar,Ambatovy [laterite/main.csv]
NiCo,-18.8456,48.3708,Madagascar,Analumay [laterite/main.csv]
NiCo,-18.7833,48.1833,Madagascar,Ambatovy-Analamay [ofr20051294/deposit.csv]
NiCo,-18.75,30.3292,Zimbabwe,Ngezi (Bee) [ofr20051294/deposit.csv]
NiCo,-18.4667,29.4167,Zimbabwe,Empress [ofr20051294/deposit.csv]
NiCo,-18.0,29.9,Zimbabwe,Perseverence [ofr20051294/deposit.csv]
NiCo,-17.3,31.3333,Zimbabwe,Trojan [ofr20051294/deposit.csv]
NiCo,-17.0833,31.8333,Zimbabwe,Madziwa [ofr20051294/deposit.csv]
NiCo,-15.6689,-51.12,Brazil,Santa Fe [laterite/main.csv]
NiCo,-15.5319,-51.6714,Brazil,Morro de Engenho [laterite/main.csv]
NiCo,-15.1003,-49.0008,Brazil,Barro Alto [laterite/main.csv]
NiCo,-15.05,-48.8,Brazil,Barro Alto [ofr20051294/deposit.csv]
NiCo,-14.55,-48.3833,Brazil,Niquelandia/Tocantins [ofr20051294/deposit.csv]
NiCo,-14.3533,-48.3958,Brazil,Niquelandia [laterite/main.csv]
NiCo,-14.3333,29.5,Zimbabwe,Hunters Road [ofr20051294/deposit.csv]
NiCo,-13.0,28.1667,Zambia,Baluba [ofr20051294/deposit.csv]
NiCo,-12.8333,28.2,Zambia,Nkana (Mindola) [ofr20051294/deposit.csv]
NiCo,-12.8283,28.1056,Zambia,Chibuluma [ofr20051294/deposit.csv]
NiCo,-12.5333,27.85,Zambia,Nchanga [ofr20051294/deposit.csv]
NiCo,-12.3333,27.75,Zambia,Bancroft [ofr20051294/deposit.csv]
NiCo,-12.2667,27.7,Congo (Kinshasa),Musoshi [ofr20051294/deposit.csv]
NiCo,-12.2667,27.95,Congo (Kinshasa),Tshinsenda [ofr20051294/deposit.csv]
NiCo,-11.0,26.9167,Congo (Kinshasa),"Shinkolobwe (Shinkolobowe, Signal, Kasolo) [ofr20051294/deposit.csv]"
NiCo,-10.9667,26.7833,Congo (Kinshasa),Shituru (Likasi) [ofr20051294/deposit.csv]
NiCo,-10.8667,26.6,Congo (Kinshasa),Kambove [ofr20051294/deposit.csv]
NiCo,-10.85,26.5833,Congo (Kinshasa),Sesa (M'sesa) [ofr20051294/deposit.csv]
NiCo,-10.8333,26.5667,Congo (Kinshasa),Kazibizi [ofr20051294/deposit.csv]
NiCo,-10.7333,25.3667,Congo (Kinshasa),Dikuluwe [ofr20051294/deposit.csv]
NiCo,-10.7333,26.3833,Congo (Kinshasa),Kakanda [ofr20051294/deposit.csv]
NiCo,-10.7167,25.4167,Congo (Kinshasa),Kamoto [ofr20051294/deposit.csv]
NiCo,-10.7167,25.4833,Congo (Kinshasa),Kolwezi [ofr20051294/deposit.csv]
NiCo,-10.7,25.4167,Congo (Kinshasa),Mupine [ofr20051294/deposit.csv]
NiCo,-10.7,25.45,Congo (Kinshasa),Musonoi [ofr20051294/deposit.csv]
NiCo,-10.6667,25.55,Congo (Kinshasa),Mutoshi (Ruwe) [ofr20051294/deposit.csv]
NiCo,-9.6828,148.9606,Papua New Guinea,Wowo Gap [laterite/main.csv]
NiCo,-9.5561,-42.7836,Brazil,S�o Jo�o do Piau� [laterite/main.csv]
NiCo,-8.6181,-49.6969,Brazil,Quatipuru [laterite/main.csv]
NiCo,-8.3869,159.7139,Solomon Islands,Isabela Island [laterite/main.csv]
NiCo,-7.7875,-49.3511,Brazil,Vila Oito [laterite/main.csv]
NiCo,-6.9689,-49.2594,Brazil,Vale dos Sonhos [laterite/main.csv]
NiCo,-6.8461,-49.325,Brazil,Serra do Tapa [laterite/main.csv]
NiCo,-6.5144,-51.0503,Brazil,On�a-Puma Project [laterite/main.csv]
NiCo,-6.2364,-49.7503,Brazil,Vermelho [laterite/main.csv]
NiCo,-6.2131,-52.8631,Brazil,Jacar� [laterite/main.csv]
NiCo,-5.5256,145.1875,Papua New Guinea,Ramu [laterite/main.csv]
NiCo,-4.1986,121.6042,Indonesia,Pomalaa [laterite/main.csv]
NiCo,-4.0667,121.75,Indonesia,Pomalaa [ofr20051294/deposit.csv]
NiCo,-3.7872,30.1878,Burundi,Musongati [laterite/main.csv]
NiCo,-3.75,30.25,Burundi,Musongati [ofr20051294/deposit.csv]
NiCo,-3.5619,29.9108,Burundi,Waga [laterite/main.csv]
NiCo,-3.2764,30.09,Burundi,Nyabikere [laterite/main.csv]
NiCo,-3.1719,115.2864,Indonesia,S.E. Kalimantan [laterite/main.csv]
NiCo,-2.7039,121.9278,Indonesia,La Sampala [laterite/main.csv]
NiCo,-2.5269,121.3478,Indonesia,Soroako [laterite/main.csv]
NiCo,-2.4869,140.3733,Indonesia,Cycloops [laterite/main.csv]
NiCo,-2.1333,121.1667,Indonesia,Soroako [ofr20051294/deposit.csv]
NiCo,-1.5,31.0,Tanzania,Kabanga [ofr20051294/deposit.csv]
NiCo,-1.4536,127.4794,Indonesia,Obi [laterite/main.csv]
NiCo,-0.4947,127.9422,Indonesia,Halmahera/Weda Bay [laterite/main.csv]
NiCo,-0.4667,130.8833,Indonesia,Gagu [ofr20051294/deposit.csv]
NiCo,-0.4522,129.8822,Indonesia,Gag Island [laterite/main.csv]
NiCo,-0.0764,129.4339,Indonesia,Gebe Island [laterite/main.csv]
NiCo,-0.05,129.8667,Indonesia,Waigeo [ofr20051294/deposit.csv]
NiCo,0.2333,30.0167,Uganda,Kilembe [ofr20051294/deposit.csv]
NiCo,0.8444,128.2739,Indonesia,Buli [laterite/main.csv]
NiCo,1.65,35.3833,Kenya,Telot West Pokot [ofr20051294/deposit.csv]
NiCo,3.2664,13.8131,Cameroon,Nkamouna [laterite/main.csv]
NiCo,5.0,39.0,Ethiopia,Sidamo [ofr20051294/deposit.csv]
NiCo,5.5,39.0,Ethiopia,Budussa Mountain [ofr20051294/deposit.csv]
NiCo,5.51,38.91,Ethiopia,Sidamo [laterite/main.csv]
NiCo,6.7625,126.1481,Philippines,Pujada [laterite/main.csv]
NiCo,7.7439,-7.6156,C�te d�Ivoire (Ivory  Coast),Tiuba-Biankouma [laterite/main.csv]
NiCo,7.9,-7.9333,Côte DIvoire,Biankouma (Touba) [ofr20051294/deposit.csv]
NiCo,7.905,-75.5533,Colombia,Cerro Matoso [laterite/main.csv]
NiCo,7.9167,-75.5833,Colombia,Cerro Matoso [ofr20051294/deposit.csv]
NiCo,8.5686,117.4239,Philippines,Rio Tuba [laterite/main.csv]
NiCo,8.7,117.3333,Philippines,Rio Tuba [ofr20051294/deposit.csv]
NiCo,8.9675,117.975,Philippines,Ipilan [laterite/main.csv]
NiCo,8.97,35.45,Ethiopia,Yubdo [ofr20051294/deposit.csv]
NiCo,9.2842,125.5228,Philippines,Agata [laterite/main.csv]
NiCo,9.3911,118.1433,Philippines,Berong [laterite/main.csv]
NiCo,9.5289,125.8275,Philippines,Taganito/Adlay [laterite/main.csv]
NiCo,9.6483,118.3825,Philippines,Long Point [laterite/main.csv]
NiCo,9.8428,125.6194,Philippines,Nonoc [laterite/main.csv]
NiCo,9.9181,125.6647,Philippines,Cagdianao [laterite/main.csv]
NiCo,10.0022,-67.4308,Venezuela,Loma de Hierro [laterite/main.csv]
NiCo,10.2,125.6333,Philippines,Nonoc I [ofr20051294/deposit.csv]
NiCo,10.3333,-67.3333,Venezuela,Loma de Hierro [ofr20051294/deposit.csv]
NiCo,10.3517,125.6161,Philippines,Casiguran [laterite/main.csv]
NiCo,10.4378,125.6647,Philippines,Rapid City [laterite/main.csv]
NiCo,10.9911,125.6394,Philippines,Manicani [laterite/main.csv]
NiCo,12.9422,121.0661,Philippines,Mindoro [laterite/main.csv]
NiCo,14.0183,123.3125,Philippines,Lagonoy [laterite/main.csv]
NiCo,15.0883,-90.5139,Guatemala,Baja Verapaz [laterite/main.csv]
NiCo,15.4331,-89.6644,Guatemala,Sechol [laterite/main.csv]
NiCo,15.5267,-89.3911,Guatemala,Exmibal [laterite/main.csv]
NiCo,15.5686,120.08,Philippines,Masinloc [laterite/main.csv]
NiCo,15.7242,120.0414,Philippines,Acoje/Zambales [laterite/main.csv]
NiCo,16.5,-89.3333,Guatemala,EXMIBAL mine [ofr20051294/deposit.csv]
NiCo,16.6731,122.3425,Philippines,New Frontier [laterite/main.csv]
NiCo,18.1264,-67.1578,Puerto Rico,Guanajibo [laterite/main.csv]
NiCo,18.1919,-67.1006,Puerto Rico,Las Mesas [laterite/main.csv]
NiCo,18.8831,-70.2831,Dominican Republic,Cumpi� Hill [laterite/main.csv]
NiCo,18.9292,-70.3519,Dominican Republic,Falcondo [laterite/main.csv]
NiCo,19.1667,-70.3833,Dominican Republic,Falconbridge Dominicana [ofr20051294/deposit.csv]
NiCo,20.5,84.8333,India,Sukinda [ofr20051294/deposit.csv]
NiCo,20.5353,-74.7044,Cuba,Taco Bay [laterite/main.csv]
NiCo,20.5392,-75.7186,Cuba,Pinares de Mayari [laterite/main.csv]
NiCo,20.5833,-74.85,Cuba,Punta Gorda [ofr20051294/deposit.csv]
NiCo,20.6,-75.6,Cuba,Nicaro [ofr20051294/deposit.csv]
NiCo,20.6025,-74.955,Cuba,Moa [laterite/main.csv]
NiCo,20.6167,-74.9667,Cuba,Moa [ofr20051294/deposit.csv]
NiCo,20.6258,-74.8922,Cuba,Punta Gorda [laterite/main.csv]
NiCo,20.6261,-75.5428,Cuba,Nicaro [laterite/main.csv]
NiCo,21.0133,85.7394,India,Bhimatangar [laterite/main.csv]
NiCo,21.0339,85.76,India,Kaliapani [laterite/main.csv]
NiCo,21.0547,85.8169,India,Saruabil [laterite/main.csv]
NiCo,21.0586,85.8564,India,Kansa [laterite/main.csv]
NiCo,21.5461,-77.9678,Cuba,San Felipe [laterite/main.csv]
NiCo,21.6778,86.4808,India,Simlipal [laterite/main.csv]
NiCo,22.7906,-83.4483,Cuba,Caj�lbana [laterite/main.csv]
NiCo,23.1167,97.35,Burma,Bawdwin [ofr20051294/deposit.csv]
NiCo,23.4594,94.0125,Myanmar (Burma),Mwetaung [laterite/main.csv]
NiCo,23.5,94.0,Burma,Mwaytung [ofr20051294/deposit.csv]
NiCo,23.5611,96.1589,Myanmar (Burma),Tagaung Taung [laterite/main.csv]
NiCo,23.6225,36.1428,Egypt,St John [ofr20051294/deposit.csv]
NiCo,26.2667,94.75,India,Tuesnsang [ofr20051294/deposit.csv]
NiCo,27.283,-112.3,Mexico,El Boleo [ofr20051294/deposit.csv]
NiCo,30.5333,-6.9167,Morocco,Bou Azzer [ofr20051294/deposit.csv]
NiCo,30.8333,-6.9167,Morocco,Aghbar (Arhbar) [ofr20051294/deposit.csv]
NiCo,35.0,1.0,Algeria,El Abed (Oued Zaunder) [ofr20051294/deposit.csv]
NiCo,38.4667,23.2833,Greece,Larymna/Euboea [ofr20051294/deposit.csv]
NiCo,38.4667,102.1,China,Jinchuan [ofr20051294/deposit.csv]
NiCo,38.5006,23.2619,Greece,Agios Ioannis [laterite/main.csv]
NiCo,38.5981,23.7075,Greece,Evia [laterite/main.csv]
NiCo,38.6164,27.7692,Turkey,�alda? [laterite/main.csv]
NiCo,40.5728,21.0972,Greece,Kastoria [laterite/main.csv]
NiCo,40.6783,20.9603,Albania,Devolli [laterite/main.csv]
NiCo,41.1706,21.9878,Macedonia,R�anovo [laterite/main.csv]
NiCo,41.2333,20.2667,Albania,Guri Kuq/Prrenjas [ofr20051294/deposit.csv]
NiCo,41.4667,21.05,Macedonia,Rzanovo [ofr20051294/deposit.csv]
NiCo,42.2236,21.2558,Kosovo (Serbia),Cikatova [laterite/main.csv]
NiCo,42.5436,21.0097,Kosovo (Serbia),Glavica [laterite/main.csv]
NiCo,42.9611,-123.4389,United States of America,Riddle [laterite/main.csv]
NiCo,43.5364,21.0536,Serbia,Veluce [laterite/main.csv]
NiCo,43.5867,20.8403,Serbia,Rudjinci [laterite/main.csv]
NiCo,43.7939,19.5058,Serbia,Mokra Gora [laterite/main.csv]
NiCo,44.962,-114.115,United States,Iron Creek [ofr20051294/deposit.csv]
NiCo,45.121,-114.339,United States,Blackbird [ofr20051294/deposit.csv]
NiCo,45.14,-114.36,United States,Ram (Idaho Cobalt Project) [ofr20051294/deposit.csv]
NiCo,46.4667,-81.1833,Canada,Creighton [ofr20051294/deposit.csv]
NiCo,46.4667,-81.0667,Canada,Copper Cliff [ofr20051294/deposit.csv]
NiCo,46.5167,-81.0667,Canada,Murray [ofr20051294/deposit.csv]
NiCo,46.5403,-80.9936,Canada,Frood - Stobie [ofr20051294/deposit.csv]
NiCo,46.5833,-80.8,Canada,Falconbridge [ofr20051294/deposit.csv]
NiCo,46.6509,-81.378,Canada,Levack [ofr20051294/deposit.csv]
NiCo,46.673,-81.342,Canada,Strathcona [ofr20051294/deposit.csv]
NiCo,46.8083,89.8347,China,Kalatongke [ofr20051294/deposit.csv]
NiCo,47.3833,-79.7167,Canada,Cobalt [ofr20051294/deposit.csv]
NiCo,47.61,-91.96,United States,Dunka Road - Northmet project [ofr20051294/deposit.csv]
NiCo,47.641,-91.883,United States,Babbit (Minnamax) - Mesaba project [ofr20051294/deposit.csv]
NiCo,47.801,-91.756,United States,Maturi [ofr20051294/deposit.csv]
NiCo,50.3367,58.2803,Kazakhstan,Kempirsai [laterite/main.csv]
NiCo,50.5872,58.0692,Kazakhstan,Oktjabr'skoe [ofr20051294/deposit.csv]
NiCo,50.5897,60.8956,Kazakhstan,Bochetkol'skoe [ofr20051294/deposit.csv]
NiCo,50.6122,78.7553,Kazakhstan,Gornostai [laterite/main.csv]
NiCo,50.8469,60.8344,Russia,Buruktal [laterite/main.csv]
NiCo,51.2069,58.23,Russia,Akkermanov [laterite/main.csv]
NiCo,51.7364,60.7761,Kazakhstan,"Kundybajskoe, Shevchenkovskoe [ofr20051294/deposit.csv]"
NiCo,51.8325,60.8997,Kazakhstan,Shevchenko [laterite/main.csv]
NiCo,53.3217,60.5039,Russia,Sakharinskoe [laterite/main.csv]
NiCo,55.7,-97.9167,Canada,Birchtree [ofr20051294/deposit.csv]
NiCo,55.7167,-97.85,Canada,Thompson [ofr20051294/deposit.csv]
NiCo,56.0686,60.3961,Russia,Sinarskoe [laterite/main.csv]
NiCo,56.1236,60.2964,Russia,Cheremshanskoe [laterite/main.csv]
NiCo,56.1692,60.2636,Russia,Rogozhinskoe [laterite/main.csv]
NiCo,56.4167,-62.0833,Canada,Voisey's Bay [ofr20051294/deposit.csv]
NiCo,57.4339,61.11,Russia,Lipovskoe [laterite/main.csv]
NiCo,58.6,7.8667,Norway,Flatt [ofr20051294/deposit.csv]
NiCo,59.7139,60.5589,Russia,Serovskoe [laterite/main.csv]
NiCo,59.7333,-137.7333,Canada,Windy Craggy [ofr20051294/deposit.csv]
NiCo,61.3333,24.9,Finland,Vammala [ofr20051294/deposit.csv]
NiCo,61.55,-73.45,Canada,Raglan [ofr20051294/deposit.csv]
NiCo,62.0833,28.9167,Finland,Enonkoski [ofr20051294/deposit.csv]
NiCo,62.2333,27.6167,Finland,Kotalahti [ofr20051294/deposit.csv]
NiCo,62.75,28.7,Finland,Vuonos/Keretti [ofr20051294/deposit.csv]
NiCo,63.85,25.05,Finland,Hitura [ofr20051294/deposit.csv]
NiCo,64.1333,28.4167,Finland,Lahnaslampi (Sotkamo) [ofr20051294/deposit.csv]
NiCo,67.8833,32.8333,Russia,Monchegorsk [ofr20051294/deposit.csv]
NiCo,69.5667,30.7333,Russia,Pechenga [ofr20051294/deposit.csv]
PGE,-18.25,-63.4,Bolivia,Rincon del Tigre [ofr20051294/deposit.csv]
PGE,-5.9,-49.7,Brazil,Serra Pelada [ofr20051294/deposit.csv]
PGE,5.1,-76.6667,Colombia,Choco platinum Surficials [ofr20051294/deposit.csv]
PGE,5.7,-76.65,Colombia,San Juan/Atrato Rivers [ofr20051294/deposit.csv]
PGE,34.4667,71.9,Pakistan,Sakhakot-Qila Ophio [ofr20051294/deposit.csv]
PGE,45.389,-109.874,United States,J - M Reef - Stillwater mine [ofr20051294/deposit.csv]
PGE,45.403,-110.007,United States,J - M Reef - East Boulder mine [ofr20051294/deposit.csv]
PGE,46.4667,-81.1833,Canada,Creighton [ofr20051294/deposit.csv]
PGE,46.4667,-81.0667,Canada,Copper Cliff [ofr20051294/deposit.csv]
PGE,46.5167,-81.0667,Canada,Murray [ofr20051294/deposit.csv]
PGE,46.5403,-80.9936,Canada,Frood - Stobie [ofr20051294/deposit.csv]
PGE,46.5833,-80.8,Canada,Falconbridge [ofr20051294/deposit.csv]
PGE,46.6509,-81.378,Canada,Levack [ofr20051294/deposit.csv]
PGE,46.673,-81.342,Canada,Strathcona [ofr20051294/deposit.csv]
PGE,49.1667,-89.6167,Canada,Lac des Iles [ofr20051294/deposit.csv]
PGE,55.7,-97.9167,Canada,Birchtree [ofr20051294/deposit.csv]
PGE,55.7167,-97.85,Canada,Thompson [ofr20051294/deposit.csv]
PGE,57.4656,58.8,Russia,Stepanoff Log [ofr20051294/deposit.csv]
PGE,57.5456,134.6319,Russia,Kondyor [ofr20051294/deposit.csv]
PGE,57.6408,59.7964,Russia,Solovyevskii Log [ofr20051294/deposit.csv]
PGE,58.7664,59.4725,Russia,Log No. 7 [ofr20051294/deposit.csv]
PGE,58.8275,59.4183,Russia,Malaia Prostokischenka [ofr20051294/deposit.csv]
PGE,58.9017,59.7064,Russia,Alexii-Olginsky Log [ofr20051294/deposit.csv]
PGE,58.9547,59.5994,Russia,Niasma River [ofr20051294/deposit.csv]
PGE,61.55,-73.45,Canada,Raglan [ofr20051294/deposit.csv]
PGE,63.4333,22.75,Finland,Portimo [ofr20051294/deposit.csv]
PGE,69.3333,88.1,Russia,Noril'sk-Talnakh [ofr20051294/deposit.csv]
REE,-42.2333,171.3167,New Zealand,Barrytown [ree/main.csv]
REE,-41.1,171.4,New Zealand,"Westport (inclueds Nine Mile Beach, Carters Beach) [ree/main.csv]"
REE,-39.9167,144.1,Australia,Naracoopa [ree/main.csv]
REE,-37.0,175.8667,New Zealand,Coromandel Peninsula [ree/main.csv]
REE,-36.7167,142.2,Australia,"WIM 150 (Drung South, CRA, Horsham) [ree/main.csv]"
REE,-35.2,-55.8,Uruguay,Atlantida [ree/main.csv]
REE,-35.0833,142.75,Australia,Kulwin (Koolwin) [ree/main.csv]
REE,-34.95,140.1333,Australia,Sandalwood [ree/main.csv]
REE,-34.9167,142.75,Australia,Wemen [ree/main.csv]
REE,-34.5667,118.75,Australia,Cheyne Bay [ree/main.csv]
REE,-34.3667,115.6167,Australia,Jangardup [ree/main.csv]
REE,-34.25,-53.7167,Uruguay,Aguas Dulces [ree/main.csv]
REE,-33.6667,115.3833,Australia,Busselton East [ree/main.csv]
REE,-33.65,115.55,Australia,Yoganup (Yoganup Central) [ree/main.csv]
REE,-33.6167,115.4167,Australia,Wonnerup [ree/main.csv]
REE,-33.6167,115.45,Australia,Capel South [ree/main.csv]
REE,-33.6,115.6667,Australia,Yoganup Extended [ree/main.csv]
REE,-33.5833,115.6,Australia,Higgins [ree/main.csv]
REE,-33.55,115.55,Australia,Capel [ree/main.csv]
REE,-33.5167,115.5833,Australia,Capel (North Capel) [ree/main.csv]
REE,-33.4833,115.7333,Australia,Yoganup North (Boyanup) [ree/main.csv]
REE,-33.4667,115.5667,Australia,Minninup [ree/main.csv]
REE,-33.4667,115.5833,Australia,Stratham South [ree/main.csv]
REE,-33.4,115.75,Australia,Dardanup [ree/main.csv]
REE,-33.3167,115.6333,Australia,Bunbury [ree/main.csv]
REE,-33.3167,115.65,Australia,Koombana Bay [ree/main.csv]
REE,-33.2333,115.75,Australia,Australind [ree/main.csv]
REE,-33.2,138.0,Australia,Port Pirie (Radium Hill) [ree/main.csv]
REE,-33.2,151.5833,Australia,Munmorah [ree/main.csv]
REE,-33.0833,141.25,Australia,Massidon (Murray Basin) [ree/main.csv]
REE,-32.9667,115.9,Australia,Yarloop [ree/main.csv]
REE,-32.9167,151.75,Australia,Newcastle [ree/main.csv]
REE,-32.85,115.9167,Australia,Waroona (Hamel) [ree/main.csv]
REE,-32.8333,115.9167,Australia,Waroona (Hamel) [ree/main.csv]
REE,-32.8333,151.7833,Australia,Fullerton [ree/main.csv]
REE,-32.8333,151.85,Australia,Stockton (Stockton Bight) [ree/main.csv]
REE,-32.8,151.7167,Australia,"Tomago (Newcastle, Clybucca) [ree/main.csv]"
REE,-32.6667,152.15,Australia,Durness (Tea Garden) [ree/main.csv]
REE,-32.6667,152.1667,Australia,Hawks Nest [ree/main.csv]
REE,-32.6167,152.1167,Australia,Viney Creek [ree/main.csv]
REE,-32.4333,148.6,Australia,Toongi  (Dubbo) [ree/main.csv]
REE,-32.4167,152.4667,Australia,Bridge Hill Ridge [ree/main.csv]
REE,-32.0333,-64.2,Argentina,Rio Tercero [ree/main.csv]
REE,-32.0,152.5,Australia,Nabiac [ree/main.csv]
REE,-31.8667,152.7,Australia,Harrington [ree/main.csv]
REE,-31.5,152.8833,Australia,Lake Innes [ree/main.csv]
REE,-31.4,115.9333,Australia,Gingin [ree/main.csv]
REE,-31.0,-67.5,Argentina,Valle Fertil [ree/main.csv]
REE,-30.8842,17.9419,South Africa,Sandkopfsdrif [carbonatite/main.csv]
REE,-30.8833,17.95,South Africa,Sandkopsdrif (Zandkops Drift) [ree/main.csv]
REE,-30.7167,115.5167,Australia,Cataby [ree/main.csv]
REE,-30.6667,115.3333,Australia,Coojarloo [ree/main.csv]
REE,-30.45,136.8833,Australia,Olympic Dam [ree/main.csv]
REE,-30.3167,115.1667,Australia,Jurien Bay [ree/main.csv]
REE,-29.9167,115.25,Australia,Eneabba West [ree/main.csv]
REE,-29.9,115.2667,Australia,Allied Eneabba [ree/main.csv]
REE,-29.7833,115.2167,Australia,Eneabba [ree/main.csv]
REE,-29.6167,115.3333,Australia,Eneabba North [ree/main.csv]
REE,-29.25,114.9333,Australia,Dongara [ree/main.csv]
REE,-29.0833,153.4333,Australia,Evans Head- Yuraygir National Park area [ree/main.csv]
REE,-29.0,153.5333,Australia,Kirra [ree/main.csv]
REE,-28.8667,122.5333,Australia,Mount Weld [ofr20051294/deposit.csv]
REE,-28.8667,122.55,Australia,Mount Weld [ree/main.csv]
REE,-28.8644,122.5481,Australia,Mount Weld [carbonatite/main.csv]
REE,-28.8,31.3333,South Africa,Wangu Hill [ree/main.csv]
REE,-28.7667,153.5667,Australia,Newrybar [ree/main.csv]
REE,-28.7,32.1667,South Africa,Richards Bay [ree/main.csv]
REE,-28.2667,153.5667,Australia,Kingscliff (Cudgen) [ree/main.csv]
REE,-28.1667,17.4167,Namibia,Marinkas Quellen (Marinkas Kwela) [ree/main.csv]
REE,-28.1333,153.4833,Australia,Currumbin [ree/main.csv]
REE,-28.0,153.4167,Australia,Gold Coast [ree/main.csv]
REE,-27.8,-49.0833,Brazil,Anitápolis [ree/main.csv]
REE,-27.5833,153.45,Australia,North Stradbroke [ree/main.csv]
REE,-27.4333,153.1167,Australia,Pinkenba [ree/main.csv]
REE,-27.4,153.4333,Australia,Amity [ree/main.csv]
REE,-27.1833,153.4,Australia,Moreton Island [ree/main.csv]
REE,-26.1833,152.6667,Australia,Gympie [ree/main.csv]
REE,-26.0833,153.1167,Australia,Cooloola [ree/main.csv]
REE,-25.9,153.0833,Australia,Rainbow Beach [ree/main.csv]
REE,-25.4333,27.4333,South Africa,Welgevonden [ree/main.csv]
REE,-25.3667,153.1167,Australia,Fraser Island (Frazer Island) [ree/main.csv]
REE,-25.2333,27.0667,South Africa,"Pilansberg Complex (Pilanesberg, Pilaan's berg) [ree/main.csv]"
REE,-25.1333,26.2,South Africa,Goudini [ree/main.csv]
REE,-25.05,27.5,South Africa,"Nooitgedacht (Gelukshoek, Nooitgedagt) [ree/main.csv]"
REE,-25.0333,47.0,Madagascar,Tolagnaro [ree/main.csv]
REE,-25.0,47.0,Madagascar,Fort Dauphine [ree/main.csv]
REE,-24.75,-49.2,Brazil,Mato Preto [ree/main.csv]
REE,-24.7008,-48.1325,Brazil,Jacupiranga [carbonatite/main.csv]
REE,-24.6833,-49.2167,Brazil,Barra do Itapirapua [ree/main.csv]
REE,-24.6833,27.35,South Africa,Glenover [ree/main.csv]
REE,-24.5,28.5,South Africa,Buffalo Fluorspar [ree/main.csv]
REE,-24.2167,151.9,Australia,Agnes Waters (Rocky Point) [ree/main.csv]
REE,-24.1333,-46.8,Brazil,Itanhaem [ree/main.csv]
REE,-23.9792,31.1244,South Africa,Phalaborwa [carbonatite/main.csv]
REE,-23.8833,116.1667,Australia,Yangibana [ree/main.csv]
REE,-23.8689,27.1628,South Africa,Glenover [carbonatite/main.csv]
REE,-23.8333,151.25,Australia,Gladstone Mainland [ree/main.csv]
REE,-23.6333,151.1667,Australia,Curtis Island [ree/main.csv]
REE,-23.0667,134.55,Australia,Alice Springs [ree/main.csv]
REE,-22.8,150.7667,Australia,Byfield (Bayfield) [ree/main.csv]
REE,-22.65,-55.95,Paraguay,Chiriguelo [ree/main.csv]
REE,-22.5833,133.2333,Australia,Nolan's Bore [ree/main.csv]
REE,-22.5333,-44.7667,Brazil,Se Petiba [ree/main.csv]
REE,-22.0558,15.2636,Namibia,Eureka [carbonatite/main.csv]
REE,-22.0333,-45.7,Brazil,Careacu [ree/main.csv]
REE,-21.9667,15.3167,Namibia,Eureka [ree/main.csv]
REE,-21.9333,-45.6667,Brazil,Sao Gonçalo do Sapucai area [ree/main.csv]
REE,-21.9167,-46.5667,Brazil,Pocos de Caldas (Morro do Ferro) [ree/main.csv]
REE,-21.5167,-41.0833,Brazil,"Buena (Buena Norte, Buena Sul) [ree/main.csv]"
REE,-21.5,119.4,Australia,Cooglegong [ree/main.csv]
REE,-21.3833,-41.05,Brazil,Sao Joao de Barra (Barra Sao Joao) [ree/main.csv]
REE,-21.1667,-40.9167,Brazil,"Itapemirim (Boa Vista, Siri) [ree/main.csv]"
REE,-21.1667,14.5,Namibia,Amis Complex [ree/main.csv]
REE,-21.1333,14.55,Namibia,Brandberg Complex [ree/main.csv]
REE,-20.8333,13.4167,Namibia,Toscanini [ree/main.csv]
REE,-20.8194,16.1325,Namibia,Kalkfeld [carbonatite/main.csv]
REE,-20.8,-40.5,Brazil,"Guarapari (Praia do Vaz, Vila Velha, Rastinga, Canto do Riacho, Praia de Diogo) [ree/main.csv]"
REE,-20.8,16.1167,Namibia,Kalkfeld (Etaneno) [ree/main.csv]
REE,-20.7697,16.2544,Namibia,Ondurukurume [carbonatite/main.csv]
REE,-20.7667,-40.5833,Brazil,"Anchieta (Parati, Imbiri, Pipa de Viho, Mãebá) [ree/main.csv]"
REE,-20.7333,140.0167,Australia,Mary Kathleen [ree/main.csv]
REE,-20.5833,46.6333,Madagascar,Itremo [ree/main.csv]
REE,-20.45,46.95,Madagascar,Ambatofinandrahana igneous complex [ree/main.csv]
REE,-20.35,14.75,Namibia,Lofdal-Bergville [ree/main.csv]
REE,-20.1667,-39.3333,Brazil,Serra (Jacareipe) [ree/main.csv]
REE,-20.0333,16.7667,Namibia,Okorusu Complex [ree/main.csv]
REE,-19.9667,-40.15,Brazil,Aracruz [ree/main.csv]
REE,-19.9,-46.8667,Brazil,Tapira [ree/main.csv]
REE,-19.8833,148.0833,Australia,Bowen (Abbot Point) [ree/main.csv]
REE,-19.867,-46.833,Brazil,Tapira [ofr20051294/deposit.csv]
REE,-19.8644,-46.8358,Brazil,Tapira [carbonatite/main.csv]
REE,-19.6611,-46.9419,Brazil,Araxa [carbonatite/main.csv]
REE,-19.6333,-46.9333,Brazil,Araxa (Barreiro) [ree/main.csv]
REE,-19.6333,-40.8833,Brazil,Sao Mateus [ree/main.csv]
REE,-19.2867,127.1625,Australia,Cummins Range [carbonatite/main.csv]
REE,-19.0342,-46.7811,Brazil,Salitre [carbonatite/main.csv]
REE,-18.9203,-46.8867,Brazil,Serra Negra [carbonatite/main.csv]
REE,-18.9167,-46.8333,Brazil,Serra Negra [ree/main.csv]
REE,-18.45,12.0833,Namibia,Agate Mountain [ree/main.csv]
REE,-18.3667,-40.7,Brazil,"Cumuruxatiba (Curumuxatiba, Comoxatiba) [ree/main.csv]"
REE,-18.3167,127.7667,Australia,Brockman [ree/main.csv]
REE,-18.25,-47.7833,Brazil,Catalão I [ree/main.csv]
REE,-18.13,-47.7997,Brazil,Catalao I [carbonatite/main.csv]
REE,-18.0481,-47.8744,Brazil,Catalao II [carbonatite/main.csv]
REE,-18.0333,-47.8667,Brazil,Catalão II [ree/main.csv]
REE,-17.8833,36.85,Mozambique,Quelemane [ree/main.csv]
REE,-17.4,-39.2,Brazil,Prado area [ree/main.csv]
REE,-17.25,-39.2333,Brazil,Alcobaça [ree/main.csv]
REE,-17.1833,13.7,Angola,"Lupongola (Lupulonga, Chitado) [ree/main.csv]"
REE,-17.15,37.8333,Madagascar,Pebane district [ree/main.csv]
REE,-17.0167,38.4833,Mozambique,Moebase (Moebane) [ree/main.csv]
REE,-16.8333,123.4167,Australia,King Sound [ree/main.csv]
REE,-16.4667,32.15,Zimbabwe,Kapfrugwa (Gungwa) [ree/main.csv]
REE,-16.4333,-39.0833,Brazil,Porto Seguro District [ree/main.csv]
REE,-16.3667,-51.5333,Brazil,Arenopolis (Areianopolis) [ree/main.csv]
REE,-16.3,12.9333,Angola,Virulundo [ree/main.csv]
REE,-16.2833,48.9833,Madagascar,Vohibarika area [ree/main.csv]
REE,-16.0333,37.0833,Mozambique,Ile (Namatacatue) [ree/main.csv]
REE,-16.0167,40.0833,Mozambique,"Congolone (Moma-Congolone, Ancoche) [ree/main.csv]"
REE,-16.0,-51.75,Brazil,Caiapo [ree/main.csv]
REE,-15.8833,28.45,Zambia,Keshya [ree/main.csv]
REE,-15.75,39.0,Mozambique,Alto Ligonha [ree/main.csv]
REE,-15.5392,35.8075,Malawi,Tundulu [carbonatite/main.csv]
REE,-15.5333,31.2667,Mozambique,Cone Negosa (Negoza) [ree/main.csv]
REE,-15.5333,35.8,Malawi,Tundulu [ree/main.csv]
REE,-15.5,-60.7167,Bolivia,Cerro Manomo [ree/main.csv]
REE,-15.5,38.3167,Mozambique,M'Tomoti [ree/main.csv]
REE,-15.4167,34.7167,Malawi,Nsengwa [ree/main.csv]
REE,-15.4167,38.4167,Mozambique,Macotaia [ree/main.csv]
REE,-15.3833,40.2667,Mozambique,Moguiquel [ree/main.csv]
REE,-15.3317,35.6019,Malawi,Chilwa Island [carbonatite/main.csv]
REE,-15.2833,34.9167,Malawi,Kapiri [ree/main.csv]
REE,-15.1833,30.0167,Zambia,Kaluwe [ree/main.csv]
REE,-15.1333,34.9167,Malawi,Kangankunde [ree/main.csv]
REE,-15.125,34.9094,Malawi,Kangankunde [carbonatite/main.csv]
REE,-15.0333,35.2833,Malawi,Junguni [ree/main.csv]
REE,-14.75,26.8333,Zambia,"Sugar Loaf (Mumbwa North, NW Mumbwa) [ree/main.csv]"
REE,-14.4,40.35,Mozambique,Guilherme Group [ree/main.csv]
REE,-14.3167,13.8833,Angola,"Tchivira (Chivara, Quicuco) [ree/main.csv]"
REE,-14.2681,13.9672,Angola,Bonga [carbonatite/main.csv]
REE,-13.9833,31.6833,Zambia,Chilembwe (Petauke) [ree/main.csv]
REE,-13.8,48.0833,Madagascar,Ampasindava area-  Bezavona complex [ree/main.csv]
REE,-13.7167,13.1667,Angola,Lutala (Serra da Neve) [ree/main.csv]
REE,-13.6667,13.2333,Angola,Nejoio [ree/main.csv]
REE,-13.4667,48.3333,Madagascar,Nosy Komba [ree/main.csv]
REE,-13.45,34.9,Mozambique,Meponda [ree/main.csv]
REE,-12.85,15.25,Angola,Longonjo (Mt. Chibilundo) [ree/main.csv]
REE,-12.5167,15.2667,Angola,Coola [ree/main.csv]
REE,-12.3833,36.1833,Mozambique,Luicuisse (Lucuisse) [ree/main.csv]
REE,-12.1833,15.0333,Angola,Monte Verde [ree/main.csv]
REE,-12.15,15.95,Angola,Bailundo [ree/main.csv]
REE,-11.9,16.25,Angola,Capuia [ree/main.csv]
REE,-10.5,-36.4333,Brazil,Brejo Grande - Pacatuba [ree/main.csv]
REE,-10.1494,32.8517,Zambia,Nkombwa Hill [carbonatite/main.csv]
REE,-10.05,34.5167,Tanzania,Makonde [ree/main.csv]
REE,-9.55,33.2667,Malawi,Songwe Syenite (includes Ilomba and Ulindi intrusions) [ree/main.csv]
REE,-9.5167,33.1833,Malawi,Ilomba [ree/main.csv]
REE,-9.35,33.2667,Tanzania,Songwe Scarp [ree/main.csv]
REE,-9.0078,33.2481,Tanzania,Panda Hill [carbonatite/main.csv]
REE,-9.0,33.2333,Tanzania,Mbeya (Panda Hill) [ree/main.csv]
REE,-8.5333,-59.4667,Brazil,Sucunduri [ree/main.csv]
REE,-7.7,32.8333,Tanzania,Ngualla [ree/main.csv]
REE,-7.4333,37.5667,Tanzania,Wigu Hill [ree/main.csv]
REE,-6.9,-35.0,Brazil,Camaratuba [ree/main.csv]
REE,-6.8,30.5167,Tanzania,"Sangu Carbonatite Group, Karema Depression (includes Ikola, Ikambwa, Middle carbonatites) [ree/main.csv]"
REE,-6.5,-35.0,Brazil,Mataraca [ree/main.csv]
REE,-4.4861,39.2528,Kenya,Mrima Hill [carbonatite/main.csv]
REE,-4.4167,-39.25,Kenya,Mrima Hill [ree/main.csv]
REE,-4.2667,13.9667,Angola,Bonga [ree/main.csv]
REE,-3.5022,29.4492,Burundi,Karonge [carbonatite/main.csv]
REE,-3.4167,29.4167,Burundi,Kasagwe [ree/main.csv]
REE,-2.9167,25.75,Congo (Zaire),Saulia [ree/main.csv]
REE,-2.8333,107.9167,Indonesia,Belitung (Billiton) [ree/main.csv]
REE,-2.25,106.0,Indonesia,Banka Island (Bangka) [ree/main.csv]
REE,-1.95,102.6667,Indonesia,Bukit Duabelas [ree/main.csv]
REE,-1.8833,-57.4167,Brazil,"Matum (Marum, Mutum) [ree/main.csv]"
REE,-1.0833,29.3,Congo (Zaire),Kirumba [ree/main.csv]
REE,-0.9867,29.1408,Democratic Republic of Congo,Lueshe [carbonatite/main.csv]
REE,-0.75,-60.1167,Brazil,Pitinga [ree/main.csv]
REE,-0.7,11.7,Gabon,Mabounie [ree/main.csv]
REE,-0.633,-66.4,Brazil,Morro dos Seis Lagos [ofr20051294/deposit.csv]
REE,-0.625,34.1583,Uganda,Sukulu [carbonatite/main.csv]
REE,-0.5928,10.3689,Gabon,Mabounie [carbonatite/main.csv]
REE,-0.5333,-53.4,Brazil,Maraconai [ree/main.csv]
REE,-0.53,34.3344,Kenya,Ruri [carbonatite/main.csv]
REE,-0.5,104.4167,Indonesia,Singkep [ree/main.csv]
REE,-0.4667,-54.2167,Brazil,Maicuru [ree/main.csv]
REE,-0.4667,34.3833,Kenya,Sokolo [ree/main.csv]
REE,-0.1833,35.1667,Kenya,Buru [ree/main.csv]
REE,0.2819,-66.6803,Brazil,Seis Lagos [carbonatite/main.csv]
REE,0.3167,-66.6833,Brazil,Seis Lagoas [ofr20051294/deposit.csv]
REE,0.5297,29.3169,Democratic Republic of Congo,Bingo [carbonatite/main.csv]
REE,0.55,110.4167,Indonesia,Kembajan [ree/main.csv]
REE,0.6,29.2833,Congo (Zaire),Bingo (Bingu) [ree/main.csv]
REE,0.6333,-66.4,Brazil,Morro Dos Seis Lagos (Sao Gabriel da Cachoeira) [ree/main.csv]
REE,0.65,34.15,Uganda,Sukulu [ree/main.csv]
REE,0.8833,34.2667,Uganda,"Bukusu Complex (Busumbu, Busumu, Busuku) [ree/main.csv]"
REE,1.75,34.45,Uganda,Lolekek [ree/main.csv]
REE,1.8833,-57.4167,Brazil,Mutum [ree/main.csv]
REE,2.0,-57.0,Guyana,Twareietau [ree/main.csv]
REE,2.95,9.9167,Cameroon,"Kribi  (Mont des Eléphants, Mont de Rocher du Loup) [ree/main.csv]"
REE,3.0,101.75,Malaysia,Kuala Lumpur area [ree/main.csv]
REE,3.3333,101.5,Malaysia,Batang Berjuntai area [ree/main.csv]
REE,3.45,-65.4667,Venezuela,Churuata [ree/main.csv]
REE,4.4333,-57.0667,Surinam,Bakhuis Mountains - K/3 Deposit [ree/main.csv]
REE,4.5,101.1667,Malaysia,Kinta Valley (Lahat) [ree/main.csv]
REE,5.3333,-8.6667,Liberia,Sinoe County [ree/main.csv]
REE,5.5833,95.3333,Indonesia,Banda Aceh [ree/main.csv]
REE,5.95,80.5333,Sri Lanka,Matara [ree/main.csv]
REE,6.0,-65.1667,Venezuela,Cerro Impacto [ree/main.csv]
REE,6.1,0.05,Ghana,Kpong area [ree/main.csv]
REE,6.3667,80.0,Sri Lanka,Kaikawela [ree/main.csv]
REE,6.4833,79.9833,Sri Lanka,Beruwala [ree/main.csv]
REE,6.5833,79.9833,Sri Lanka,Kalutara [ree/main.csv]
REE,6.7167,80.7167,Sri Lanka,Denegama [ree/main.csv]
REE,6.7667,80.3833,Sri Lanka,Ussangoda [ree/main.csv]
REE,6.8,30.1167,Russia,Vuoriyarvi [ree/main.csv]
REE,7.0,79.8333,Sri Lanka,Kelani River [ree/main.csv]
REE,7.0833,-63.5167,Venezuela,Marhuanta [ree/main.csv]
REE,7.1167,81.85,Sri Lanka,Tirrukkovil (Tirukkovil) [ree/main.csv]
REE,7.3,80.7667,Sri Lanka,Nuwara Eliya [ree/main.csv]
REE,7.7431,-63.575,Venezuela,San Antonio [ree/main.csv]
REE,8.2,77.3333,India,Manavalakuruchi [ree/main.csv]
REE,8.4833,76.9167,India,Trivandrum [ree/main.csv]
REE,8.6667,78.0833,India,Kudiraimozhi [ofr20051294/deposit.csv]
REE,8.8833,81.0833,Sri Lanka,Pudavakattu [ree/main.csv]
REE,8.8833,98.35,Thailand,Takua Pa [ree/main.csv]
REE,8.95,76.5,India,Chavara (Quilon)- IREL [ree/main.csv]
REE,8.95,80.95,Sri Lanka,Pulmoddai [ree/main.csv]
REE,8.9667,79.9,Sri Lanka,Kudremala Point (Kudremalai) [ree/main.csv]
REE,8.9833,80.95,Sri Lanka,Kokkilai [ree/main.csv]
REE,9.0,76.5,India,Chavara (Quilon)- KMML [ree/main.csv]
REE,9.1333,80.8833,Sri Lanka,Nayaru [ree/main.csv]
REE,9.25,80.8,Sri Lanka,Mullaittivu [ree/main.csv]
REE,9.4667,-13.8,Guinea,"Los Archipelago (Los Islands, Iles de Los) [ree/main.csv]"
REE,9.5,8.0,Nigeria,Jos Plateau [ree/main.csv]
REE,10.05,43.0833,Somalia,Boorama [ree/main.csv]
REE,10.1167,76.3333,India,Alwaya (Alwaye) [ree/main.csv]
REE,10.4,43.2667,Somalia,Dalkainle [ree/main.csv]
REE,10.4167,107.1667,Vietnam,Long Hai [ree/main.csv]
REE,10.5,99.1667,Thailand,Chumphon [ree/main.csv]
REE,10.6333,108.0833,Vietnam,Phan Thiet [ree/main.csv]
REE,10.7,107.5833,Vietnam,Ham Tan [ree/main.csv]
REE,10.75,119.3333,Philippines,Imuruan Bay [ree/main.csv]
REE,11.25,79.75,India,Coleroon - Sirkazhi [ree/main.csv]
REE,11.2847,99.2833,Burma,Yadanabon Mine [ree/main.csv]
REE,11.8167,99.8167,Thailand,"Prachuap Khiri Khan (Prajuab Kirikhan, Prachuab Kiri Khan) [ree/main.csv]"
REE,11.8833,109.1667,Vietnam,Vinh Cam Ranh [ree/main.csv]
REE,13.5,98.3333,Burma,Kyan Chaung [ree/main.csv]
REE,13.5,105.2,Vietnam,Cat Khanh [ree/main.csv]
REE,13.75,109.25,Vietnam,Mi Tho [ree/main.csv]
REE,14.6,98.05,Burma,Heinze Basin [ree/main.csv]
REE,15.5833,-11.95,Mauritania,Sanbagoma [ree/main.csv]
REE,16.3333,97.45,Burma,Bilugyun and Kyaikkami Beach [ree/main.csv]
REE,16.3333,107.75,Vietnam,Vinh Mi (Vinh My) [ree/main.csv]
REE,16.4167,-13.75,Mauritania,Bofal-Loubboira (Wadi Guellouar) [ree/main.csv]
REE,16.5,107.5833,Vietnam,Ke Sung [ree/main.csv]
REE,16.6333,107.4167,Vietnam,Quang Ngan [ree/main.csv]
REE,16.65,107.4667,Vietnam,Huong Dien [ree/main.csv]
REE,17.3,-96.9,Mexico,Telixtlahuaca [ree/main.csv]
REE,17.7,83.3,India,Visakhapatnam [ree/main.csv]
REE,18.0,106.1667,Vietnam,Ky Ninh [ree/main.csv]
REE,18.2,106.0833,Vietnam,Ky Khang [ree/main.csv]
REE,18.2167,105.8667,Vietnam,Cam Hoa [ree/main.csv]
REE,18.3,105.8,Vietnam,Cam Nhuong [ree/main.csv]
REE,18.7167,110.3667,China,Wuzhaung (Baoding) [ree/main.csv]
REE,18.9833,-13.3167,Mauritania,Bou Naga [carbonatite/main.csv]
REE,19.0,-13.3,Mauritania,Guelb Zeilaga [ree/main.csv]
REE,19.25,110.6,China,Sai-Lao (Quoinghi) [ree/main.csv]
REE,19.3,84.95,India,"Chatrapur (Chartrapur, Orissa Sands Complex/OSCOM) [ree/main.csv]"
REE,19.75,85.4167,India,Puri [ree/main.csv]
REE,19.7667,85.3333,India,Chilka Lake [ree/main.csv]
REE,20.0667,0.05,Mali,Anezrouf [ree/main.csv]
REE,20.0833,41.9167,Saudi Arabia,Ablah [ree/main.csv]
REE,20.1833,0.0667,Mali,Adiounedj [ree/main.csv]
REE,20.8,-13.7,Mauritania,Bou Naga [ree/main.csv]
REE,20.8667,92.3,Bangladesh,Teknaf [ree/main.csv]
REE,20.9333,110.0667,China,Haikang [ree/main.csv]
REE,21.15,92.0667,Bangladesh,Inani [ree/main.csv]
REE,21.2,110.4667,China,Zhanjiang district [ree/main.csv]
REE,21.4833,109.0833,China,Beihei District [ree/main.csv]
REE,21.4833,109.1,China,"Beihei (Beihai, Peibhai?) District [ree/main.csv]"
REE,21.5,111.0167,China,Dianbai [ree/main.csv]
REE,21.5333,97.3,Burma,Wan Hapalam [ree/main.csv]
REE,21.5333,111.6167,China,Nanshanhai [ree/main.csv]
REE,21.55,91.95,Bangladesh,Fakiraghona [ree/main.csv]
REE,21.55,111.2667,China,Dianbai [ree/main.csv]
REE,21.6167,97.525,Burma,Mong Kung [ree/main.csv]
REE,21.6244,111.7194,China,Yangjiang (Nanshanhai) [ree/main.csv]
REE,21.7,91.8833,Bangladesh,Matarbari Island [ree/main.csv]
REE,21.9833,108.6,China,Qinzhou (Qinxian) [ree/main.csv]
REE,21.9875,74.0617,India,Amba Dongar [carbonatite/main.csv]
REE,22.2667,24.7167,Libya,Jabal Archenu [ree/main.csv]
REE,22.2833,103.5667,Vietnam,Dong Pao [ree/main.csv]
REE,22.4833,103.5,Vietnam,Nam Xe North (Mau Xe North) [ree/main.csv]
REE,22.9083,96.5,Burma,Mogok [ree/main.csv]
REE,22.9328,96.2167,Burma,Sakagyi [ree/main.csv]
REE,23.2,-98.4,Mexico,Sierra de Tamaulipas [ree/main.csv]
REE,23.3167,120.1,Taiwan,Haishanchow [ree/main.csv]
REE,23.3667,39.2167,Saudi Arabia,Umm al Birak [ree/main.csv]
REE,23.4167,86.0,India,Ranchi-Purulia [ree/main.csv]
REE,23.4667,112.3333,China,Wuhe [ree/main.csv]
REE,23.4833,111.3167,China,Wuzhou [ree/main.csv]
REE,23.5,110.8333,China,Xun Jiang [ree/main.csv]
REE,23.5667,120.0667,Taiwan,Tungshanchow [ree/main.csv]
REE,23.7,113.0333,China,Qingyuan [ree/main.csv]
REE,23.7167,120.15,Taiwan,Haifengtao [ree/main.csv]
REE,23.8167,40.9333,Saudi Arabia,Jabal Sa'id (Jabal Sayid) [ree/main.csv]
REE,24.6667,102.5833,China,Kunyang [ree/main.csv]
REE,24.6833,121.75,Taiwan,Foulun [ree/main.csv]
REE,24.7333,35.0167,Egypt,Wadi el Sahrm [ree/main.csv]
REE,24.7667,113.2667,China,Ruyuan [ree/main.csv]
REE,24.7797,115.056,China,Dingnan [ree/main.csv]
REE,24.7833,85.0,India,Gaya [ree/main.csv]
REE,24.85,-8.1833,Mauritania,Tiguesmat el Akhdar (Tigsmat) [ree/main.csv]
REE,24.9,114.8,China,Longnan (Zudong?) [ree/main.csv]
REE,24.9667,115.6333,China,"Xunwun (Xunwu, Xun wa, Heling, Nanqiao) [ree/main.csv]"
REE,25.1333,117.0333,China,Zhangding (Longyan) [ree/main.csv]
REE,25.4333,30.0333,Egypt,Abu Tartar [ree/main.csv]
REE,25.4333,114.3333,China,Xihuashan [ree/main.csv]
REE,25.5,102.0,China,Yinachange (Yenachang) [ree/main.csv]
REE,25.5692,92.1172,India,Sung Valley [carbonatite/main.csv]
REE,25.5833,41.05,Saudi Arabia,Jabal Ar Rabuts [ree/main.csv]
REE,25.7833,40.9167,Saudi Arabia,Jabal Kuara [ree/main.csv]
REE,25.8,113.0333,China,Chenxian County [ree/main.csv]
REE,25.8333,41.0167,Saudi Arabia,Jabal Awja [ree/main.csv]
REE,25.95,40.8833,Saudi Arabia,Jabal Ebed [ree/main.csv]
REE,26.0667,38.6,Saudi Arabia,Jabal Hamra' [ree/main.csv]
REE,26.6833,105.6167,China,Zhijin [ree/main.csv]
REE,26.7,105.75,China,Xinhua [ree/main.csv]
REE,26.85,106.5833,China,Xiuwen [ree/main.csv]
REE,27.0,102.0833,China,Cida [ree/main.csv]
REE,27.1675,101.8517,China,Dalucao [carbonatite/main.csv]
REE,27.8333,118.5,China,Yangdun [ree/main.csv]
REE,27.9167,35.8,Saudi Arabia,Ghurayyah [ree/main.csv]
REE,28.2333,35.3833,Saudi Arabia,Jabal Tawlah [ree/main.csv]
REE,28.4567,101.9775,China,Maoniuping [carbonatite/main.csv]
REE,28.5,-102.5,Mexico,Encantada-Buena Vista area [ree/main.csv]
REE,28.55,-102.5167,Mexico,Fatima area [ree/main.csv]
REE,28.55,102.1833,China,Mianning [ree/main.csv]
REE,29.3833,113.1,China,Yueyang [ree/main.csv]
REE,29.65,112.7833,China,Sanlangyan [ree/main.csv]
REE,29.8667,-81.7167,United States,Green Cove Springs [ree/main.csv]
REE,29.9167,-81.75,United States,Maxville [ree/main.csv]
REE,29.9167,121.25,China,Moshikeng [ree/main.csv]
REE,30.0333,-82.0333,United States,"Trail Ridge (Highland Trail Ridge, Starke Trail Ridge) [ree/main.csv]"
REE,30.0333,63.5833,Afghanistan,Khanneshin [ofr20051294/deposit.csv]
REE,30.3333,126.5,"Korea, Republic of",Kusipo [ree/main.csv]
REE,30.4667,63.5833,Afghanistan,Khanneshin [ree/main.csv]
REE,30.6692,-98.4728,United States,"Llano County (Williams Mine, others) [ree/main.csv]"
REE,30.734,-81.984,United States,Boulougne [ofr20051294/deposit.csv]
REE,30.9,-81.45,United States,Cumberland Island [ree/main.csv]
REE,31.0,31.0,Egypt,Nile Delta / Rosetta [ree/main.csv]
REE,31.217,-81.9,United States,Lulaton [ofr20051294/deposit.csv]
REE,31.3167,-81.4667,United States,Brunswick-Altamaha [ree/main.csv]
REE,31.7917,-105.3833,United States,Cornudas Mtns - Diablo Plateau (Wind Mtn.) [ree/main.csv]
REE,32.0333,-105.5333,United States,Wind Mountain (see Cornudas Mtns) [ree/main.csv]
REE,32.2,-80.7333,United States,Hilton Head Island [ree/main.csv]
REE,32.2503,110.2006,China,Miaoya [carbonatite/main.csv]
REE,32.5333,-100.2833,United States,Caballo Mountains [ree/main.csv]
REE,32.5667,-4.65,Morocco,"Tamazert (Oued Tamazert, Tamazeght, Bou Agrao) [ree/main.csv]"
REE,33.2333,-105.4333,United States,Pajarito Mountain [ree/main.csv]
REE,33.5,-81.9,United States,Horse Creek (Aiken County) [ree/main.csv]
REE,34.0167,-115.95,United States,Music Valley [ree/main.csv]
REE,34.2,-105.7333,United States,Gallinas Mountains [ree/main.csv]
REE,34.2058,-105.7297,United States,Old Hickory (Stony Creek) [ree/main.csv]
REE,34.3333,-115.55,United States,Pomona Tile Company [ree/main.csv]
REE,34.434,-118.375,United States,San Gabriel Mountains - Soledad Canyon [ofr20051294/deposit.csv]
REE,34.4358,-92.8544,United States,Magnet Cove [carbonatite/main.csv]
REE,34.45,-92.8667,United States,Magnet Cove [ree/main.csv]
REE,34.5333,-113.55,United States,Signal district [ree/main.csv]
REE,34.75,117.2,China,"Weishan (Chisan, Xishan, 1010) [ree/main.csv]"
REE,34.7556,117.2081,China,Weishan [carbonatite/main.csv]
REE,34.9167,126.6667,"Korea, Republic of",Yongsanpo [ree/main.csv]
REE,35.0,126.6667,"Korea, Republic of",Namdaecheon River (Muju area) [ree/main.csv]
REE,35.1167,-114.0667,United States,Mineral X [ree/main.csv]
REE,35.1667,126.8333,"Korea, Republic of",Kwangsangun [ree/main.csv]
REE,35.4786,-115.5322,United States,Mountain Pass [carbonatite/main.csv]
REE,35.8333,-88.2,United States,Natchez Trace deposit [ree/main.csv]
REE,36.0333,-88.1833,United States,Silica Mine [ree/main.csv]
REE,36.1167,-88.1833,United States,Kerr-McGee deposit [ree/main.csv]
REE,36.3833,-88.1667,United States,Oak Grove [ree/main.csv]
REE,36.5,-106.05,United States,Petaca District [ree/main.csv]
REE,36.9167,127.3333,"Korea, Republic of",Soun-Miyang [ree/main.csv]
REE,36.917,-77.567,United States,Old Hickory (Stony Creek) [ofr20051294/deposit.csv]
REE,37.1667,127.5,"Korea, Republic of",Janghowon [ree/main.csv]
REE,37.6,-88.4,United States,Hicks Dome [ree/main.csv]
REE,37.7667,-79.1,United States,Little Friar Mountain (Massie) [ree/main.csv]
REE,38.2,-105.4,United States,Wet Mountains [ree/main.csv]
REE,38.2347,-106.7086,United States,Iron Hill [carbonatite/main.csv]
REE,38.25,-107.05,United States,"Iron Hill (Powderhorn, Cebolla Creek) [ree/main.csv]"
REE,38.2614,-105.3469,United States,Wet Mountains [carbonatite/main.csv]
REE,38.2667,-105.55,United States,Gem Park [ree/main.csv]
REE,38.3333,110.8333,China,Zijingshan [ree/main.csv]
REE,38.4167,128.5,"Korea, Republic of",Hwajinpo [ree/main.csv]
REE,39.0,46.3833,Armenia,Shvanidzorskii [ree/main.csv]
REE,39.0,101.3333,China,Taohualashan [ree/main.csv]
REE,39.4167,70.7333,Tajikistan,Dara-Pioz [ree/main.csv]
REE,39.5,79.0,China,Wajiertage (Wajiltag) [ree/main.csv]
REE,39.5333,70.7833,Kyrgyzstan,Matchinskii [ree/main.csv]
REE,39.6194,31.3508,Turkey,Kizilca�ren [carbonatite/main.csv]
REE,39.6333,31.3833,Turkey,Kizilçaören [ree/main.csv]
REE,39.75,70.0,Kyrgyzstan,Karaganskii [ree/main.csv]
REE,39.9833,45.0,Armenia,Vedi-Azatskii [ree/main.csv]
REE,40.3,-96.2,United States,Elk Creek [ree/main.csv]
REE,40.3667,115.2167,China,Fanshan (Fangshan) [ree/main.csv]
REE,40.6833,44.65,Armenia,Tezhsar [ree/main.csv]
REE,40.75,44.75,Armenia,Bunduk [ree/main.csv]
REE,40.9833,124.2,China,Saima [ree/main.csv]
REE,41.2947,-105.322,United States,Bald Mountain [ree/main.csv]
REE,41.75,109.9667,China,Bayan Obo (Baotou) [ree/main.csv]
REE,41.7992,109.9744,China,Bayan Obo [carbonatite/main.csv]
REE,41.8667,109.9667,China,Bayan Obo [ofr20051294/deposit.csv]
REE,42.05,-119.95,United States,Deep Creek [ree/main.csv]
REE,42.1167,-111.5167,United States,Blackfoot Bridge [ree/main.csv]
REE,42.35,75.9167,Kyrgyzstan,Kyzyl-Ompul [ree/main.csv]
REE,42.6333,-111.4167,United States,Swan Lake Gulch [ree/main.csv]
REE,42.65,-111.2833,United States,Mountain Fuel [ree/main.csv]
REE,42.6667,-111.2667,United States,Champ [ree/main.csv]
REE,42.6667,76.1667,Kyrgyzstan,Kutessai-II [ree/main.csv]
REE,42.7,-111.25,United States,Husky [ree/main.csv]
REE,42.7167,-111.1333,United States,Smoky Canyon [ree/main.csv]
REE,42.7333,-111.5333,United States,Conda [ree/main.csv]
REE,42.7333,-111.4167,United States,Trail Creek [ree/main.csv]
REE,42.7333,-111.3667,United States,Caldwell Canyon [ree/main.csv]
REE,42.75,-111.3,United States,Maybe Canyon (Maybie) [ree/main.csv]
REE,42.8333,-111.4,United States,Wooley Valley [ree/main.csv]
REE,42.8833,-111.4667,United States,Henry [ree/main.csv]
REE,42.9,-111.5,United States,North Henry [ree/main.csv]
REE,42.95,108.5667,Mongolia,Lugin Gol [ree/main.csv]
REE,42.9542,108.5633,Mongolia,Lugiingol [carbonatite/main.csv]
REE,43.05,-112.1167,United States,Gay and South Forty [ree/main.csv]
REE,43.2,107.2,Mongolia,Khan Bogdo [ree/main.csv]
REE,44.0667,-73.4833,United States,Mineville dumps [ree/main.csv]
REE,44.3333,104.0,Mongolia,"Mushgai Khudag (Mushgia Khudag, Mushugai Khuduk, Mushugai-Hudag) [ree/main.csv]"
REE,44.35,-115.4,United States,Bear Valley [ree/main.csv]
REE,44.4008,104.0514,Mongolia,Mushgai-Khudag [carbonatite/main.csv]
REE,44.4667,-115.9833,United States,Big Creek [ree/main.csv]
REE,44.4786,-104.4517,United States,Bear Lodge [carbonatite/main.csv]
REE,44.5167,-116.0833,United States,Pearsol Creek [ree/main.csv]
REE,44.6167,120.9667,China,"Jarud Qi, no. 801 [ree/main.csv]"
REE,44.6833,-115.9667,United States,Gold Fork-Little Valley [ree/main.csv]
REE,44.9,-115.2667,United States,Monumental Summit [ree/main.csv]
REE,44.9167,22.9667,Romania,Glogova-Sisesti District [ree/main.csv]
REE,44.95,-113.6167,United States,Lemhi Pass [ree/main.csv]
REE,45.0167,-78.1833,Canada,Atlin-Ruffner [ree/main.csv]
REE,45.1667,120.5,China,Xing'an [ree/main.csv]
REE,45.233,-115.881,United States,Ruby Meadows [ofr20051294/deposit.csv]
REE,45.25,-113.9,United States,Diamond Creek [ree/main.csv]
REE,45.2667,-115.1833,United States,Ramey Meadows [ree/main.csv]
REE,45.3167,-115.1167,United States,Chamberlin District [ree/main.csv]
REE,45.4,-114.0,United States,North Fork area [ree/main.csv]
REE,45.4167,-114.1667,United States,Indian Creek District [ree/main.csv]
REE,45.4667,-114.2833,United States,Mineral Hill District [ree/main.csv]
REE,45.4667,-75.55,Canada,Francon Quarry - Orleans (Eastview) [ree/main.csv]
REE,45.4842,-66.1819,Canada,McKeel Lake [ree/main.csv]
REE,45.5,-114.3333,United States,Sheep Creek [ree/main.csv]
REE,45.5,-113.3333,United States,Ravalli County [ree/main.csv]
REE,45.5,-77.5,Canada,Bancroft-Haliburton  area [ree/main.csv]
REE,45.5,-74.0,Canada,Oka [ree/main.csv]
REE,45.5042,-74.0222,Canada,Oka [carbonatite/main.csv]
REE,45.55,-73.1667,Canada,Mount St. Hilaire [ree/main.csv]
REE,45.5833,34.5667,Ukraine,Azovske [ree/main.csv]
REE,46.2794,-79.5672,Canada,Manitou Island [carbonatite/main.csv]
REE,46.4,-82.6333,Canada,Elliott Lake (Blind River)- Stanleigh [ree/main.csv]
REE,46.4292,-81.6309,Canada,Agnew Lake [ree/main.csv]
REE,46.45,-79.95,Canada,Springer (Lavergne) [ree/main.csv]
REE,46.4833,-82.5333,Canada,Elliott Lake (Blind River)- Denison [ree/main.csv]
REE,46.5,-82.6333,Canada,Elliott Lake (Blind River)- Quirke-Panel [ree/main.csv]
REE,46.5833,-81.7167,Canada,"Venturi Township (Township 107, Spanish River) [ree/main.csv]"
REE,46.7841,-114.7701,United States,Snowbird [ree/main.csv]
REE,46.8,-78.5,Canada,Kipawa Lake [ree/main.csv]
REE,47.1833,36.5667,Ukraine,Azov Sea Coast Dikes [ree/main.csv]
REE,47.2333,36.25,Ukraine,Chernigovskii (Novopoltavskii) [ree/main.csv]
REE,47.7478,-83.165,Canada,Lackner Lake [carbonatite/main.csv]
REE,47.8833,66.4167,Kazakhstan,Karsakpai [ree/main.csv]
REE,48.0,-83.0833,Canada,Nemegosenda Lake [ree/main.csv]
REE,48.0189,-83.0794,Canada,Nemegosenda Lake [carbonatite/main.csv]
REE,48.1667,-109.7333,United States,Bearpaw Mountains (Rocky Boy) [ree/main.csv]
REE,48.2333,31.2833,Ukraine,Korsun-Novomirgorodskii pluton margin [ree/main.csv]
REE,48.3333,35.65,Ukraine,Malotersyanskii [ree/main.csv]
REE,48.4167,91.9667,Mongolia,Khaldzan-Buregtey [ree/main.csv]
REE,48.5353,-71.1492,Canada,St. Honore [carbonatite/main.csv]
REE,48.55,-71.0667,Canada,St. Honoré [ree/main.csv]
REE,48.55,91.9333,Mongolia,Tsakhirt [ree/main.csv]
REE,48.5667,-75.6,Canada,Megiscane Lake [ree/main.csv]
REE,48.75,-57.0,Canada,Topsails [ree/main.csv]
REE,48.7833,-86.5,Canada,Coldwell complex [ree/main.csv]
REE,48.9833,-116.4333,United States,Hall Mountain Group [ree/main.csv]
REE,49.0353,-86.7175,Canada,Prairie Lake [carbonatite/main.csv]
REE,49.05,92.75,Mongolia,Shartolgoi [ree/main.csv]
REE,49.3,-82.8167,Canada,Cargill [ree/main.csv]
REE,49.5333,93.0167,Mongolia,Ulaan Tolgoi [ree/main.csv]
REE,50.0833,97.25,Russia,Korgeredaba [ree/main.csv]
REE,50.3167,-83.4,Canada,Martison Lake [ree/main.csv]
REE,50.4125,-83.1514,Canada,Martinson Lake [carbonatite/main.csv]
REE,50.6667,-120.0667,Canada,Kamloops [ree/main.csv]
REE,50.7253,-80.5794,Canada,Argor [carbonatite/main.csv]
REE,50.75,-81.0167,Canada,"Argor (South Bluff Creek, James Bay, Alpha-B) [ree/main.csv]"
REE,50.7667,77.0333,Kazakhstan,Tleumbetskii [ree/main.csv]
REE,51.0,-65.25,Canada,Nipissis [ree/main.csv]
REE,51.2333,28.85,Ukraine,Yastrebets [ree/main.csv]
REE,51.5667,-119.9,Canada,Rexspar (Birch Island) [ree/main.csv]
REE,52.3094,-119.175,Canada,Upper Fir [carbonatite/main.csv]
REE,53.45,100.4167,Russia,Verkhnesayanskii [ree/main.csv]
REE,53.5167,100.5167,Russia,Nizhnesayanskii [ree/main.csv]
REE,54.0667,157.4,Russia,Anomalnoe [ree/main.csv]
REE,54.0833,-62.5833,Canada,Red Wine [ree/main.csv]
REE,54.2333,-62.3833,Canada,Letitia Lake - Mann 1 [ree/main.csv]
REE,54.8,-92.0,Canada,Carb Lake [ree/main.csv]
REE,54.9167,-132.1333,United States,Bokan Mountain (Ross-Adams) [ree/main.csv]
REE,55.2333,-132.2167,United States,Dora Bay [ree/main.csv]
REE,55.6667,-59.8333,Canada,Flowers Bay [ree/main.csv]
REE,55.9833,60.5667,Russia,Vishnevye Mountains (Ilmenogorskii-Vishnevogorskii) [ree/main.csv]
REE,56.0167,110.3667,Russia,Akitskii [ree/main.csv]
REE,56.3,-64.1167,Canada,Strange Lake (Lac Brisson) [ree/main.csv]
REE,56.3167,134.8167,Russia,Ulkanshoe [ree/main.csv]
REE,56.32,-133.1683,United States,Salmon Bay [ree/main.csv]
REE,56.45,-123.7333,Canada,Aley [ree/main.csv]
REE,56.4661,-123.7492,Canada,Aley [carbonatite/main.csv]
REE,56.55,110.75,Russia,Burpalinskii (Burpala) [ree/main.csv]
REE,56.6,-68.4167,Canada,Eldor Carbonatite Complex [ree/main.csv]
REE,56.6333,-100.25,Canada,Eden Lake [ree/main.csv]
REE,56.9167,111.3333,Russia,Synnyr [ree/main.csv]
REE,57.5,134.4167,Russia,Konder [ree/main.csv]
REE,57.75,-106.0,Canada,McArthur River [ree/main.csv]
REE,58.3833,125.2167,Russia,Tommot [ree/main.csv]
REE,58.4,93.5833,Russia,Srednetatarskii (Zaangarskii) [ree/main.csv]
REE,58.4,125.3,Russia,Seligdar [ree/main.csv]
REE,58.95,9.6333,Norway,Odegarden [ree/main.csv]
REE,59.0,9.75,Norway,Langesundsfjord District (Larvik) [ree/main.csv]
REE,59.25,10.1667,Norway,Kodal [ree/main.csv]
REE,59.2808,9.2694,Norway,S�ve [carbonatite/main.csv]
REE,59.2833,9.2833,Norway,Fen [ree/main.csv]
REE,59.4333,18.3333,Sweden,Ytterby Mine [ree/main.csv]
REE,59.4853,99.2875,Russia,Chuktukonskoye [carbonatite/main.csv]
REE,59.7167,136.4167,Russia,Khamna (Khamninskii) [ree/main.csv]
REE,59.9333,136.8833,Russia,"Gornoe Ozero (Gornoozerskii, Ozrnyi) [ree/main.csv]"
REE,59.9379,-107.8012,Canada,Nisikkatch-Hoidas Lakes [ree/main.csv]
REE,61.1333,-45.1667,Greenland,"Igaliko complex - Motzfeldt center, N & S Qoroq, Igdlerfigssalik [ree/main.csv]"
REE,61.1833,-45.4167,Greenland,Narssarssuaq (Narssarssuk) [ree/main.csv]
REE,61.25,90.0333,Russia,Srednevorogovskii [ree/main.csv]
REE,61.4167,29.9167,Russia,Elisenvaara (Elisenvaarskii; includes Kaivimyaki/Kaivomaki and Raivimyaki/ Raivimaki) [ree/main.csv]
REE,62.1,-112.6667,Canada,Thor Lake (Blachford Lake) [ree/main.csv]
REE,62.3333,-161.4833,United States,Wolf Mountain [ree/main.csv]
REE,62.417,-112.167,Canada,Thor Lake [ofr20051294/deposit.csv]
REE,62.5,-158.5,United States,Iditarod [ree/main.csv]
REE,62.75,-155.0,United States,McGrath [ree/main.csv]
REE,63.0,-51.2,Greenland,Ilimaussaq [ree/main.csv]
REE,63.0833,27.6667,Finland,Siilinjarvi [ree/main.csv]
REE,63.55,-115.9167,Canada,Big Spruce Lake [ree/main.csv]
REE,64.3333,-142.0,United States,Fortymile [ree/main.csv]
REE,64.4167,-154.3333,United States,Ruby Meadows [ree/main.csv]
REE,64.7,-162.7667,United States,Eagle Creek [ree/main.csv]
REE,65.1667,-151.0,United States,Hot Springs [ree/main.csv]
REE,65.3833,-51.7,Greenland,Qaqarssuk [ree/main.csv]
REE,65.4833,-147.1,United States,Mount Prindle (Roy Creek) [ree/main.csv]
REE,65.5,-148.1667,United States,Tolovana [ree/main.csv]
REE,65.5,-144.75,United States,Circle [ree/main.csv]
REE,65.6667,-166.5,United States,Port Clarence [ree/main.csv]
REE,65.9333,-166.2,United States,El Dorado Creek area [ree/main.csv]
REE,66.0667,31.95,Russia,Elet'ozerskii (Elet'ozero) [ree/main.csv]
REE,66.2833,31.6667,Russia,Tikshozerskii [ree/main.csv]
REE,66.5,-51.25,Greenland,Sarfartoq [ree/main.csv]
REE,66.95,29.1667,Russia,Sallanlatvi (Sallanlatvinskii) [ree/main.csv]
REE,67.0167,39.2,Russia,Ponoiskii [ree/main.csv]
REE,67.2667,37.0167,Russia,Lavrent'evskii [ree/main.csv]
REE,67.3833,33.0667,Russia,Lesnaya Varaka [ree/main.csv]
REE,67.4667,35.8333,Russia,White Tundra [ree/main.csv]
REE,67.5606,30.4294,Russia,Kovdor [carbonatite/main.csv]
REE,67.5667,30.4,Russia,Kovdor Complex (Kovdorskoe) [ree/main.csv]
REE,67.6667,36.2,Russia,Sakhariokskii (Sacharijok) [ree/main.csv]
REE,67.7167,33.7833,Russia,Khibina (Khibiny) [ree/main.csv]
REE,67.75,29.25,Finland,Sokli [ree/main.csv]
REE,67.7578,34.2389,Russia,Khibiny [carbonatite/main.csv]
REE,67.7833,34.75,Russia,Lovozero [ree/main.csv]
REE,67.7833,36.5,Russia,"Western Keiv (Rovozero, Platongora, Yumperuaiv) [ree/main.csv]"
REE,68.6167,-33.15,Greenland,Gardiner complex [ree/main.csv]
REE,68.6333,32.4667,Russia,Gremyakha-Vyrmes [ree/main.csv]
REE,68.7167,32.1333,Russia,Sebl'yavr Carbonatite Complex (Seblyavr) [ree/main.csv]
REE,70.2,100.1,Russia,Changit [ree/main.csv]
REE,70.7167,103.4667,Russia,Kugda [ree/main.csv]
REE,71.0,116.5833,Russia,Tomtor [ree/main.csv]
REE,71.0536,116.5711,Russia,Tomtor [carbonatite/main.csv]
U,-30.9667,18.6167,South Africa,Steenkampskraal [ofr20051294/deposit.csv]
U,-30.45,136.8833,Australia,Olympic Dam [ofr20051294/deposit.csv]
U,-28.2833,26.7667,South Africa,Beatrix [ofr20051294/deposit.csv]
U,-28.2167,26.7042,South Africa,Oryx (Beisa) [ofr20051294/deposit.csv]
U,-28.05,26.8333,South Africa,Harmony [ofr20051294/deposit.csv]
U,-28.0333,26.6667,South Africa,St. Helena [ofr20051294/deposit.csv]
U,-28.0333,26.75,South Africa,President Brand [ofr20051294/deposit.csv]
U,-28.0,26.8,South Africa,President Steyn [ofr20051294/deposit.csv]
U,-27.9833,26.8333,South Africa,Free State Saaiplaas [ofr20051294/deposit.csv]
U,-27.9667,26.75,South Africa,Welkom [ofr20051294/deposit.csv]
U,-27.9167,26.7333,South Africa,Free State Geduld [ofr20051294/deposit.csv]
U,-27.8333,26.6667,South Africa,Freddies Consolidated [ofr20051294/deposit.csv]
U,-27.75,26.65,South Africa,Loraine [ofr20051294/deposit.csv]
U,-26.8833,26.5,South Africa,Afrikander Lease Ltd. [ofr20051294/deposit.csv]
U,-26.8333,26.8333,South Africa,Hartebeestfontein [ofr20051294/deposit.csv]
U,-26.8,26.87,South Africa,Buffelsfontein [ofr20051294/deposit.csv]
U,-26.75,26.8333,South Africa,Stilfontein [ofr20051294/deposit.csv]
U,-26.4667,27.3667,South Africa,Elandsrand [ofr20051294/deposit.csv]
U,-26.4167,27.4167,South Africa,Western Deep Levels [ofr20051294/deposit.csv]
U,-26.4,27.3833,South Africa,Blyvooruitzicht [ofr20051294/deposit.csv]
U,-26.3833,27.45,South Africa,Dreifontein Consolidated [ofr20051294/deposit.csv]
U,-26.2917,28.3917,South Africa,Ergo [ofr20051294/deposit.csv]
U,-26.2833,28.3667,South Africa,South African Land And Exploration Company [ofr20051294/deposit.csv]
U,-26.1333,27.7667,South Africa,West Rand Consolidated [ofr20051294/deposit.csv]
U,-24.0,31.1333,South Africa,"Phalaborwa (Palabora, Foskor) [ofr20051294/deposit.csv]"
U,-22.4167,15.0167,Namibia,"Rossing (Roessing, Swakopmund) [ofr20051294/deposit.csv]"
U,-12.502,132.8957,Australia,Jabiluka [ofr20051294/deposit.csv]
U,-12.2667,27.7,Congo (Kinshasa),Musoshi [ofr20051294/deposit.csv]
U,-11.0,26.9167,Congo (Kinshasa),"Shinkolobwe (Shinkolobowe, Signal, Kasolo) [ofr20051294/deposit.csv]"
U,-2.0,13.5,Gabon,"Mounana (Oklo, Boyindzi) [ofr20051294/deposit.csv]"
U,7.5839,-8.4669,Liberia,Yekepa [ofr20051294/deposit.csv]
U,18.7667,7.3333,Niger,"Arlit (Somair, Ariège, Arlette, Artois, Jonction Arlette/Artois, Tamou, Takriza) [ofr20051294/deposit.csv]"
U,30.8667,35.9833,Israel,Oron [ofr20051294/deposit.csv]
U,30.95,35.3167,Israel,"Zin (Nahal Zinam, Nahil Zin, Nahal Zin) [ofr20051294/deposit.csv]"
U,31.1167,35.1833,Israel,Zefa-Ef'e (Arad) [ofr20051294/deposit.csv]
U,31.2167,35.05,Israel,Beersheva [ofr20051294/deposit.csv]
U,32.0,36.0333,Jordan,Ruseifa [ofr20051294/deposit.csv]
U,32.25,-7.7667,Morocco,Ben-Guerir [ofr20051294/deposit.csv]
U,32.8667,-6.6333,Morocco,Sidi Daoui [ofr20051294/deposit.csv]
U,34.0011,102.5928,China,Laerma [ofr20051294/deposit.csv]
U,36.2167,127.4333,Korean Peninsula,Samgoe-Soryong [ofr20051294/deposit.csv]
U,37.5167,40.5,Turkey,Mazidagi [ofr20051294/deposit.csv]
U,44.9167,113.55,Mongolia,Nars [ofr20051294/deposit.csv]
